market_slug,weekend_et,weekend_utc,public_status,public_trade_count,public_volume_shares,public_volume_usdc_estimate,median_trade_size,p10_trade_size,p90_trade_size,max_no_trade_interval_sec,trade_frequency_per_sec,price_history_points,realized_volatility,price_jump_count_gt_5c,historical_spread,historical_l2_depth,price_history_source,signal_observations,entry_attempts,submitted_orders,filled_orders,cancelled_orders,stop_loss_exits,emergency_exits,spread,depth_1c,depth_2c,depth_5c,quote_age_sec,quote_update_rate,trade_frequency,recent_volume,liquidity_score,liquidity_score_feature_count,market_start_epoch,sample_group,sample_frame_start,sample_frame_end,local_date,local_hour,time_bucket,week_index,entry_edge_samples,local_quote_samples,fill_markout_samples,top_bid_size_median,top_ask_size_median,depth_source
btc-updown-15m-1785135600,False,False,SUCCESS_PUBLIC_HISTORY,1297,28356.335429,13744.754135047297,10.0,1.8837135999999999,44.0,15.0,1.441111111111111,0,,0,,,PUBLIC_HISTORICAL,0,0,0,0,0,0,0,,,,,,,1.441111111111111,28356.335429,,2,1785135600,weekday,2026-07-27,2026-09-20,2026-07-27,3,00-06,0,,,,,,
btc-updown-15m-1785157200,False,False,SUCCESS_PUBLIC_HISTORY,1054,24840.694274,13456.907390042601,10.0,0.571000000000002,44.38888780000003,36.0,1.1711111111111112,0,,0,,,PUBLIC_HISTORICAL,0,0,0,0,0,0,0,,,,,,,1.1711111111111112,24840.694274,,2,1785157200,weekday,2026-07-27,2026-09-20,2026-07-27,9,06-12,0,,,,,,
btc-updown-15m-1785243600,False,False,SUCCESS_PUBLIC_HISTORY,957,27062.055302,15295.82755903243,9.090908,1.7675000000000007,50.0,21.0,1.0633333333333332,0,,0,,,PUBLIC_HISTORICAL,0,0,0,0,0,0,0,,,,,,,1.0633333333333332,27062.055302,,2,1785243600,weekday,2026-07-27,2026-09-20,2026-07-28,9,06-12,0,,,,,,
btc-updown-15m-1785265200,False,False,SUCCESS_PUBLIC_HISTORY,970,32480.58588,16563.520987972628,10.0,1.1,65.0,15.0,1.0777777777777777,0,,0,,,PUBLIC_HISTORICAL,0,0,0,0,0,0,0,,,,,,,1.0777777777777777,32480.58588,,2,1785265200,weekday,2026-07-27,2026-09-20,2026-07-28,15,12-18,0,,,,,,
btc-updown-15m-1785286800,False,False,SUCCESS_PUBLIC_HISTORY,915,24550.318376,10724.905492971873,10.0,0.02,50.0,84.0,1.0166666666666666,0,,0,,,PUBLIC_HISTORICAL,0,0,0,0,0,0,0,,,,,,,1.0166666666666666,24550.318376,,2,1785286800,weekday,2026-07-27,2026-09-20,2026-07-28,21,18-24,0,,,,,,
btc-updown-15m-1785351600,False,False,SUCCESS_PUBLIC_HISTORY,804,16609.269912,9338.201451068628,6.4072215,0.02,42.69677240000002,24.0,0.8933333333333333,0,,0,,,PUBLIC_HISTORICAL,0,0,0,0,0,0,0,,,,,,,0.8933333333333333,16609.269912,,2,1785351600,weekday,2026-07-27,2026-09-20,2026-07-29,15,12-18,0,,,,,,
btc-updown-15m-1785373200,False,False,SUCCESS_PUBLIC_HISTORY,886,21866.700352,12343.93279099252,9.045454,1.28205,50.955200000000005,24.0,0.9844444444444445,0,,0,,,PUBLIC_HISTORICAL,0,0,0,0,0,0,0,,,,,,,0.9844444444444445,21866.700352,,2,1785373200,weekday,2026-07-27,2026-09-20,2026-07-29,21,18-24,0,,,,,,
btc-updown-15m-1785394800,False,False,SUCCESS_PUBLIC_HISTORY,737,13371.46965,7175.536862960771,7.290314,1.075257,40.0,35.0,0.8188888888888889,0,,0,,,PUBLIC_HISTORICAL,0,0,0,0,0,0,0,,,,,,,0.8188888888888889,13371.46965,,2,1785394800,weekday,2026-07-27,2026-09-20,2026-07-30,3,00-06,0,,,,,,
btc-updown-15m-1785416400,False,False,SUCCESS_PUBLIC_HISTORY,900,19526.585834,11490.616677968643,8.33,1.4992536,50.0,20.0,1.0,0,,0,,,PUBLIC_HISTORICAL,0,0,0,0,0,0,0,,,,,,,1.0,19526.585834,,2,1785416400,weekday,2026-07-27,2026-09-20,2026-07-30,9,06-12,0,,,,,,
btc-updown-15m-1785459600,False,False,SUCCESS_PUBLIC_HISTORY,464,34116.96792,18776.554917009013,10.407608499999998,1.0204,102.43973619999997,162.0,0.5155555555555555,0,,0,,,PUBLIC_HISTORICAL,0,0,0,0,0,0,0,,,,,,,0.5155555555555555,34116.96792,,2,1785459600,weekday,2026-07-27,2026-09-20,2026-07-30,21,18-24,0,,,,,,
btc-updown-15m-1785481200,False,False,SUCCESS_PUBLIC_HISTORY,782,17995.73827,9961.264791940419,10.0,1.2710000000000001,50.0,64.0,0.8688888888888889,0,,0,,,PUBLIC_HISTORICAL,0,0,0,0,0,0,0,,,,,,,0.8688888888888889,17995.73827,,2,1785481200,weekday,2026-07-27,2026-09-20,2026-07-31,3,00-06,0,,,,,,
btc-updown-15m-1785524400,False,False,SUCCESS_PUBLIC_HISTORY,812,17936.497292,9558.426226051595,7.99,1.1916317000000003,43.248999999999974,18.0,0.9022222222222223,0,,0,,,PUBLIC_HISTORICAL,0,0,0,0,0,0,0,,,,,,,0.9022222222222223,17936.497292,,2,1785524400,weekday,2026-07-27,2026-09-20,2026-07-31,15,12-18,0,,,,,,
btc-updown-15m-1785562200,True,True,SUCCESS_PUBLIC_HISTORY,693,27179.093961,11931.410876028185,7.377048,1.85185,50.0,26.0,0.77,0,,0,,,PUBLIC_HISTORICAL,0,0,0,0,0,0,0,,,,,,,0.77,27179.093961,,2,1785562200,weekend,2026-07-27,2026-09-20,2026-08-01,1,00-06,0,,,,,,
btc-updown-15m-1785573000,True,True,SUCCESS_PUBLIC_HISTORY,836,14275.611514,7734.04918001674,6.0,2.0,41.0933325,12.0,0.9288888888888889,0,,0,,,PUBLIC_HISTORICAL,0,0,0,0,0,0,0,,,,,,,0.9288888888888889,14275.611514,,2,1785573000,weekend,2026-07-27,2026-09-20,2026-08-01,4,00-06,0,,,,,,
btc-updown-15m-1785583800,True,True,SUCCESS_PUBLIC_HISTORY,853,15051.38037,8401.208691976808,7.0,2.0,38.19933260000007,24.0,0.9477777777777778,0,,0,,,PUBLIC_HISTORICAL,0,0,0,0,0,0,0,,,,,,,0.9477777777777778,15051.38037,,2,1785583800,weekend,2026-07-27,2026-09-20,2026-08-01,7,06-12,0,,,,,,
btc-updown-15m-1785594600,True,True,SUCCESS_PUBLIC_HISTORY,790,15822.988303,7638.944816038043,8.062257500000001,2.0,40.8397603,20.0,0.8777777777777778,0,,0,,,PUBLIC_HISTORICAL,0,0,0,0,0,0,0,,,,,,,0.8777777777777778,15822.988303,,2,1785594600,weekend,2026-07-27,2026-09-20,2026-08-01,10,06-12,0,,,,,,
btc-updown-15m-1785605400,True,True,SUCCESS_PUBLIC_HISTORY,1468,25475.083353,13504.005091984847,6.0,1.3913489,39.432999999999964,9.0,1.6311111111111112,0,,0,,,PUBLIC_HISTORICAL,0,0,0,0,0,0,0,,,,,,,1.6311111111111112,25475.083353,,2,1785605400,weekend,2026-07-27,2026-09-20,2026-08-01,13,12-18,0,,,,,,
btc-updown-15m-1785627000,True,True,SUCCESS_PUBLIC_HISTORY,798,18751.941058,10472.821146969445,5.0,2.0,47.465179300000216,30.0,0.8866666666666667,0,,0,,,PUBLIC_HISTORICAL,0,0,0,0,0,0,0,,,,,,,0.8866666666666667,18751.941058,,2,1785627000,weekend,2026-07-27,2026-09-20,2026-08-01,19,18-24,0,,,,,,
btc-updown-15m-1785648600,True,True,SUCCESS_PUBLIC_HISTORY,608,13532.770174,8035.753774040222,6.0,2.0,50.0,59.0,0.6755555555555556,0,,0,,,PUBLIC_HISTORICAL,0,0,0,0,0,0,0,,,,,,,0.6755555555555556,13532.770174,,2,1785648600,weekend,2026-07-27,2026-09-20,2026-08-02,1,00-06,0,,,,,,
btc-updown-15m-1785670200,True,True,SUCCESS_PUBLIC_HISTORY,1149,17763.479093,9763.451150970332,6.17,1.6785116000000009,34.2149992,18.0,1.2766666666666666,0,,0,,,PUBLIC_HISTORICAL,0,0,0,0,0,0,0,,,,,,,1.2766666666666666,17763.479093,,2,1785670200,weekend,2026-07-27,2026-09-20,2026-08-02,7,06-12,0,,,,,,
btc-updown-15m-1785691800,True,True,SUCCESS_PUBLIC_HISTORY,848,16061.747011,8757.670469012819,7.0,2.0,40.0,17.0,0.9422222222222222,0,,0,,,PUBLIC_HISTORICAL,0,0,0,0,0,0,0,,,,,,,0.9422222222222222,16061.747011,,2,1785691800,weekend,2026-07-27,2026-09-20,2026-08-02,13,12-18,0,,,,,,
btc-updown-15m-1785702600,True,True,SUCCESS_PUBLIC_HISTORY,665,13698.804037,7791.253005024324,8.08111,2.0,42.509577200000024,24.0,0.7388888888888889,0,,0,,,PUBLIC_HISTORICAL,0,0,0,0,0,0,0,,,,,,,0.7388888888888889,13698.804037,,2,1785702600,weekend,2026-07-27,2026-09-20,2026-08-02,16,12-18,0,,,,,,
btc-updown-15m-1785713400,True,True,SUCCESS_PUBLIC_HISTORY,989,21870.734138,11234.718914913537,6.18946,1.5480000000000003,35.35129040000002,13.0,1.0988888888888888,0,,0,,,PUBLIC_HISTORICAL,0,0,0,0,0,0,0,,,,,,,1.0988888888888888,21870.734138,,2,1785713400,weekend,2026-07-27,2026-09-20,2026-08-02,19,18-24,0,,,,,,
btc-updown-15m-1785724200,True,False,SUCCESS_PUBLIC_HISTORY,590,15460.393533999999,8229.179903065922,5.99,1.176466,34.07222210000002,45.0,0.6555555555555556,0,,0,,,PUBLIC_HISTORICAL,0,0,0,0,0,0,0,,,,,,,0.6555555555555556,15460.393533999999,,2,1785724200,weekend,2026-07-27,2026-09-20,2026-08-02,22,18-24,0,,,,,,
btc-updown-15m-1785762000,False,False,SUCCESS_PUBLIC_HISTORY,806,15532.059285,8274.663511976416,6.042571000000001,1.369862,35.0,30.0,0.8955555555555555,0,,0,,,PUBLIC_HISTORICAL,0,0,0,0,0,0,0,,,,,,,0.8955555555555555,15532.059285,,2,1785762000,weekday,2026-07-27,2026-09-20,2026-08-03,9,06-12,1,,,,,,
btc-updown-15m-1785783600,False,False,SUCCESS_PUBLIC_HISTORY,919,17116.654472,10318.821985978944,6.036141,1.5841464,37.0,24.0,1.021111111111111,0,,0,,,PUBLIC_HISTORICAL,0,0,0,0,0,0,0,,,,,,,1.021111111111111,17116.654472,,2,1785783600,weekday,2026-07-27,2026-09-20,2026-08-03,15,12-18,1,,,,,,
btc-updown-15m-1785805200,False,False,SUCCESS_PUBLIC_HISTORY,746,31760.23118,18833.05727404585,6.871666,1.2981470000000002,50.6464545,43.0,0.8288888888888889,0,,0,,,PUBLIC_HISTORICAL,0,0,0,0,0,0,0,,,,,,,0.8288888888888889,31760.23118,,2,1785805200,weekday,2026-07-27,2026-09-20,2026-08-03,21,18-24,1,,,,,,
btc-updown-15m-1785826800,False,False,SUCCESS_PUBLIC_HISTORY,668,17294.748924,9417.001977920185,8.0,2.0,49.68500000000003,70.0,0.7422222222222222,0,,0,,,PUBLIC_HISTORICAL,0,0,0,0,0,0,0,,,,,,,0.7422222222222222,17294.748924,,2,1785826800,weekday,2026-07-27,2026-09-20,2026-08-04,3,00-06,1,,,,,,
btc-updown-15m-1785870000,False,False,SUCCESS_PUBLIC_HISTORY,1029,25703.501666,12481.574401002827,8.0,1.928615,50.65454000000002,12.0,1.1433333333333333,0,,0,,,PUBLIC_HISTORICAL,0,0,0,0,0,0,0,,,,,,,1.1433333333333333,25703.501666,,2,1785870000,weekday,2026-07-27,2026-09-20,2026-08-04,15,12-18,1,,,,,,
btc-updown-15m-1785913200,False,False,SUCCESS_PUBLIC_HISTORY,797,16274.770026,9008.718352996584,7.14,1.6557362000000002,43.15599999999999,75.0,0.8855555555555555,8,0.45612498287201947,6,,,PUBLIC_HISTORICAL,0,0,0,0,0,0,0,,,,,,,0.8855555555555555,16274.770026,,2,1785913200,weekday,2026-07-27,2026-09-20,2026-08-05,3,00-06,1,,,,,,
btc-updown-15m-1785934800,False,False,SUCCESS_PUBLIC_HISTORY,536,16538.662304,7134.8505980176205,8.2089555,1.835,74.9444435,80.0,0.5955555555555555,8,0.4928488612140643,4,,,PUBLIC_HISTORICAL,0,0,0,0,0,0,0,,,,,,,0.5955555555555555,16538.662304,,2,1785934800,weekday,2026-07-27,2026-09-20,2026-08-05,9,06-12,1,,,,,,
btc-updown-15m-1785978000,False,False,SUCCESS_PUBLIC_HISTORY,886,20194.157729,8868.842339979907,7.566342000000001,2.0,47.435,19.0,0.9844444444444445,8,0.5561025085359713,5,,,PUBLIC_HISTORICAL,0,0,0,0,0,0,0,,,,,,,0.9844444444444445,20194.157729,,2,1785978000,weekday,2026-07-27,2026-09-20,2026-08-05,21,18-24,1,,,,,,
btc-updown-15m-1785999600,False,False,SUCCESS_PUBLIC_HISTORY,1047,22613.597655,12143.890008989712,6.621211,2.0,46.0,15.0,1.1633333333333333,8,0.9710046343864688,6,,,PUBLIC_HISTORICAL,0,0,0,0,0,0,0,,,,,,,1.1633333333333333,22613.597655,,2,1785999600,weekday,2026-07-27,2026-09-20,2026-08-06,3,00-06,1,,,,,,
btc-updown-15m-1786021200,False,False,SUCCESS_PUBLIC_HISTORY,818,29455.193111,16732.043134968928,9.36335,2.0,73.9700000000002,90.0,0.9088888888888889,8,0.5199240329125016,4,,,PUBLIC_HISTORICAL,0,0,0,0,0,0,0,,,,,,,0.9088888888888889,29455.193111,,2,1786021200,weekday,2026-07-27,2026-09-20,2026-08-06,9,06-12,1,,,,,,
btc-updown-15m-1786107600,False,False,SUCCESS_PUBLIC_HISTORY,935,26236.432198,16276.202113133266,8.319147,1.2179228,63.70200000000003,38.0,1.038888888888889,8,0.5002499375312305,4,,,PUBLIC_HISTORICAL,0,0,0,0,0,0,0,,,,,,,1.038888888888889,26236.432198,,2,1786107600,weekday,2026-07-27,2026-09-20,2026-08-07,9,06-12,1,,,,,,
btc-updown-15m-1786129200,False,False,SUCCESS_PUBLIC_HISTORY,526,22263.27174,12287.734418968397,11.420531,2.0,104.546391,78.0,0.5844444444444444,8,0.5200480747007915,4,,,PUBLIC_HISTORICAL,0,0,0,0,0,0,0,,,,,,,0.5844444444444444,22263.27174,,2,1786129200,weekday,2026-07-27,2026-09-20,2026-08-07,15,12-18,1,,,,,,
btc-updown-15m-1786150800,False,True,SUCCESS_PUBLIC_HISTORY,780,24772.318122,13046.774553911762,7.0,2.272726,64.19999850000012,20.0,0.8666666666666667,8,0.6436225602012409,2,,,PUBLIC_HISTORICAL,0,0,0,0,0,0,0,,,,,,,0.8666666666666667,24772.318122,,2,1786150800,weekday,2026-07-27,2026-09-20,2026-08-07,21,18-24,1,,,,,,
btc-updown-15m-1786167000,True,True,SUCCESS_PUBLIC_HISTORY,617,17622.384441,9793.858291068063,8.521738,2.0,61.2699999999999,21.0,0.6855555555555556,8,0.6309120382430501,2,,,PUBLIC_HISTORICAL,0,0,0,0,0,0,0,,,,,,,0.6855555555555556,17622.384441,,2,1786167000,weekend,2026-07-27,2026-09-20,2026-08-08,1,00-06,1,,,,,,
btc-updown-15m-1786177800,True,True,SUCCESS_PUBLIC_HISTORY,425,12476.604186,6211.96787702747,10.0,2.0,67.40000000000009,50.0,0.4722222222222222,8,0.6020382047677706,4,,,PUBLIC_HISTORICAL,0,0,0,0,0,0,0,,,,,,,0.4722222222222222,12476.604186,,2,1786177800,weekend,2026-07-27,2026-09-20,2026-08-08,4,00-06,1,,,,,,
btc-updown-15m-1786188600,True,True,SUCCESS_PUBLIC_HISTORY,803,19807.952363,10526.680935025686,8.914284,2.0,49.998,20.0,0.8922222222222222,8,0.5887699041221451,4,,,PUBLIC_HISTORICAL,0,0,0,0,0,0,0,,,,,,,0.8922222222222222,19807.952363,,2,1786188600,weekend,2026-07-27,2026-09-20,2026-08-08,7,06-12,1,,,,,,
btc-updown-15m-1786210200,True,True,SUCCESS_PUBLIC_HISTORY,772,17411.021015,10599.571481026001,10.0,1.9460000000000004,50.0,18.0,0.8577777777777778,8,0.6172924752497798,4,,,PUBLIC_HISTORICAL,0,0,0,0,0,0,0,,,,,,,0.8577777777777778,17411.021015,,2,1786210200,weekend,2026-07-27,2026-09-20,2026-08-08,13,12-18,1,,,,,,
btc-updown-15m-1786221000,True,True,SUCCESS_PUBLIC_HISTORY,724,16471.27728,8379.86837099995,8.041233,2.0,52.11315000000001,18.0,0.8044444444444444,8,0.7028869041318098,6,,,PUBLIC_HISTORICAL,0,0,0,0,0,0,0,,,,,,,0.8044444444444444,16471.27728,,2,1786221000,weekend,2026-07-27,2026-09-20,2026-08-08,16,12-18,1,,,,,,
btc-updown-15m-1786231800,True,True,SUCCESS_PUBLIC_HISTORY,576,11802.705793,6437.140687991425,10.0,2.0,40.0,36.0,0.64,8,0.42801869118065394,4,,,PUBLIC_HISTORICAL,0,0,0,0,0,0,0,,,,,,,0.64,11802.705793,,2,1786231800,weekend,2026-07-27,2026-09-20,2026-08-08,19,18-24,1,,,,,,
btc-updown-15m-1786242600,True,True,SUCCESS_PUBLIC_HISTORY,717,22713.594255,11704.809469888562,9.43,2.0,75.7630236,109.0,0.7966666666666666,8,0.5689024520952604,6,,,PUBLIC_HISTORICAL,0,0,0,0,0,0,0,,,,,,,0.7966666666666666,22713.594255,,2,1786242600,weekend,2026-07-27,2026-09-20,2026-08-08,22,18-24,1,,,,,,
btc-updown-15m-1786253400,True,True,SUCCESS_PUBLIC_HISTORY,957,22639.228943,11358.134619050983,10.0,2.040815,50.0,24.0,1.0633333333333332,8,0.7502332970483248,6,,,PUBLIC_HISTORICAL,0,0,0,0,0,0,0,,,,,,,1.0633333333333332,22639.228943,,2,1786253400,weekend,2026-07-27,2026-09-20,2026-08-09,1,00-06,1,,,,,,
btc-updown-15m-1786275000,True,True,SUCCESS_PUBLIC_HISTORY,648,14686.908385,9625.828059985497,6.0,2.0,65.21250000000008,33.0,0.72,8,0.4901530373260988,6,,,PUBLIC_HISTORICAL,0,0,0,0,0,0,0,,,,,,,0.72,14686.908385,,2,1786275000,weekend,2026-07-27,2026-09-20,2026-08-09,7,06-12,1,,,,,,
btc-updown-15m-1786285800,True,True,SUCCESS_PUBLIC_HISTORY,741,12419.393923,6631.032992964858,6.856663,1.42,43.21,23.0,0.8233333333333334,8,0.9310477968396682,6,,,PUBLIC_HISTORICAL,0,0,0,0,0,0,0,,,,,,,0.8233333333333334,12419.393923,,2,1786285800,weekend,2026-07-27,2026-09-20,2026-08-09,10,06-12,1,,,,,,
btc-updown-15m-1786296600,True,True,SUCCESS_PUBLIC_HISTORY,820,19959.491307,11277.574125049534,8.1584305,2.0,52.079000000000015,20.0,0.9111111111111111,8,0.6174544517614234,6,,,PUBLIC_HISTORICAL,0,0,0,0,0,0,0,,,,,,,0.9111111111111111,19959.491307,,2,1786296600,weekend,2026-07-27,2026-09-20,2026-08-09,13,12-18,1,,,,,,
btc-updown-15m-1786318200,True,True,SUCCESS_PUBLIC_HISTORY,1170,26160.734715,13222.866169956911,10.0,1.3658541000000002,57.20000000000027,17.0,1.3,8,0.5034381789256751,6,,,PUBLIC_HISTORICAL,0,0,0,0,0,0,0,,,,,,,1.3,26160.734715,,2,1786318200,weekend,2026-07-27,2026-09-20,2026-08-09,19,18-24,1,,,,,,
btc-updown-15m-1786329000,True,False,SUCCESS_PUBLIC_HISTORY,630,17112.768517,11934.310803966922,9.8,1.5499755000000002,55.77597390000006,78.0,0.7,8,0.5380520420925842,4,,,PUBLIC_HISTORICAL,0,0,0,0,0,0,0,,,,,,,0.7,17112.768517,,2,1786329000,weekend,2026-07-27,2026-09-20,2026-08-09,22,18-24,1,,,,,,
btc-updown-15m-1786388400,False,False,SUCCESS_PUBLIC_HISTORY,841,23335.999431,12257.349055042387,8.216215,1.51515,60.0,40.0,0.9344444444444444,8,0.4138236339311712,6,,,PUBLIC_HISTORICAL,0,0,0,0,0,0,0,,,,,,,0.9344444444444444,23335.999431,,2,1786388400,weekday,2026-07-27,2026-09-20,2026-08-10,15,12-18,2,,,,,,
btc-updown-15m-1786410000,False,False,SUCCESS_PUBLIC_HISTORY,996,20625.177187,9459.220951968075,9.219999999999999,1.4242845,40.0,27.0,1.1066666666666667,8,1.1888019178988567,4,,,PUBLIC_HISTORICAL,0,0,0,0,0,0,0,,,,,,,1.1066666666666667,20625.177187,,2,1786410000,weekday,2026-07-27,2026-09-20,2026-08-10,21,18-24,2,,,,,,
btc-updown-15m-1786431600,False,False,SUCCESS_PUBLIC_HISTORY,945,22970.729826,10864.433942023605,9.25,1.616554,50.0,18.0,1.05,8,0.49724239561807276,4,,,PUBLIC_HISTORICAL,0,0,0,0,0,0,0,,,,,,,1.05,22970.729826,,2,1786431600,weekday,2026-07-27,2026-09-20,2026-08-11,3,00-06,2,,,,,,
btc-updown-15m-1786453200,False,False,SUCCESS_PUBLIC_HISTORY,1121,40719.07913,20409.50801701002,10.0,1.85,67.0,12.0,1.2455555555555555,8,1.6265454189785173,6,,,PUBLIC_HISTORICAL,0,0,0,0,0,0,0,,,,,,,1.2455555555555555,40719.07913,,2,1786453200,weekday,2026-07-27,2026-09-20,2026-08-11,9,06-12,2,,,,,,
btc-updown-15m-1786496400,False,False,SUCCESS_PUBLIC_HISTORY,1394,26631.976327,13655.109675965197,8.301392499999999,2.0,42.952000000000005,47.0,1.548888888888889,8,0.5169622810225133,4,,,PUBLIC_HISTORICAL,0,0,0,0,0,0,0,,,,,,,1.548888888888889,26631.976327,,2,1786496400,weekday,2026-07-27,2026-09-20,2026-08-11,21,18-24,2,,,,,,
btc-updown-15m-1786518000,False,False,SUCCESS_PUBLIC_HISTORY,486,14649.435242,6812.338179005276,10.0,2.0833285,50.0,66.0,0.54,8,0.450832563153994,6,,,PUBLIC_HISTORICAL,0,0,0,0,0,0,0,,,,,,,0.54,14649.435242,,2,1786518000,weekday,2026-07-27,2026-09-20,2026-08-12,3,00-06,2,,,,,,
btc-updown-15m-1786561200,False,False,SUCCESS_PUBLIC_HISTORY,1090,21801.265145,10593.948792975978,5.3780470000000005,1.470587,44.221032800000025,15.0,1.211111111111111,8,0.4067554547882548,6,,,PUBLIC_HISTORICAL,0,0,0,0,0,0,0,,,,,,,1.211111111111111,21801.265145,,2,1786561200,weekday,2026-07-27,2026-09-20,2026-08-12,15,12-18,2,,,,,,
btc-updown-15m-1786626000,False,False,SUCCESS_PUBLIC_HISTORY,866,22570.424967,11464.34024802584,11.795,1.5,55.0,44.0,0.9622222222222222,8,0.3876209488662862,6,,,PUBLIC_HISTORICAL,0,0,0,0,0,0,0,,,,,,,0.9622222222222222,22570.424967,,2,1786626000,weekday,2026-07-27,2026-09-20,2026-08-13,9,06-12,2,,,,,,
btc-updown-15m-1786647600,False,False,SUCCESS_PUBLIC_HISTORY,656,34825.219834999996,14711.16730276644,10.0,1.8428565,91.515,65.0,0.7288888888888889,8,0.6258194627845957,2,,,PUBLIC_HISTORICAL,0,0,0,0,0,0,0,,,,,,,0.7288888888888889,34825.219834999996,,2,1786647600,weekday,2026-07-27,2026-09-20,2026-08-13,15,12-18,2,,,,,,
btc-updown-15m-1786669200,False,False,SUCCESS_PUBLIC_HISTORY,1600,32600.156722,16284.019544982146,7.4434035000000005,1.7543838999999999,46.032000000000046,14.0,1.7777777777777777,8,0.7970257210404191,6,,,PUBLIC_HISTORICAL,0,0,0,0,0,0,0,,,,,,,1.7777777777777777,32600.156722,,2,1786669200,weekday,2026-07-27,2026-09-20,2026-08-13,21,18-24,2,,,,,,
btc-updown-15m-1786690800,False,False,SUCCESS_PUBLIC_HISTORY,859,32919.479388,17852.5996839918,10.0,1.75,63.93200000000003,77.0,0.9544444444444444,8,0.3845126785946076,6,,,PUBLIC_HISTORICAL,0,0,0,0,0,0,0,,,,,,,0.9544444444444444,32919.479388,,2,1786690800,weekday,2026-07-27,2026-09-20,2026-08-14,3,00-06,2,,,,,,
btc-updown-15m-1786734000,False,False,SUCCESS_PUBLIC_HISTORY,690,18515.315909,9951.438862001893,7.915,1.2394563,68.74272400000005,54.0,0.7666666666666667,8,0.5124939024027505,6,,,PUBLIC_HISTORICAL,0,0,0,0,0,0,0,,,,,,,0.7666666666666667,18515.315909,,2,1786734000,weekday,2026-07-27,2026-09-20,2026-08-14,15,12-18,2,,,,,,
btc-updown-15m-1786771800,True,True,SUCCESS_PUBLIC_HISTORY,531,11175.229563,6795.905041985296,6.98,2.0,50.0,121.0,0.59,8,0.9094228939277921,4,,,PUBLIC_HISTORICAL,0,0,0,0,0,0,0,,,,,,,0.59,11175.229563,,2,1786771800,weekend,2026-07-27,2026-09-20,2026-08-15,1,00-06,2,,,,,,
btc-updown-15m-1786782600,True,True,SUCCESS_PUBLIC_HISTORY,673,16867.700894,10183.780857997912,8.51,1.8915232000000004,50.0,45.0,0.7477777777777778,8,0.5046285762816054,6,,,PUBLIC_HISTORICAL,0,0,0,0,0,0,0,,,,,,,0.7477777777777778,16867.700894,,2,1786782600,weekend,2026-07-27,2026-09-20,2026-08-15,4,00-06,2,,,,,,
btc-updown-15m-1786793400,True,True,SUCCESS_PUBLIC_HISTORY,638,13774.10102,7829.085419962409,10.0,2.0,50.0,33.0,0.7088888888888889,8,0.5625388875446745,6,,,PUBLIC_HISTORICAL,0,0,0,0,0,0,0,,,,,,,0.7088888888888889,13774.10102,,2,1786793400,weekend,2026-07-27,2026-09-20,2026-08-15,7,06-12,2,,,,,,
btc-updown-15m-1786804200,True,True,SUCCESS_PUBLIC_HISTORY,954,22432.316995,12473.094608972144,8.184999999999999,2.0,50.0,15.0,1.06,8,1.0214940038982119,6,,,PUBLIC_HISTORICAL,0,0,0,0,0,0,0,,,,,,,1.06,22432.316995,,2,1786804200,weekend,2026-07-27,2026-09-20,2026-08-15,10,06-12,2,,,,,,
btc-updown-15m-1786815000,True,True,SUCCESS_PUBLIC_HISTORY,1021,22313.134028,11846.498888983195,10.0,2.173912,50.75,27.0,1.1344444444444444,8,0.874899994285061,6,,,PUBLIC_HISTORICAL,0,0,0,0,0,0,0,,,,,,,1.1344444444444444,22313.134028,,2,1786815000,weekend,2026-07-27,2026-09-20,2026-08-15,13,12-18,2,,,,,,
btc-updown-15m-1786825800,True,True,SUCCESS_PUBLIC_HISTORY,771,15603.630079,8272.614453006623,9.8,2.0,50.0,22.0,0.8566666666666667,8,0.7879403530724899,6,,,PUBLIC_HISTORICAL,0,0,0,0,0,0,0,,,,,,,0.8566666666666667,15603.630079,,2,1786825800,weekend,2026-07-27,2026-09-20,2026-08-15,16,12-18,2,,,,,,
btc-updown-15m-1786858200,True,True,SUCCESS_PUBLIC_HISTORY,932,24833.689146,13385.447137972833,7.2496925,2.0,60.0,27.0,1.0355555555555556,8,1.2141869707750943,6,,,PUBLIC_HISTORICAL,0,0,0,0,0,0,0,,,,,,,1.0355555555555556,24833.689146,,2,1786858200,weekend,2026-07-27,2026-09-20,2026-08-16,1,00-06,2,,,,,,
btc-updown-15m-1786879800,True,True,SUCCESS_PUBLIC_HISTORY,634,13589.042055,8111.348653997159,9.995000000000001,2.0,50.0,23.0,0.7044444444444444,8,0.6493458246574009,6,,,PUBLIC_HISTORICAL,0,0,0,0,0,0,0,,,,,,,0.7044444444444444,13589.042055,,2,1786879800,weekend,2026-07-27,2026-09-20,2026-08-16,7,06-12,2,,,,,,
btc-updown-15m-1786890600,True,True,SUCCESS_PUBLIC_HISTORY,880,13038.413077,7148.827240994666,6.579936,1.8528753000000002,29.161925200000017,32.0,0.9777777777777777,8,0.4590206967011401,6,,,PUBLIC_HISTORICAL,0,0,0,0,0,0,0,,,,,,,0.9777777777777777,13038.413077,,2,1786890600,weekend,2026-07-27,2026-09-20,2026-08-16,10,06-12,2,,,,,,
btc-updown-15m-1786901400,True,True,SUCCESS_PUBLIC_HISTORY,976,20743.986654,10313.040367940515,6.4686065,1.97,50.0,65.0,1.0844444444444445,8,1.0528295208627083,6,,,PUBLIC_HISTORICAL,0,0,0,0,0,0,0,,,,,,,1.0844444444444445,20743.986654,,2,1786901400,weekend,2026-07-27,2026-09-20,2026-08-16,13,12-18,2,,,,,,
btc-updown-15m-1786923000,True,True,SUCCESS_PUBLIC_HISTORY,661,13892.036516,6609.394067951471,6.0,1.45714,29.0,33.0,0.7344444444444445,8,0.37556623916427845,6,,,PUBLIC_HISTORICAL,0,0,0,0,0,0,0,,,,,,,0.7344444444444445,13892.036516,,2,1786923000,weekend,2026-07-27,2026-09-20,2026-08-16,19,18-24,2,,,,,,
btc-updown-15m-1786933800,True,False,SUCCESS_PUBLIC_HISTORY,978,21022.099903,10416.542494986761,7.0,1.4874434,50.0,53.0,1.0866666666666667,8,0.6053511377704679,6,,,PUBLIC_HISTORICAL,0,0,0,0,0,0,0,,,,,,,1.0866666666666667,21022.099903,,2,1786933800,weekend,2026-07-27,2026-09-20,2026-08-16,22,18-24,2,,,,,,
btc-updown-15m-1786950000,False,False,SUCCESS_PUBLIC_HISTORY,811,27059.095013000002,14329.489858956576,10.0,1.66,71.42855,75.0,0.9011111111111111,8,0.4779644338232709,4,,,PUBLIC_HISTORICAL,0,0,0,0,0,0,0,,,,,,,0.9011111111111111,27059.095013000002,,2,1786950000,weekday,2026-07-27,2026-09-20,2026-08-17,3,00-06,3,,,,,,
btc-updown-15m-1786971600,False,False,SUCCESS_PUBLIC_HISTORY,1308,33605.277635,18239.150131946004,8.137386,2.380951,61.7,23.0,1.4533333333333334,8,0.8303613671167511,6,,,PUBLIC_HISTORICAL,0,0,0,0,0,0,0,,,,,,,1.4533333333333334,33605.277635,,2,1786971600,weekday,2026-07-27,2026-09-20,2026-08-17,9,06-12,3,,,,,,
btc-updown-15m-1787014800,False,False,SUCCESS_PUBLIC_HISTORY,1244,31651.412919,17538.713154892674,7.471342,1.9860000000000002,54.184000000000054,35.0,1.3822222222222222,8,0.4545877253072283,6,,,PUBLIC_HISTORICAL,0,0,0,0,0,0,0,,,,,,,1.3822222222222222,31651.412919,,2,1787014800,weekday,2026-07-27,2026-09-20,2026-08-17,21,18-24,3,,,,,,
btc-updown-15m-1787036400,False,False,SUCCESS_PUBLIC_HISTORY,1333,43748.840136,18979.24342107331,7.0,2.0,42.528768,27.0,1.481111111111111,8,0.7046275611981127,6,,,PUBLIC_HISTORICAL,0,0,0,0,0,0,0,,,,,,,1.481111111111111,43748.840136,,2,1787036400,weekday,2026-07-27,2026-09-20,2026-08-18,3,00-06,3,,,,,,
btc-updown-15m-1787058000,False,False,SUCCESS_PUBLIC_HISTORY,653,21500.796483000002,8767.025620113815,10.0,2.028168,60.0,15.0,0.7255555555555555,8,0.2646696053573209,4,,,PUBLIC_HISTORICAL,0,0,0,0,0,0,0,,,,,,,0.7255555555555555,21500.796483000002,,2,1787058000,weekday,2026-07-27,2026-09-20,2026-08-18,9,06-12,3,,,,,,
btc-updown-15m-1787144400,False,False,SUCCESS_PUBLIC_HISTORY,1175,29748.171345,15399.535110017883,10.0,1.6909224,50.34800000000008,73.0,1.3055555555555556,8,0.947549471004021,6,,,PUBLIC_HISTORICAL,0,0,0,0,0,0,0,,,,,,,1.3055555555555556,29748.171345,,2,1787144400,weekday,2026-07-27,2026-09-20,2026-08-19,9,06-12,3,,,,,,
btc-updown-15m-1787166000,False,False,SUCCESS_PUBLIC_HISTORY,1626,33355.652453,18398.858727012746,9.433961,1.53423,43.081632,26.0,1.8066666666666666,8,0.5839948629911055,6,,,PUBLIC_HISTORICAL,0,0,0,0,0,0,0,,,,,,,1.8066666666666666,33355.652453,,2,1787166000,weekday,2026-07-27,2026-09-20,2026-08-19,15,12-18,3,,,,,,
btc-updown-15m-1787187600,False,False,SUCCESS_PUBLIC_HISTORY,1275,28152.058932,14502.077354974228,7.35294,1.0309,55.52800000000012,26.0,1.4166666666666667,8,0.5966992542311411,4,,,PUBLIC_HISTORICAL,0,0,0,0,0,0,0,,,,,,,1.4166666666666667,28152.058932,,2,1787187600,weekday,2026-07-27,2026-09-20,2026-08-19,21,18-24,3,,,,,,
btc-updown-15m-1787252400,False,False,SUCCESS_PUBLIC_HISTORY,1596,60551.373992,29479.57350109712,10.0,1.08,84.685,28.0,1.7733333333333334,8,0.8234682750416072,6,,,PUBLIC_HISTORICAL,0,0,0,0,0,0,0,,,,,,,1.7733333333333334,60551.373992,,2,1787252400,weekday,2026-07-27,2026-09-20,2026-08-20,15,12-18,3,,,,,,
btc-updown-15m-1787274000,False,False,SUCCESS_PUBLIC_HISTORY,817,31712.846911,13637.764086383444,7.0,0.02,63.80599999999997,67.0,0.9077777777777778,8,0.46588625221184626,6,,,PUBLIC_HISTORICAL,0,0,0,0,0,0,0,,,,,,,0.9077777777777778,31712.846911,,2,1787274000,weekday,2026-07-27,2026-09-20,2026-08-20,21,18-24,3,,,,,,
btc-updown-15m-1787295600,False,False,SUCCESS_PUBLIC_HISTORY,1327,37979.076472,23054.763307016194,9.09,0.02,67.41963560000003,54.0,1.4744444444444444,8,0.4788527957525152,6,,,PUBLIC_HISTORICAL,0,0,0,0,0,0,0,,,,,,,1.4744444444444444,37979.076472,,2,1787295600,weekday,2026-07-27,2026-09-20,2026-08-21,3,00-06,3,,,,,,
btc-updown-15m-1787317200,False,False,SUCCESS_PUBLIC_HISTORY,1778,39522.703497,20687.170008994144,8.0,1.0,51.59999999999991,32.0,1.9755555555555555,8,0.9596092954947862,4,,,PUBLIC_HISTORICAL,0,0,0,0,0,0,0,,,,,,,1.9755555555555555,39522.703497,,2,1787317200,weekday,2026-07-27,2026-09-20,2026-08-21,9,06-12,3,,,,,,
btc-updown-15m-1787360400,False,True,SUCCESS_PUBLIC_HISTORY,676,19621.420613,8808.74099099586,6.09545,0.02,50.129999999999995,51.0,0.7511111111111111,8,0.4901530373260988,6,,,PUBLIC_HISTORICAL,0,0,0,0,0,0,0,,,,,,,0.7511111111111111,19621.420613,,2,1787360400,weekday,2026-07-27,2026-09-20,2026-08-21,21,18-24,3,,,,,,
btc-updown-15m-1787376600,True,True,SUCCESS_PUBLIC_HISTORY,1488,32526.892417,15594.043355122021,5.8961755,0.02,50.86165549999997,51.0,1.6533333333333333,8,0.6519585876418839,6,,,PUBLIC_HISTORICAL,0,0,0,0,0,0,0,,,,,,,1.6533333333333333,32526.892417,,2,1787376600,weekend,2026-07-27,2026-09-20,2026-08-22,1,00-06,3,,,,,,
btc-updown-15m-1787387400,True,True,SUCCESS_PUBLIC_HISTORY,1783,58600.308809,26588.180949966765,10.0,1.1820950000000001,50.61666559999996,13.0,1.981111111111111,8,1.2951833846988619,6,,,PUBLIC_HISTORICAL,0,0,0,0,0,0,0,,,,,,,1.981111111111111,58600.308809,,2,1787387400,weekend,2026-07-27,2026-09-20,2026-08-22,4,00-06,3,,,,,,
btc-updown-15m-1787398200,True,True,SUCCESS_PUBLIC_HISTORY,490,14828.517432999999,9444.072309853853,9.8,2.0,48.093,19.0,0.5444444444444444,8,0.48523190332046384,4,,,PUBLIC_HISTORICAL,0,0,0,0,0,0,0,,,,,,,0.5444444444444444,14828.517432999999,,2,1787398200,weekend,2026-07-27,2026-09-20,2026-08-22,7,06-12,3,,,,,,
btc-updown-15m-1787419800,True,True,SUCCESS_PUBLIC_HISTORY,747,17814.875543,7742.574300964872,6.014491,1.2198044,42.18765239999999,26.0,0.83,8,0.4988486744494767,4,,,PUBLIC_HISTORICAL,0,0,0,0,0,0,0,,,,,,,0.83,17814.875543,,2,1787419800,weekend,2026-07-27,2026-09-20,2026-08-22,13,12-18,3,,,,,,
btc-updown-15m-1787430600,True,True,SUCCESS_PUBLIC_HISTORY,1073,20131.129436,10927.264828004847,7.142856,1.4894152,45.0,47.0,1.1922222222222223,8,0.872954752550211,6,,,PUBLIC_HISTORICAL,0,0,0,0,0,0,0,,,,,,,1.1922222222222223,20131.129436,,2,1787430600,weekend,2026-07-27,2026-09-20,2026-08-22,16,12-18,3,,,,,,
btc-updown-15m-1787441400,True,True,SUCCESS_PUBLIC_HISTORY,686,20502.562271,9910.659483996458,9.0,1.893275,47.405659,72.0,0.7622222222222222,8,0.8178325011883546,6,,,PUBLIC_HISTORICAL,0,0,0,0,0,0,0,,,,,,,0.7622222222222222,20502.562271,,2,1787441400,weekend,2026-07-27,2026-09-20,2026-08-22,19,18-24,3,,,,,,
btc-updown-15m-1787452200,True,True,SUCCESS_PUBLIC_HISTORY,737,17356.957603,8934.115488036952,6.578311,1.075257,35.0,87.0,0.8188888888888889,8,0.5406477596365308,4,,,PUBLIC_HISTORICAL,0,0,0,0,0,0,0,,,,,,,0.8188888888888889,17356.957603,,2,1787452200,weekend,2026-07-27,2026-09-20,2026-08-22,22,18-24,3,,,,,,
btc-updown-15m-1787463000,True,True,SUCCESS_PUBLIC_HISTORY,1137,15528.774938,8022.163248995034,5.0,0.02,29.988,24.0,1.2633333333333334,8,0.7142128534267638,2,,,PUBLIC_HISTORICAL,0,0,0,0,0,0,0,,,,,,,1.2633333333333334,15528.774938,,2,1787463000,weekend,2026-07-27,2026-09-20,2026-08-23,1,00-06,3,,,,,,
btc-updown-15m-1787473800,True,True,SUCCESS_PUBLIC_HISTORY,650,16257.87596,8722.493969018818,5.879768,1.0309,41.847,98.0,0.7222222222222222,8,0.481715683780381,4,,,PUBLIC_HISTORICAL,0,0,0,0,0,0,0,,,,,,,0.7222222222222222,16257.87596,,2,1787473800,weekend,2026-07-27,2026-09-20,2026-08-23,4,00-06,3,,,,,,
btc-updown-15m-1787484600,True,True,SUCCESS_PUBLIC_HISTORY,742,15303.015443,8477.152478014463,7.0,1.176469,36.38571299999999,31.0,0.8244444444444444,8,0.6078239876806443,4,,,PUBLIC_HISTORICAL,0,0,0,0,0,0,0,,,,,,,0.8244444444444444,15303.015443,,2,1787484600,weekend,2026-07-27,2026-09-20,2026-08-23,7,06-12,3,,,,,,
btc-updown-15m-1787506200,True,True,SUCCESS_PUBLIC_HISTORY,1331,26475.296366,12619.450547016604,8.0,1.785713,40.68,29.0,1.478888888888889,8,0.6614000302388865,6,,,PUBLIC_HISTORICAL,0,0,0,0,0,0,0,,,,,,,1.478888888888889,26475.296366,,2,1787506200,weekend,2026-07-27,2026-09-20,2026-08-23,13,12-18,3,,,,,,
btc-updown-15m-1787527800,True,True,SUCCESS_PUBLIC_HISTORY,1112,20622.471422,10699.990723998626,6.465,1.0473885000000005,38.41399999999999,37.0,1.2355555555555555,8,0.7950157231149584,6,,,PUBLIC_HISTORICAL,0,0,0,0,0,0,0,,,,,,,1.2355555555555555,20622.471422,,2,1787527800,weekend,2026-07-27,2026-09-20,2026-08-23,19,18-24,3,,,,,,
btc-updown-15m-1787538600,True,False,SUCCESS_PUBLIC_HISTORY,1396,28701.361734,14593.125010026626,7.824999999999999,1.2563645,45.0,14.0,1.551111111111111,8,0.8163638894512667,6,,,PUBLIC_HISTORICAL,0,0,0,0,0,0,0,,,,,,,1.551111111111111,28701.361734,,2,1787538600,weekend,2026-07-27,2026-09-20,2026-08-23,22,18-24,3,,,,,,
btc-updown-15m-1787554800,False,False,SUCCESS_PUBLIC_HISTORY,653,16111.681588,10347.66582999045,8.0,1.110222,31.464000000000038,92.0,0.7255555555555555,8,0.48420037174706926,6,,,PUBLIC_HISTORICAL,0,0,0,0,0,0,0,,,,,,,0.7255555555555555,16111.681588,,2,1787554800,weekday,2026-07-27,2026-09-20,2026-08-24,3,00-06,4,,,,,,
btc-updown-15m-1787598000,False,False,SUCCESS_PUBLIC_HISTORY,1319,33815.593704,18990.30232596308,9.0,1.0160000000000002,47.400000000000084,21.0,1.4655555555555555,8,0.8616553835495951,4,,,PUBLIC_HISTORICAL,0,0,0,0,0,0,0,,,,,,,1.4655555555555555,33815.593704,,2,1787598000,weekday,2026-07-27,2026-09-20,2026-08-24,15,12-18,4,,,,,,
btc-updown-15m-1787662800,False,False,SUCCESS_PUBLIC_HISTORY,1352,32130.027464,15890.390441893956,9.2855925,0.9439999999999997,55.49500000000005,39.0,1.5022222222222221,8,0.8685908127536234,6,,,PUBLIC_HISTORICAL,0,0,0,0,0,0,0,,,,,,,1.5022222222222221,32130.027464,,2,1787662800,weekday,2026-07-27,2026-09-20,2026-08-25,9,06-12,4,,,,,,
btc-updown-15m-1787684400,False,False,SUCCESS_PUBLIC_HISTORY,1291,42576.580914,21462.49911610335,10.0,2.0,75.0,23.0,1.4344444444444444,8,1.2495799294162817,4,,,PUBLIC_HISTORICAL,0,0,0,0,0,0,0,,,,,,,1.4344444444444444,42576.580914,,2,1787684400,weekday,2026-07-27,2026-09-20,2026-08-25,15,12-18,4,,,,,,
btc-updown-15m-1787706000,False,False,SUCCESS_PUBLIC_HISTORY,759,22313.32026,12588.865568964811,8.22,1.25,60.7117388,42.0,0.8433333333333334,8,0.641287766919033,6,,,PUBLIC_HISTORICAL,0,0,0,0,0,0,0,,,,,,,0.8433333333333334,22313.32026,,2,1787706000,weekday,2026-07-27,2026-09-20,2026-08-25,21,18-24,4,,,,,,
btc-updown-15m-1787727600,False,False,SUCCESS_PUBLIC_HISTORY,0,0,0,,,,900,0.0,8,0.7000357133746821,2,,,PUBLIC_HISTORICAL,0,0,0,0,0,0,0,,,,,,,0.0,0.0,,2,1787727600,weekday,2026-07-27,2026-09-20,2026-08-26,3,00-06,4,,,,,,
btc-updown-15m-1787770800,False,False,SUCCESS_PUBLIC_HISTORY,881,18372.768836,8762.850095989466,8.543475,0.92,51.0,41.0,0.9788888888888889,8,0.4587482969995638,6,,,PUBLIC_HISTORICAL,0,0,0,0,0,0,0,,,,,,,0.9788888888888889,18372.768836,,2,1787770800,weekday,2026-07-27,2026-09-20,2026-08-26,15,12-18,4,,,,,,
btc-updown-15m-1787814000,False,False,SUCCESS_PUBLIC_HISTORY,889,15828.932669,7700.564596035482,6.840577,1.6250104,35.7108568,19.0,0.9877777777777778,8,0.27468163389640743,6,,,PUBLIC_HISTORICAL,0,0,0,0,0,0,0,,,,,,,0.9877777777777778,15828.932669,,2,1787814000,weekday,2026-07-27,2026-09-20,2026-08-27,3,00-06,4,,,,,,
btc-updown-15m-1787835600,False,False,SUCCESS_PUBLIC_HISTORY,1170,27365.277831,13596.304003880237,7.8838004999999995,1.04165,49.37000000000009,54.0,1.3,8,0.6473407139984322,2,,,PUBLIC_HISTORICAL,0,0,0,0,0,0,0,,,,,,,1.3,27365.277831,,2,1787835600,weekday,2026-07-27,2026-09-20,2026-08-27,9,06-12,4,,,,,,
btc-updown-15m-1787878800,False,False,SUCCESS_PUBLIC_HISTORY,781,26112.834534,12653.947244981904,9.8,1.0204,61.12,46.0,0.8677777777777778,8,0.5484979489478515,4,,,PUBLIC_HISTORICAL,0,0,0,0,0,0,0,,,,,,,0.8677777777777778,26112.834534,,2,1787878800,weekday,2026-07-27,2026-09-20,2026-08-27,21,18-24,4,,,,,,
btc-updown-15m-1787900400,False,False,SUCCESS_PUBLIC_HISTORY,634,22719.982081,14106.831066151752,10.0,2.0,55.841750000000054,126.0,0.7044444444444444,8,0.5602865338378212,4,,,PUBLIC_HISTORICAL,0,0,0,0,0,0,0,,,,,,,0.7044444444444444,22719.982081,,2,1787900400,weekday,2026-07-27,2026-09-20,2026-08-28,3,00-06,4,,,,,,
btc-updown-15m-1787922000,False,False,SUCCESS_PUBLIC_HISTORY,893,17276.946401,8625.94636903603,8.888887,1.31,45.0,27.0,0.9922222222222222,8,0.9998499887483122,6,,,PUBLIC_HISTORICAL,0,0,0,0,0,0,0,,,,,,,0.9922222222222222,17276.946401,,2,1787922000,weekday,2026-07-27,2026-09-20,2026-08-28,9,06-12,4,,,,,,
btc-updown-15m-1787981400,True,True,SUCCESS_PUBLIC_HISTORY,692,14148.469913,7364.887663015867,9.841718499999999,2.0,53.556,36.0,0.7688888888888888,8,0.749699939975988,6,,,PUBLIC_HISTORICAL,0,0,0,0,0,0,0,,,,,,,0.7688888888888888,14148.469913,,2,1787981400,weekend,2026-07-27,2026-09-20,2026-08-29,1,00-06,4,,,,,,
btc-updown-15m-1788003000,True,True,SUCCESS_PUBLIC_HISTORY,576,12271.638497,6659.723760028693,7.4160255,2.0,52.164632999999995,48.0,0.64,8,0.6261389622120637,6,,,PUBLIC_HISTORICAL,0,0,0,0,0,0,0,,,,,,,0.64,12271.638497,,2,1788003000,weekend,2026-07-27,2026-09-20,2026-08-29,7,06-12,4,,,,,,
btc-updown-15m-1788013800,True,True,SUCCESS_PUBLIC_HISTORY,570,17061.913511,9597.94934802286,7.358187,1.923075,50.102040000000024,43.0,0.6333333333333333,8,0.5783165223301164,4,,,PUBLIC_HISTORICAL,0,0,0,0,0,0,0,,,,,,,0.6333333333333333,17061.913511,,2,1788013800,weekend,2026-07-27,2026-09-20,2026-08-29,10,06-12,4,,,,,,
btc-updown-15m-1788024600,True,True,SUCCESS_PUBLIC_HISTORY,1065,23566.977247,12188.13664600024,9.31,1.923075,50.0,32.0,1.1833333333333333,8,1.196850032376655,4,,,PUBLIC_HISTORICAL,0,0,0,0,0,0,0,,,,,,,1.1833333333333333,23566.977247,,2,1788024600,weekend,2026-07-27,2026-09-20,2026-08-29,13,12-18,4,,,,,,
btc-updown-15m-1788035400,True,True,SUCCESS_PUBLIC_HISTORY,837,19064.555233,10421.845427945445,6.75,2.0,51.78125,21.0,0.93,8,0.43249277450611817,6,,,PUBLIC_HISTORICAL,0,0,0,0,0,0,0,,,,,,,0.93,19064.555233,,2,1788035400,weekend,2026-07-27,2026-09-20,2026-08-29,16,12-18,4,,,,,,
btc-updown-15m-1788046200,True,True,SUCCESS_PUBLIC_HISTORY,1400,34167.341948,16659.62253398909,10.0,2.1,51.425542600000085,24.0,1.5555555555555556,8,0.9616912186351708,6,,,PUBLIC_HISTORICAL,0,0,0,0,0,0,0,,,,,,,1.5555555555555556,34167.341948,,2,1788046200,weekend,2026-07-27,2026-09-20,2026-08-29,19,18-24,4,,,,,,
btc-updown-15m-1788067800,True,True,SUCCESS_PUBLIC_HISTORY,704,17450.666741,9094.088444986792,8.727271,2.0,52.940000000000005,33.0,0.7822222222222223,8,0.41188590653237944,6,,,PUBLIC_HISTORICAL,0,0,0,0,0,0,0,,,,,,,0.7822222222222223,17450.666741,,2,1788067800,weekend,2026-07-27,2026-09-20,2026-08-30,1,00-06,4,,,,,,
btc-updown-15m-1788089400,True,True,SUCCESS_PUBLIC_HISTORY,1243,33960.051155,18005.378239829708,10.0,2.0,64.95191759999999,21.0,1.3811111111111112,8,0.6102868178160168,6,,,PUBLIC_HISTORICAL,0,0,0,0,0,0,0,,,,,,,1.3811111111111112,33960.051155,,2,1788089400,weekend,2026-07-27,2026-09-20,2026-08-30,7,06-12,4,,,,,,
btc-updown-15m-1788100200,True,True,SUCCESS_PUBLIC_HISTORY,650,22452.610223,12861.610957022413,10.0,1.6841526000000007,63.10000000000002,43.0,0.7222222222222222,8,0.5111262075065218,4,,,PUBLIC_HISTORICAL,0,0,0,0,0,0,0,,,,,,,0.7222222222222222,22452.610223,,2,1788100200,weekend,2026-07-27,2026-09-20,2026-08-30,10,06-12,4,,,,,,
btc-updown-15m-1788111000,True,True,SUCCESS_PUBLIC_HISTORY,679,20499.691086,11179.60472102346,9.0,1.0204,60.11600000000005,69.0,0.7544444444444445,8,0.580646191755358,4,,,PUBLIC_HISTORICAL,0,0,0,0,0,0,0,,,,,,,0.7544444444444445,20499.691086,,2,1788111000,weekend,2026-07-27,2026-09-20,2026-08-30,13,12-18,4,,,,,,
btc-updown-15m-1788121800,True,True,SUCCESS_PUBLIC_HISTORY,976,23386.561458,11677.15354893802,9.0683325,2.0,45.8650265,72.0,1.0844444444444445,8,0.6096310359553555,3,,,PUBLIC_HISTORICAL,0,0,0,0,0,0,0,,,,,,,1.0844444444444445,23386.561458,,2,1788121800,weekend,2026-07-27,2026-09-20,2026-08-30,16,12-18,4,,,,,,
btc-updown-15m-1788132600,True,True,SUCCESS_PUBLIC_HISTORY,1216,25606.281592,14087.227052950813,8.0,0.02,38.6356855,114.0,1.3511111111111112,8,0.700820947175525,3,,,PUBLIC_HISTORICAL,0,0,0,0,0,0,0,,,,,,,1.3511111111111112,25606.281592,,2,1788132600,weekend,2026-07-27,2026-09-20,2026-08-30,19,18-24,4,,,,,,
btc-updown-15m-1788181200,False,False,SUCCESS_PUBLIC_HISTORY,663,19014.875871,12998.79397700202,6.84,0.02,50.0,21.0,0.7366666666666667,8,0.39096035604649226,6,,,PUBLIC_HISTORICAL,0,0,0,0,0,0,0,,,,,,,0.7366666666666667,19014.875871,,2,1788181200,weekday,2026-07-27,2026-09-20,2026-08-31,9,06-12,5,,,,,,
btc-updown-15m-1788202800,False,False,SUCCESS_PUBLIC_HISTORY,907,30622.900902,16640.163682953123,10.0,1.7520000000000002,75.0,24.0,1.0077777777777779,8,0.609302880347697,4,,,PUBLIC_HISTORICAL,0,0,0,0,0,0,0,,,,,,,1.0077777777777779,30622.900902,,2,1788202800,weekday,2026-07-27,2026-09-20,2026-08-31,15,12-18,5,,,,,,
btc-updown-15m-1788224400,False,False,SUCCESS_PUBLIC_HISTORY,712,17695.379159,9374.994962053814,10.0,2.0,50.049824,285.0,0.7911111111111111,8,1.4046707799338605,6,,,PUBLIC_HISTORICAL,0,0,0,0,0,0,0,,,,,,,0.7911111111111111,17695.379159,,2,1788224400,weekday,2026-07-27,2026-09-20,2026-08-31,21,18-24,5,,,,,,
btc-updown-15m-1788289200,False,False,SUCCESS_PUBLIC_HISTORY,1124,34054.660169,19035.95513800032,9.0,1.388885,55.0,32.0,1.248888888888889,8,0.5616493568054716,6,,,PUBLIC_HISTORICAL,0,0,0,0,0,0,0,,,,,,,1.248888888888889,34054.660169,,2,1788289200,weekday,2026-07-27,2026-09-20,2026-09-01,15,12-18,5,,,,,,
btc-updown-15m-1788310800,False,False,SUCCESS_PUBLIC_HISTORY,1130,22398.717546,12378.498775021775,6.633331999999999,1.7416394000000004,50.0,38.0,1.2555555555555555,8,0.5596874127582288,4,,,PUBLIC_HISTORICAL,0,0,0,0,0,0,0,,,,,,,1.2555555555555555,22398.717546,,2,1788310800,weekday,2026-07-27,2026-09-20,2026-09-01,21,18-24,5,,,,,,
btc-updown-15m-1788332400,False,False,SUCCESS_PUBLIC_HISTORY,714,28259.211582,14192.930698028113,9.816066,1.8139990999999998,54.06400000000001,54.0,0.7933333333333333,8,0.4159927883990298,6,,,PUBLIC_HISTORICAL,0,0,0,0,0,0,0,,,,,,,0.7933333333333333,28259.211582,,2,1788332400,weekday,2026-07-27,2026-09-20,2026-09-02,3,00-06,5,,,,,,
btc-updown-15m-1788354000,False,False,SUCCESS_PUBLIC_HISTORY,581,17415.661826,9391.21325899738,10.0,2.0,60.588234,45.0,0.6455555555555555,8,0.6009833608345575,4,,,PUBLIC_HISTORICAL,0,0,0,0,0,0,0,,,,,,,0.6455555555555555,17415.661826,,2,1788354000,weekday,2026-07-27,2026-09-20,2026-09-02,9,06-12,5,,,,,,
btc-updown-15m-1788397200,False,False,SUCCESS_PUBLIC_HISTORY,786,28429.820683,15443.998367032927,8.0,1.0116265,60.792595500000004,65.0,0.8733333333333333,8,0.53415447203969,4,,,PUBLIC_HISTORICAL,0,0,0,0,0,0,0,,,,,,,0.8733333333333333,28429.820683,,2,1788397200,weekday,2026-07-27,2026-09-20,2026-09-02,21,18-24,5,,,,,,
btc-updown-15m-1788418800,False,False,SUCCESS_PUBLIC_HISTORY,768,26684.474756,14331.513368038273,10.0,1.1390000000000002,64.30000000000007,49.0,0.8533333333333334,8,0.6662206841580348,2,,,PUBLIC_HISTORICAL,0,0,0,0,0,0,0,,,,,,,0.8533333333333334,26684.474756,,2,1788418800,weekday,2026-07-27,2026-09-20,2026-09-03,3,00-06,5,,,,,,
btc-updown-15m-1788462000,False,False,SUCCESS_PUBLIC_HISTORY,0,0,0,,,,900,0.0,8,0.7071067811865476,2,,,PUBLIC_HISTORICAL,0,0,0,0,0,0,0,,,,,,,0.0,0.0,,2,1788462000,weekday,2026-07-27,2026-09-20,2026-09-03,15,12-18,5,,,,,,
btc-updown-15m-1788526800,False,False,SUCCESS_PUBLIC_HISTORY,1185,25381.010854,14158.103281994427,8.555554,0.02,50.0,27.0,1.3166666666666667,8,0.4891318840558239,6,,,PUBLIC_HISTORICAL,0,0,0,0,0,0,0,,,,,,,1.3166666666666667,25381.010854,,2,1788526800,weekday,2026-07-27,2026-09-20,2026-09-04,9,06-12,5,,,,,,
btc-updown-15m-1788548400,False,False,SUCCESS_PUBLIC_HISTORY,676,15941.333976,8360.88565900679,8.3333315,2.0,56.5,87.0,0.7511111111111111,8,0.5384236250388722,4,,,PUBLIC_HISTORICAL,0,0,0,0,0,0,0,,,,,,,0.7511111111111111,15941.333976,,2,1788548400,weekday,2026-07-27,2026-09-20,2026-09-04,15,12-18,5,,,,,,
btc-updown-15m-1788570000,False,True,SUCCESS_PUBLIC_HISTORY,770,25755.437796,15766.677792933524,8.0,2.0,59.10000000000002,34.0,0.8555555555555555,8,0.4052776825831889,6,,,PUBLIC_HISTORICAL,0,0,0,0,0,0,0,,,,,,,0.8555555555555555,25755.437796,,2,1788570000,weekday,2026-07-27,2026-09-20,2026-09-04,21,18-24,5,,,,,,
btc-updown-15m-1788586200,True,True,SUCCESS_PUBLIC_HISTORY,1546,38298.095152,19660.559131086582,8.308477,4.0,57.538461,25.0,1.7177777777777778,8,0.7242237223399962,6,,,PUBLIC_HISTORICAL,0,0,0,0,0,0,0,,,,,,,1.7177777777777778,38298.095152,,2,1788586200,weekend,2026-07-27,2026-09-20,2026-09-05,1,00-06,5,,,,,,
btc-updown-15m-1788597000,True,True,SUCCESS_PUBLIC_HISTORY,730,12197.379554,7132.4053880191,7.305,2.0,37.129000000000026,48.0,0.8111111111111111,8,0.5706575155029504,4,,,PUBLIC_HISTORICAL,0,0,0,0,0,0,0,,,,,,,0.8111111111111111,12197.379554,,2,1788597000,weekend,2026-07-27,2026-09-20,2026-09-05,4,00-06,5,,,,,,
btc-updown-15m-1788607800,True,True,SUCCESS_PUBLIC_HISTORY,1282,31594.475629,17170.72214298384,10.0,2.0,50.0,17.0,1.4244444444444444,8,0.8181992422387104,6,,,PUBLIC_HISTORICAL,0,0,0,0,0,0,0,,,,,,,1.4244444444444444,31594.475629,,2,1788607800,weekend,2026-07-27,2026-09-20,2026-09-05,7,06-12,5,,,,,,
btc-updown-15m-1788629400,True,True,SUCCESS_PUBLIC_HISTORY,1201,26182.937281,13184.58739893304,7.244185,1.923075,40.0,14.0,1.3344444444444445,8,1.1459057552870566,6,,,PUBLIC_HISTORICAL,0,0,0,0,0,0,0,,,,,,,1.3344444444444445,26182.937281,,2,1788629400,weekend,2026-07-27,2026-09-20,2026-09-05,13,12-18,5,,,,,,
btc-updown-15m-1788640200,True,True,SUCCESS_PUBLIC_HISTORY,1033,22355.709097,12091.1376479995,8.0,2.083332,53.08420960000001,21.0,1.1477777777777778,8,0.6031998010609751,2,,,PUBLIC_HISTORICAL,0,0,0,0,0,0,0,,,,,,,1.1477777777777778,22355.709097,,2,1788640200,weekend,2026-07-27,2026-09-20,2026-09-05,16,12-18,5,,,,,,
btc-updown-15m-1788651000,True,True,SUCCESS_PUBLIC_HISTORY,3279,179278.156596,90585.09844972489,8.0,2.9323918000000004,64.0,19.0,3.6433333333333335,8,0.6372205269763365,6,,,PUBLIC_HISTORICAL,0,0,0,0,0,0,0,,,,,,,3.6433333333333335,179278.156596,,2,1788651000,weekend,2026-07-27,2026-09-20,2026-09-05,19,18-24,5,,,,,,
btc-updown-15m-1788661800,True,True,SUCCESS_PUBLIC_HISTORY,979,35248.157979,22092.940390153017,10.256409,3.846152,59.69230640000002,18.0,1.0877777777777777,8,0.9883572228703548,4,,,PUBLIC_HISTORICAL,0,0,0,0,0,0,0,,,,,,,1.0877777777777777,35248.157979,,2,1788661800,weekend,2026-07-27,2026-09-20,2026-09-05,22,18-24,5,,,,,,
btc-updown-15m-1788672600,True,True,SUCCESS_PUBLIC_HISTORY,514,17864.975699,12547.139247095358,10.0,1.732702800000001,75.0,62.0,0.5711111111111111,8,0.4998109642654911,4,,,PUBLIC_HISTORICAL,0,0,0,0,0,0,0,,,,,,,0.5711111111111111,17864.975699,,2,1788672600,weekend,2026-07-27,2026-09-20,2026-09-06,1,00-06,5,,,,,,
btc-updown-15m-1788683400,True,True,SUCCESS_PUBLIC_HISTORY,616,18020.905716,10208.769950992479,10.6483325,2.096666,63.630951499999995,43.0,0.6844444444444444,8,0.5356304696336832,6,,,PUBLIC_HISTORICAL,0,0,0,0,0,0,0,,,,,,,0.6844444444444444,18020.905716,,2,1788683400,weekend,2026-07-27,2026-09-20,2026-09-06,4,00-06,5,,,,,,
btc-updown-15m-1788694200,True,True,SUCCESS_PUBLIC_HISTORY,922,26176.982087,15067.97656193193,10.4673905,2.7002701,52.92682039999998,18.0,1.0244444444444445,8,1.2866623488701299,6,,,PUBLIC_HISTORICAL,0,0,0,0,0,0,0,,,,,,,1.0244444444444445,26176.982087,,2,1788694200,weekend,2026-07-27,2026-09-20,2026-09-06,7,06-12,5,,,,,,
btc-updown-15m-1788705000,True,True,SUCCESS_PUBLIC_HISTORY,1737,37569.768346,19711.4087859728,7.24,1.4409924000000005,50.88999920000001,11.0,1.93,8,0.9487360012142471,6,,,PUBLIC_HISTORICAL,0,0,0,0,0,0,0,,,,,,,1.93,37569.768346,,2,1788705000,weekend,2026-07-27,2026-09-20,2026-09-06,10,06-12,5,,,,,,
btc-updown-15m-1788737400,True,True,SUCCESS_PUBLIC_HISTORY,497,21695.711628,14101.896714054303,10.0,1.3337310000000002,50.2003208,57.0,0.5522222222222222,8,0.546122696836526,4,,,PUBLIC_HISTORICAL,0,0,0,0,0,0,0,,,,,,,0.5522222222222222,21695.711628,,2,1788737400,weekend,2026-07-27,2026-09-20,2026-09-06,19,18-24,5,,,,,,
btc-updown-15m-1788748200,True,False,SUCCESS_PUBLIC_HISTORY,694,30822.399673,14917.867743151844,13.055,1.2186725999999999,60.0,82.0,0.7711111111111111,8,0.8338465086573187,4,,,PUBLIC_HISTORICAL,0,0,0,0,0,0,0,,,,,,,0.7711111111111111,30822.399673,,2,1788748200,weekend,2026-07-27,2026-09-20,2026-09-06,22,18-24,5,,,,,,
btc-updown-15m-1788764400,False,False,SUCCESS_PUBLIC_HISTORY,1059,22454.281682,11790.33694801944,8.19,1.6560000000000001,45.0,16.0,1.1766666666666667,8,1.2034533642813086,6,,,PUBLIC_HISTORICAL,0,0,0,0,0,0,0,,,,,,,1.1766666666666667,22454.281682,,2,1788764400,weekday,2026-07-27,2026-09-20,2026-09-07,3,00-06,6,,,,,,
btc-updown-15m-1788781500,False,False,,,,,,,,,,,,,,,,340,0,0,0,0,0,0,0.01,,,,1.0838374000000002,0.389245026777068,,,0.3918236418236418,3,,,,,,,,,170,277,0,117.0,114.0,"LOCAL_RECORDED, fill-conditioned marks; not historical full L2"
btc-updown-15m-1788782400,False,False,,,,,,,,,,,,,,,,364,0,0,0,0,0,0,0.01,,,,1.0528670999999998,0.3948763253727704,,,0.5547463047463047,3,,,,,,,,,182,326,0,125.0,125.0,"LOCAL_RECORDED, fill-conditioned marks; not historical full L2"
btc-updown-15m-1788783300,False,False,,,,,,,,,,,,,,,,290,0,0,0,0,0,0,0.01,,,,1.035134,0.3954434375974419,,,0.6485803985803985,3,,,,,,,,,145,206,0,179.74,177.0,"LOCAL_RECORDED, fill-conditioned marks; not historical full L2"
btc-updown-15m-1788784200,False,False,,,,,,,,,,,,,,,,410,0,0,0,0,0,0,0.01,,,,1.1737382,0.3885953491458897,,,0.31409656409656406,3,,,,,,,,,205,350,0,180.5,178.66,"LOCAL_RECORDED, fill-conditioned marks; not historical full L2"
btc-updown-15m-1788785100,False,False,,,,,,,,,,,,,,,,436,0,0,0,0,0,0,0.01,,,,1.1435029499999998,0.3963526824548339,,,0.4716762216762217,3,,,,,,,,,218,357,0,198.35,192.94,"LOCAL_RECORDED, fill-conditioned marks; not historical full L2"
btc-updown-15m-1788786000,False,False,,,,,,,,,,,,,,,,448,0,0,0,0,0,0,0.01,,,,1.0385799,0.3944135672348697,,,0.6047638547638547,3,,,,,,,,,224,355,0,192.45,183.6,"LOCAL_RECORDED, fill-conditioned marks; not historical full L2"
btc-updown-15m-1788786900,False,False,,,,,,,,,,,,,,,,160,0,0,0,0,0,0,0.01,,,,1.0480814999999999,0.35980355043695184,,,0.38252213252213246,3,,,,,,,,,80,282,0,165.0,165.0,"LOCAL_RECORDED, fill-conditioned marks; not historical full L2"
btc-updown-15m-1788787800,False,False,,,,,,,,,,,,,,,,0,0,0,0,0,0,0,,,,,,0.3978892488185209,,,,1,,,,,,,,,0,46,0,151.935,151.935,"LOCAL_RECORDED, fill-conditioned marks; not historical full L2"
btc-updown-15m-1788788700,False,False,,,,,,,,,,,,,,,,346,0,0,0,0,0,0,0.01,,,,1.047434,0.39285320785294353,,,0.5327112827112828,3,,,,,,,,,173,311,0,107.0,113.93,"LOCAL_RECORDED, fill-conditioned marks; not historical full L2"
btc-updown-15m-1788789600,False,False,,,,,,,,,,,,,,,,452,0,0,0,0,0,0,0.01,,,,1.067349,0.39067785487675016,,,0.4408466908466908,3,,,,,,,,,226,351,0,200.53,206.19,"LOCAL_RECORDED, fill-conditioned marks; not historical full L2"
btc-updown-15m-1788790500,False,False,,,,,,,,,,,,,,,,488,0,0,0,0,0,0,0.01,,,,1.0513891000000002,0.38849894880811575,,,0.45679770679770676,3,,,,,,,,,244,350,0,177.04000000000002,176.04000000000002,"LOCAL_RECORDED, fill-conditioned marks; not historical full L2"
btc-updown-15m-1788791400,False,False,,,,,,,,,,,,,,,,490,0,0,0,0,0,0,0.01,,,,1.0467368,0.38387882044533395,,,0.4491341991341991,3,,,,,,,,,245,346,0,108.715,107.38,"LOCAL_RECORDED, fill-conditioned marks; not historical full L2"
btc-updown-15m-1788792300,False,False,,,,,,,,,,,,,,,,0,0,0,0,0,0,0,,,,,,0.31991745083497547,,,,1,,,,,,,,,0,160,0,213.13,210.47,"LOCAL_RECORDED, fill-conditioned marks; not historical full L2"
btc-updown-15m-1788794100,False,False,,,,,,,,,,,,,,,,402,0,0,0,0,0,0,0.01,,,,1.0383409,0.39344772871528466,,,0.5817343317343318,3,,,,,,,,,201,298,0,108.67,108.67,"LOCAL_RECORDED, fill-conditioned marks; not historical full L2"
btc-updown-15m-1788795000,False,False,,,,,,,,,,,,,,,,464,0,0,0,0,0,0,0.01,,,,1.0584424000000001,0.3915006031066791,,,0.46613821613821615,3,,,,,,,,,232,352,0,220.845,220.845,"LOCAL_RECORDED, fill-conditioned marks; not historical full L2"
btc-updown-15m-1788795900,False,False,,,,,,,,,,,,,,,,494,0,0,0,0,0,0,0.01,,,,1.049169,0.3930349306810695,,,0.5308587808587808,3,,,,,,,,,247,354,0,160.0,155.865,"LOCAL_RECORDED, fill-conditioned marks; not historical full L2"
btc-updown-15m-1788796800,False,False,,,,,,,,,,,,,,,,490,0,0,0,0,0,0,0.01,,,,1.0544898,0.39147571948639354,,,0.4767072267072267,3,,,,,,,,,245,352,0,178.96499999999997,178.96499999999997,"LOCAL_RECORDED, fill-conditioned marks; not historical full L2"
btc-updown-15m-1788797700,False,False,,,,,,,,,,,,,,,,356,0,0,0,0,0,0,0.01,,,,1.0795655499999999,0.33519669586248135,,,0.27655902655902653,3,,,,,,,,,178,301,0,189.98,190.23,"LOCAL_RECORDED, fill-conditioned marks; not historical full L2"
btc-updown-15m-1788798600,False,False,,,,,,,,,,,,,,,,440,0,0,0,0,0,0,0.01,,,,1.13152685,0.39853265945784566,,,0.5324577824577824,3,,,,,,,,,220,358,0,240.39,240.39,"LOCAL_RECORDED, fill-conditioned marks; not historical full L2"
btc-updown-15m-1788799500,False,False,,,,,,,,,,,,,,,,458,0,0,0,0,0,0,0.01,,,,1.0234628,0.39830364374811694,,,0.7684275184275184,3,,,,,,,,,229,358,0,130.0,130.0,"LOCAL_RECORDED, fill-conditioned marks; not historical full L2"
btc-updown-15m-1788800400,False,False,,,,,,,,,,,,,,,,330,0,0,0,0,0,0,0.01,,,,1.0640912,0.3946729963777706,,,0.5234487734487734,3,,,,,,,,,165,354,0,172.82,172.82,"LOCAL_RECORDED, fill-conditioned marks; not historical full L2"
btc-updown-15m-1788801300,False,False,,,,,,,,,,,,,,,,268,0,0,0,0,0,0,0.01,,,,1.0364786,0.36622618854510136,,,0.45792870792870793,3,,,,,,,,,134,330,0,175.0,175.0,"LOCAL_RECORDED, fill-conditioned marks; not historical full L2"
btc-updown-15m-1788802200,False,False,,,,,,,,,,,,,,,,464,0,0,0,0,0,0,0.01,,,,1.0524594999999999,0.3953600693720383,,,0.5706778206778207,3,,,,,,,,,232,356,0,160.0,160.0,"LOCAL_RECORDED, fill-conditioned marks; not historical full L2"
btc-updown-15m-1788803100,False,False,,,,,,,,,,,,,,,,442,0,0,0,0,0,0,0.01,,,,1.0295911,0.3962938173533995,,,0.694015444015444,3,,,,,,,,,221,356,0,182.3,182.3,"LOCAL_RECORDED, fill-conditioned marks; not historical full L2"
btc-updown-15m-1788804000,False,False,,,,,,,,,,,,,,,,284,0,0,0,0,0,0,0.01,,,,1.0316925499999998,0.39518189205593707,,,0.6534944034944035,3,,,,,,,,,142,356,0,155.54000000000002,155.54000000000002,"LOCAL_RECORDED, fill-conditioned marks; not historical full L2"
btc-updown-15m-1788804900,False,False,,,,,,,,,,,,,,,,280,0,0,0,0,0,0,0.01,,,,1.07248545,0.3645920180030053,,,0.3379255879255879,3,,,,,,,,,140,328,0,184.125,184.125,"LOCAL_RECORDED, fill-conditioned marks; not historical full L2"
btc-updown-15m-1788805800,False,False,,,,,,,,,,,,,,,,432,0,0,0,0,0,0,0.01,,,,1.04404955,0.3969129418077117,,,0.6647264147264147,3,,,,,,,,,216,357,0,180.0,178.52,"LOCAL_RECORDED, fill-conditioned marks; not historical full L2"
btc-updown-15m-1788806700,False,False,,,,,,,,,,,,,,,,378,0,0,0,0,0,0,0.01,,,,1.057813,0.3951524368702936,,,0.547004797004797,3,,,,,,,,,189,356,0,186.125,186.125,"LOCAL_RECORDED, fill-conditioned marks; not historical full L2"
btc-updown-15m-1788807600,False,False,SUCCESS_PUBLIC_HISTORY,644,15193.620522,8916.491692039304,6.0,1.1266139,61.03851150000002,41.0,0.7155555555555555,8,0.40853396431630995,6,,,PUBLIC_HISTORICAL,458,0,0,0,0,0,0,0.01,,,,1.0974342,0.3941234949819348,0.7155555555555555,15193.620522,0.34790522755346875,5,1788807600,weekday,2026-07-27,2026-09-20,2026-09-07,15,12-18,6,229,354,0,210.2,210.2,"LOCAL_RECORDED, fill-conditioned marks; not historical full L2"
btc-updown-15m-1788808500,False,False,,,,,,,,,,,,,,,,342,0,0,0,0,0,0,0.01,,,,1.2889911,0.36828546502019316,,,0.23847548847548844,3,,,,,,,,,171,332,0,193.685,193.685,"LOCAL_RECORDED, fill-conditioned marks; not historical full L2"
btc-updown-15m-1788809400,False,False,,,,,,,,,,,,,,,,416,0,0,0,0,0,0,0.01,,,,1.1886060999999999,0.3976253595225196,,,0.49285324285324283,3,,,,,,,,,208,358,0,207.5,207.5,"LOCAL_RECORDED, fill-conditioned marks; not historical full L2"
btc-updown-15m-1788810300,False,False,,,,,,,,,,,,,,,,370,0,0,0,0,0,0,0.01,,,,1.106407,0.3955698186022668,,,0.4816212316212316,3,,,,,,,,,185,356,0,137.495,137.495,"LOCAL_RECORDED, fill-conditioned marks; not historical full L2"
btc-updown-15m-1788811200,False,False,,,,,,,,,,,,,,,,356,0,0,0,0,0,0,0.01,,,,1.2661056,0.39682685487354347,,,0.4637007137007137,3,,,,,,,,,178,356,0,193.41,193.41,"LOCAL_RECORDED, fill-conditioned marks; not historical full L2"
btc-updown-15m-1788812100,False,False,,,,,,,,,,,,,,,,332,0,0,0,0,0,0,0.01,,,,1.073497,0.36307576003827446,,,0.3292090792090792,3,,,,,,,,,166,326,0,186.5,186.5,"LOCAL_RECORDED, fill-conditioned marks; not historical full L2"
btc-updown-15m-1788813000,False,False,,,,,,,,,,,,,,,,426,0,0,0,0,0,0,0.01,,,,1.086297,0.3969482551057623,,,0.5474922974922974,3,,,,,,,,,213,356,0,162.825,162.825,"LOCAL_RECORDED, fill-conditioned marks; not historical full L2"
btc-updown-15m-1788813900,False,False,,,,,,,,,,,,,,,,444,0,0,0,0,0,0,0.01,,,,1.20058,0.3962419542443343,,,0.45233220233220234,3,,,,,,,,,222,356,0,175.0,175.0,"LOCAL_RECORDED, fill-conditioned marks; not historical full L2"
btc-updown-15m-1788814800,False,False,,,,,,,,,,,,,,,,408,0,0,0,0,0,0,0.01,,,,1.1026625,0.39792655963274476,,,0.551060801060801,3,,,,,,,,,204,358,0,191.5,191.5,"LOCAL_RECORDED, fill-conditioned marks; not historical full L2"
btc-updown-15m-1788815700,False,False,,,,,,,,,,,,,,,,154,0,0,0,0,0,0,0.01,,,,1.0426932,0.36794045936643854,,,0.43973518973518977,3,,,,,,,,,77,331,0,156.94,161.93,"LOCAL_RECORDED, fill-conditioned marks; not historical full L2"
btc-updown-15m-1788816600,False,False,,,,,,,,,,,,,,,,398,0,0,0,0,0,0,0.01,,,,1.1607371,0.3982958667010437,,,0.5162337662337662,3,,,,,,,,,199,358,0,174.825,174.825,"LOCAL_RECORDED, fill-conditioned marks; not historical full L2"
btc-updown-15m-1788817500,False,False,,,,,,,,,,,,,,,,422,0,0,0,0,0,0,0.01,,,,1.0678121,0.3981875821858612,,,0.6153913653913654,3,,,,,,,,,211,358,0,121.745,121.745,"LOCAL_RECORDED, fill-conditioned marks; not historical full L2"
btc-updown-15m-1788818400,False,False,,,,,,,,,,,,,,,,416,0,0,0,0,0,0,0.01,,,,1.1157845499999999,0.39471908666145106,,,0.4362446862446862,3,,,,,,,,,208,354,0,126.89,126.89,"LOCAL_RECORDED, fill-conditioned marks; not historical full L2"
btc-updown-15m-1788819300,False,False,,,,,,,,,,,,,,,,392,0,0,0,0,0,0,0.01,,,,1.0740650500000002,0.3632178791081878,,,0.32764907764907764,3,,,,,,,,,196,327,0,132.34,132.34,"LOCAL_RECORDED, fill-conditioned marks; not historical full L2"
btc-updown-15m-1788820200,False,False,,,,,,,,,,,,,,,,430,0,0,0,0,0,0,0.01,,,,1.198583,0.3929720276966774,,,0.3658106158106158,3,,,,,,,,,215,354,0,205.53,205.53,"LOCAL_RECORDED, fill-conditioned marks; not historical full L2"
btc-updown-15m-1788821100,False,False,,,,,,,,,,,,,,,,466,0,0,0,0,0,0,0.01,,,,1.106588,0.39291198838577984,,,0.40796965796965795,3,,,,,,,,,233,354,0,227.64499999999998,227.64499999999998,"LOCAL_RECORDED, fill-conditioned marks; not historical full L2"
btc-updown-15m-1788822000,False,False,,,,,,,,,,,,,,,,418,0,0,0,0,0,0,0.01,,,,1.118181,0.39656064892889686,,,0.49096174096174094,3,,,,,,,,,209,356,0,285.0,285.0,"LOCAL_RECORDED, fill-conditioned marks; not historical full L2"
btc-updown-15m-1788822900,False,False,,,,,,,,,,,,,,,,414,0,0,0,0,0,0,0.01,,,,1.131623,0.3642522080952146,,,0.2539000039000039,3,,,,,,,,,207,328,0,196.0,196.0,"LOCAL_RECORDED, fill-conditioned marks; not historical full L2"
btc-updown-15m-1788823800,False,False,,,,,,,,,,,,,,,,448,0,0,0,0,0,0,0.01,,,,1.057174,0.39780036636760135,,,0.6278713778713779,3,,,,,,,,,224,354,0,182.57,182.57,"LOCAL_RECORDED, fill-conditioned marks; not historical full L2"
btc-updown-15m-1788824700,False,False,,,,,,,,,,,,,,,,472,0,0,0,0,0,0,0.01,,,,1.030757,0.39226686559731216,,,0.5871748371748371,3,,,,,,,,,236,356,0,155.64,153.09,"LOCAL_RECORDED, fill-conditioned marks; not historical full L2"
btc-updown-15m-1788825600,False,False,,,,,,,,,,,,,,,,364,0,0,0,0,0,0,0.01,,,,1.0388549,0.38637948928295907,,,0.49359424359424353,3,,,,,,,,,182,270,0,141.575,141.575,"LOCAL_RECORDED, fill-conditioned marks; not historical full L2"
btc-updown-15m-1788850800,False,False,SUCCESS_PUBLIC_HISTORY,622,14040.746321999999,9585.45859200575,6.1395420000000005,1.1521278000000001,41.96666669999999,65.0,0.6911111111111111,8,0.6444377394287208,6,,,PUBLIC_HISTORICAL,0,0,0,0,0,0,0,,,,,,,0.6911111111111111,14040.746321999999,,2,1788850800,weekday,2026-07-27,2026-09-20,2026-09-08,3,00-06,6,,,,,,
btc-updown-15m-1788863400,False,False,,,,,,,,,,,,,,,,128,0,0,0,0,0,0,0.01,,,,1.2993036,0.3752036326202966,,,0.2441304941304941,3,,,,,,,,,64,124,0,143.14999999999998,187.155,"LOCAL_RECORDED, fill-conditioned marks; not historical full L2"
btc-updown-15m-1788864300,False,False,,,,,,,,,,,,,,,,308,0,0,0,0,0,0,0.01,,,,1.1746861499999999,0.38803332175046434,,,0.30538005538005536,3,,,,,,,,,154,349,0,209.73,215.46,"LOCAL_RECORDED, fill-conditioned marks; not historical full L2"
btc-updown-15m-1788865200,False,False,,,,,,,,,,,,,,,,440,0,0,0,0,0,0,0.01,,,,1.18239615,0.3958958708479986,,,0.4525077025077025,3,,,,,,,,,220,356,0,225.0,225.0,"LOCAL_RECORDED, fill-conditioned marks; not historical full L2"
btc-updown-15m-1788866100,False,False,,,,,,,,,,,,,,,,460,0,0,0,0,0,0,0.01,,,,1.0969779499999999,0.39737591379429776,,,0.5411937911937912,3,,,,,,,,,230,358,0,289.65,289.65,"LOCAL_RECORDED, fill-conditioned marks; not historical full L2"
btc-updown-15m-1788867000,False,False,,,,,,,,,,,,,,,,368,0,0,0,0,0,0,0.01,,,,1.06672895,0.3612747121648031,,,0.33856908856908857,3,,,,,,,,,184,324,0,158.51,159.805,"LOCAL_RECORDED, fill-conditioned marks; not historical full L2"
btc-updown-15m-1788867900,False,False,,,,,,,,,,,,,,,,268,0,0,0,0,0,0,0.01,,,,1.1089596,0.39519096868231113,,,0.4582407082407082,3,,,,,,,,,134,202,0,171.0,171.0,"LOCAL_RECORDED, fill-conditioned marks; not historical full L2"
btc-updown-15m-1788869700,False,False,,,,,,,,,,,,,,,,0,0,0,0,0,0,0,,,,,,0.38063190745371506,,,,1,,,,,,,,,0,42,0,110.5,0.0,"LOCAL_RECORDED, fill-conditioned marks; not historical full L2"
btc-updown-15m-1788870600,False,False,,,,,,,,,,,,,,,,474,0,0,0,0,0,0,0.01,,,,1.067191,0.3936685719281338,,,0.4929117429117429,3,,,,,,,,,237,354,0,126.19,126.19,"LOCAL_RECORDED, fill-conditioned marks; not historical full L2"
btc-updown-15m-1788871500,False,False,,,,,,,,,,,,,,,,476,0,0,0,0,0,0,0.01,,,,1.0891885000000001,0.3957843446383133,,,0.5112417612417612,3,,,,,,,,,238,356,0,180.215,180.215,"LOCAL_RECORDED, fill-conditioned marks; not historical full L2"
btc-updown-15m-1788872400,False,False,SUCCESS_PUBLIC_HISTORY,824,22934.98903,13815.963327036006,9.98,1.1078269000000007,60.52736970000003,30.0,0.9155555555555556,8,0.5324002253943926,4,,,PUBLIC_HISTORICAL,480,0,0,0,0,0,0,0.01,,,,1.06824545,0.39407269953794327,0.9155555555555556,22934.98903,0.5216670988027772,5,1788872400,weekday,2026-07-27,2026-09-20,2026-09-08,9,06-12,6,240,355,0,203.0,202.31,"LOCAL_RECORDED, fill-conditioned marks; not historical full L2"
btc-updown-15m-1788873300,False,False,,,,,,,,,,,,,,,,330,0,0,0,0,0,0,0.01,,,,1.1091578,0.3949771239567574,,,0.44808119808119806,3,,,,,,,,,165,246,0,219.7,219.7,"LOCAL_RECORDED, fill-conditioned marks; not historical full L2"
btc-updown-15m-1788874200,False,False,,,,,,,,,,,,,,,,450,0,0,0,0,0,0,0.01,,,,1.127322,0.3943615458732667,,,0.4171346671346671,3,,,,,,,,,225,358,0,191.88,188.85500000000002,"LOCAL_RECORDED, fill-conditioned marks; not historical full L2"
btc-updown-15m-1788875100,False,False,,,,,,,,,,,,,,,,448,0,0,0,0,0,0,0.01,,,,1.0488650000000002,0.3941170370935854,,,0.557008307008307,3,,,,,,,,,224,354,0,182.0,179.0,"LOCAL_RECORDED, fill-conditioned marks; not historical full L2"
btc-updown-15m-1788876000,False,False,,,,,,,,,,,,,,,,464,0,0,0,0,0,0,0.01,,,,1.095467,0.3842554088364946,,,0.3349030849030849,3,,,,,,,,,232,346,0,209.975,209.975,"LOCAL_RECORDED, fill-conditioned marks; not historical full L2"
btc-updown-15m-1788876900,False,False,,,,,,,,,,,,,,,,450,0,0,0,0,0,0,0.01,,,,1.0780742,0.38771046420891636,,,0.38063063063063063,3,,,,,,,,,225,328,0,251.9,251.9,"LOCAL_RECORDED, fill-conditioned marks; not historical full L2"
btc-updown-15m-1788877800,False,False,,,,,,,,,,,,,,,,470,0,0,0,0,0,0,0.01,,,,1.090582,0.3748618811998687,,,0.3177625677625677,3,,,,,,,,,235,330,0,185.0,186.935,"LOCAL_RECORDED, fill-conditioned marks; not historical full L2"
btc-updown-15m-1788878700,False,False,,,,,,,,,,,,,,,,490,0,0,0,0,0,0,0.01,,,,1.068191,0.38467283823915044,,,0.3858956358956359,3,,,,,,,,,245,345,0,235.0,259.92,"LOCAL_RECORDED, fill-conditioned marks; not historical full L2"
btc-updown-15m-1788879600,False,False,,,,,,,,,,,,,,,,490,0,0,0,0,0,0,0.01,,,,1.080761,0.3854764110540053,,,0.3587516087516087,3,,,,,,,,,245,347,0,201.99,202.76,"LOCAL_RECORDED, fill-conditioned marks; not historical full L2"
btc-updown-15m-1788880500,False,False,,,,,,,,,,,,,,,,266,0,0,0,0,0,0,0.01,,,,1.1031684,0.2434501229684439,,,0.23931398931398928,3,,,,,,,,,133,219,0,201.46,201.54,"LOCAL_RECORDED, fill-conditioned marks; not historical full L2"
btc-updown-15m-1788881400,False,False,,,,,,,,,,,,,,,,94,0,1,0,0,0,0,0.01,,,,1.0442541,0.3978800419368694,,,0.6855621855621855,3,,,,,,,,,47,357,0,219.1,226.0,"LOCAL_RECORDED, fill-conditioned marks; not historical full L2"
btc-updown-15m-1788882300,False,False,,,,,,,,,,,,,,,,6,0,1,1,0,0,0,0.01,,,96.84,1.400075,0.389025996848685,,,0.25430341055341055,4,,,,,,,,,3,218,5,125.78999999999999,154.05,"LOCAL_RECORDED, fill-conditioned marks; not historical full L2"
btc-updown-15m-1788884100,False,False,,,,,,,,,,,,,,,,96,0,0,0,0,0,0,0.01,,,,0.8256094999999999,0.39935678080339065,,,0.825075075075075,3,,,,,,,,,48,80,0,140.225,140.225,"LOCAL_RECORDED, fill-conditioned marks; not historical full L2"
btc-updown-15m-1788885000,False,False,,,,,,,,,,,,,,,,432,0,0,0,0,0,0,0.01,,,,1.1167459,0.3964635888881239,,,0.4881342381342381,3,,,,,,,,,216,357,0,186.83,185.0,"LOCAL_RECORDED, fill-conditioned marks; not historical full L2"
btc-updown-15m-1788885900,False,False,,,,,,,,,,,,,,,,442,0,0,0,0,0,0,0.01,,,,1.068221,0.39538681641177925,,,0.5315802815802816,3,,,,,,,,,221,356,0,185.13,185.0,"LOCAL_RECORDED, fill-conditioned marks; not historical full L2"
btc-updown-15m-1788886800,False,False,,,,,,,,,,,,,,,,494,0,0,0,0,0,0,0.01,,,,1.055432,0.39742848009826626,,,0.6267208767208767,3,,,,,,,,,247,358,0,178.495,178.495,"LOCAL_RECORDED, fill-conditioned marks; not historical full L2"
btc-updown-15m-1788887700,False,False,,,,,,,,,,,,,,,,286,0,0,0,0,0,0,0.01,,,,1.076408,0.36202624305957404,,,0.31286806286806285,3,,,,,,,,,143,326,0,208.0,208.0,"LOCAL_RECORDED, fill-conditioned marks; not historical full L2"
btc-updown-15m-1788888600,False,False,,,,,,,,,,,,,,,,490,0,0,0,0,0,0,0.01,,,,1.0819232,0.3944870870870228,,,0.47557622557622553,3,,,,,,,,,245,355,0,175.65,171.0,"LOCAL_RECORDED, fill-conditioned marks; not historical full L2"
btc-updown-15m-1788889500,False,False,,,,,,,,,,,,,,,,368,0,0,0,0,0,0,0.01,,,,1.11215945,0.3980646063160055,,,0.5344857844857844,3,,,,,,,,,184,358,0,164.5,164.5,"LOCAL_RECORDED, fill-conditioned marks; not historical full L2"
btc-updown-15m-1788890400,False,False,,,,,,,,,,,,,,,,436,0,0,0,0,0,0,0.01,,,,1.1152164,0.3965847816344983,,,0.4969092469092469,3,,,,,,,,,218,357,0,277.52,276.51,"LOCAL_RECORDED, fill-conditioned marks; not historical full L2"
btc-updown-15m-1788891300,False,False,,,,,,,,,,,,,,,,362,0,0,0,0,0,0,0.01,,,,1.0747739,0.36658804181428445,,,0.33619008619008617,3,,,,,,,,,181,330,0,227.42000000000002,227.42000000000002,"LOCAL_RECORDED, fill-conditioned marks; not historical full L2"
btc-updown-15m-1788892200,False,False,,,,,,,,,,,,,,,,436,0,0,0,0,0,0,0.01,,,,1.0974452000000001,0.3978585824596265,,,0.5482332982332982,3,,,,,,,,,218,358,0,205.5,205.5,"LOCAL_RECORDED, fill-conditioned marks; not historical full L2"
btc-updown-15m-1788893100,False,False,,,,,,,,,,,,,,,,448,0,0,0,0,0,0,0.01,,,,1.1231963999999999,0.397289172326541,,,0.5067762567762568,3,,,,,,,,,224,357,0,228.97,228.27,"LOCAL_RECORDED, fill-conditioned marks; not historical full L2"
btc-updown-15m-1788894000,False,False,,,,,,,,,,,,,,,,494,0,0,0,0,0,0,0.01,,,,1.0506098,0.39567118646841365,,,0.5925568425568425,3,,,,,,,,,247,356,0,175.5,175.5,"LOCAL_RECORDED, fill-conditioned marks; not historical full L2"
btc-updown-15m-1788894900,False,False,,,,,,,,,,,,,,,,384,0,0,0,0,0,0,0.01,,,,1.056584,0.35947660985031715,,,0.34804609804609804,3,,,,,,,,,192,322,0,180.82999999999998,180.82999999999998,"LOCAL_RECORDED, fill-conditioned marks; not historical full L2"
btc-updown-15m-1788895800,False,False,,,,,,,,,,,,,,,,438,0,0,0,0,0,0,0.01,,,,1.075755,0.38978189770666627,,,0.40966615966615966,3,,,,,,,,,219,350,0,183.285,183.285,"LOCAL_RECORDED, fill-conditioned marks; not historical full L2"
btc-updown-15m-1788896700,False,False,,,,,,,,,,,,,,,,496,0,0,0,0,0,0,0.01,,,,1.0785565,0.39361926139036046,,,0.45849420849420847,3,,,,,,,,,248,354,0,179.965,179.965,"LOCAL_RECORDED, fill-conditioned marks; not historical full L2"
btc-updown-15m-1788897600,False,False,,,,,,,,,,,,,,,,432,0,0,0,0,0,0,0.01,,,,1.28976915,0.3957315704196885,,,0.4332221832221832,3,,,,,,,,,216,355,0,204.0,201.0,"LOCAL_RECORDED, fill-conditioned marks; not historical full L2"
btc-updown-15m-1788898500,False,False,,,,,,,,,,,,,,,,390,0,0,0,0,0,0,0.01,,,,1.1063548,0.36327828754252495,,,0.28254553254553255,3,,,,,,,,,195,327,0,183.28,184.58,"LOCAL_RECORDED, fill-conditioned marks; not historical full L2"
btc-updown-15m-1788899400,False,False,,,,,,,,,,,,,,,,470,0,0,0,0,0,0,0.01,,,,1.108615,0.39140501322148896,,,0.37316212316212316,3,,,,,,,,,235,353,0,209.74,201.66,"LOCAL_RECORDED, fill-conditioned marks; not historical full L2"
btc-updown-15m-1788900300,False,False,,,,,,,,,,,,,,,,464,0,0,0,0,0,0,0.01,,,,1.08576845,0.39671146489350334,,,0.5388927888927889,3,,,,,,,,,232,356,0,176.0,176.0,"LOCAL_RECORDED, fill-conditioned marks; not historical full L2"
btc-updown-15m-1788901200,False,False,,,,,,,,,,,,,,,,450,0,0,0,0,0,0,0.01,,,,1.160121,0.3976417265953961,,,0.5033052533052533,3,,,,,,,,,225,358,0,192.635,192.635,"LOCAL_RECORDED, fill-conditioned marks; not historical full L2"
btc-updown-15m-1788902100,False,False,,,,,,,,,,,,,,,,412,0,0,0,0,0,0,0.01,,,,1.0853517,0.36645815665371995,,,0.3167290667290667,3,,,,,,,,,206,330,0,190.0,190.0,"LOCAL_RECORDED, fill-conditioned marks; not historical full L2"
btc-updown-15m-1788903000,False,False,,,,,,,,,,,,,,,,434,0,0,0,0,0,0,0.01,,,,1.0745329,0.38968937321176556,,,0.4127276627276627,3,,,,,,,,,217,351,0,165.0,165.0,"LOCAL_RECORDED, fill-conditioned marks; not historical full L2"
btc-updown-15m-1788903900,False,False,,,,,,,,,,,,,,,,352,0,0,0,0,0,0,0.01,,,,1.2799255,0.3946549750290561,,,0.3943781443781444,3,,,,,,,,,176,354,0,171.32,171.32,"LOCAL_RECORDED, fill-conditioned marks; not historical full L2"
btc-updown-15m-1788904800,False,False,,,,,,,,,,,,,,,,466,0,0,0,0,0,0,0.01,,,,1.0632158,0.38924286065829533,,,0.43842868842868843,3,,,,,,,,,233,350,0,154.67000000000002,154.67000000000002,"LOCAL_RECORDED, fill-conditioned marks; not historical full L2"
btc-updown-15m-1788905700,False,False,,,,,,,,,,,,,,,,264,0,0,0,0,0,0,0.01,,,,1.0865874500000001,0.3963359869297473,,,0.5242872742872743,3,,,,,,,,,132,310,0,146.14,146.14,"LOCAL_RECORDED, fill-conditioned marks; not historical full L2"
btc-updown-15m-1788906600,False,False,,,,,,,,,,,,,,,,174,0,0,0,0,0,0,0.01,,,,1.1265951,0.39451805934001455,,,0.42296517296517294,3,,,,,,,,,87,252,0,179.425,179.425,"LOCAL_RECORDED, fill-conditioned marks; not historical full L2"
btc-updown-15m-1788915600,False,False,SUCCESS_PUBLIC_HISTORY,4951,242410.59973,121830.29470848222,10.0,2.967742,88.366667,20.0,5.501111111111111,8,1.0175952043912158,6,,,PUBLIC_HISTORICAL,0,0,0,0,0,0,0,,,,,,,5.501111111111111,242410.59973,,2,1788915600,weekday,2026-07-27,2026-09-20,2026-09-08,21,18-24,6,,,,,,
btc-updown-15m-1788937200,False,False,SUCCESS_PUBLIC_HISTORY,576,19068.286292,12306.222357977409,10.061728500000001,1.5308355,64.333,78.0,0.64,8,0.4842003717470692,4,,,PUBLIC_HISTORICAL,0,0,0,0,0,0,0,,,,,,,0.64,19068.286292,,2,1788937200,weekday,2026-07-27,2026-09-20,2026-09-09,3,00-06,6,,,,,,
btc-updown-15m-1788954300,False,False,,,,,,,,,,,,,,,,298,0,0,0,0,0,0,0.008,,,,1.2506492,0.3806924508474966,,,0.4299071799071799,3,,,,,,,,,149,238,0,283.76,270.0,"LOCAL_RECORDED, fill-conditioned marks; not historical full L2"
btc-updown-15m-1788955200,False,False,,,,,,,,,,,,,,,,246,0,2,1,0,0,0,0.01,,,61.5,1.016858,0.38983999061274266,,,0.45909200596700594,4,,,,,,,,,123,349,5,175.12,180.0,"LOCAL_RECORDED, fill-conditioned marks; not historical full L2"
btc-updown-15m-1788956100,False,False,,,,,,,,,,,,,,,,428,0,0,0,0,0,0,0.01,,,,1.0341985500000002,0.392263711602346,,,0.5737198237198237,3,,,,,,,,,214,352,0,115.695,115.695,"LOCAL_RECORDED, fill-conditioned marks; not historical full L2"
btc-updown-15m-1788957000,False,False,,,,,,,,,,,,,,,,420,0,0,0,0,0,0,0.01,,,,1.07903715,0.38865618826568127,,,0.3906146406146406,3,,,,,,,,,210,350,0,113.0,113.0,"LOCAL_RECORDED, fill-conditioned marks; not historical full L2"
btc-updown-15m-1788957900,False,False,,,,,,,,,,,,,,,,212,0,1,0,0,0,0,0.01,,,,1.0397465000000001,0.35631965891354095,,,0.40839865839865835,3,,,,,,,,,106,321,0,183.0,183.0,"LOCAL_RECORDED, fill-conditioned marks; not historical full L2"
btc-updown-15m-1788958800,False,False,SUCCESS_PUBLIC_HISTORY,915,32473.773195,19734.432230012506,11.0,1.1496556,72.70708000000008,18.0,1.0166666666666666,8,0.5352102390649864,6,,,PUBLIC_HISTORICAL,172,0,2,0,1,0,0,0.01,,,,0.98639135,0.3956149420215326,1.0166666666666666,32473.773195,0.7353328888504768,5,1788958800,weekday,2026-07-27,2026-09-20,2026-09-09,9,06-12,6,86,356,0,202.7,202.7,"LOCAL_RECORDED, fill-conditioned marks; not historical full L2"
btc-updown-15m-1788959700,False,False,,,,,,,,,,,,,,,,472,0,0,0,0,0,0,0.01,,,,1.0433625,0.3950535070598104,,,0.6056218556218557,3,,,,,,,,,236,354,0,190.07999999999998,190.07999999999998,"LOCAL_RECORDED, fill-conditioned marks; not historical full L2"
btc-updown-15m-1788960600,False,False,,,,,,,,,,,,,,,,168,0,1,0,0,0,0,0.01,,,,0.96442545,0.3858395899729873,,,0.5793553293553293,3,,,,,,,,,84,346,0,180.765,180.765,"LOCAL_RECORDED, fill-conditioned marks; not historical full L2"
btc-updown-15m-1788961500,False,False,,,,,,,,,,,,,,,,362,0,0,0,0,0,0,0.01,,,,1.025888,0.35661566575643083,,,0.4578897078897079,3,,,,,,,,,181,321,0,150.0,150.0,"LOCAL_RECORDED, fill-conditioned marks; not historical full L2"
btc-updown-15m-1788962400,False,False,,,,,,,,,,,,,,,,166,0,1,0,0,0,0,0.01,,,,1.0863158,0.38006846009965906,,,0.3324265824265824,3,,,,,,,,,83,341,0,238.14,253.83,"LOCAL_RECORDED, fill-conditioned marks; not historical full L2"
btc-updown-15m-1788963300,False,False,,,,,,,,,,,,,,,,56,0,2,0,1,0,0,0.01,,,,0.7987960999999999,0.34647717249701043,,,0.5076732576732577,3,,,,,,,,,28,276,0,188.5,188.5,"LOCAL_RECORDED, fill-conditioned marks; not historical full L2"
btc-updown-15m-1788964200,False,False,,,,,,,,,,,,,,,,398,0,0,0,0,0,0,0.01,,,,1.0268288,0.3925620302833255,,,0.6035158535158535,3,,,,,,,,,199,325,0,181.23,184.0,"LOCAL_RECORDED, fill-conditioned marks; not historical full L2"
btc-updown-15m-1788965100,False,False,,,,,,,,,,,,,,,,434,0,0,0,0,0,0,0.01,,,,1.044326,0.38473794316597576,,,0.4654167154167154,3,,,,,,,,,217,346,0,209.13,209.13,"LOCAL_RECORDED, fill-conditioned marks; not historical full L2"
btc-updown-15m-1788966000,False,False,,,,,,,,,,,,,,,,384,0,0,0,0,0,0,0.01,,,,1.069248,0.38153556094284513,,,0.37123162123162123,3,,,,,,,,,192,341,0,188.15,200.0,"LOCAL_RECORDED, fill-conditioned marks; not historical full L2"
btc-updown-15m-1788966900,False,False,,,,,,,,,,,,,,,,0,0,0,0,0,0,0,,,,,,0.38778256917685844,,,,1,,,,,,,,,0,349,0,212.63,214.93,"LOCAL_RECORDED, fill-conditioned marks; not historical full L2"
btc-updown-15m-1788967800,False,False,,,,,,,,,,,,,,,,0,0,0,0,0,0,0,,,,,,,,,,0,,,,,,,,,0,0,0,,,"LOCAL_RECORDED, fill-conditioned marks; not historical full L2"
btc-updown-15m-1788968700,False,False,,,,,,,,,,,,,,,,264,0,0,0,0,0,0,0.01,,,,1.0482939500000001,0.3927187268821622,,,0.5267637767637767,3,,,,,,,,,132,181,0,192.0,193.75,"LOCAL_RECORDED, fill-conditioned marks; not historical full L2"
btc-updown-15m-1788969600,False,False,,,,,,,,,,,,,,,,404,0,0,0,0,0,0,0.01,,,,1.0139936,0.3955883042893719,,,0.7082894582894583,3,,,,,,,,,202,356,0,186.63,186.63,"LOCAL_RECORDED, fill-conditioned marks; not historical full L2"
btc-updown-15m-1788970500,False,False,,,,,,,,,,,,,,,,478,0,0,0,0,0,0,0.01,,,,1.032896,0.39013650057874677,,,0.5580808080808081,3,,,,,,,,,239,350,0,206.57999999999998,206.57999999999998,"LOCAL_RECORDED, fill-conditioned marks; not historical full L2"
btc-updown-15m-1788971400,False,False,,,,,,,,,,,,,,,,428,0,0,0,0,0,0,0.01,,,,1.097124,0.39550223759067415,,,0.4863012363012363,3,,,,,,,,,214,356,0,244.775,244.775,"LOCAL_RECORDED, fill-conditioned marks; not historical full L2"
btc-updown-15m-1788972300,False,False,,,,,,,,,,,,,,,,326,0,0,0,0,0,0,0.01,,,,1.0496021,0.3637180883947338,,,0.3950996450996451,3,,,,,,,,,163,326,0,170.0,170.0,"LOCAL_RECORDED, fill-conditioned marks; not historical full L2"
btc-updown-15m-1788973200,False,False,,,,,,,,,,,,,,,,454,0,0,0,0,0,0,0.01,,,,1.034737,0.3926142696645116,,,0.5794333294333295,3,,,,,,,,,227,352,0,190.495,196.155,"LOCAL_RECORDED, fill-conditioned marks; not historical full L2"
btc-updown-15m-1788974100,False,False,,,,,,,,,,,,,,,,382,0,0,0,0,0,0,0.01,,,,1.0609742,0.39412653390613744,,,0.5193537693537693,3,,,,,,,,,191,354,0,206.54000000000002,206.54000000000002,"LOCAL_RECORDED, fill-conditioned marks; not historical full L2"
btc-updown-15m-1788975000,False,False,,,,,,,,,,,,,,,,422,0,0,0,0,0,0,0.01,,,,1.250924,0.3971943960135807,,,0.4753032253032253,3,,,,,,,,,211,356,0,197.91000000000003,197.91000000000003,"LOCAL_RECORDED, fill-conditioned marks; not historical full L2"
btc-updown-15m-1788975900,False,False,,,,,,,,,,,,,,,,408,0,0,0,0,0,0,0.01,,,,1.10698985,0.3648500661372753,,,0.2838130338130338,3,,,,,,,,,204,328,0,148.85,148.27499999999998,"LOCAL_RECORDED, fill-conditioned marks; not historical full L2"
btc-updown-15m-1788976800,False,False,,,,,,,,,,,,,,,,388,0,0,0,0,0,0,0.01,,,,1.10966295,0.39860327492026393,,,0.5533618033618034,3,,,,,,,,,194,358,0,240.83999999999997,240.83999999999997,"LOCAL_RECORDED, fill-conditioned marks; not historical full L2"
btc-updown-15m-1788977700,False,False,,,,,,,,,,,,,,,,394,0,0,0,0,0,0,0.01,,,,1.0478048,0.3984546339939656,,,0.6827249327249327,3,,,,,,,,,197,358,0,207.5,207.5,"LOCAL_RECORDED, fill-conditioned marks; not historical full L2"
btc-updown-15m-1788978600,False,False,,,,,,,,,,,,,,,,408,0,0,0,0,0,0,0.01,,,,1.0595255,0.39695793755755704,,,0.6074938574938574,3,,,,,,,,,204,356,0,209.04500000000002,209.04500000000002,"LOCAL_RECORDED, fill-conditioned marks; not historical full L2"
btc-updown-15m-1788979500,False,False,,,,,,,,,,,,,,,,394,0,0,0,0,0,0,0.01,,,,1.0632815500000001,0.3605136095645533,,,0.3373600873600873,3,,,,,,,,,197,324,0,236.095,236.095,"LOCAL_RECORDED, fill-conditioned marks; not historical full L2"
btc-updown-15m-1788980400,False,False,,,,,,,,,,,,,,,,404,0,0,0,0,0,0,0.01,,,,1.04072,0.3938626048305769,,,0.5857123357123357,3,,,,,,,,,202,354,0,90.0,90.0,"LOCAL_RECORDED, fill-conditioned marks; not historical full L2"
btc-updown-15m-1788981300,False,False,,,,,,,,,,,,,,,,454,0,0,0,0,0,0,0.01,,,,1.0932811,0.3952852935640905,,,0.4836492336492337,3,,,,,,,,,227,356,0,194.76999999999998,194.76999999999998,"LOCAL_RECORDED, fill-conditioned marks; not historical full L2"
btc-updown-15m-1788982200,False,False,,,,,,,,,,,,,,,,340,0,0,0,0,0,0,0.01,,,,1.0558939,0.39671438641955425,,,0.6079033579033579,3,,,,,,,,,170,356,0,261.14,261.14,"LOCAL_RECORDED, fill-conditioned marks; not historical full L2"
btc-updown-15m-1788983100,False,False,,,,,,,,,,,,,,,,264,0,0,0,0,0,0,0.01,,,,1.061942,0.36113493390438006,,,0.34613509613509613,3,,,,,,,,,132,324,0,166.365,166.365,"LOCAL_RECORDED, fill-conditioned marks; not historical full L2"
btc-updown-15m-1788984000,False,False,,,,,,,,,,,,,,,,468,0,0,0,0,0,0,0.01,,,,1.054187,0.39650366331074827,,,0.6051928551928552,3,,,,,,,,,234,356,0,217.055,217.055,"LOCAL_RECORDED, fill-conditioned marks; not historical full L2"
btc-updown-15m-1788984900,False,False,,,,,,,,,,,,,,,,456,0,0,0,0,0,0,0.01,,,,1.071056,0.3980984534095879,,,0.6034963534963534,3,,,,,,,,,228,358,0,219.45999999999998,219.45999999999998,"LOCAL_RECORDED, fill-conditioned marks; not historical full L2"
btc-updown-15m-1788985800,False,False,,,,,,,,,,,,,,,,428,0,0,0,0,0,0,0.01,,,,1.130838,0.3947114683430545,,,0.4242911742911743,3,,,,,,,,,214,354,0,439.65,439.65,"LOCAL_RECORDED, fill-conditioned marks; not historical full L2"
btc-updown-15m-1788986700,False,False,,,,,,,,,,,,,,,,346,0,0,0,0,0,0,0.01,,,,1.0504240500000002,0.3609949797277569,,,0.3762236262236262,3,,,,,,,,,173,324,0,209.625,209.625,"LOCAL_RECORDED, fill-conditioned marks; not historical full L2"
btc-updown-15m-1788987600,False,False,,,,,,,,,,,,,,,,410,0,0,0,0,0,0,0.01,,,,1.05679,0.39317927823809584,,,0.5052747552747553,3,,,,,,,,,205,353,0,249.0,249.0,"LOCAL_RECORDED, fill-conditioned marks; not historical full L2"
btc-updown-15m-1788988500,False,False,,,,,,,,,,,,,,,,450,0,0,0,0,0,0,0.01,,,,1.036028,0.3981855880654718,,,0.7235579735579736,3,,,,,,,,,225,358,0,201.75,201.75,"LOCAL_RECORDED, fill-conditioned marks; not historical full L2"
btc-updown-15m-1788989400,False,False,,,,,,,,,,,,,,,,428,0,0,0,0,0,0,0.01,,,,1.04533305,0.39743636082459044,,,0.6657014157014157,3,,,,,,,,,214,356,0,178.82999999999998,178.82999999999998,"LOCAL_RECORDED, fill-conditioned marks; not historical full L2"
btc-updown-15m-1788990300,False,False,,,,,,,,,,,,,,,,378,0,0,0,0,0,0,0.01,,,,1.1615891,0.3606409994715783,,,0.2261319761319761,3,,,,,,,,,189,324,0,180.0,180.0,"LOCAL_RECORDED, fill-conditioned marks; not historical full L2"
btc-updown-15m-1788991200,False,False,,,,,,,,,,,,,,,,402,0,0,0,0,0,0,0.01,,,,1.049013,0.39844941924083027,,,0.6752759252759253,3,,,,,,,,,201,358,0,204.0,204.0,"LOCAL_RECORDED, fill-conditioned marks; not historical full L2"
btc-updown-15m-1788992100,False,False,,,,,,,,,,,,,,,,414,0,0,0,0,0,0,0.01,,,,1.1244469,0.3955622241775253,,,0.4562127062127062,3,,,,,,,,,207,356,0,174.445,174.445,"LOCAL_RECORDED, fill-conditioned marks; not historical full L2"
btc-updown-15m-1788993000,False,False,,,,,,,,,,,,,,,,218,0,0,0,0,0,0,0.01,,,,1.0452432,0.3976218360679514,,,0.6700889200889201,3,,,,,,,,,109,176,0,164.785,164.785,"LOCAL_RECORDED, fill-conditioned marks; not historical full L2"
btc-updown-15m-1789040700,False,False,,,,,,,,,,,,,,,,402,0,0,0,0,0,0,0.01,,,,1.036792,0.3920826289642138,,,0.5573788073788073,3,,,,,,,,,201,291,0,285.24,275.0,"LOCAL_RECORDED, fill-conditioned marks; not historical full L2"
btc-updown-15m-1789041600,False,False,,,,,,,,,,,,,,,,88,0,1,0,0,0,0,0.01,,,,0.87542155,0.39248822050319215,,,0.6531824031824032,3,,,,,,,,,44,352,0,225.065,225.065,"LOCAL_RECORDED, fill-conditioned marks; not historical full L2"
btc-updown-15m-1789042500,False,False,,,,,,,,,,,,,,,,148,0,2,2,0,0,0,0.01,,,191.88,0.854951,0.38938106469515515,,,0.5766222797472798,4,,,,,,,,,74,350,10,177.47500000000002,177.47500000000002,"LOCAL_RECORDED, fill-conditioned marks; not historical full L2"
btc-updown-15m-1789043400,False,False,,,,,,,,,,,,,,,,8,0,1,1,0,0,0,0.01,,,108.035,0.715954,0.39176608105811433,,,0.5292564276939277,4,,,,,,,,,4,352,5,304.5,304.5,"LOCAL_RECORDED, fill-conditioned marks; not historical full L2"
btc-updown-15m-1789044300,False,False,,,,,,,,,,,,,,,,234,0,0,0,0,0,0,0.01,,,,1.040894,0.23057942971010204,,,0.38507663507663503,3,,,,,,,,,117,208,0,255.49,267.89,"LOCAL_RECORDED, fill-conditioned marks; not historical full L2"
btc-updown-15m-1789045200,False,False,SUCCESS_PUBLIC_HISTORY,1422,36614.732469,20480.483225998374,7.0,0.02,50.0,12.0,1.58,8,1.1374093370462544,4,,,PUBLIC_HISTORICAL,312,0,2,2,1,0,0,0.01,,,47.5,0.9413505500000001,0.3878526044172171,1.58,36614.732469,0.61261848282891,6,1789045200,weekday,2026-07-27,2026-09-20,2026-09-10,9,06-12,6,156,348,10,188.49,188.49,"LOCAL_RECORDED, fill-conditioned marks; not historical full L2"
btc-updown-15m-1789046100,False,False,,,,,,,,,,,,,,,,158,0,2,2,0,0,0,0.01,,,134.5,1.0136371,0.3871344438108952,,,0.4866181116181116,4,,,,,,,,,79,348,10,180.0,180.0,"LOCAL_RECORDED, fill-conditioned marks; not historical full L2"
btc-updown-15m-1789047000,False,False,,,,,,,,,,,,,,,,2,0,1,0,0,0,0,0.01,,,,2.086627,0.3700306075791791,,,0.23241098241098238,3,,,,,,,,,1,332,0,200.58499999999998,200.58499999999998,"LOCAL_RECORDED, fill-conditioned marks; not historical full L2"
btc-updown-15m-1789047900,False,False,,,,,,,,,,,,,,,,2,0,1,1,0,0,0,0.01,,,287.56,2.552157,0.3776497065410014,,,0.3760264932139932,4,,,,,,,,,1,352,5,210.0,210.0,"LOCAL_RECORDED, fill-conditioned marks; not historical full L2"
btc-updown-15m-1789048800,False,False,,,,,,,,,,,,,,,,304,0,0,0,0,0,0,0.01,,,,1.0108865,0.39210636559589734,,,0.6218263718263718,3,,,,,,,,,152,236,0,170.65,170.65,"LOCAL_RECORDED, fill-conditioned marks; not historical full L2"
btc-updown-15m-1789049700,False,False,,,,,,,,,,,,,,,,178,0,1,0,0,0,0,0.01,,,,0.9976459,0.3858697572891082,,,0.5732908232908233,3,,,,,,,,,89,346,0,209.285,209.285,"LOCAL_RECORDED, fill-conditioned marks; not historical full L2"
btc-updown-15m-1789050600,False,False,,,,,,,,,,,,,,,,250,0,1,0,0,0,0,0.01,,,,1.007009,0.38761456300659963,,,0.5773858273858274,3,,,,,,,,,125,349,0,183.0,193.21,"LOCAL_RECORDED, fill-conditioned marks; not historical full L2"
btc-updown-15m-1789051500,False,False,,,,,,,,,,,,,,,,228,0,2,2,1,0,0,0.01,,,234.29500000000002,1.0406985,0.39111490432396784,,,0.5242848367848368,4,,,,,,,,,114,352,10,249.215,249.215,"LOCAL_RECORDED, fill-conditioned marks; not historical full L2"
btc-updown-15m-1789052400,False,False,,,,,,,,,,,,,,,,264,0,3,2,0,0,0,0.01,,,256.44,1.0372124,0.35873839003688857,,,0.4870513776763777,4,,,,,,,,,132,322,10,211.755,215.075,"LOCAL_RECORDED, fill-conditioned marks; not historical full L2"
btc-updown-15m-1789053300,False,False,,,,,,,,,,,,,,,,20,0,2,2,0,0,0,0.01,,,194.22500000000002,1.00837205,0.39168677822044484,,,0.5804421507546508,4,,,,,,,,,10,352,10,212.5,215.5,"LOCAL_RECORDED, fill-conditioned marks; not historical full L2"
btc-updown-15m-1789054200,False,False,,,,,,,,,,,,,,,,136,0,2,2,0,0,0,0.01,,,189.53500000000003,1.0276480000000001,0.3950140065364501,,,0.594111055048555,4,,,,,,,,,68,354,10,184.765,184.765,"LOCAL_RECORDED, fill-conditioned marks; not historical full L2"
btc-updown-15m-1789055100,False,False,,,,,,,,,,,,,,,,456,0,0,0,0,0,0,0.01,,,,1.0230394999999999,0.38592124098955144,,,0.5477067977067978,3,,,,,,,,,228,346,0,130.9,130.9,"LOCAL_RECORDED, fill-conditioned marks; not historical full L2"
btc-updown-15m-1789056000,False,False,,,,,,,,,,,,,,,,16,0,2,2,0,0,0,0.01,,,165.65,0.7638098499999999,0.38571455926293574,,,0.537319381069381,4,,,,,,,,,8,192,10,184.49,184.49,"LOCAL_RECORDED, fill-conditioned marks; not historical full L2"
btc-updown-15m-1789066800,False,False,SUCCESS_PUBLIC_HISTORY,653,20125.876233,10604.074416895906,7.14,1.12359,71.54444420000016,48.0,0.7255555555555555,8,0.4515528761950255,6,,,PUBLIC_HISTORICAL,0,0,0,0,0,0,0,,,,,,,0.7255555555555555,20125.876233,,2,1789066800,weekday,2026-07-27,2026-09-20,2026-09-10,15,12-18,6,,,,,,
btc-updown-15m-1789088400,False,False,SUCCESS_PUBLIC_HISTORY,563,24735.357405,14537.17890701204,12.820513,2.666664,72.61666400000004,22.0,0.6255555555555555,8,0.46351914739307154,6,,,PUBLIC_HISTORICAL,0,0,0,0,0,0,0,,,,,,,0.6255555555555555,24735.357405,,2,1789088400,weekday,2026-07-27,2026-09-20,2026-09-10,21,18-24,6,,,,,,
btc-updown-15m-1789129800,False,False,,,,,,,,,,,,,,,,306,0,0,0,0,0,0,0.01,,,,1.026023,0.3952452728498362,,,0.6713954213954214,3,,,,,,,,,153,214,0,112.89,112.89,"LOCAL_RECORDED, fill-conditioned marks; not historical full L2"
btc-updown-15m-1789130700,False,False,,,,,,,,,,,,,,,,426,0,0,0,0,0,0,0.01,,,,1.028677,0.39152432053316155,,,0.5801938301938302,3,,,,,,,,,213,306,0,290.615,289.615,"LOCAL_RECORDED, fill-conditioned marks; not historical full L2"
btc-updown-15m-1789131600,False,False,,,,,,,,,,,,,,,,228,0,0,0,0,0,0,0.01,,,,1.06545145,0.3930045893842583,,,0.4858722358722359,3,,,,,,,,,114,189,0,442.8,453.37,"LOCAL_RECORDED, fill-conditioned marks; not historical full L2"
btc-updown-15m-1789132500,False,False,,,,,,,,,,,,,,,,174,0,4,1,3,0,0,0.01,,,442.305,0.996279,0.3968305450651755,,,0.8128921332046332,4,,,,,,,,,87,356,5,279.19,279.19,"LOCAL_RECORDED, fill-conditioned marks; not historical full L2"
btc-updown-15m-1789133400,False,False,,,,,,,,,,,,,,,,38,0,2,1,0,0,0,0.01,,,344.20500000000004,1.036763,0.3899833231769291,,,0.6227587165087165,4,,,,,,,,,19,128,5,269.41499999999996,286.0,"LOCAL_RECORDED, fill-conditioned marks; not historical full L2"
btc-updown-15m-1789134300,False,False,,,,,,,,,,,,,,,,300,0,0,0,0,0,0,0.001,,,,1.0759601,0.38888921988357644,,,0.566982566982567,3,,,,,,,,,150,257,0,1000.0,1000.0,"LOCAL_RECORDED, fill-conditioned marks; not historical full L2"
btc-updown-15m-1789135200,False,False,,,,,,,,,,,,,,,,56,0,1,0,0,0,0,0.01,,,,0.73363285,0.3520601891761132,,,0.5121192621192621,3,,,,,,,,,28,310,0,248.64,248.64,"LOCAL_RECORDED, fill-conditioned marks; not historical full L2"
btc-updown-15m-1789136100,False,False,,,,,,,,,,,,,,,,114,0,1,1,0,0,0,0.01,,,265.13,1.3683808,0.32024362309088006,,,0.3229349479349479,4,,,,,,,,,57,262,5,240.0,240.0,"LOCAL_RECORDED, fill-conditioned marks; not historical full L2"
btc-updown-15m-1789137000,False,False,,,,,,,,,,,,,,,,36,0,0,0,0,0,0,0.01,,,,2.12404205,0.2801551013349017,,,0.17318942318942318,3,,,,,,,,,18,40,0,206.5,206.5,"LOCAL_RECORDED, fill-conditioned marks; not historical full L2"
btc-updown-15m-1789138800,False,False,,,,,,,,,,,,,,,,0,0,0,0,0,0,0,,,,,,,,,,0,,,,,,,,,0,0,0,,,"LOCAL_RECORDED, fill-conditioned marks; not historical full L2"
btc-updown-15m-1789139700,False,False,,,,,,,,,,,,,,,,218,0,1,0,0,0,0,0.01,,,,1.0076132,0.3839309083141511,,,0.5556823056823057,3,,,,,,,,,109,302,0,349.5,344.5,"LOCAL_RECORDED, fill-conditioned marks; not historical full L2"
btc-updown-15m-1789140600,False,False,,,,,,,,,,,,,,,,76,0,2,2,1,0,0,0.01,,,110.0,0.9351110499999999,0.38683787225414035,,,0.4890550046800047,4,,,,,,,,,38,347,6,298.0,302.66,"LOCAL_RECORDED, fill-conditioned marks; not historical full L2"
btc-updown-15m-1789141500,False,False,,,,,,,,,,,,,,,,154,0,2,2,0,0,0,0.01,,,243.25,1.0348128,0.39020461942274043,,,0.5691361003861004,4,,,,,,,,,77,350,10,245.24,245.24,"LOCAL_RECORDED, fill-conditioned marks; not historical full L2"
btc-updown-15m-1789142400,False,False,,,,,,,,,,,,,,,,124,0,1,0,0,0,0,0.01,,,,0.8558124,0.3883887735492999,,,0.6085078585078585,3,,,,,,,,,62,348,0,266.54999999999995,266.54999999999995,"LOCAL_RECORDED, fill-conditioned marks; not historical full L2"
btc-updown-15m-1789143300,False,False,,,,,,,,,,,,,,,,214,0,0,0,0,0,0,0.01,,,,1.0335108,0.3599536608624281,,,0.444025194025194,3,,,,,,,,,107,323,0,244.0,242.78,"LOCAL_RECORDED, fill-conditioned marks; not historical full L2"
btc-updown-15m-1789144200,False,False,,,,,,,,,,,,,,,,0,0,0,0,0,0,0,,,,,,0.3822210534155733,,,,1,,,,,,,,,0,343,0,280.0,283.93,"LOCAL_RECORDED, fill-conditioned marks; not historical full L2"
btc-updown-15m-1789145100,False,False,,,,,,,,,,,,,,,,424,0,0,0,0,0,0,0.01,,,,1.0495869999999998,0.39546161635699306,,,0.5899633399633399,3,,,,,,,,,212,355,0,213.21,214.0,"LOCAL_RECORDED, fill-conditioned marks; not historical full L2"
btc-updown-15m-1789146000,False,False,,,,,,,,,,,,,,,,450,0,0,0,0,0,0,0.01,,,,1.0323349,0.39556731324732847,,,0.6663644163644163,3,,,,,,,,,225,356,0,299.81,299.81,"LOCAL_RECORDED, fill-conditioned marks; not historical full L2"
btc-updown-15m-1789146900,False,False,,,,,,,,,,,,,,,,148,0,2,2,1,1,0,0.01,,,155.0,1.0372727,0.35947427055909364,,,0.40107000263250264,4,,,,,,,,,74,322,5,215.91500000000002,213.005,"LOCAL_RECORDED, fill-conditioned marks; not historical full L2"
btc-updown-15m-1789147800,False,False,,,,,,,,,,,,,,,,286,0,0,0,0,0,0,0.01,,,,1.066202,0.3973105189202179,,,0.5998108498108498,3,,,,,,,,,143,356,0,208.0,208.0,"LOCAL_RECORDED, fill-conditioned marks; not historical full L2"
btc-updown-15m-1789148700,False,False,,,,,,,,,,,,,,,,410,0,0,0,0,0,0,0.01,,,,1.089852,0.39516497893831115,,,0.48088023088023085,3,,,,,,,,,205,354,0,218.485,218.485,"LOCAL_RECORDED, fill-conditioned marks; not historical full L2"
btc-updown-15m-1789149600,False,False,,,,,,,,,,,,,,,,388,0,0,0,0,0,0,0.009,,,,1.1120866,0.394265850632856,,,0.5936195936195936,3,,,,,,,,,194,354,0,191.12,191.12,"LOCAL_RECORDED, fill-conditioned marks; not historical full L2"
btc-updown-15m-1789150500,False,False,,,,,,,,,,,,,,,,406,0,0,0,0,0,0,0.01,,,,1.0443318,0.36264437879755473,,,0.41485316485316487,3,,,,,,,,,203,326,0,282.185,272.0,"LOCAL_RECORDED, fill-conditioned marks; not historical full L2"
btc-updown-15m-1789151400,False,False,,,,,,,,,,,,,,,,430,0,0,0,0,0,0,0.01,,,,1.0289761,0.39366705555024,,,0.6190963690963691,3,,,,,,,,,215,354,0,240.0,240.0,"LOCAL_RECORDED, fill-conditioned marks; not historical full L2"
btc-updown-15m-1789152300,False,False,,,,,,,,,,,,,,,,464,0,0,0,0,0,0,0.01,,,,1.0238920500000002,0.3900949378074044,,,0.5836648336648337,3,,,,,,,,,232,350,0,292.13,292.13,"LOCAL_RECORDED, fill-conditioned marks; not historical full L2"
btc-updown-15m-1789153200,False,False,SUCCESS_PUBLIC_HISTORY,630,19112.177132,9877.471932003391,10.0,1.81,65.05000000000001,66.0,0.7,8,0.4448595283907044,6,,,PUBLIC_HISTORICAL,426,0,0,0,0,0,0,0.01,,,,1.060857,0.39288484603591717,0.7,19112.177132,0.4095459454755937,5,1789153200,weekday,2026-07-27,2026-09-20,2026-09-11,15,12-18,6,213,352,0,284.675,284.675,"LOCAL_RECORDED, fill-conditioned marks; not historical full L2"
btc-updown-15m-1789154100,False,False,,,,,,,,,,,,,,,,406,0,0,0,0,0,0,0.01,,,,1.025116,0.360623879221735,,,0.4724367224367224,3,,,,,,,,,203,324,0,265.98,265.98,"LOCAL_RECORDED, fill-conditioned marks; not historical full L2"
btc-updown-15m-1789155000,False,False,,,,,,,,,,,,,,,,488,0,0,0,0,0,0,0.01,,,,1.0216001000000001,0.39572558227352,,,0.7050524550524551,3,,,,,,,,,244,356,0,220.92000000000002,220.92000000000002,"LOCAL_RECORDED, fill-conditioned marks; not historical full L2"
btc-updown-15m-1789155900,False,False,,,,,,,,,,,,,,,,468,0,0,0,0,0,0,0.01,,,,1.02684945,0.3891128325532197,,,0.5616103116103116,3,,,,,,,,,234,350,0,231.615,234.69,"LOCAL_RECORDED, fill-conditioned marks; not historical full L2"
btc-updown-15m-1789156800,False,False,,,,,,,,,,,,,,,,420,0,0,0,0,0,0,0.01,,,,1.0562350500000002,0.3937796671844308,,,0.5212647712647712,3,,,,,,,,,210,354,0,287.97,287.97,"LOCAL_RECORDED, fill-conditioned marks; not historical full L2"
btc-updown-15m-1789157700,False,False,,,,,,,,,,,,,,,,428,0,0,0,0,0,0,0.01,,,,1.0442541,0.36171880496779163,,,0.41427791427791427,3,,,,,,,,,214,325,0,221.22,216.25,"LOCAL_RECORDED, fill-conditioned marks; not historical full L2"
btc-updown-15m-1789158600,False,False,,,,,,,,,,,,,,,,448,0,0,0,0,0,0,0.01,,,,1.0362049,0.39184895409307086,,,0.5604403104403104,3,,,,,,,,,224,352,0,177.25,177.25,"LOCAL_RECORDED, fill-conditioned marks; not historical full L2"
btc-updown-15m-1789159500,False,False,,,,,,,,,,,,,,,,438,0,0,0,0,0,0,0.01,,,,1.0214878,0.39540664988675844,,,0.6906809406809407,3,,,,,,,,,219,354,0,216.845,216.845,"LOCAL_RECORDED, fill-conditioned marks; not historical full L2"
btc-updown-15m-1789160400,False,False,,,,,,,,,,,,,,,,248,0,0,0,0,0,0,0.01,,,,1.0243030499999999,0.39209889668062253,,,0.6023653523653524,3,,,,,,,,,124,352,0,182.58999999999997,184.08499999999998,"LOCAL_RECORDED, fill-conditioned marks; not historical full L2"
btc-updown-15m-1789161300,False,False,,,,,,,,,,,,,,,,430,0,0,0,0,0,0,0.01,,,,1.052452,0.3622163107504864,,,0.37737412737412734,3,,,,,,,,,215,326,0,239.785,239.785,"LOCAL_RECORDED, fill-conditioned marks; not historical full L2"
btc-updown-15m-1789162200,False,False,,,,,,,,,,,,,,,,324,0,0,0,0,0,0,0.01,,,,1.008673,0.39855994508813003,,,0.7936605436605436,3,,,,,,,,,162,358,0,235.075,235.075,"LOCAL_RECORDED, fill-conditioned marks; not historical full L2"
btc-updown-15m-1789163100,False,False,,,,,,,,,,,,,,,,434,0,0,0,0,0,0,0.01,,,,1.075149,0.39688139765126934,,,0.5626828126828127,3,,,,,,,,,217,356,0,290.0,290.0,"LOCAL_RECORDED, fill-conditioned marks; not historical full L2"
btc-updown-15m-1789164000,False,False,,,,,,,,,,,,,,,,448,0,0,0,0,0,0,0.01,,,,1.02567005,0.3933850285911403,,,0.6253363753363753,3,,,,,,,,,224,354,0,237.5,228.18,"LOCAL_RECORDED, fill-conditioned marks; not historical full L2"
btc-updown-15m-1789164900,False,False,,,,,,,,,,,,,,,,338,0,0,0,0,0,0,0.01,,,,1.0294552,0.35730131019332667,,,0.4473206973206973,3,,,,,,,,,169,320,0,218.32,218.32,"LOCAL_RECORDED, fill-conditioned marks; not historical full L2"
btc-updown-15m-1789165800,False,False,,,,,,,,,,,,,,,,452,0,0,0,0,0,0,0.01,,,,1.0509593000000002,0.3925292350853697,,,0.5044752544752544,3,,,,,,,,,226,352,0,187.67000000000002,187.67000000000002,"LOCAL_RECORDED, fill-conditioned marks; not historical full L2"
btc-updown-15m-1789166700,False,False,,,,,,,,,,,,,,,,350,0,0,0,0,0,0,0.01,,,,1.045228,0.3875003626115605,,,0.4753422253422253,3,,,,,,,,,175,348,0,61.0,61.0,"LOCAL_RECORDED, fill-conditioned marks; not historical full L2"
btc-updown-15m-1789167600,False,False,,,,,,,,,,,,,,,,260,0,0,0,0,0,0,0.02,,,,1.14890195,0.3758351593949978,,,0.10518310518310518,3,,,,,,,,,130,338,0,94.7,94.7,"LOCAL_RECORDED, fill-conditioned marks; not historical full L2"
btc-updown-15m-1789168500,False,False,,,,,,,,,,,,,,,,406,0,0,0,0,0,0,0.01,,,,1.0672788,0.3617137543591655,,,0.337009087009087,3,,,,,,,,,203,326,0,154.99,163.47,"LOCAL_RECORDED, fill-conditioned marks; not historical full L2"
btc-updown-15m-1789169400,False,False,,,,,,,,,,,,,,,,382,0,0,0,0,0,0,0.01,,,,1.027089,0.3958083301323316,,,0.6928649428649428,3,,,,,,,,,191,354,0,169.5,169.5,"LOCAL_RECORDED, fill-conditioned marks; not historical full L2"
btc-updown-15m-1789170300,False,False,,,,,,,,,,,,,,,,362,0,0,0,0,0,0,0.01,,,,1.0500429,0.395892996706496,,,0.6057193557193558,3,,,,,,,,,181,306,0,170.5,170.5,"LOCAL_RECORDED, fill-conditioned marks; not historical full L2"
btc-updown-15m-1789174800,False,True,SUCCESS_PUBLIC_HISTORY,617,17405.456982,9460.245090982182,10.571429,3.0060000000000002,62.67272739999995,45.0,0.6855555555555556,8,0.6198790204547981,4,,,PUBLIC_HISTORICAL,0,0,0,0,0,0,0,,,,,,,0.6855555555555556,17405.456982,,2,1789174800,weekday,2026-07-27,2026-09-20,2026-09-11,21,18-24,6,,,,,,
btc-updown-15m-1789191000,True,True,SUCCESS_PUBLIC_HISTORY,617,22837.657271,13250.450967984892,11.928572,2.2124538,93.45217399999997,32.0,0.6855555555555556,8,0.4859012245302537,4,,,PUBLIC_HISTORICAL,0,0,0,0,0,0,0,,,,,,,0.6855555555555556,22837.657271,,2,1789191000,weekend,2026-07-27,2026-09-20,2026-09-12,1,00-06,6,,,,,,
btc-updown-15m-1789201800,True,True,SUCCESS_PUBLIC_HISTORY,389,10728.808776,6033.742017968424,9.661017,3.003,61.428572,57.0,0.43222222222222223,8,0.49864817256257943,6,,,PUBLIC_HISTORICAL,0,0,0,0,0,0,0,,,,,,,0.43222222222222223,10728.808776,,2,1789201800,weekend,2026-07-27,2026-09-20,2026-09-12,4,00-06,6,,,,,,
btc-updown-15m-1789212600,True,True,SUCCESS_PUBLIC_HISTORY,438,16370.881154,10353.081840993395,15.311991500000001,2.8011464,100.0,25.0,0.4866666666666667,8,0.43139309220245986,6,,,PUBLIC_HISTORICAL,0,0,0,0,0,0,0,,,,,,,0.4866666666666667,16370.881154,,2,1789212600,weekend,2026-07-27,2026-09-20,2026-09-12,7,06-12,6,,,,,,
btc-updown-15m-1789234200,True,True,SUCCESS_PUBLIC_HISTORY,526,21071.76565,11372.901385114392,13.916666,2.5358210000000003,90.0,61.0,0.5844444444444444,8,0.5024937810560445,6,,,PUBLIC_HISTORICAL,0,0,0,0,0,0,0,,,,,,,0.5844444444444444,21071.76565,,2,1789234200,weekend,2026-07-27,2026-09-20,2026-09-12,13,12-18,6,,,,,,
btc-updown-15m-1789245000,True,True,SUCCESS_PUBLIC_HISTORY,973,35578.265477,18054.596467983763,13.35,4.5774546,95.78400000000008,31.0,1.0811111111111111,8,0.4018084120572888,6,,,PUBLIC_HISTORICAL,0,0,0,0,0,0,0,,,,,,,1.0811111111111111,35578.265477,,2,1789245000,weekend,2026-07-27,2026-09-20,2026-09-12,16,12-18,6,,,,,,
btc-updown-15m-1789255800,True,True,SUCCESS_PUBLIC_HISTORY,770,28658.286853999998,14112.334784094044,10.133334,3.7113851,100.0,20.0,0.8555555555555555,8,0.7002142529254886,2,,,PUBLIC_HISTORICAL,0,0,0,0,0,0,0,,,,,,,0.8555555555555555,28658.286853999998,,2,1789255800,weekend,2026-07-27,2026-09-20,2026-09-12,19,18-24,6,,,,,,
btc-updown-15m-1789299000,True,True,SUCCESS_PUBLIC_HISTORY,331,11894.7727,7064.789004034658,11.111112,3.225807,92.23077,87.0,0.36777777777777776,8,0.448608961123159,4,,,PUBLIC_HISTORICAL,0,0,0,0,0,0,0,,,,,,,0.36777777777777776,11894.7727,,2,1789299000,weekend,2026-07-27,2026-09-20,2026-09-13,7,06-12,6,,,,,,
btc-updown-15m-1789309800,True,True,SUCCESS_PUBLIC_HISTORY,621,30309.49321,11920.63662589595,10.0,2.788462,75.0,57.0,0.69,8,0.7254653678846427,4,,,PUBLIC_HISTORICAL,0,0,0,0,0,0,0,,,,,,,0.69,30309.49321,,2,1789309800,weekend,2026-07-27,2026-09-20,2026-09-13,10,06-12,6,,,,,,
btc-updown-15m-1789320600,True,True,SUCCESS_PUBLIC_HISTORY,340,12065.245564,6381.303698094476,11.152571,2.1078183000000004,67.933334,42.0,0.37777777777777777,8,0.5259752845904453,6,,,PUBLIC_HISTORICAL,0,0,0,0,0,0,0,,,,,,,0.37777777777777777,12065.245564,,2,1789320600,weekend,2026-07-27,2026-09-20,2026-09-13,13,12-18,6,,,,,,
btc-updown-15m-1789331400,True,True,SUCCESS_PUBLIC_HISTORY,719,20581.771695,10241.687942020062,10.0,2.9234286,64.0,23.0,0.7988888888888889,8,0.9350133688883813,6,,,PUBLIC_HISTORICAL,0,0,0,0,0,0,0,,,,,,,0.7988888888888889,20581.771695,,2,1789331400,weekend,2026-07-27,2026-09-20,2026-09-13,16,12-18,6,,,,,,
btc-updown-15m-1789342200,True,True,SUCCESS_PUBLIC_HISTORY,547,18537.789141,8921.79064013189,10.0,4.244461600000001,84.38634340000007,68.0,0.6077777777777778,8,0.49061186288144315,4,,,PUBLIC_HISTORICAL,0,0,0,0,0,0,0,,,,,,,0.6077777777777778,18537.789141,,2,1789342200,weekend,2026-07-27,2026-09-20,2026-09-13,19,18-24,6,,,,,,
btc-updown-15m-1789353000,True,False,SUCCESS_PUBLIC_HISTORY,1024,40175.430067,19535.68715195249,10.0,3.8778312,80.0,21.0,1.1377777777777778,8,0.7105279727076197,6,,,PUBLIC_HISTORICAL,0,0,0,0,0,0,0,,,,,,,1.1377777777777778,40175.430067,,2,1789353000,weekend,2026-07-27,2026-09-20,2026-09-13,22,18-24,6,,,,,,
btc-updown-15m-1789369200,False,False,SUCCESS_PUBLIC_HISTORY,753,22729.593059,12155.06664599277,11.2,2.272728,62.7822864,61.0,0.8366666666666667,8,0.6730898899849856,6,,,PUBLIC_HISTORICAL,0,0,0,0,0,0,0,,,,,,,0.8366666666666667,22729.593059,,2,1789369200,weekday,2026-07-27,2026-09-20,2026-09-14,3,00-06,7,,,,,,
btc-updown-15m-1789385400,False,False,,,,,,,,,,,,,,,,0,0,0,0,0,0,0,,,,,,0.381534156125615,,,,1,,,,,,,,,0,23,0,0.0,18924.97,"LOCAL_RECORDED, fill-conditioned marks; not historical full L2"
btc-updown-15m-1789386300,False,False,,,,,,,,,,,,,,,,370,0,0,0,0,0,0,0.01,,,,1.107929,0.39173937680599946,,,0.38187863187863186,3,,,,,,,,,185,352,0,216.375,216.35500000000002,"LOCAL_RECORDED, fill-conditioned marks; not historical full L2"
btc-updown-15m-1789387200,False,False,,,,,,,,,,,,,,,,148,0,2,2,0,0,0,0.01,,,257.98,1.040608,0.393617200978646,,,0.6125659953784954,4,,,,,,,,,74,353,10,232.78,231.0,"LOCAL_RECORDED, fill-conditioned marks; not historical full L2"
btc-updown-15m-1789388100,False,False,,,,,,,,,,,,,,,,428,0,0,0,0,0,0,0.01,,,,1.14141,0.3969332396731897,,,0.49049374049374045,3,,,,,,,,,214,356,0,195.825,195.825,"LOCAL_RECORDED, fill-conditioned marks; not historical full L2"
btc-updown-15m-1789389000,False,False,,,,,,,,,,,,,,,,136,0,2,2,0,0,0,0.01,,,84.38499999999999,1.03376465,0.39375690168871536,,,0.48087139493389497,4,,,,,,,,,68,366,10,197.29000000000002,197.29000000000002,"LOCAL_RECORDED, fill-conditioned marks; not historical full L2"
btc-updown-15m-1789390800,False,False,SUCCESS_PUBLIC_HISTORY,1529,63838.468162,33481.928757017566,10.0,2.985075,98.69955600000007,18.0,1.698888888888889,8,1.3225921517988832,6,,,PUBLIC_HISTORICAL,0,0,0,0,0,0,0,,,,,,,1.698888888888889,63838.468162,,2,1789390800,weekday,2026-07-27,2026-09-20,2026-09-14,9,06-12,7,,,,,,
btc-updown-15m-1789392600,False,False,,,,,,,,,,,,,,,,186,0,0,0,0,0,0,0.01,,,,1.046488,0.3881539820280687,,,0.4809387309387309,3,,,,,,,,,93,142,0,324.0,330.85,"LOCAL_RECORDED, fill-conditioned marks; not historical full L2"
btc-updown-15m-1789393500,False,False,,,,,,,,,,,,,,,,112,0,1,0,0,0,0,0.01,,,,1.0505854000000001,0.3789557679306401,,,0.41656916656916654,3,,,,,,,,,56,340,0,222.87,222.87,"LOCAL_RECORDED, fill-conditioned marks; not historical full L2"
btc-updown-15m-1789394400,False,False,,,,,,,,,,,,,,,,60,0,1,0,0,0,0,0.01,,,,1.0946365,0.38682686573888414,,,0.34939159939159936,3,,,,,,,,,30,344,0,291.85,291.85,"LOCAL_RECORDED, fill-conditioned marks; not historical full L2"
btc-updown-15m-1789395300,False,False,,,,,,,,,,,,,,,,68,0,9,2,8,1,0,0.01,,,29.18,1.041179,0.3823879602528309,,,0.35153416403416404,4,,,,,,,,,34,346,10,247.94,246.935,"LOCAL_RECORDED, fill-conditioned marks; not historical full L2"
btc-updown-15m-1789396200,False,False,,,,,,,,,,,,,,,,214,0,2,2,1,0,0,0.01,,,136.0,1.0420558,0.37443832252193776,,,0.40665127383877386,4,,,,,,,,,107,310,7,207.315,207.315,"LOCAL_RECORDED, fill-conditioned marks; not historical full L2"
btc-updown-15m-1789397100,False,False,,,,,,,,,,,,,,,,398,0,0,0,0,0,0,0.01,,,,1.044666,0.3880771160942947,,,0.4855017355017355,3,,,,,,,,,199,342,0,221.115,224.75,"LOCAL_RECORDED, fill-conditioned marks; not historical full L2"
btc-updown-15m-1789398000,False,False,,,,,,,,,,,,,,,,104,0,0,0,0,0,0,0.01,,,,1.034141,0.392713794530199,,,0.5838793338793339,3,,,,,,,,,52,100,0,225.55,225.55,"LOCAL_RECORDED, fill-conditioned marks; not historical full L2"
btc-updown-15m-1789434000,False,False,SUCCESS_PUBLIC_HISTORY,637,37236.527127,13307.69043397966,13.936709,3.3787882000000002,84.06399999999996,27.0,0.7077777777777777,8,0.6045246066125016,4,,,PUBLIC_HISTORICAL,0,0,0,0,0,0,0,,,,,,,0.7077777777777777,37236.527127,,2,1789434000,weekday,2026-07-27,2026-09-20,2026-09-14,21,18-24,7,,,,,,
btc-updown-15m-1789455600,False,False,SUCCESS_PUBLIC_HISTORY,887,28525.924044,14066.229324024958,13.01,2.4157962000000004,79.21399999999997,15.0,0.9855555555555555,8,0.7317786550590281,6,,,PUBLIC_HISTORICAL,0,0,0,0,0,0,0,,,,,,,0.9855555555555555,28525.924044,,2,1789455600,weekday,2026-07-27,2026-09-20,2026-09-15,3,00-06,7,,,,,,
btc-updown-15m-1789498800,False,False,SUCCESS_PUBLIC_HISTORY,1002,27935.875608,15480.32210602526,10.6125,2.272728,75.0,12.0,1.1133333333333333,8,0.7930321557162735,6,,,PUBLIC_HISTORICAL,0,0,0,0,0,0,0,,,,,,,1.1133333333333333,27935.875608,,2,1789498800,weekday,2026-07-27,2026-09-20,2026-09-15,15,12-18,7,,,,,,
btc-updown-15m-1789563600,False,False,SUCCESS_PUBLIC_HISTORY,524,20068.825476,10422.901848928896,10.929783,3.380331000000001,79.49899999999998,32.0,0.5822222222222222,8,0.6374166612193315,4,,,PUBLIC_HISTORICAL,0,0,0,0,0,0,0,,,,,,,0.5822222222222222,20068.825476,,2,1789563600,weekday,2026-07-27,2026-09-20,2026-09-16,9,06-12,7,,,,,,
btc-updown-15m-1789585200,False,False,SUCCESS_PUBLIC_HISTORY,719,22183.882309,12633.438617000025,11.049111,3.7994931999999997,68.0,41.0,0.7988888888888889,8,0.5131276644266999,4,,,PUBLIC_HISTORICAL,0,0,0,0,0,0,0,,,,,,,0.7988888888888889,22183.882309,,2,1789585200,weekday,2026-07-27,2026-09-20,2026-09-16,15,12-18,7,,,,,,
btc-updown-15m-1789606800,False,False,SUCCESS_PUBLIC_HISTORY,638,23593.32989,10704.751678012208,13.275,4.1436669,60.980218,39.0,0.7088888888888889,8,0.5175422688051672,4,,,PUBLIC_HISTORICAL,0,0,0,0,0,0,0,,,,,,,0.7088888888888889,23593.32989,,2,1789606800,weekday,2026-07-27,2026-09-20,2026-09-16,21,18-24,7,,,,,,
btc-updown-15m-1789628400,False,False,SUCCESS_PUBLIC_HISTORY,434,10238.035703,6094.281549991025,12.084415,2.941177,45.69999999999999,52.0,0.4822222222222222,8,0.5766281297335398,4,,,PUBLIC_HISTORICAL,0,0,0,0,0,0,0,,,,,,,0.4822222222222222,10238.035703,,2,1789628400,weekday,2026-07-27,2026-09-20,2026-09-17,3,00-06,7,,,,,,
btc-updown-15m-1789671600,False,False,SUCCESS_PUBLIC_HISTORY,631,16684.348181,9097.826456026989,10.0,2.941177,60.5,30.0,0.7011111111111111,8,0.5502726596879042,4,,,PUBLIC_HISTORICAL,0,0,0,0,0,0,0,,,,,,,0.7011111111111111,16684.348181,,2,1789671600,weekday,2026-07-27,2026-09-20,2026-09-17,15,12-18,7,,,,,,
btc-updown-15m-1789714800,False,False,SUCCESS_PUBLIC_HISTORY,1132,31203.322552999998,16174.417095989573,7.0,1.587302,60.177714800000004,29.0,1.2577777777777779,8,0.5584353140695886,4,,,PUBLIC_HISTORICAL,0,0,0,0,0,0,0,,,,,,,1.2577777777777779,31203.322552999998,,2,1789714800,weekday,2026-07-27,2026-09-20,2026-09-18,3,00-06,7,,,,,,
btc-updown-15m-1789735500,False,False,,,,,,,,,,,,,,,,166,0,2,2,0,0,0,0.01,,,237.375,1.0470919,0.3936725731672365,,,0.5486236033111033,4,,,,,,,,,83,276,10,231.5,231.5,"LOCAL_RECORDED, fill-conditioned marks; not historical full L2"
btc-updown-15m-1789736400,False,False,SUCCESS_PUBLIC_HISTORY,1040,24767.971377,13209.834315988315,8.0,2.173914,50.0,33.0,1.1555555555555554,8,0.687749954561976,5,,,PUBLIC_HISTORICAL,432,0,0,0,0,0,0,0.01,,,,1.0055144999999999,0.39296902419315705,1.1555555555555554,24767.971377,0.6671786744651066,5,1789736400,weekday,2026-07-27,2026-09-20,2026-09-18,9,06-12,7,216,352,0,277.51,270.75,"LOCAL_RECORDED, fill-conditioned marks; not historical full L2"
btc-updown-15m-1789737300,False,False,,,,,,,,,,,,,,,,78,0,2,2,0,0,0,0.01,,,242.535,1.0057501,0.39410460047760887,,,0.652949317011817,4,,,,,,,,,39,353,10,245.24,246.0,"LOCAL_RECORDED, fill-conditioned marks; not historical full L2"
btc-updown-15m-1789738200,False,False,,,,,,,,,,,,,,,,48,0,2,2,0,0,0,0.01,,,152.655,1.06829645,0.3948692890479797,,,0.46157094594594594,4,,,,,,,,,24,354,10,284.98,291.645,"LOCAL_RECORDED, fill-conditioned marks; not historical full L2"
btc-updown-15m-1789739100,False,False,,,,,,,,,,,,,,,,326,0,0,0,0,0,0,0.008,,,,1.031857,0.35426598623949773,,,0.6036523536523536,3,,,,,,,,,163,318,0,485.0,485.0,"LOCAL_RECORDED, fill-conditioned marks; not historical full L2"
btc-updown-15m-1789740000,False,False,,,,,,,,,,,,,,,,98,0,2,2,0,0,0,0.01,,,125.87,1.003487,0.3735232526843706,,,0.45863771645021645,4,,,,,,,,,49,336,10,241.845,241.845,"LOCAL_RECORDED, fill-conditioned marks; not historical full L2"
btc-updown-15m-1789740900,False,False,,,,,,,,,,,,,,,,2,0,0,0,0,0,0,0.01,,,,31.8620168,0.23443478569014511,,,0.16730041730041728,3,,,,,,,,,1,20,0,233.65,233.65,"LOCAL_RECORDED, fill-conditioned marks; not historical full L2"
btc-updown-15m-1789741800,False,False,,,,,,,,,,,,,,,,0,0,0,0,0,0,0,,,,,,,,,,0,,,,,,,,,0,0,0,,,"LOCAL_RECORDED, fill-conditioned marks; not historical full L2"
btc-updown-15m-1789742700,False,False,,,,,,,,,,,,,,,,350,0,0,0,0,0,0,0.01,,,,1.0491568,0.37761230535977575,,,0.4226921726921727,3,,,,,,,,,175,246,0,234.0,234.0,"LOCAL_RECORDED, fill-conditioned marks; not historical full L2"
btc-updown-15m-1789743600,False,False,,,,,,,,,,,,,,,,0,0,0,0,0,0,0,,,,,,0.09537188066825242,,,,1,,,,,,,,,0,86,0,303.025,321.155,"LOCAL_RECORDED, fill-conditioned marks; not historical full L2"
btc-updown-15m-1789744500,False,False,,,,,,,,,,,,,,,,408,0,0,0,0,0,0,0.01,,,,1.0166195,0.39850984465883094,,,0.7832670332670333,3,,,,,,,,,204,358,0,330.0,330.0,"LOCAL_RECORDED, fill-conditioned marks; not historical full L2"
btc-updown-15m-1789745400,False,False,,,,,,,,,,,,,,,,152,0,2,2,0,0,0,0.01,,,328.21500000000003,1.0737884,0.3717229449363408,,,0.4629749473499473,4,,,,,,,,,76,334,10,326.89,322.5,"LOCAL_RECORDED, fill-conditioned marks; not historical full L2"
btc-updown-15m-1789746300,False,False,,,,,,,,,,,,,,,,28,0,2,2,0,0,0,0.01,,,362.63,1.0213335,0.3456161038414871,,,0.5747036606411606,4,,,,,,,,,14,238,5,316.22,316.22,"LOCAL_RECORDED, fill-conditioned marks; not historical full L2"
btc-updown-15m-1789747200,False,False,,,,,,,,,,,,,,,,0,0,0,0,0,0,0,,,,,,0.39609785731753283,,,,1,,,,,,,,,0,50,0,2.7,2.7,"LOCAL_RECORDED, fill-conditioned marks; not historical full L2"
btc-updown-15m-1789748100,False,False,,,,,,,,,,,,,,,,56,0,2,2,0,0,0,0.01,,,590.335,0.9208361,0.32486150856333607,,,0.6218775593775594,4,,,,,,,,,28,233,5,286.21,286.0,"LOCAL_RECORDED, fill-conditioned marks; not historical full L2"
btc-updown-15m-1789750800,False,False,,,,,,,,,,,,,,,,0,0,0,0,0,0,0,,,,,,0.3960088924101413,,,,1,,,,,,,,,0,40,0,121.24,121.24,"LOCAL_RECORDED, fill-conditioned marks; not historical full L2"
btc-updown-15m-1789751700,False,False,,,,,,,,,,,,,,,,62,0,2,2,0,0,0,0.01,,,336.35,0.989082,0.3938112897198025,,,0.7178331943956944,4,,,,,,,,,31,354,10,297.125,297.125,"LOCAL_RECORDED, fill-conditioned marks; not historical full L2"
btc-updown-15m-1789752600,False,False,,,,,,,,,,,,,,,,232,0,2,2,1,0,0,0.01,,,400.445,1.009082,0.39567219492123307,,,0.7722172253422254,4,,,,,,,,,116,354,5,290.91499999999996,290.91499999999996,"LOCAL_RECORDED, fill-conditioned marks; not historical full L2"
btc-updown-15m-1789753500,False,False,,,,,,,,,,,,,,,,64,0,2,2,0,0,0,0.01,,,241.63,0.9875164,0.3965279233148506,,,0.707088378963379,4,,,,,,,,,32,356,10,293.34000000000003,293.34000000000003,"LOCAL_RECORDED, fill-conditioned marks; not historical full L2"
btc-updown-15m-1789754400,False,False,,,,,,,,,,,,,,,,52,0,2,2,0,0,0,0.01,,,253.535,1.0202707,0.397567097520258,,,0.7308622542997543,4,,,,,,,,,26,370,10,301.0,301.0,"LOCAL_RECORDED, fill-conditioned marks; not historical full L2"
btc-updown-15m-1789779600,False,True,SUCCESS_PUBLIC_HISTORY,622,23242.754697,11845.917401015264,10.0,3.7126303000000007,80.0,80.0,0.6911111111111111,32,0.4227345502794868,11,,,PUBLIC_HISTORICAL,0,0,0,0,0,0,0,,,,,,,0.6911111111111111,23242.754697,,2,1789779600,weekday,2026-07-27,2026-09-20,2026-09-18,21,18-24,7,,,,,,
btc-updown-15m-1789795800,True,True,SUCCESS_PUBLIC_HISTORY,638,17811.922056,9550.406635979087,10.0,4.1325476000000005,63.0,54.0,0.7088888888888889,32,0.9258509599282166,19,,,PUBLIC_HISTORICAL,0,0,0,0,0,0,0,,,,,,,0.7088888888888889,17811.922056,,2,1789795800,weekend,2026-07-27,2026-09-20,2026-09-19,1,00-06,7,,,,,,
btc-updown-15m-1789806600,True,True,SUCCESS_PUBLIC_HISTORY,513,14056.622818,8852.1034440102,9.090908,2.8042646,62.4,29.0,0.57,32,0.34646861329707773,14,,,PUBLIC_HISTORICAL,0,0,0,0,0,0,0,,,,,,,0.57,14056.622818,,2,1789806600,weekend,2026-07-27,2026-09-20,2026-09-19,4,00-06,7,,,,,,
btc-updown-15m-1789817400,True,True,SUCCESS_PUBLIC_HISTORY,1090,37090.089791,18803.562536912465,10.0,4.68975,85.3640006,27.0,1.211111111111111,32,0.8629310517069135,24,,,PUBLIC_HISTORICAL,0,0,0,0,0,0,0,,,,,,,1.211111111111111,37090.089791,,2,1789817400,weekend,2026-07-27,2026-09-20,2026-09-19,7,06-12,7,,,,,,
btc-updown-15m-1789839000,True,True,SUCCESS_PUBLIC_HISTORY,0,0,0,,,,900,0.0,30,0.7071067811865476,2,,,PUBLIC_HISTORICAL,0,0,0,0,0,0,0,,,,,,,0.0,0.0,,2,1789839000,weekend,2026-07-27,2026-09-20,2026-09-19,13,12-18,7,,,,,,
btc-updown-15m-1789849800,True,True,SUCCESS_PUBLIC_HISTORY,952,19241.841973,10357.225922008478,10.0,2.08,45.61661749999999,42.0,1.0577777777777777,32,1.0463508015957173,16,,,PUBLIC_HISTORICAL,0,0,0,0,0,0,0,,,,,,,1.0577777777777777,19241.841973,,2,1789849800,weekend,2026-07-27,2026-09-20,2026-09-19,16,12-18,7,,,,,,
btc-updown-15m-1789860600,True,True,SUCCESS_PUBLIC_HISTORY,2041,93359.144162,51596.90694691554,11.111112,5.0,98.2,30.0,2.267777777777778,32,0.6989277502002621,16,,,PUBLIC_HISTORICAL,0,0,0,0,0,0,0,,,,,,,2.267777777777778,93359.144162,,2,1789860600,weekend,2026-07-27,2026-09-20,2026-09-19,19,18-24,7,,,,,,
btc-updown-15m-1789871400,True,True,SUCCESS_PUBLIC_HISTORY,759,26734.694401,14632.265545953327,8.457143,2.531646,80.0,83.0,0.8433333333333334,32,0.4181991152549226,18,,,PUBLIC_HISTORICAL,0,0,0,0,0,0,0,,,,,,,0.8433333333333334,26734.694401,,2,1789871400,weekend,2026-07-27,2026-09-20,2026-09-19,22,18-24,7,,,,,,
btc-updown-15m-1789882200,True,True,SUCCESS_PUBLIC_HISTORY,726,21362.021674,11957.089576878681,7.365,2.52907,52.6025635,24.0,0.8066666666666666,32,0.7171122645722914,22,,,PUBLIC_HISTORICAL,0,0,0,0,0,0,0,,,,,,,0.8066666666666666,21362.021674,,2,1789882200,weekend,2026-07-27,2026-09-20,2026-09-20,1,00-06,7,,,,,,
btc-updown-15m-1789893000,True,True,SUCCESS_PUBLIC_HISTORY,465,11421.810934,6643.942637970314,9.0,2.1311572000000005,60.0210528,67.0,0.5166666666666667,32,0.41580103414974806,16,,,PUBLIC_HISTORICAL,0,0,0,0,0,0,0,,,,,,,0.5166666666666667,11421.810934,,2,1789893000,weekend,2026-07-27,2026-09-20,2026-09-20,4,00-06,7,,,,,,
btc-updown-15m-1789903800,True,True,SUCCESS_PUBLIC_HISTORY,638,24409.863727,13853.755235035735,10.0,3.8289,90.42700000000002,42.0,0.7088888888888889,32,0.4992639582425313,10,,,PUBLIC_HISTORICAL,0,0,0,0,0,0,0,,,,,,,0.7088888888888889,24409.863727,,2,1789903800,weekend,2026-07-27,2026-09-20,2026-09-20,7,06-12,7,,,,,,
btc-updown-15m-1789914600,True,True,SUCCESS_PUBLIC_HISTORY,443,11701.802222,6377.975780003931,7.0,2.2727256,52.926315800000005,57.0,0.4922222222222222,32,0.4881203744979306,14,,,PUBLIC_HISTORICAL,0,0,0,0,0,0,0,,,,,,,0.4922222222222222,11701.802222,,2,1789914600,weekend,2026-07-27,2026-09-20,2026-09-20,10,06-12,7,,,,,,
btc-updown-15m-1789925400,True,True,SUCCESS_PUBLIC_HISTORY,540,26653.085945,11246.44266412027,10.5,3.0,90.0,34.0,0.6,32,0.2434430118117996,11,,,PUBLIC_HISTORICAL,0,0,0,0,0,0,0,,,,,,,0.6,26653.085945,,2,1789925400,weekend,2026-07-27,2026-09-20,2026-09-20,13,12-18,7,,,,,,
btc-updown-15m-1789947000,True,True,SUCCESS_PUBLIC_HISTORY,571,20213.72244,9693.316284019811,13.0,4.0,85.0,44.0,0.6344444444444445,32,0.8114493206602617,22,,,PUBLIC_HISTORICAL,0,0,0,0,0,0,0,,,,,,,0.6344444444444445,20213.72244,,2,1789947000,weekend,2026-07-27,2026-09-20,2026-09-20,19,18-24,7,,,,,,
