market_slug,timestamp,observed_ts,time_left_sec,p_up_ex_market,p_down_ex_market,market_mid_up,market_mid_down,residual_up,residual_down,best_bid_up,best_ask_up,spread_up,btc_spot,strike,spot_minus_strike_bps,btc_return_1s_bps,btc_return_5s_bps,btc_return_10s_bps,btc_return_30s_bps,btc_return_60s_bps,btc_realized_vol_60s_bps,btc_realized_vol_60s_sample_count,required_move_sigma,required_move_bps,settlement_state_side,p_ex_sigma_age_sec,market_quote_source_age_sec,current_quote_age_sec,mid_change_5s,actual_horizon_5s,future_quote_age_5s,best_bid_up_change_5s,best_ask_up_change_5s,mid_change_10s,actual_horizon_10s,future_quote_age_10s,best_bid_up_change_10s,best_ask_up_change_10s,mid_change_30s,actual_horizon_30s,future_quote_age_30s,best_bid_up_change_30s,best_ask_up_change_30s,mid_change_60s,actual_horizon_60s,future_quote_age_60s,best_bid_up_change_60s,best_ask_up_change_60s
btc-updown-15m-1790920800,1790920827.2953222,1790920827.2953222,872.7046778202057,0.45250677546909124,0.5474932245309088,0.485,0.515,-0.03249322453090875,0.03249322453090875,0.48,0.49,0.010000000000000009,85961.648783168,85972.14615511487,-1.2210201113194152,0.0,-0.54883714548426,-0.54883714548426,-0.7813770864195657,-1.7579267439848945,0.382606374684262,53,0.11610854549872887,1.2211692185369558,UP,1.2953221797943115,0.00032210350036621094,26.0,,,,,,,,,,,,,,,,,,,,
btc-updown-15m-1790920800,1790920840.3424551,1790920840.3424551,859.6575448513031,0.369902203733247,0.630097796266753,0.445,0.5549999999999999,-0.075097796266753,0.07509779626675306,0.44,0.45,0.010000000000000009,85943.0828410704,85972.14615511487,-3.380550020471995,-1.4399032310596915,-1.4410661516817136,-3.4501889580229594,-6.217223849123155,-5.305119969771788,0.5026867478901578,53,0.32396154010680034,3.381693218780021,DOWN,1.3424551486968994,0.022455215454101562,39.0,,,,,,,,,,,,,,,,0.21000000000000002,59.938671827316284,0.12612700462341309,0.21000000000000002,0.21000000000000002
btc-updown-15m-1790920800,1790920853.1700108,1790920853.1700108,846.82998919487,0.41549923195602523,0.5845007680439748,0.515,0.485,-0.09950076804397479,0.09950076804397479,0.51,0.52,0.010000000000000009,85953.63064364262,85972.14615511487,-2.1536639830810334,-0.0011628543838959615,1.5433461022840156,4.071647975087966,-0.5488372093020999,-0.7837025223367267,0.5860289266727106,56,0.2079195664002062,2.1541279098503416,DOWN,1.1700108051300049,0.4990108013153076,52.0,,,,,,,,,,,,,,,,0.17999999999999994,59.161028146743774,0.42903876304626465,0.17999999999999994,0.17999999999999994
btc-updown-15m-1790920800,1790920889.363216,1790920889.363216,810.6367840766907,0.758297035944618,0.24170296405538205,0.645,0.355,0.11329703594461793,-0.11329703594461793,0.64,0.65,0.010000000000000009,86037.62744444596,85972.14615511487,7.616570279977974,-0.5019268413752886,0.5682141030738386,1.8571025806290997,7.989972474073959,7.988808690706506,0.6322873569643103,54,0.6838284009386877,-7.610773480866743,DOWN,1.3632159233093262,0.1792159080505371,88.0,,,,,,0.010000000000000009,10.917911052703857,0.12612700462341309,0.010000000000000009,0.010000000000000009,,,,,,0.010000000000000009,58.69331908226013,0.46753501892089844,0.010000000000000009,0.010000000000000009
btc-updown-15m-1790920800,1790920890.804509,1790920890.804509,809.1954910755157,0.745791941460814,0.25420805853918604,0.635,0.365,0.11079194146081395,-0.11079194146081395,0.63,0.64,0.010000000000000009,86034.28351832308,85972.14615511487,7.227615685678757,0.0011619260087414318,0.5705381534304443,1.6269608800745239,6.9764188902343705,7.991135328457855,0.6322763619449301,54,0.6452740215169918,-7.222395615693922,UP,0.8045089244842529,1.172508955001831,90.0,,,,,,0.020000000000000018,9.47661805152893,0.12612700462341309,0.020000000000000018,0.020000000000000018,,,,,,,,,,
btc-updown-15m-1790920800,1790920890.804509,1790920890.804509,809.1954910755157,0.745791941460814,0.25420805853918604,0.635,0.365,0.11079194146081395,-0.11079194146081395,0.63,0.64,0.010000000000000009,86034.28351832308,85972.14615511487,7.227615685678757,0.0011619260087414318,0.5705381534304443,1.6269608800745239,6.9764188902343705,7.991135328457855,0.6322763619449301,54,0.6452740215169918,-7.222395615693922,UP,0.8045089244842529,1.172508955001831,90.0,,,,,,0.020000000000000018,9.47661805152893,0.12612700462341309,0.020000000000000018,0.020000000000000018,,,,,,,,,,
btc-updown-15m-1790920800,1790920900.281127,1790920900.281127,799.7188730239868,0.7201037108527929,0.2798962891472071,0.655,0.345,0.06510371085279287,-0.06510371085279287,0.65,0.66,0.010000000000000009,86028.2790888674,85972.14615511487,6.529200009879332,0.0011619260087414318,0.0011619260087414318,0.0,5.218607211978643,11.445273121974964,0.5041484721520061,56,0.5689327418095669,-6.524939746214506,UP,1.2811269760131836,0.12612700462341309,99.0,,,,,,,,,,,,,,,,,,,,
btc-updown-15m-1790920800,1790920903.0054982,1790920903.0054982,796.9945018291473,0.7194947109359704,0.2805052890640296,0.66,0.33999999999999997,0.05949471093597036,-0.05949471093597036,0.65,0.67,0.020000000000000018,86028.10848863614,85972.14615511487,6.50935634668226,0.0,-0.5681817521629995,-0.5681817521629995,4.650128948076038,11.498333881647671,0.4917008328490594,56,0.5671195609593681,-6.505121931009284,UP,2.005498170852661,0.49049806594848633,101.0,,,,,,0.03499999999999992,9.325540781021118,0.42903876304626465,0.039999999999999925,0.029999999999999916,,,,,,,,,,
btc-updown-15m-1790920800,1790920912.331039,1790920912.331039,787.6689610481262,0.7573988198937632,0.24260118010623677,0.695,0.30500000000000005,0.06239881989376328,-0.06239881989376328,0.69,0.7,0.010000000000000009,86038.03908723989,85972.14615511487,7.664451228905911,0.0011616113937407135,3.277979518960805,3.2768171461672324,3.277979518960805,10.70174889810982,0.5099825032536954,56,0.6805133174924376,-7.658581346583759,UP,1.3310389518737793,0.42903876304626465,111.0,,,,,,,,,,,,,,,,,,,,
btc-updown-15m-1790920800,1790920944.234741,1790920944.234741,755.7652590274811,0.7512053797075617,0.24879462029243826,0.705,0.29500000000000004,0.04620537970756178,-0.04620537970756178,0.7,0.71,0.010000000000000009,86041.5306045479,85972.14615511487,8.070573149103755,0.001161807079430588,0.001161807079430588,1.5919288972532364,-1.683174906962348,1.5930910742634197,0.551653728273791,58,0.6606320193626573,-8.064064986468123,UP,1.234740972518921,1.0067410469055176,143.0,-0.04999999999999993,3.821794033050537,0.46753501892089844,-0.04999999999999993,-0.04999999999999993,,,,,,-0.010000000000000009,29.938594102859497,0.7373349666595459,-0.010000000000000009,-0.010000000000000009,-0.06999999999999995,59.61386799812317,0.22560882568359375,-0.06999999999999995,-0.06999999999999995
btc-updown-15m-1790920800,1790920944.234741,1790920944.234741,755.7652590274811,0.7512053797075617,0.24879462029243826,0.705,0.29500000000000004,0.04620537970756178,-0.04620537970756178,0.7,0.71,0.010000000000000009,86041.5306045479,85972.14615511487,8.070573149103755,0.001161807079430588,0.001161807079430588,1.5919288972532364,-1.683174906962348,1.5930910742634197,0.551653728273791,58,0.6606320193626573,-8.064064986468123,UP,1.234740972518921,1.0067410469055176,143.0,-0.04999999999999993,3.821794033050537,0.46753501892089844,-0.04999999999999993,-0.04999999999999993,,,,,,-0.010000000000000009,29.938594102859497,0.7373349666595459,-0.010000000000000009,-0.010000000000000009,-0.06999999999999995,59.61386799812317,0.22560882568359375,-0.06999999999999995,-0.06999999999999995
btc-updown-15m-1790920800,1790920948.056535,1790920948.056535,751.9434649944305,0.7222296993768069,0.2777703006231931,0.655,0.345,0.0672296993768069,-0.0672296993768069,0.65,0.66,0.010000000000000009,86032.90302593251,85972.14615511487,7.0670413075446525,-0.0011619528750284047,-1.2559134528078442,-1.2570751138407665,-4.25326213126187,-0.7343003790483138,0.5094544856787288,60,0.5741613001011433,-7.062050527264758,UP,1.056535005569458,0.46753501892089844,147.0,,,,,,,,,,,,,,,,,,,,
btc-updown-15m-1790920800,1790920974.173335,1790920974.173335,725.8266649246216,0.7132624183360698,0.28673758166393015,0.695,0.30500000000000005,0.018262418336069897,-0.018262418336069897,0.69,0.7,0.010000000000000009,86024.32578687531,85972.14615511487,6.069364799419219,0.0,0.5520045201623525,0.032537523608766605,-2.0970615346405097,-3.779883469468004,0.4109523630125081,60,0.5477540297755621,-6.065683314940527,UP,1.173335075378418,0.7373349666595459,173.0,,,,,,,,,,,-0.05999999999999994,29.675273895263672,0.22560882568359375,-0.05999999999999994,-0.05999999999999994,,,,,
btc-updown-15m-1790920800,1790920996.288827,1790920996.288827,703.7111730575562,0.6010134109272522,0.39898658907274775,0.575,0.42500000000000004,0.02601341092725229,-0.02601341092725229,0.57,0.58,0.010000000000000009,85996.65470536175,85972.14615511487,2.8507547319645,0.0,-0.0011624142659538705,-0.0011624142659538705,-3.0980367092947603,-3.6347106500733695,0.37965777747324064,58,0.2491790864342497,-2.849942283319815,UP,1.2888269424438477,1.1058268547058105,195.0,,,,,,,,,,,,,,,,,,,,
btc-updown-15m-1790920800,1790921003.848609,1790921003.848609,696.1513910293579,0.6018473079100276,0.3981526920899724,0.635,0.365,-0.0331526920899724,0.0331526920899724,0.63,0.64,0.010000000000000009,85995.45251920272,85972.14615511487,2.710920353878876,,1.6553618087322697,1.1496278414058203,-1.9801342795999766,-4.075619234460426,0.3420389447858177,56,0.25116652098095826,-2.710185644136158,UP,1.8486089706420898,0.22560882568359375,203.0,,,,,,,,,,,,,,,,,,,,
btc-updown-15m-1790920800,1790921020.874272,1790921020.874272,679.125727891922,0.7427579971032405,0.25724200289675947,0.665,0.33499999999999996,0.0777579971032405,-0.0777579971032405,0.66,0.67,0.010000000000000009,86033.58460515732,85972.14615511487,7.146320382835913,-0.9330038191579515,-0.9341656082739735,1.716577583612544,3.5139787306071035,-0.45780943298767696,0.5048394548311806,56,0.6329046402854076,-7.141217040347108,UP,0.8742721080780029,0.39527201652526855,220.0,,,,,,,,,,,,,,,,,,,,
btc-updown-15m-1790920800,1790921042.3819032,1790921042.3819032,657.6180968284607,0.6704152828209083,0.32958471717909166,0.685,0.31499999999999995,-0.01458471717909171,0.01458471717909171,0.68,0.69,0.009999999999999898,86010.09302191563,85972.14615511487,4.413855940306188,-0.0011622505213804146,-0.0011622505213804146,-0.0011622505213804146,-3.038362021937635,-1.6884650644022337,0.5330750177411401,54,0.4279722214640388,-4.411908587413366,UP,1.3819031715393066,0.7829031944274902,241.0,,,,,,,,,,,,,,,,,,,,
btc-updown-15m-1790920800,1790921228.8963342,1790921228.8963342,471.10366582870483,0.4164119981547393,0.5835880018452607,0.495,0.505,-0.07858800184526071,0.07858800184526071,0.49,0.5,0.010000000000000009,85958.71175985287,85972.14615511487,-1.562645096443438,0.0,-0.5175129282286584,-0.9768334640813947,-4.621992827540389,-7.934735291512673,0.3728388894361868,54,0.20165124452208008,1.5628893205762415,UP,1.896334171295166,0.8063342571258545,428.0,,,,,,,,,,,,,,,,,,,,
btc-updown-15m-1790920800,1790921243.951722,1790921243.951722,456.048278093338,0.23975139460375172,0.7602486053962483,0.415,0.585,-0.17524860539624826,0.1752486053962483,0.41,0.42,0.010000000000000009,85928.01918896157,85972.14615511487,-5.132704966290813,-0.26291221814633836,-1.9145222795835526,-2.994752263625333,-3.9701307549888654,-10.265401239704097,0.40971045179339755,54,0.6754385543498853,5.135340785205626,UP,0.9517219066619873,1.3027219772338867,443.0,,,,,,,,,,,,,,,,,,,,
btc-updown-15m-1790920800,1790921246.9432802,1790921246.9432802,453.05671977996826,0.2253156991101195,0.7746843008898805,0.355,0.645,-0.12968430088988048,0.12968430088988048,0.35,0.36,0.010000000000000009,85925.23861450377,85972.14615511487,-5.456132329936247,0.0011635321128800058,-1.749645911918174,-4.236951051409532,-5.45747553206577,-11.750647790631508,0.44463438583499654,54,0.720389901370492,5.4591108930799646,DOWN,0.9432802200317383,0.8082802295684814,446.0,,,,,,,,,,,,,,,,,,,,
btc-updown-15m-1790920800,1790921265.353317,1790921265.353317,434.6466829776764,0.1404254393074601,0.8595745606925399,0.285,0.7150000000000001,-0.14457456069253988,0.14457456069253982,0.28,0.29,0.009999999999999953,85906.5974001323,85972.14615511487,-7.624417664797711,-0.4968929065440886,-1.7999839665294726,-1.7988206438512844,-6.036172373543591,-7.255315108487537,0.3103882001237396,56,1.0279967283418925,7.630235274859347,DOWN,1.3533170223236084,0.2913169860839844,464.0,,,,,,,,,,,,,,,,,,,,
btc-updown-15m-1790920800,1790921315.977352,1790921315.977352,384.0226480960846,0.03257665649454833,0.9674233435054517,0.135,0.865,-0.10242334350545168,0.10242334350545168,0.13,0.14,0.010000000000000009,85867.4948001319,85972.14615511487,-12.172704726266526,0.0,-0.13154829667572088,-0.13038416763588856,-3.461012174987843,-5.3894807388887855,0.364790598204725,58,1.7468661613754248,12.187540259158466,DOWN,1.9773519039154053,0.5193519592285156,515.0,,,,,,,,,,,,,,,,,,,,
btc-updown-15m-1790920800,1790921317.312279,1790921317.312279,382.6877210140228,0.03131604980611763,0.9686839501938824,0.135,0.865,-0.10368395019388238,0.10368395019388243,0.13,0.14,0.010000000000000009,85866.70211300402,85972.14615511487,-12.264907510928236,0.0,-0.13038416763588856,-0.13038416763588856,-3.4598488210146883,-5.390643643782278,0.3647854530870226,58,1.7631813632545594,12.279968779058985,DOWN,2.312278985977173,0.07727885246276855,516.0,,,,,,,,,,,,,,,,,,,,
btc-updown-15m-1790920800,1790921318.069591,1790921318.069591,381.93040895462036,0.03093404617787482,0.9690659538221251,0.135,0.865,-0.10406595382212519,0.10406595382212513,0.13,0.14,0.010000000000000009,85866.51065253296,85972.14615511487,-12.287177569269003,-0.36321777420300627,-0.36321777420300627,-0.4947612928096756,-3.824104239076309,-5.75250275757111,0.3662556370380388,58,1.768137181851879,12.302293615886033,DOWN,2.0695910453796387,0.8345909118652344,517.0,,,,,,,,,,,,,,,,,,,,
btc-updown-15m-1790920800,1790921560.7763588,1790921560.7763588,139.22364115715027,0.3733461524657401,0.6266538475342599,0.255,0.745,0.1183461524657401,-0.1183461524657401,0.25,0.26,0.010000000000000009,85962.3006875142,85972.14615511487,-1.1451927212446922,0.0,-1.7245621844796943,-1.7257248713131723,,,,20,0.27264266043184887,1.1453238829025314,UP,1.7763588428497314,0.07635879516601562,759.0,-0.04000000000000001,3.51289439201355,0.07025313377380371,-0.04000000000000001,-0.04000000000000001,,,,,,,,,,,,,,,
btc-updown-15m-1790920800,1790921560.7763588,1790921560.7763588,139.22364115715027,0.3733461524657401,0.6266538475342599,0.255,0.745,0.1183461524657401,-0.1183461524657401,0.25,0.26,0.010000000000000009,85962.3006875142,85972.14615511487,-1.1451927212446922,0.0,-1.7245621844796943,-1.7257248713131723,,,,20,0.27264266043184887,1.1453238829025314,UP,1.7763588428497314,0.07635879516601562,759.0,-0.04000000000000001,3.51289439201355,0.07025313377380371,-0.04000000000000001,-0.04000000000000001,,,,,,,,,,,,,,,
btc-updown-15m-1790920800,1790921564.2892532,1790921564.2892532,135.71074676513672,0.14828289525726102,0.851717104742739,0.215,0.785,-0.06671710474273898,0.06671710474273895,0.21,0.22,0.010000000000000009,85940.88956672633,85972.14615511487,-3.6356645479274086,-0.09422779161383232,-1.9679450594400905,-3.6921678595569496,,,,24,0.8769131782177891,3.6369868343370695,UP,1.2892532348632812,0.07025313377380371,763.0,,,,,,,,,,,,,,,,,,,,
btc-updown-15m-1790920800,1790921588.98625,1790921588.98625,111.01375007629395,0.1762632153697714,0.8237367846302286,0.265,0.735,-0.0887367846302286,0.0887367846302286,0.26,0.27,0.010000000000000009,85948.16512489876,85972.14615511487,-2.7893953202984267,-0.0011630610408097652,0.9968427883544351,,-1.4931475690294072,,0.3782860942641037,44,0.7438148213075433,2.7901736100191252,DOWN,0.9862499237060547,0.019249916076660156,788.0,,,,,,,,,,,,,,,,-0.26,60.32133913040161,0.04758906364440918,-0.26,-0.26
btc-updown-15m-1790920800,1790921613.6663628,1790921613.6663628,86.33363723754883,0.22348043288429675,0.7765195671157032,0.215,0.785,0.008480432884296757,-0.008480432884296785,0.21,0.22,0.010000000000000009,85956.30022440503,85972.14615511487,-1.8431470445379183,,0.46287676045864146,0.9292858804377246,1.9262213039850096,-0.565163266480484,0.35424972679449224,50,0.5572781395686911,1.8434868262674768,DOWN,1.6663627624511719,0.06936287879943848,812.0,,,,,,,,,,,,,,,,,,,,
btc-updown-15m-1790920800,1790921649.307589,1790921649.307589,50.692410945892334,0.00010534999824163283,0.9998946500017584,0.005,0.995,-0.004894650001758367,0.004894650001758372,0.0,0.01,0.01,85929.31734998479,85972.14615511487,-4.981707104624311,-0.4036743908852891,-1.0015644646321764,-2.6878340674774126,-3.5156423990434504,-2.6878340674774126,0.23471228553567974,46,2.1408395625117245,5.496216174180724,DOWN,1.307589054107666,0.04758906364440918,848.0,,,,,,0.0,9.421134948730469,0.025723934173583984,0.0,0.0,,,,,,,,,,
btc-updown-15m-1790920800,1790921649.307589,1790921649.307589,50.692410945892334,0.00010534999824163283,0.9998946500017584,0.005,0.995,-0.004894650001758367,0.004894650001758372,0.0,0.01,0.01,85929.31734998479,85972.14615511487,-4.981707104624311,-0.4036743908852891,-1.0015644646321764,-2.6878340674774126,-3.5156423990434504,-2.6878340674774126,0.23471228553567974,46,2.1408395625117245,5.496216174180724,DOWN,1.307589054107666,0.04758906364440918,848.0,,,,,,0.0,9.421134948730469,0.025723934173583984,0.0,0.0,,,,,,,,,,
btc-updown-15m-1790920800,1790921649.307589,1790921649.307589,50.692410945892334,0.00010534999824163283,0.9998946500017584,0.005,0.995,-0.004894650001758367,0.004894650001758372,0.0,0.01,0.01,85929.31734998479,85972.14615511487,-4.981707104624311,-0.4036743908852891,-1.0015644646321764,-2.6878340674774126,-3.5156423990434504,-2.6878340674774126,0.23471228553567974,46,2.1408395625117245,5.496216174180724,DOWN,1.307589054107666,0.04758906364440918,848.0,,,,,,0.0,9.421134948730469,0.025723934173583984,0.0,0.0,,,,,,,,,,
btc-updown-15m-1790920800,1790921649.307589,1790921649.307589,50.692410945892334,0.00010534999824163283,0.9998946500017584,0.005,0.995,-0.004894650001758367,0.004894650001758372,0.0,0.01,0.01,85929.31734998479,85972.14615511487,-4.981707104624311,-0.4036743908852891,-1.0015644646321764,-2.6878340674774126,-3.5156423990434504,-2.6878340674774126,0.23471228553567974,46,2.1408395625117245,5.496216174180724,DOWN,1.307589054107666,0.04758906364440918,848.0,,,,,,0.0,9.421134948730469,0.025723934173583984,0.0,0.0,,,,,,,,,,
btc-updown-15m-1790920800,1790921658.728724,1790921658.728724,41.271275997161865,1.4775958234736208e-12,0.9999999999985224,0.005,0.995,-0.004999999998522404,0.004999999998522409,0.0,0.01,0.01,85910.3540612837,85972.14615511487,-7.1874550764017275,-0.4968640547364789,-1.5451201255267666,-2.9827698508044787,-5.270990189003566,-5.2651779483603445,0.31824872458695685,48,4.033026167269706,9.305371091146581,DOWN,0.7287240028381348,0.025723934173583984,858.0,,,,,,,,,,,,,,,,,,,,
btc-updown-15m-1790920800,1790921671.05207,1790921671.05207,28.947930097579956,0.0,1.0,0.005,0.995,-0.005,0.0050000000000000044,0.0,0.01,0.01,85900.34753240016,85972.14615511487,-8.351381921437584,-0.20367328849246746,-1.5081494180424482,-1.7676076530082074,,-7.8871479610120865,0.3035003873896918,50,7.34207890846976,14.31718666403817,DOWN,1.052069902420044,0.9440698623657227,870.0,,,,,,,,,,,0.0,29.79728102684021,0.48635077476501465,0.0,0.0,,,,,
btc-updown-15m-1790920800,1790921690.661346,1790921690.661346,9.338654041290283,0.0,1.0,0.005,0.995,-0.005,0.0050000000000000044,0.0,0.01,0.01,85880.14696587055,85972.14615511487,-10.701046019990779,-0.018624880815387712,-0.27005398169688277,-1.6736341289147472,-3.3664838315694556,,0.3818375202954474,57,36.000426204055444,42.50910850011374,DOWN,1.6613459587097168,0.15234613418579102,889.0,0.0,4.993655204772949,0.6410009860992432,0.0,0.0,0.0,10.188004970550537,0.48635077476501465,0.0,0.0,,,,,,,,,,
btc-updown-15m-1790920800,1790921695.6550012,1790921695.6550012,4.344998836517334,0.0,1.0,0.005,0.995,-0.005,0.0050000000000000044,0.0,0.01,0.01,85876.8891598145,85972.14615511487,-11.07998340863836,-0.10244040994811243,-0.43186522824756324,-0.7019075472525227,-3.538798132920462,-8.992784837038581,0.37845936162574867,58,90.09149660971636,78.56650584718801,DOWN,1.655001163482666,0.6410009860992432,894.0,0.0,5.194349765777588,0.48635077476501465,0.0,0.0,,,,,,,,,,,,,,,
btc-updown-15m-1790920800,1790921700.849351,1790921700.849351,0.0,0.0,1.0,0.005,0.995,-0.005,0.0050000000000000044,0.0,0.01,0.01,85876.17936860817,85972.14615511487,-11.162544009725162,-0.001164107357176647,0.0,-0.43186522824756324,-2.234586936604721,-8.798724609456743,0.378987966722739,58,1325.8749359717535,472.0419252697517,DOWN,1.849350929260254,0.48635077476501465,899.0,,,,,,,,,,,,,,,,,,,,
btc-updown-15m-1790920800,1790921700.849351,1790921700.849351,0.0,0.0,1.0,0.005,0.995,-0.005,0.0050000000000000044,0.0,0.01,0.01,85876.17936860817,85972.14615511487,-11.162544009725162,-0.001164107357176647,0.0,-0.43186522824756324,-2.234586936604721,-8.798724609456743,0.378987966722739,58,1325.8749359717535,472.0419252697517,DOWN,1.849350929260254,0.48635077476501465,899.0,,,,,,,,,,,,,,,,,,,,
btc-updown-15m-1790920800,1790921700.849351,1790921700.849351,0.0,0.0,1.0,0.005,0.995,-0.005,0.0050000000000000044,0.0,0.01,0.01,85876.17936860817,85972.14615511487,-11.162544009725162,-0.001164107357176647,0.0,-0.43186522824756324,-2.234586936604721,-8.798724609456743,0.378987966722739,58,1325.8749359717535,472.0419252697517,DOWN,1.849350929260254,0.48635077476501465,899.0,,,,,,,,,,,,,,,,,,,,
btc-updown-15m-1790920800,1790921700.849351,1790921700.849351,0.0,0.0,1.0,0.005,0.995,-0.005,0.0050000000000000044,0.0,0.01,0.01,85876.17936860817,85972.14615511487,-11.162544009725162,-0.001164107357176647,0.0,-0.43186522824756324,-2.234586936604721,-8.798724609456743,0.378987966722739,58,1325.8749359717535,472.0419252697517,DOWN,1.849350929260254,0.48635077476501465,899.0,,,,,,,,,,,,,,,,,,,,
btc-updown-15m-1790920800,1790921700.849351,1790921700.849351,0.0,0.0,1.0,0.005,0.995,-0.005,0.0050000000000000044,0.0,0.01,0.01,85876.17936860817,85972.14615511487,-11.162544009725162,-0.001164107357176647,0.0,-0.43186522824756324,-2.234586936604721,-8.798724609456743,0.378987966722739,58,1325.8749359717535,472.0419252697517,DOWN,1.849350929260254,0.48635077476501465,899.0,,,,,,,,,,,,,,,,,,,,
btc-updown-15m-1790920800,1790921700.849351,1790921700.849351,0.0,0.0,1.0,0.005,0.995,-0.005,0.0050000000000000044,0.0,0.01,0.01,85876.17936860817,85972.14615511487,-11.162544009725162,-0.001164107357176647,0.0,-0.43186522824756324,-2.234586936604721,-8.798724609456743,0.378987966722739,58,1325.8749359717535,472.0419252697517,DOWN,1.849350929260254,0.48635077476501465,899.0,,,,,,,,,,,,,,,,,,,,
btc-updown-15m-1790920800,1790921700.849351,1790921700.849351,0.0,0.0,1.0,0.005,0.995,-0.005,0.0050000000000000044,0.0,0.01,0.01,85876.17936860817,85972.14615511487,-11.162544009725162,-0.001164107357176647,0.0,-0.43186522824756324,-2.234586936604721,-8.798724609456743,0.378987966722739,58,1325.8749359717535,472.0419252697517,DOWN,1.849350929260254,0.48635077476501465,899.0,,,,,,,,,,,,,,,,,,,,
btc-updown-15m-1790920800,1790921700.849351,1790921700.849351,0.0,0.0,1.0,0.005,0.995,-0.005,0.0050000000000000044,0.0,0.01,0.01,85876.17936860817,85972.14615511487,-11.162544009725162,-0.001164107357176647,0.0,-0.43186522824756324,-2.234586936604721,-8.798724609456743,0.378987966722739,58,1325.8749359717535,472.0419252697517,DOWN,1.849350929260254,0.48635077476501465,899.0,,,,,,,,,,,,,,,,,,,,
btc-updown-15m-1790920800,1790921700.849351,1790921700.849351,0.0,0.0,1.0,0.005,0.995,-0.005,0.0050000000000000044,0.0,0.01,0.01,85876.17936860817,85972.14615511487,-11.162544009725162,-0.001164107357176647,0.0,-0.43186522824756324,-2.234586936604721,-8.798724609456743,0.378987966722739,58,1325.8749359717535,472.0419252697517,DOWN,1.849350929260254,0.48635077476501465,899.0,,,,,,,,,,,,,,,,,,,,
btc-updown-15m-1790920800,1790921700.849351,1790921700.849351,0.0,0.0,1.0,0.005,0.995,-0.005,0.0050000000000000044,0.0,0.01,0.01,85876.17936860817,85972.14615511487,-11.162544009725162,-0.001164107357176647,0.0,-0.43186522824756324,-2.234586936604721,-8.798724609456743,0.378987966722739,58,1325.8749359717535,472.0419252697517,DOWN,1.849350929260254,0.48635077476501465,899.0,,,,,,,,,,,,,,,,,,,,
btc-updown-15m-1790921700,1790921754.191634,1790921754.191634,845.808366060257,0.7204249867488708,0.2795750132511292,0.685,0.31499999999999995,0.035424986748870735,-0.035424986748870735,0.68,0.69,0.009999999999999898,85974.71945310957,85905.68547216413,8.036020033599378,-0.0011627487861431973,-0.0011627487861431973,-2.664310480051668,6.731030130346927,11.581586801949761,0.7437978341873149,58,0.5707619957545499,-8.029567457105381,UP,1.191633939743042,0.09063410758972168,53.0,,,,,,,,,,,,,,,,,,,,
btc-updown-15m-1790921700,1790921771.425774,1790921771.425774,828.5742259025574,0.8070161929081876,0.1929838070918124,0.765,0.235,0.04201619290818759,-0.04201619290818759,0.76,0.77,0.010000000000000009,86007.99328149168,85905.68547216413,11.909317615619308,1.162222965269688,3.023504521888487,4.926191994292228,6.513093632261047,15.029758666116333,0.7796061439013142,56,0.8462233025443535,-11.895151302125583,UP,1.425774097442627,0.03277420997619629,70.0,,,,,,,,,,,,,,,,,,,,
btc-updown-15m-1790921700,1790921803.053258,1790921803.053258,796.9467420578003,0.7631845584665036,0.23681544153349643,0.705,0.29500000000000004,0.05818455846650361,-0.05818455846650361,0.7,0.71,0.010000000000000009,85998.07812524619,85905.68547216413,10.755126692050254,,-0.6996906716361107,-2.092968960722974,-2.3253378973941974,3.7209302325580396,0.8133269596666654,52,0.6989630191239254,-10.743571844419792,UP,1.053257942199707,0.683258056640625,102.0,,,,,,,,,,,,,,,,,,,,
btc-updown-15m-1790921700,1790921810.198633,1790921810.198633,789.8013670444489,0.7154677917237824,0.2845322082762176,0.695,0.30500000000000005,0.020467791723782436,-0.020467791723782436,0.69,0.7,0.010000000000000009,85981.67930667831,85905.68547216413,8.846193834144422,0.0,-1.9667098327702526,-1.9655477031810253,-2.512880838889675,1.3941357927782505,0.6175771282833334,52,0.5555230639072954,-8.838375236093219,UP,1.1986329555511475,0.54563307762146,109.0,,,,,,,,,,,,,,,,,,,,
btc-updown-15m-1790921700,1790921898.014961,1790921898.014961,701.9850389957428,0.7595889194914406,0.24041108050855942,0.735,0.265,0.024588919491440597,-0.024588919491440597,0.73,0.74,0.010000000000000009,85993.65623595561,85905.68547216413,10.240389015927498,-0.0011624442630697729,0.47895002993403324,-0.9751957394521504,2.047483716922649,5.42690909496768,0.5759850198779637,56,0.6851890597159199,-10.2299131868638,UP,1.0149610042572021,0.18596100807189941,197.0,,,,,,,,,,,,,,,,,,,,
btc-updown-15m-1790921700,1790921916.359915,1790921916.359915,683.6400849819183,0.7544215608924734,0.24557843910752664,0.735,0.265,0.019421560892473377,-0.019421560892473377,0.73,0.74,0.010000000000000009,85986.32890588955,85905.68547216413,9.387438477694854,,0.001162605895999036,-1.2043145148732393,-2.361856940280571,-1.9562827187702414,0.3969932492275337,54,0.6686008896234532,-9.37863434240581,UP,1.359915018081665,0.05391526222229004,215.0,,,,,,,,,,,,,,,,,,,,
btc-updown-15m-1790921700,1790921922.950804,1790921922.950804,677.0491960048676,0.7451659814974885,0.25483401850251153,0.685,0.31499999999999995,0.06016598149748842,-0.06016598149748842,0.68,0.69,0.009999999999999898,85981.0245481333,85905.68547216413,8.769975532478824,0.0,-0.7231407841157278,-0.7231407841157278,-1.9250437261586484,-1.9936155479216566,0.40611546395463066,53,0.6401636258122502,-8.762291024689121,UP,1.9508039951324463,0.4748039245605469,221.0,,,,,,,,,,,,,,,,,,,,
btc-updown-15m-1790921700,1790921922.950804,1790921922.950804,677.0491960048676,0.7451659814974885,0.25483401850251153,0.685,0.31499999999999995,0.06016598149748842,-0.06016598149748842,0.68,0.69,0.009999999999999898,85981.0245481333,85905.68547216413,8.769975532478824,0.0,-0.7231407841157278,-0.7231407841157278,-1.9250437261586484,-1.9936155479216566,0.40611546395463066,53,0.6401636258122502,-8.762291024689121,UP,1.9508039951324463,0.4748039245605469,221.0,,,,,,,,,,,,,,,,,,,,
btc-updown-15m-1790921700,1790921949.723211,1790921949.723211,650.2767889499664,0.7366597942525033,0.2633402057474967,0.675,0.32499999999999996,0.06165979425250323,-0.06165979425250323,0.67,0.68,0.010000000000000009,85962.20011537393,85905.68547216413,6.578684856441974,0.0,0.8570700252952257,0.6581980838982204,-1.8206408353471648,-4.184391730666093,0.30911258188567614,52,0.6138124455833064,-6.574359792321072,UP,1.7232110500335693,0.7292110919952393,248.0,,,,,,,,,,,,,,,,,,,,
btc-updown-15m-1790921700,1790921973.2493389,1790921973.2493389,626.7506611347198,0.7831964206739653,0.21680357932603467,0.655,0.345,0.1281964206739653,-0.1281964206739653,0.65,0.66,0.010000000000000009,85966.75833116563,85905.68547216413,7.109291854878741,0.0,-0.8569965746874075,-0.8558338566011514,,-2.6786436762149535,0.261585155763859,50,0.7580639437931451,-7.104241242439077,UP,1.2493388652801514,0.5443389415740967,272.0,,,,,,,,,,,0.04999999999999993,29.590330123901367,0.19466900825500488,0.04999999999999993,0.04999999999999993,0.08499999999999996,58.71529412269592,0.027632951736450195,0.07999999999999996,0.08999999999999997
btc-updown-15m-1790921700,1790921985.410887,1790921985.410887,614.589112997055,0.7643896760124613,0.23561032398753867,0.645,0.355,0.11938967601246131,-0.11938967601246131,0.64,0.65,0.010000000000000009,85958.57245263243,85905.68547216413,6.156400496384329,,-1.2338879355300314,-1.4990003563175591,-2.354705923393041,-3.4543515178808715,0.24927047492579713,50,0.6970904518891725,-6.152612701595159,UP,1.4108870029449463,0.18288707733154297,284.0,,,,,,0.020000000000000018,10.512676000595093,0.5595629215240479,0.020000000000000018,0.020000000000000018,,,,,,,,,,
btc-updown-15m-1790921700,1790921987.236365,1790921987.236365,612.7636349201202,0.7238620466340244,0.2761379533659756,0.615,0.385,0.10886204663402443,-0.10886204663402443,0.61,0.62,0.010000000000000009,85949.24691948101,85905.68547216413,5.07084566957916,-1.6493707615639064,-3.5318729730537957,-3.530710435691864,-4.65243323653608,-5.7518259751154766,0.3390006336885118,52,0.575089874148238,-5.068275625229362,UP,1.2363650798797607,1.7413649559020996,286.0,,,,,,0.050000000000000044,8.687197923660278,0.5595629215240479,0.050000000000000044,0.050000000000000044,,,,,,0.15000000000000002,60.45702791213989,0.07339310646057129,0.15000000000000002,0.15000000000000002
btc-updown-15m-1790921700,1790921995.923563,1790921995.923563,604.07643699646,0.7069685065618908,0.2930314934381092,0.665,0.33499999999999996,0.04196850656189077,-0.04196850656189077,0.66,0.67,0.010000000000000009,85945.29436321477,85905.68547216413,4.610741516459793,0.6978691727921316,2.790897555680072,0.4943139358726256,-1.8616709851770885,-2.094185803001025,0.39785175111190185,52,0.5266797491852551,-4.608616602468674,UP,1.923563003540039,0.5595629215240479,294.0,0.020000000000000018,4.974410057067871,0.09997296333312988,0.020000000000000018,0.019999999999999907,0.06999999999999995,8.773509979248047,0.17107295989990234,0.06999999999999995,0.06999999999999995,,,,,,,,,,
btc-updown-15m-1790921700,1790922000.897973,1790922000.897973,599.1020269393921,0.7562032268056424,0.24379677319435755,0.685,0.31499999999999995,0.0712032268056424,-0.0712032268056424,0.68,0.69,0.009999999999999898,85956.89446843434,85905.68547216413,5.961071841606991,0.0,-0.0011630341223423102,2.789734196966265,-1.8616712016550352,-1.2047583302465803,0.38581151881256115,50,0.6710126048776812,-5.957520520825822,UP,1.8979730606079102,0.09997296333312988,299.0,0.04999999999999993,3.799099922180176,0.17107295989990234,0.04999999999999993,0.050000000000000044,0.06999999999999995,11.47590184211731,0.7748749256134033,0.06999999999999995,0.07000000000000006,0.004999999999999893,29.211565017700195,0.3975381851196289,0.0,0.010000000000000009,,,,,
btc-updown-15m-1790921700,1790922002.839669,1790922002.839669,597.1603310108185,0.7487172998513427,0.2512827001486573,0.705,0.29500000000000004,0.04371729985134276,-0.04371729985134276,0.7,0.71,0.010000000000000009,85954.6490917325,85905.68547216413,5.69969488040778,1.1617898821025818,,3.703782976929304,0.8559071080305181,0.8570701249643875,0.4276818067799535,50,0.6480621013189558,-5.696448078813712,UP,1.8396689891815186,0.19466900825500488,301.0,,,,,,0.050000000000000044,9.534205913543701,0.7748749256134033,0.050000000000000044,0.050000000000000044,0.03500000000000003,29.124963998794556,0.027632951736450195,0.030000000000000027,0.040000000000000036,0.13,60.27487301826477,0.1395418643951416,0.13,0.13
btc-updown-15m-1790921700,1790922004.697073,1790922004.697073,595.3029270172119,0.7789057954761129,0.22109420452388706,0.735,0.265,0.04390579547611295,-0.04390579547611295,0.73,0.74,0.010000000000000009,85961.13991649526,85905.68547216413,6.455270571015248,-0.0011626999807390348,2.8738576532116866,3.570763934119814,1.8676451297494623,1.8676451297494623,0.43993343262844287,52,0.7426551052095471,-6.451106207409688,UP,2.697072982788086,0.17107295989990234,303.0,,,,,,,,,,,,,,,,,,,,
btc-updown-15m-1790921700,1790922012.373875,1790922012.373875,587.6261250972748,0.8320741235142657,0.16792587648573432,0.755,0.245,0.07707412351426568,-0.07707412351426568,0.75,0.76,0.010000000000000009,85974.64683379566,85905.68547216413,8.027566656676477,0.0,1.0813109814322708,2.0942347496455405,3.214388178307548,2.0930716885203537,0.444022528428772,52,0.9294089867493341,-8.02112764299543,UP,2.3738749027252197,0.7748749256134033,311.0,,,,,,,,,,,,,,,,0.040000000000000036,58.72755002975464,0.12242484092712402,0.040000000000000036,0.040000000000000036
btc-updown-15m-1790921700,1790922024.203298,1790922024.203298,575.7967019081116,0.8363475125378738,0.16365248746212624,0.645,0.355,0.19134751253787374,-0.19134751253787374,0.64,0.65,0.010000000000000009,85979.24339608772,85905.68547216413,8.562637445856947,0.0011628988727530043,-4.130072765070603,-3.021460624521577,1.8621475760660644,-0.6976905628397478,0.6309771159185039,52,0.9452603137853881,-8.555311842502546,UP,2.2032980918884277,0.009298324584960938,323.0,0.04499999999999993,5.906239986419678,0.3975381851196289,0.040000000000000036,0.04999999999999993,,,,,,,,,,,,,,,
btc-updown-15m-1790921700,1790922030.109538,1790922030.109538,569.8904619216919,0.7656648011143926,0.2343351988856074,0.69,0.31000000000000005,0.07566480111439267,-0.07566480111439267,0.68,0.7,0.019999999999999907,85965.78542184913,85905.68547216413,6.996038662012705,-0.0011628176044276017,0.6977393245888308,-3.434946130629335,1.8620178481554284,0.0,0.6260100050360253,54,0.6992103652892352,-6.99114762810311,UP,1.1095380783081055,0.3975381851196289,329.0,0.09500000000000008,6.143372058868408,0.017910003662109375,0.09999999999999998,0.09000000000000008,,,,,,,,,,,,,,,
btc-updown-15m-1790921700,1790922031.964633,1790922031.964633,568.0353670120239,0.7918367205407548,0.20816327945924518,0.74,0.26,0.05183672054075483,-0.05183672054075483,0.73,0.75,0.020000000000000018,85972.82867745768,85905.68547216413,7.815921021352423,1.396544105676245,2.0943808726392454,0.7104328989737674,2.558496236859664,1.3953811256794957,0.6526073049180734,54,0.7840953383871425,-7.809816930120531,UP,0.9646329879760742,0.027632951736450195,331.0,0.04500000000000004,4.2882771492004395,0.017910003662109375,0.050000000000000044,0.040000000000000036,,,,,,0.09499999999999997,31.149909019470215,0.1395418643951416,0.09999999999999998,0.08999999999999997,,,,,
btc-updown-15m-1790921700,1790922036.2529101,1790922036.2529101,563.7470898628235,0.8279697093146322,0.1720302906853678,0.785,0.21499999999999997,0.042969709314632176,-0.042969709314632176,0.78,0.79,0.010000000000000009,85983.32793420248,85905.68547216413,9.038105174483668,0.0,1.860248591996072,3.9550190715398337,2.2451739224971234,4.112074975592961,0.6624774255080182,54,0.91234792030427,-9.029943816289888,UP,2.2529101371765137,0.017910003662109375,335.0,,,,,,-0.020000000000000018,11.44048285484314,0.07339310646057129,-0.020000000000000018,-0.020000000000000018,,,,,,0.010000000000000009,61.013771057128906,0.08268117904663086,0.010000000000000009,0.010000000000000009
btc-updown-15m-1790921700,1790922038.1191208,1790922038.1191208,561.8808791637421,0.8569068418836617,0.14309315811633827,0.745,0.255,0.11190684188366173,-0.11190684188366173,0.74,0.75,0.010000000000000009,85992.64070942008,85905.68547216413,10.122174891920022,0.0,1.3939589608713554,3.9538561726670807,2.2428482614889056,,0.6548228652271623,55,1.0281504857094481,-10.111939410000007,UP,1.1191208362579346,0.09312105178833008,337.0,,,,,,0.020000000000000018,9.574272155761719,0.07339310646057129,0.020000000000000018,0.020000000000000018,,,,,,0.050000000000000044,59.147560358047485,0.08268117904663086,0.050000000000000044,0.050000000000000044
btc-updown-15m-1790921700,1790922038.1191208,1790922038.1191208,561.8808791637421,0.8569068418836617,0.14309315811633827,0.745,0.255,0.11190684188366173,-0.11190684188366173,0.74,0.75,0.010000000000000009,85992.64070942008,85905.68547216413,10.122174891920022,0.0,1.3939589608713554,3.9538561726670807,2.2428482614889056,,0.6548228652271623,55,1.0281504857094481,-10.111939410000007,UP,1.1191208362579346,0.09312105178833008,337.0,,,,,,0.020000000000000018,9.574272155761719,0.07339310646057129,0.020000000000000018,0.020000000000000018,,,,,,0.050000000000000044,59.147560358047485,0.08268117904663086,0.050000000000000044,0.050000000000000044
btc-updown-15m-1790921700,1790922047.693393,1790922047.693393,552.3066070079803,0.827864878372199,0.17213512162780098,0.765,0.235,0.062864878372199,-0.062864878372199,0.76,0.77,0.010000000000000009,85981.47516095694,85905.68547216413,8.822429898118767,0.11509617738658662,0.03022702237620578,-1.1612768232860393,-1.340268476816009,6.748644686940253,0.6214265192224456,56,0.9112291882498732,-8.814653232097882,UP,0.6933929920196533,0.07339310646057129,347.0,,,,,,,,,,,0.05999999999999994,29.580037117004395,0.23743009567260742,0.05999999999999994,0.05999999999999994,,,,,
btc-updown-15m-1790921700,1790922050.085096,1790922050.085096,549.9149041175842,0.8398871169352714,0.1601128830647286,0.775,0.22499999999999998,0.06488711693527138,-0.06488711693527138,0.77,0.78,0.010000000000000009,85985.09082304323,85905.68547216413,9.243317301137477,0.17671032341848303,0.3464511198147946,0.2615800013372471,-1.110109493993594,6.97898892726867,0.6211092360115205,56,0.9574935913115821,-9.234781299761881,UP,2.0850958824157715,0.26009583473205566,349.0,,,,,,,,,,,,,,,,,,,,
btc-updown-15m-1790921700,1790922063.114542,1790922063.114542,536.8854579925537,0.907789543719553,0.092210456280447,0.835,0.16500000000000004,0.07278954371955304,-0.07278954371955304,0.83,0.84,0.010000000000000009,86006.19158807481,85905.68547216413,11.699588375120307,-0.001162106675334229,2.6816993720846227,3.7899039980127114,4.255120764629083,5.104252912360163,0.6114154194661017,56,1.2769795642880286,-11.685916334030553,UP,2.114542007446289,0.1395418643951416,362.0,,,,,,,,,,,,,,,,,,,,
btc-updown-15m-1790921700,1790922071.101425,1790922071.101425,528.8985750675201,0.9009896532300765,0.09901034676992349,0.795,0.20499999999999996,0.10598965323007647,-0.10598965323007647,0.79,0.8,0.010000000000000009,86005.35535736359,85905.68547216413,11.60224549185962,-0.0011622961804125254,-1.7931016370209552,,,2.391415272575692,0.6275668817793645,56,1.2377182229493953,-11.588799881741933,UP,2.1014249324798584,0.12242484092712402,370.0,0.029999999999999916,6.1720051765441895,0.23743009567260742,0.029999999999999916,0.029999999999999916,,,,,,-0.030000000000000027,29.82279109954834,0.033215999603271484,-0.030000000000000027,-0.030000000000000027,,,,,
btc-updown-15m-1790921700,1790922077.27343,1790922077.27343,522.726569890976,0.9039047330992813,0.09609526690071868,0.825,0.17500000000000004,0.07890473309928137,-0.07890473309928137,0.82,0.83,0.010000000000000009,86005.1882109252,85905.68547216413,11.58278852140926,0.8391563851617434,1.094883002685787,0.001162169072088659,3.487722808812599,2.146986883502233,0.6319518198069365,54,1.2533663047831705,-11.569387944021209,UP,1.2734301090240479,0.23743009567260742,376.0,,,,,,,,,,,,,,,,0.040000000000000036,60.48953890800476,0.4379689693450928,0.040000000000000036,0.040000000000000036
btc-updown-15m-1790921700,1790922078.173326,1790922078.173326,521.8266739845276,0.9081723548084926,0.09182764519150743,0.835,0.16500000000000004,0.0731723548084926,-0.0731723548084926,0.83,0.84,0.010000000000000009,86006.9147270775,85905.68547216413,11.783766622310843,0.0,1.094883002685787,1.094883002685787,3.488885788689444,2.145824215613601,0.6319531538128619,54,1.2777200415525956,-11.769897250075507,UP,1.173326015472412,0.0183260440826416,377.0,,,,,,,,,,,,,,,,0.030000000000000027,59.5896430015564,0.4379689693450928,0.030000000000000027,0.030000000000000027
btc-updown-15m-1790921700,1790922097.2666812,1790922097.2666812,502.7333188056946,0.8416887022556396,0.15831129774436037,0.795,0.20499999999999996,0.04668870225563959,-0.04668870225563959,0.79,0.8,0.010000000000000009,85983.92367928414,85905.68547216413,9.107453911809671,0.0011624130480392125,0.2627122200360432,-2.3312567019273533,-2.097715175604087,0.22667565619638452,0.5806580051510072,54,0.9610852050688253,-9.09916688750289,UP,1.26668119430542,0.08268117904663086,396.0,-0.030000000000000027,3.6575348377227783,0.033215999603271484,-0.030000000000000027,-0.030000000000000027,,,,,,,,,,,,,,,
btc-updown-15m-1790921700,1790922100.924216,1790922100.924216,499.0757839679718,0.8599872893470594,0.14001271065294063,0.765,0.235,0.09498728934705936,-0.09498728934705936,0.76,0.77,0.010000000000000009,85994.455714965,85905.68547216413,10.333453753725852,0.0011624130480392125,1.8183443741937033,-0.217366489899673,-1.0042239005525477,1.418344896138013,0.5570004394993447,54,1.0363456318321427,-10.322786749777618,UP,0.9242160320281982,0.033215999603271484,400.0,,,,,,,,,,,,,,,,,,,,
btc-updown-15m-1790921700,1790922121.558082,1790922121.558082,478.44191789627075,0.8989910975648584,0.1010089024351416,0.785,0.21499999999999997,0.11399109756485837,-0.11399109756485837,0.78,0.79,0.010000000000000009,85997.62572541308,85905.68547216413,10.702464306480142,0.0011623581919195658,-0.040682366496680444,-0.040682366496680444,0.25340047748567684,,0.5158191227479149,53,1.221493565627225,-10.691022278046262,UP,1.558082103729248,1.9620821475982666,420.0,,,,,,,,,,,,,,,,,,,,
btc-updown-15m-1790921700,1790922124.897755,1790922124.897755,475.10224509239197,0.902724176210614,0.09727582378938604,0.785,0.21499999999999997,0.11772417621061393,-0.11772417621061393,0.78,0.79,0.010000000000000009,85996.06098498,85905.68547216413,10.520317988167438,0.0011623581919195658,-0.0395200177616406,-0.040682366496680444,2.2892069415147986,-2.1615186690726595,0.5207132547198905,52,1.2415822619691332,-10.50926191045556,UP,0.8977549076080322,1.660754919052124,424.0,,,,,,,,,,,,,,,,,,,,
btc-updown-15m-1790921700,1790922137.762969,1790922137.762969,462.2370309829712,0.9525737357274879,0.047426264272512064,0.865,0.135,0.08757373572748794,-0.08757373572748794,0.86,0.87,0.010000000000000009,86021.22724228182,85905.68547216413,13.449839726280555,-0.0011620607620610457,1.766644610727841,2.7967004514128924,2.5583503812520725,0.9297351498349649,0.5359176786018415,52,1.5962891018435965,-13.43177420525106,UP,0.7629690170288086,0.4379689693450928,437.0,,,,,,,,,,,,,,,,-0.24,60.42294406890869,1.7089130878448486,-0.24,-0.24
btc-updown-15m-1790921700,1790922158.856917,1790922158.856917,441.14308309555054,0.9484321384020803,0.051567861597919706,0.805,0.19499999999999995,0.14343213840208024,-0.14343213840208024,0.8,0.81,0.010000000000000009,86005.6371915125,85905.68547216413,11.635052883753882,-0.001162310232505348,-1.680418361418301,-2.378683371446755,,0.8822714013301258,0.3644315204022339,52,1.5541595528848275,-11.621531170777821,UP,0.8569169044494629,0.03791689872741699,458.0,,,,,,,,,,,,,,,,-0.08000000000000007,61.033169984817505,1.1460869312286377,-0.08000000000000007,-0.08000000000000007
btc-updown-15m-1790921700,1790922172.545929,1790922172.545929,427.4540710449219,0.8900733755902579,0.1099266244097421,0.74,0.26,0.1500733755902579,-0.1500733755902579,0.73,0.75,0.020000000000000018,85979.62646836114,85905.68547216413,8.607229636852232,-1.1150644156077139,-3.8987329118034264,-3.992850762929434,-7.153483947713868,-4.411130881449843,0.4064017948225263,52,1.1683339653140663,-8.599827567780551,UP,1.545928955078125,0.6199288368225098,471.0,,,,,,-0.020000000000000018,10.826805114746094,0.8937339782714844,-0.020000000000000018,-0.020000000000000018,,,,,,,,,,
btc-updown-15m-1790921700,1790922172.545929,1790922172.545929,427.4540710449219,0.8900733755902579,0.1099266244097421,0.74,0.26,0.1500733755902579,-0.1500733755902579,0.73,0.75,0.020000000000000018,85979.62646836114,85905.68547216413,8.607229636852232,-1.1150644156077139,-3.8987329118034264,-3.992850762929434,-7.153483947713868,-4.411130881449843,0.4064017948225263,52,1.1683339653140663,-8.599827567780551,UP,1.545928955078125,0.6199288368225098,471.0,,,,,,-0.020000000000000018,10.826805114746094,0.8937339782714844,-0.020000000000000018,-0.020000000000000018,,,,,,,,,,
btc-updown-15m-1790921700,1790922174.508843,1790922174.508843,425.4911570549011,0.8443703784618939,0.1556296215381061,0.69,0.31000000000000005,0.15437037846189394,-0.15437037846189394,0.68,0.7,0.019999999999999907,85966.55365113789,85905.68547216413,7.085465721996531,0.0011630607699153472,-4.231749186551781,-5.663222392139344,-8.823327422839977,-6.081432614426507,0.45980622636454366,52,0.9641342499272597,-7.080448894202536,UP,1.508842945098877,0.5568430423736572,473.0,,,,,,0.030000000000000027,8.863891124725342,0.8937339782714844,0.029999999999999916,0.030000000000000027,,,,,,,,,,
btc-updown-15m-1790921700,1790922183.372734,1790922183.372734,416.6272659301758,0.771643696876562,0.22835630312343802,0.72,0.28,0.051643696876562006,-0.051643696876562006,0.71,0.73,0.020000000000000018,85949.90854142318,85905.68547216413,5.147862916869972,0.23143838022932073,0.6931841390178661,0.6943472804099571,-7.437536316095006,-5.346847684581935,0.4531139229525593,56,0.708029912133239,-5.145214231116924,UP,2.3727340698242188,0.8937339782714844,482.0,,,,,,,,,,,,,,,,0.03500000000000003,60.71016478538513,0.1668989658355713,0.040000000000000036,0.030000000000000027
btc-updown-15m-1790921700,1790922196.2236319,1790922196.2236319,403.7763681411743,0.8202910581294479,0.17970894187055209,0.665,0.33499999999999996,0.15529105812944788,-0.15529105812944788,0.66,0.67,0.010000000000000009,85959.20133784396,85905.68547216413,6.22960696788466,-1.3956732500963742,-2.251493446072672,-2.252656145589338,,-9.994884608529597,0.4215575856691595,56,0.8702453722560817,-6.225728583668179,UP,2.2236318588256836,0.5846316814422607,495.0,,,,,,,,,,,0.12,29.961480140686035,1.9091119766235352,0.12,0.12,0.07999999999999996,60.7406210899353,0.8922529220581055,0.07999999999999996,0.07999999999999996
btc-updown-15m-1790921700,1790922198.185913,1790922198.185913,401.8140869140625,0.7153318494314911,0.2846681505685089,0.625,0.375,0.09033184943149108,-0.09033184943149108,0.62,0.63,0.010000000000000009,85938.82666328669,85905.68547216413,3.8578577122572177,-0.0011632232554958932,-2.251493446072672,-2.251493446072672,-6.043943269007368,-9.993723709098568,0.42156632003688477,56,0.5403661080574544,-3.856369979591155,UP,1.1859130859375,1.7089130878448486,497.0,,,,,,,,,,,,,,,,0.12,58.778339862823486,0.8922529220581055,0.12,0.12
btc-updown-15m-1790921700,1790922219.890087,1790922219.890087,380.10991311073303,0.7690694949932511,0.23093050500674894,0.725,0.275,0.04406949499325108,-0.04406949499325108,0.72,0.73,0.010000000000000009,85947.22948902806,85905.68547216413,4.836003186003968,-0.0011630778162796673,1.0189601023613548,1.0189601023613548,-1.0024726884350077,-6.599598259044992,0.4224458883416001,56,0.6963763189274819,-4.833665623769287,UP,0.8900868892669678,1.1460869312286377,519.0,0.06000000000000005,6.295025110244751,1.9091119766235352,0.06000000000000005,0.06000000000000005,,,,,,0.020000000000000018,29.308420181274414,1.2985069751739502,0.020000000000000018,0.020000000000000018,,,,,
btc-updown-15m-1790921700,1790922226.185112,1790922226.185112,373.8148880004883,0.862419614087825,0.13758038591217503,0.785,0.21499999999999997,0.07741961408782494,-0.07741961408782494,0.78,0.79,0.010000000000000009,85966.72502375343,85905.68547216413,7.105414647914365,0.8674429699850883,2.9471281259896287,4.182786855022602,4.576120815174001,,0.479574131147281,57,1.0315128513789251,-7.100369540940112,UP,1.1851119995117188,1.9091119766235352,525.0,,,,,,,,,,,-0.040000000000000036,30.779140949249268,0.8922529220581055,-0.040000000000000036,-0.040000000000000036,,,,,
btc-updown-15m-1790921700,1790922226.185112,1790922226.185112,373.8148880004883,0.862419614087825,0.13758038591217503,0.785,0.21499999999999997,0.07741961408782494,-0.07741961408782494,0.78,0.79,0.010000000000000009,85966.72502375343,85905.68547216413,7.105414647914365,0.8674429699850883,2.9471281259896287,4.182786855022602,4.576120815174001,,0.479574131147281,57,1.0315128513789251,-7.100369540940112,UP,1.1851119995117188,1.9091119766235352,525.0,,,,,,,,,,,-0.040000000000000036,30.779140949249268,0.8922529220581055,-0.040000000000000036,-0.040000000000000036,,,,,
btc-updown-15m-1790921700,1790922240.115092,1790922240.115092,359.8849079608917,0.8668622741505894,0.13313772584941064,0.735,0.265,0.13186227415058938,-0.13186227415058938,0.73,0.74,0.010000000000000009,85966.55553808036,85905.68547216413,7.085685374799144,0.0011628366691773806,-0.5430151737273459,-0.5441778838422007,3.0952657903915437,1.9283547586579353,0.3620499514280482,58,1.0483695941838342,-7.080668236063537,UP,1.1150920391082764,0.2740921974182129,539.0,0.040000000000000036,4.650485038757324,0.7255771160125732,0.040000000000000036,0.040000000000000036,0.010000000000000009,9.083415031433105,1.2985069751739502,0.010000000000000009,0.010000000000000009,0.040000000000000036,31.317753076553345,1.8388452529907227,0.040000000000000036,0.040000000000000036,0.14,60.13609600067139,0.12618803977966309,0.14,0.14
btc-updown-15m-1790921700,1790922242.074555,1790922242.074555,357.92544507980347,0.8493397750506723,0.15066022494932774,0.745,0.255,0.10433977505067227,-0.10433977505067227,0.74,0.75,0.010000000000000009,85962.10665456094,85905.68547216413,6.567805388746351,0.0011628366691773806,-0.5441778838422007,-0.5430151737273459,3.0952657903915437,1.4653887391391507,0.35756573231084676,58,0.9744528590927813,-6.563494613217876,UP,1.0745549201965332,0.10955500602722168,541.0,,,,,,,,,,,0.030000000000000027,29.358290195465088,1.8388452529907227,0.030000000000000027,0.030000000000000027,0.13,59.19967007637024,0.14122509956359863,0.13,0.13
btc-updown-15m-1790921700,1790922244.0828989,1790922244.0828989,355.91710114479065,0.8543767407473912,0.14562325925260877,0.755,0.245,0.09937674074739122,-0.09937674074739122,0.75,0.76,0.010000000000000009,85963.1135019575,85905.68547216413,6.685009202560543,0.001162773526353078,0.544207561692378,-0.00116277325545866,3.638478539025325,1.7758702840153795,0.36289513747341595,58,0.9946249295217982,-6.680543253248398,UP,2.0828988552093506,0.1668989658355713,543.0,-0.010000000000000009,5.115608215332031,1.2985069751739502,-0.010000000000000009,-0.010000000000000009,,,,,,-0.025000000000000022,31.119728326797485,1.9746272563934326,-0.030000000000000027,-0.020000000000000018,,,,,
btc-updown-15m-1790921700,1790922244.0828989,1790922244.0828989,355.91710114479065,0.8543767407473912,0.14562325925260877,0.755,0.245,0.09937674074739122,-0.09937674074739122,0.75,0.76,0.010000000000000009,85963.1135019575,85905.68547216413,6.685009202560543,0.001162773526353078,0.544207561692378,-0.00116277325545866,3.638478539025325,1.7758702840153795,0.36289513747341595,58,0.9946249295217982,-6.680543253248398,UP,2.0828988552093506,0.1668989658355713,543.0,-0.010000000000000009,5.115608215332031,1.2985069751739502,-0.010000000000000009,-0.010000000000000009,,,,,,-0.025000000000000022,31.119728326797485,1.9746272563934326,-0.030000000000000027,-0.020000000000000018,,,,,
btc-updown-15m-1790921700,1790922244.765577,1790922244.765577,355.2344229221344,0.8654136385347047,0.13458636146529535,0.775,0.22499999999999998,0.09041363853470463,-0.09041363853470463,0.77,0.78,0.010000000000000009,85965.74636773259,85905.68547216413,6.991492499983654,0.001162773526353078,0.544207561692378,-0.00116277325545866,3.638478539025325,1.7758702840153795,0.36289513747341595,58,1.041192022289138,-6.986607818367333,UP,1.7655770778656006,0.7255771160125732,544.0,-0.030000000000000027,4.432929992675781,1.2985069751739502,-0.030000000000000027,-0.030000000000000027,,,,,,-0.04500000000000004,30.437050104141235,1.9746272563934326,-0.050000000000000044,-0.040000000000000036,,,,,
btc-updown-15m-1790921700,1790922249.198507,1790922249.198507,350.8014929294586,0.8718853932237511,0.12811460677624886,0.745,0.255,0.12688539322375114,-0.12688539322375114,0.74,0.75,0.010000000000000009,85966.96202960187,85905.68547216413,7.133003723902576,0.0,-0.001162773390905869,0.5430447250232007,2.618088467432056,1.6153533227791783,0.36250611013028367,58,1.0689417755689254,-7.127919376357731,UP,2.198507070541382,1.2985069751739502,548.0,,,,,,0.025000000000000022,10.51584506034851,1.9523522853851318,0.020000000000000018,0.030000000000000027,,,,,,,,,,
btc-updown-15m-1790921700,1790922256.964253,1790922256.964253,343.035747051239,0.8380558443305445,0.16194415566945553,0.745,0.255,0.09305584433054448,-0.09305584433054448,0.74,0.75,0.010000000000000009,85958.25831702666,85905.68547216413,6.119832997499852,0.0011628988727530043,-1.0778909337172404,-1.0767282855250748,-1.783568497344401,2.7917361353368975,0.322012752290127,58,0.9275261646294851,-6.1160900525269035,UP,0.9642529487609863,0.8922529220581055,556.0,,,,,,,,,,,,,,,,,,,,
btc-updown-15m-1790921700,1790922259.7143521,1790922259.7143521,340.2856478691101,0.8576015296610306,0.14239847033896935,0.77,0.22999999999999998,0.08760152966103063,-0.08760152966103063,0.76,0.78,0.020000000000000018,85962.427932148,85905.68547216413,6.60520426232436,0.0,0.23374267373643676,-0.8441735802289241,-1.5498677205927347,3.023217238222742,0.32283866708241427,58,1.005077749148152,-6.600844269854565,UP,1.7143521308898926,1.9523522853851318,559.0,-0.07500000000000007,5.397952079772949,1.8963041305541992,-0.07000000000000006,-0.08000000000000007,,,,,,,,,,,,,,,
btc-updown-15m-1790921700,1790922259.7143521,1790922259.7143521,340.2856478691101,0.8576015296610306,0.14239847033896935,0.77,0.22999999999999998,0.08760152966103063,-0.08760152966103063,0.76,0.78,0.020000000000000018,85962.427932148,85905.68547216413,6.60520426232436,0.0,0.23374267373643676,-0.8441735802289241,-1.5498677205927347,3.023217238222742,0.32283866708241427,58,1.005077749148152,-6.600844269854565,UP,1.7143521308898926,1.9523522853851318,559.0,-0.07500000000000007,5.397952079772949,1.8963041305541992,-0.07000000000000006,-0.08000000000000007,,,,,,,,,,,,,,,
btc-updown-15m-1790921700,1790922265.1123042,1790922265.1123042,334.88769578933716,0.8523014769209538,0.14769852307904618,0.695,0.30500000000000005,0.15730147692095386,-0.15730147692095386,0.69,0.7,0.010000000000000009,85960.69298286588,85905.68547216413,6.403244488348836,0.0,-1.0244900807032664,-0.7919341334072794,-1.870902386568174,1.7657320267860932,0.350982178609236,58,0.9821876662443585,-6.399146958099996,UP,3.112304210662842,1.8963041305541992,564.0,0.08000000000000007,6.320540904998779,1.8388452529907227,0.08000000000000007,0.08000000000000007,0.03500000000000003,10.090322971343994,1.9746272563934326,0.030000000000000027,0.040000000000000036,,,,,,,,,,
btc-updown-15m-1790921700,1790922271.432845,1790922271.432845,328.5671548843384,0.839539260427475,0.16046073957252505,0.775,0.22499999999999998,0.06453926042747493,-0.06453926042747493,0.77,0.78,0.010000000000000009,85957.30264822785,85905.68547216413,6.008586716934605,0.0,0.5593985941754198,-0.4639858594790436,-0.766309365720641,2.327556124228636,0.35549151403607737,58,0.9305107106104684,-6.004978573485606,UP,1.432845115661621,1.8388452529907227,570.0,-0.04500000000000004,3.769782066345215,1.9746272563934326,-0.050000000000000044,-0.040000000000000036,,,,,,0.09999999999999998,29.84137988090515,0.14122509956359863,0.09999999999999998,0.09999999999999998,0.08999999999999997,60.91007995605469,0.5319249629974365,0.08999999999999997,0.08999999999999997
btc-updown-15m-1790921700,1790922275.2026272,1790922275.2026272,324.79737281799316,0.8415608059432985,0.15843919405670148,0.73,0.27,0.11156080594329854,-0.11156080594329854,0.72,0.74,0.020000000000000018,85957.39438747914,85905.68547216413,6.019265783261396,0.17092518430184,1.6280961009318418,2.1887490159633316,0.3174371358194428,3.7954491366765097,0.40045714658850934,58,0.9375575154793344,-6.015644806765755,UP,1.202627182006836,1.9746272563934326,574.0,,,,,,,,,,,,,,,,0.15500000000000003,59.14362168312073,1.003248691558838,0.16000000000000003,0.15000000000000002
btc-updown-15m-1790921700,1790922296.942369,1790922296.942369,303.0576310157776,0.9419925958552458,0.05800740414475425,0.845,0.15500000000000003,0.09699259585524578,-0.09699259585524578,0.84,0.85,0.010000000000000009,85983.72723125132,85905.68547216413,9.084586038543563,0.0,0.0011624933149434469,0.0,4.280969283085856,2.4104292401228022,0.3534582931372431,54,1.4644351983531778,-9.076340558871475,UP,0.9423689842224121,1.9683687686920166,596.0,0.030000000000000027,4.33185601234436,0.14122509956359863,0.030000000000000027,0.030000000000000027,,,,,,0.010000000000000009,29.901232957839966,0.8716020584106445,0.010000000000000009,0.010000000000000009,,,,,
btc-updown-15m-1790921700,1790922300.251188,1790922300.251188,299.74881196022034,0.9499004143557077,0.05009958564429229,0.875,0.125,0.07490041435570771,-0.07490041435570771,0.87,0.88,0.010000000000000009,85986.79625347676,85905.68547216413,9.4418408824537,0.5695953048601154,1.0322939443052626,1.0334565576242127,4.754040614718402,3.9862036422122493,0.3549757887901163,54,1.5303475388586478,-9.432934455835074,UP,1.251188039779663,0.12618803977966309,599.0,,,,,,,,,,,,,,,,,,,,
btc-updown-15m-1790921700,1790922301.274225,1790922301.274225,298.7257750034332,0.9543694597861121,0.045630540213887905,0.875,0.125,0.0793694597861121,-0.0793694597861121,0.87,0.88,0.010000000000000009,85988.84767794337,85905.68547216413,9.680640498024307,-0.0011623731888121824,1.0311314511257663,1.0322940643092693,4.752877688931623,3.986204105743685,0.3549757869790654,54,1.5716994836816476,-9.67127808139853,UP,1.2742249965667725,0.14122509956359863,600.0,,,,,,,,,,,-0.010000000000000009,31.068700075149536,0.5319249629974365,-0.010000000000000009,-0.010000000000000009,,,,,
btc-updown-15m-1790921700,1790922326.843602,1790922326.843602,273.1563980579376,0.947869645995578,0.05213035400442201,0.855,0.14500000000000002,0.09286964599557801,-0.09286964599557801,0.85,0.86,0.010000000000000009,85981.62486559768,85905.68547216413,8.839856525928447,,-0.847421965688433,-0.847421965688433,-0.42779749043209137,3.8529886538629654,0.32699622477223345,47,1.5009899176163977,-8.832049121223033,UP,0.8436019420623779,0.8716020584106445,626.0,0.010000000000000009,5.499323129653931,0.5319249629974365,0.010000000000000009,0.010000000000000009,,,,,,,,,,,,,,,
btc-updown-15m-1790921700,1790922332.342925,1790922332.342925,267.6570749282837,0.9504916615423481,0.0495083384576519,0.865,0.135,0.08549166154234811,-0.08549166154234811,0.86,0.87,0.010000000000000009,85981.88310967213,85905.68547216413,8.869917874374522,0.0,0.001162547373922962,-0.8846201864054493,-1.4959744687037535,3.256192201861463,0.32269639858472654,47,1.521483258485785,-8.862057302327923,UP,1.3429250717163086,0.5319249629974365,631.0,,,,,,,,,,,,,,,,,,,,
btc-updown-15m-1790921700,1790922334.3462489,1790922334.3462489,265.65375113487244,0.9526793370685842,0.04732066293141579,0.885,0.11499999999999999,0.0676793370685842,-0.0676793370685842,0.88,0.89,0.010000000000000009,85982.5482005528,85905.68547216413,8.947338929456983,,0.001162547373922962,-0.09416543961138224,-1.4959744687037535,1.798784082422955,0.2550894942997801,45,1.5405276450174703,-8.939340598442541,UP,1.3462488651275635,1.003248691558838,633.0,,,,,,,,,,,,,,,,,,,,
btc-updown-15m-1790921700,1790922383.206829,1790922383.206829,216.79317092895508,0.9578270510507993,0.04217294894920065,0.905,0.09499999999999997,0.05282705105079932,-0.05282705105079932,0.9,0.91,0.010000000000000009,85975.9379010101,85905.68547216413,8.177855570308257,-0.8139724179634378,-1.9765603199706216,-1.9765603199706216,-1.9021627916493422,-4.025544480175114,0.2790403745205733,40,1.5587756416476242,-8.171173302797168,UP,1.2068290710449219,0.3468291759490967,682.0,,,,,,,,,,,,,,,,,,,,
btc-updown-15m-1790921700,1790922383.206829,1790922383.206829,216.79317092895508,0.9578270510507993,0.04217294894920065,0.905,0.09499999999999997,0.05282705105079932,-0.05282705105079932,0.9,0.91,0.010000000000000009,85975.9379010101,85905.68547216413,8.177855570308257,-0.8139724179634378,-1.9765603199706216,-1.9765603199706216,-1.9021627916493422,-4.025544480175114,0.2790403745205733,40,1.5587756416476242,-8.171173302797168,UP,1.2068290710449219,0.3468291759490967,682.0,,,,,,,,,,,,,,,,,,,,
btc-updown-15m-1790921700,1790922383.8653371,1790922383.8653371,216.1346628665924,0.961854069823569,0.038145930176430976,0.865,0.135,0.09685406982356903,-0.09685406982356903,0.86,0.87,0.010000000000000009,85977.70102313519,85905.68547216413,8.38309485283073,-0.8139724179634378,-1.9765603199706216,-1.9765603199706216,-1.9021627916493422,-4.025544480175114,0.2790403745205733,40,1.6002956910093717,-8.376073111292204,UP,0.8653371334075928,0.8313372135162354,683.0,,,,,,,,,,,,,,,,,,,,
btc-updown-15m-1790921700,1790922385.0355442,1790922385.0355442,214.9644558429718,0.916867354923345,0.08313264507665497,0.775,0.22499999999999998,0.141867354923345,-0.141867354923345,0.77,0.78,0.010000000000000009,85961.73482737697,85905.68547216413,6.524522201851735,0.0011629529694801022,-2.3242023997771533,-2.325364811951447,,,0.2551148921926474,41,1.2491198484463402,-6.52026803849425,UP,1.0355441570281982,1.674544334411621,684.0,,,,,,,,,,,,,,,,,,,,
btc-updown-15m-1790921700,1790922420.977047,1790922420.977047,179.02295303344727,0.9767083529451133,0.023291647054886733,0.925,0.07499999999999996,0.05170835294511322,-0.05170835294511322,0.92,0.93,0.010000000000000009,85977.51241543076,85905.68547216413,8.361139646559934,0.5859332766156022,1.5870614841584363,,3.9144996976325785,1.6614855215313362,0.34971405855203525,48,1.7537599119683263,-8.354154621218886,UP,0.9770469665527344,1.9120471477508545,720.0,,,,,,,,,,,0.04999999999999993,30.37396001815796,0.14800691604614258,0.04999999999999993,0.04999999999999993,0.06999999999999995,59.269999980926514,0.027046918869018555,0.06999999999999995,0.06999999999999995
btc-updown-15m-1790921700,1790922420.977047,1790922420.977047,179.02295303344727,0.9767083529451133,0.023291647054886733,0.925,0.07499999999999996,0.05170835294511322,-0.05170835294511322,0.92,0.93,0.010000000000000009,85977.51241543076,85905.68547216413,8.361139646559934,0.5859332766156022,1.5870614841584363,,3.9144996976325785,1.6614855215313362,0.34971405855203525,48,1.7537599119683263,-8.354154621218886,UP,0.9770469665527344,1.9120471477508545,720.0,,,,,,,,,,,0.04999999999999993,30.37396001815796,0.14800691604614258,0.04999999999999993,0.04999999999999993,0.06999999999999995,59.269999980926514,0.027046918869018555,0.06999999999999995,0.06999999999999995
btc-updown-15m-1790921700,1790922427.914288,1790922427.914288,172.08571195602417,0.9876980344080529,0.012301965591947073,0.955,0.04500000000000004,0.03269803440805297,-0.03269803440805297,0.95,0.96,0.010000000000000009,85984.75846105814,85905.68547216413,9.204628129022563,0.0,,1.3568191322899104,4.357777865908741,1.6614855215313362,0.35338162960313835,47,1.9690478081445049,-9.196163402589882,UP,0.9142880439758301,0.23128795623779297,727.0,,,,,,0.010000000000000009,9.804066896438599,0.3483550548553467,0.010000000000000009,0.010000000000000009,,,,,,,,,,
btc-updown-15m-1790921700,1790922434.858079,1790922434.858079,165.141921043396,0.9901429178573489,0.00985708214265113,0.945,0.05500000000000005,0.04514291785734892,-0.04514291785734892,0.94,0.95,0.010000000000000009,85985.53451798756,85905.68547216413,9.29496637906535,0.0,0.0011624979090463228,0.0023249960912075096,3.2165031029496305,1.5893870337646554,0.37362390188587885,42,2.029727132324247,-9.286334762125158,UP,1.858078956604004,0.5010790824890137,734.0,,,,,,,,,,,0.030000000000000027,28.919293880462646,0.04137277603149414,0.030000000000000027,0.030000000000000027,,,,,
btc-updown-15m-1790921700,1790922437.718355,1790922437.718355,162.28164505958557,0.990714740963305,0.00928525903669497,0.965,0.03500000000000003,0.02571474096330506,-0.02571474096330506,0.96,0.97,0.010000000000000009,85985.3713016169,85905.68547216413,9.275966894950471,-0.0011624977747093368,,,2.9210477537833235,1.5870614841584363,0.3736290163657117,42,2.043354947661296,-9.267370512741968,UP,1.7183549404144287,0.3483550548553467,736.0,,,,,,,,,,,,,,,,,,,,
btc-updown-15m-1790921700,1790922450.1323688,1790922450.1323688,149.8676311969757,0.993716567281141,0.0062834327188590056,0.975,0.025000000000000022,0.018716567281141017,-0.018716567281141017,0.97,0.98,0.010000000000000009,85985.76664652523,85905.68547216413,9.321987703252432,,1.192722717426875,1.1938853539894545,1.1938853539894545,5.108852398008068,0.2630374802712732,40,2.1368396417371622,-9.313305850990359,UP,2.132368803024292,0.21936893463134766,749.0,-0.039999999999999925,4.188695192337036,0.6190638542175293,-0.039999999999999925,-0.040000000000000036,-0.020000000000000018,10.101966142654419,0.9043350219726562,-0.020000000000000018,-0.020000000000000018,0.020000000000000018,30.114678144454956,0.027046918869018555,0.020000000000000018,0.020000000000000018,,,,,
btc-updown-15m-1790921700,1790922451.351007,1790922451.351007,148.6489930152893,0.9939546430371408,0.0060453569628592385,0.975,0.025000000000000022,0.018954643037140784,-0.018954643037140784,0.97,0.98,0.010000000000000009,85985.75745946523,85905.68547216413,9.320918267632372,-3.0849011523970127,,-1.891384100237703,-1.891384100237703,2.0212120271190237,0.5619552835861893,40,2.1453348518255364,-9.312238406324864,UP,1.3510069847106934,0.14800691604614258,750.0,,,,,,-0.010000000000000009,9.490523099899292,0.21053004264831543,-0.010000000000000009,-0.010000000000000009,0.020000000000000018,28.896039962768555,0.027046918869018555,0.020000000000000018,0.020000000000000018,,,,,
btc-updown-15m-1790921700,1790922452.071688,1790922452.071688,147.92831206321716,0.9953275638188874,0.004672436181112571,0.94,0.06000000000000005,0.05532756381888748,-0.05532756381888748,0.92,0.96,0.039999999999999925,85988.34467451675,85905.68547216413,9.622087513567745,0.0,-1.891384100237703,-1.8925463781394036,,2.022375215147143,0.5619543603153713,40,2.2199743598527473,-9.612837956760194,UP,1.071687936782837,0.3216876983642578,751.0,,,,,,0.025000000000000022,8.769842147827148,0.21053004264831543,0.039999999999999925,0.010000000000000009,,,,,,,,,,
btc-updown-15m-1790921700,1790922452.071688,1790922452.071688,147.92831206321716,0.9953275638188874,0.004672436181112571,0.94,0.06000000000000005,0.05532756381888748,-0.05532756381888748,0.92,0.96,0.039999999999999925,85988.34467451675,85905.68547216413,9.622087513567745,0.0,-1.891384100237703,-1.8925463781394036,,2.022375215147143,0.5619543603153713,40,2.2199743598527473,-9.612837956760194,UP,1.071687936782837,0.3216876983642578,751.0,,,,,,0.025000000000000022,8.769842147827148,0.21053004264831543,0.039999999999999925,0.010000000000000009,,,,,,,,,,
btc-updown-15m-1790921700,1790922454.321064,1790922454.321064,145.67893600463867,0.9881891508485433,0.011810849151456693,0.935,0.06499999999999995,0.053189150848543254,-0.053189150848543254,0.93,0.94,0.009999999999999898,85976.90285643016,85905.68547216413,8.290182876091734,-0.0011627178242434866,,-1.893708875914113,-1.8913843201084912,2.463243247015079,0.5588284465780283,40,1.9276484323624075,-8.283315855765382,UP,1.3210639953613281,0.6190638542175293,753.0,0.019999999999999907,5.913270950317383,0.9043350219726562,0.019999999999999907,0.020000000000000018,0.039999999999999925,9.456308841705322,0.04137277603149414,0.039999999999999925,0.040000000000000036,0.05999999999999994,29.692888021469116,0.4279520511627197,0.05999999999999994,0.06000000000000005,,,,,
btc-updown-15m-1790921700,1790922460.234335,1790922460.234335,139.7656650543213,0.9873329557021033,0.012667044297896668,0.955,0.04500000000000004,0.03233295570210337,-0.03233295570210337,0.95,0.96,0.010000000000000009,85974.05627830204,85905.68547216413,7.958822022329226,1.081294763278784,1.3859598085597113,-1.7005314189733056,,,0.5765753693109368,41,1.8894048393991971,-7.952492774866323,UP,1.234334945678711,0.9043350219726562,759.0,0.020000000000000018,3.5430378913879395,0.04137277603149414,0.020000000000000018,0.020000000000000018,,,,,,,,,,,,,,,
btc-updown-15m-1790921700,1790922460.84153,1790922460.84153,139.15846991539001,0.9874900605175438,0.012509939482456156,0.965,0.03500000000000003,0.022490060517543875,-0.022490060517543875,0.96,0.97,0.010000000000000009,85973.99493594206,85905.68547216413,7.951681358746576,1.081294763278784,1.3859598085597113,-1.7005314189733056,,,0.5765753693109368,41,1.8918248861270164,-7.945363458895329,UP,0.8415300846099854,0.21053004264831543,760.0,,,,,,,,,,,,,,,,,,,,
btc-updown-15m-1790921700,1790922463.7773728,1790922463.7773728,136.22262716293335,0.9945675739526757,0.005432426047324301,0.975,0.025000000000000022,0.01956757395267572,-0.01956757395267572,0.97,0.98,0.010000000000000009,85982.16441403095,85905.68547216413,8.90266359513614,0.0,1.3847969295888163,1.3847969295888163,-0.5080115277922292,3.0177453895063877,0.575646240054085,40,2.140577022295854,-8.894744902972256,UP,0.7773728370666504,0.04137277603149414,763.0,,,,,,,,,,,,,,,,,,,,
btc-updown-15m-1790921700,1790922480.247047,1790922480.247047,119.75295305252075,0.9997061987655398,0.00029380123446021145,0.995,0.0050000000000000044,0.004706198765539793,-0.004706198765539793,0.99,1.0,0.010000000000000009,85999.65641051288,85905.68547216413,10.938849720161237,0.0,0.6973986217784223,1.1228595489831683,0.9391861835483795,2.133183665602445,0.5358405010552885,41,2.8046309313550872,-10.92689695179555,UP,1.247046947479248,0.027046918869018555,779.0,0.0,3.7669050693511963,0.4279520511627197,0.0,0.0,,,,,,,,,,,,,,,
btc-updown-15m-1790921700,1790922484.013952,1790922484.013952,115.98604798316956,0.9998963586077008,0.0001036413922992363,0.995,0.0050000000000000044,0.004896358607700768,-0.004896358607700768,0.99,1.0,0.010000000000000009,86004.68984580363,85905.68547216413,11.524775466877912,0.0011622501161490106,0.0,0.6973986217784223,4.026492296178574,2.134346411630794,0.5294233440327746,42,3.0022811459540812,-11.511508711560397,UP,1.0139520168304443,0.4279520511627197,783.0,,,,,,,,,,,,,,,,,,,,
btc-updown-15m-1790921700,1790922590.117907,1790922590.117907,9.882092952728271,1.0,0.0,0.995,0.0050000000000000044,0.0050000000000000044,-0.0050000000000000044,0.99,1.0,0.010000000000000009,86013.60668327409,85905.68547216413,12.562755365583822,-0.001162141924915261,0.8042669850261142,0.9216635923237071,-0.6983985987396579,,0.21898953078347805,37,56.43070917733103,-66.63307610750738,UP,1.1179070472717285,0.026906967163085938,889.0,0.0,5.328824043273926,0.398730993270874,0.0,0.0,,,,,,,,,,,,,,,
btc-updown-15m-1790921700,1790922595.446731,1790922595.446731,4.553268909454346,1.0,0.0,0.995,0.0050000000000000044,0.0050000000000000044,-0.0050000000000000044,0.99,1.0,0.010000000000000009,86012.79686072051,85905.68547216413,12.468486569621184,,0.0,0.8042669850261142,0.4648784342897727,-0.6972366188673362,0.21334131347210164,39,139.96989661310513,-122.06419156653021,UP,1.4467310905456543,0.398730993270874,894.0,,,,,,,,,,,,,,,,,,,,
btc-updown-15m-1790923500,1790923556.164757,1790923556.164757,843.8352429866791,0.3515216893427906,0.6484783106572094,0.395,0.605,-0.04347831065720942,0.04347831065720942,0.39,0.4,0.010000000000000009,85915.7138676969,85961.40698054613,-5.315538036687606,0.0011634671315263745,0.5084609294891962,-1.860037689319638,,,,18,0.3716145255718373,5.31836503385078,DOWN,1.1647570133209229,0.07275700569152832,55.0,,,,,,,,,,,,,,,,,,,,
btc-updown-15m-1790923500,1790923693.1502368,1790923693.1502368,706.8497631549835,0.31640102921573454,0.6835989707842655,0.395,0.605,-0.07859897078426548,0.07859897078426548,0.39,0.4,0.010000000000000009,85923.67889945093,85961.40698054613,-4.388955744261125,0.2163843684388489,0.2163843684388489,0.2163843684388489,,-1.39464011538748,0.1913346735788172,54,0.4638849501752109,4.390882883326834,DOWN,1.1502368450164795,0.028236865997314453,192.0,,,,,,,,,,,,,,,,,,,,
btc-updown-15m-1790923500,1790923761.399183,1790923761.399183,638.6008169651031,0.4705035106753713,0.5294964893246288,0.525,0.475,-0.05449648932462875,0.054496489324628805,0.52,0.53,0.010000000000000009,85955.8966565442,85961.40698054613,-0.6410230120112992,-0.0011628965745913433,1.003680588596012,1.003680588596012,2.578806860393801,2.810348036479393,0.1994542939946051,51,0.07125391209098858,0.6410641056954717,DOWN,1.3991830348968506,0.3401830196380615,260.0,0.010000000000000009,3.9620580673217773,0.04124116897583008,0.010000000000000009,0.010000000000000009,,,,,,,,,,,,,,,
btc-updown-15m-1790923500,1790923765.361241,1790923765.361241,634.6387588977814,0.5072318588274177,0.4927681411725823,0.535,0.46499999999999997,-0.027768141172582306,0.027768141172582306,0.53,0.54,0.010000000000000009,85962.79279150908,85961.40698054613,0.1612131550232654,0.0,0.7791407054846822,1.7840625989640202,3.3593117784458393,3.3593117784458393,0.22401724168545595,50,0.01797430753119761,-0.16121055609628934,DOWN,1.361241102218628,0.04124116897583008,264.0,,,,,,,,,,,,,,,,,,,,
btc-updown-15m-1790923500,1790923800.8561459,1790923800.8561459,599.1438541412354,0.5633175176096465,0.43668248239035345,0.555,0.44499999999999995,0.008317517609646496,-0.008317517609646496,0.55,0.56,0.010000000000000009,85972.97653226029,85961.40698054613,1.3459006920135685,,0.0,0.0,0.563919718761241,4.652785855530084,0.2511296046056769,50,0.15442265040369677,-1.345719571523296,UP,1.8561458587646484,0.17114591598510742,300.0,,,,,,,,,,,,,,,,,,,,
btc-updown-15m-1790923500,1790923863.039037,1790923863.039037,536.960963010788,0.854431008392856,0.14556899160714398,0.795,0.20499999999999996,0.05943100839285598,-0.05943100839285598,0.79,0.8,0.010000000000000009,86033.50906235,85961.40698054613,8.387727043623894,0.0,2.323067983731608,2.323067983731608,6.04292054652289,6.974770375538508,0.3879294668612426,49,1.0158528384404806,-8.380697543280869,UP,1.0390369892120361,0.39203691482543945,362.0,,,,,,,,,,,,,,,,,,,,
btc-updown-15m-1790923500,1790923863.039037,1790923863.039037,536.960963010788,0.854431008392856,0.14556899160714398,0.795,0.20499999999999996,0.05943100839285598,-0.05943100839285598,0.79,0.8,0.010000000000000009,86033.50906235,85961.40698054613,8.387727043623894,0.0,2.323067983731608,2.323067983731608,6.04292054652289,6.974770375538508,0.3879294668612426,49,1.0158528384404806,-8.380697543280869,UP,1.0390369892120361,0.39203691482543945,362.0,,,,,,,,,,,,,,,,,,,,
btc-updown-15m-1790923500,1790923908.966304,1790923908.966304,491.033695936203,0.8374419698231037,0.1625580301768963,0.765,0.235,0.07244196982310369,-0.07244196982310369,0.76,0.77,0.010000000000000009,86025.43320259347,85961.40698054613,7.4482519884555565,0.0,0.0,0.0011619072415314236,-3.422968174526808,1.7896571760589453,0.49431481623037715,56,0.9434032070802123,-7.442708471639239,UP,0.9663040637969971,0.04130411148071289,408.0,-0.040000000000000036,5.191974878311157,0.02327895164489746,-0.040000000000000036,-0.040000000000000036,,,,,,,,,,,,,,,
btc-updown-15m-1790923500,1790923914.158279,1790923914.158279,485.84172105789185,0.7832244440231562,0.21677555597684384,0.725,0.275,0.058224444023156186,-0.058224444023156186,0.72,0.73,0.010000000000000009,86012.0699356402,85961.40698054613,5.893686117253161,0.0011621326079236383,-1.939222963001086,-1.939222963001086,-5.489223247033825,-0.14991284137066963,0.5591148661304748,56,0.7505950623536202,-5.890214609644896,UP,2.1582789421081543,0.02327895164489746,413.0,,,,,,,,,,,,,,,,,,,,
btc-updown-15m-1790923500,1790923952.79334,1790923952.79334,447.20666003227234,0.5644892797329841,0.43551072026701587,0.465,0.5349999999999999,0.0994892797329841,-0.09948927973298405,0.46,0.47,0.009999999999999953,85971.46020440166,85961.40698054613,1.169504340221561,-0.012790978778376427,-2.4331853465264786,-3.7242804955095465,-5.893173761699622,-10.41148420510618,0.5351442269877376,54,0.15531696890864571,-1.1693675821754654,UP,0.7933399677276611,0.0033397674560546875,452.0,,,,,,0.09000000000000002,10.005069017410278,0.10740900039672852,0.09000000000000002,0.09000000000000008,,,,,,,,,,
btc-updown-15m-1790923500,1790923962.798409,1790923962.798409,437.20159101486206,0.5043141801998791,0.49568581980012094,0.555,0.44499999999999995,-0.05068581980012099,0.05068581980012099,0.55,0.56,0.010000000000000009,85962.08846772142,85961.40698054613,0.07927827140319366,0.0,0.0011628177398748107,0.0011628177398748107,-3.7231181108365874,-7.828931002346051,0.42312400821098334,54,0.010649564547655314,-0.07927764290448161,UP,0.7984089851379395,0.10740900039672852,462.0,,,,,,,,,,,,,,,,,,,,
btc-updown-15m-1790923500,1790923962.798409,1790923962.798409,437.20159101486206,0.5043141801998791,0.49568581980012094,0.555,0.44499999999999995,-0.05068581980012099,0.05068581980012099,0.55,0.56,0.010000000000000009,85962.08846772142,85961.40698054613,0.07927827140319366,0.0,0.0011628177398748107,0.0011628177398748107,-3.7231181108365874,-7.828931002346051,0.42312400821098334,54,0.010649564547655314,-0.07927764290448161,UP,0.7984089851379395,0.10740900039672852,462.0,,,,,,,,,,,,,,,,,,,,
btc-updown-15m-1790923500,1790923998.719635,1790923998.719635,401.2803649902344,0.4581361584765292,0.5418638415234708,0.475,0.525,-0.016863841523470757,0.016863841523470757,0.47,0.48,0.010000000000000009,85955.30929629125,85961.40698054613,-0.7093513786093908,0.0011628700691268534,0.0,-0.93834797966319,-0.4500104130311655,-4.172960979675899,0.3176224997212075,54,0.09946957398214015,0.7094017001166757,UP,1.719635009765625,0.07263493537902832,498.0,,,,,,0.0,9.675977945327759,0.05861306190490723,0.0,0.0,,,,,,,,,,
btc-updown-15m-1790923500,1790924006.4231198,1790924006.4231198,393.5768802165985,0.5029137367052144,0.49708626329478556,0.545,0.45499999999999996,-0.0420862632947856,0.0420862632947856,0.54,0.55,0.010000000000000009,85961.84670921839,85961.40698054613,0.05115419671408716,0.0,0.0011628700691268534,0.0,-0.4500104130311655,-4.171799079926153,0.3176276964158631,54,0.007242462348162367,-0.051153935040489325,UP,1.4231197834014893,0.03311967849731445,505.0,,,,,,,,,,,,,,,,,,,,
btc-updown-15m-1790923500,1790924006.4231198,1790924006.4231198,393.5768802165985,0.5029137367052144,0.49708626329478556,0.545,0.45499999999999996,-0.0420862632947856,0.0420862632947856,0.54,0.55,0.010000000000000009,85961.84670921839,85961.40698054613,0.05115419671408716,0.0,0.0011628700691268534,0.0,-0.4500104130311655,-4.171799079926153,0.3176276964158631,54,0.007242462348162367,-0.051153935040489325,UP,1.4231197834014893,0.03311967849731445,505.0,,,,,,,,,,,,,,,,,,,,
btc-updown-15m-1790923500,1790924008.395613,1790924008.395613,391.6043870449066,0.4958874439701244,0.5041125560298756,0.475,0.525,0.02088744397012443,-0.02088744397012443,0.47,0.48,0.010000000000000009,85960.83436176165,85961.40698054613,-0.0666134727900225,-0.0011628699347898674,-0.0011628699347898674,-0.0011628699347898674,-0.45001046535930733,-2.883086315998984,0.2705058958488969,54,0.009455035899946965,0.06661391652795816,UP,1.3956129550933838,0.05861306190490723,507.0,,,,,,,,,,,,,,,,,,,,
btc-updown-15m-1790923500,1790924025.145303,1790924025.145303,374.85469698905945,0.46181904751388425,0.5381809524861157,0.52,0.48,-0.05818095248611577,0.05818095248611577,0.5,0.54,0.040000000000000036,85956.05558238737,85961.40698054613,-0.6225349661825863,,0.0,-0.0011628699347898674,0.0,-0.45001046535930733,0.14372120852519307,54,0.09031945248218723,0.6225737235733269,DOWN,1.1453030109405518,0.006302833557128906,524.0,,,,,,,,,,,,,,,,,,,,
btc-updown-15m-1790923500,1790924042.175112,1790924042.175112,357.82488799095154,0.46695102707065095,0.533048972929349,0.495,0.505,-0.028048972929349048,0.028048972929349048,0.49,0.5,0.010000000000000009,85956.89785056704,85961.40698054613,-0.5245528356834228,0.0,0.0,0.0011628700691268534,0.0,-0.4488476476194325,0.146449096110546,52,0.07789305486466187,0.5245803526941704,DOWN,1.175112009048462,0.06911206245422363,541.0,0.030000000000000027,6.026741027832031,0.2378530502319336,0.030000000000000027,0.030000000000000027,,,,,,,,,,,,,,,
btc-updown-15m-1790923500,1790924048.201853,1790924048.201853,351.7981469631195,0.47761706593065983,0.5223829340693402,0.525,0.475,-0.04738293406934019,0.04738293406934024,0.52,0.53,0.010000000000000009,85958.38942805704,85961.40698054613,-0.35103572580852394,-0.0011628699347898674,-0.0011628699347898674,-0.0011628699347898674,-0.0011628699347898674,-0.9395107404797098,0.12887643801786766,52,0.05257046005522117,0.35104804884928803,DOWN,1.2018530368804932,0.2378530502319336,547.0,,,,,,,,,,,,,,,,0.37,58.826804876327515,0.12265801429748535,0.37,0.37
btc-updown-15m-1790923500,1790924060.318862,1790924060.318862,339.68113803863525,0.5366110587506031,0.4633889412493969,0.625,0.375,-0.08838894124939689,0.08838894124939689,0.62,0.63,0.010000000000000009,85966.29395193417,85961.40698054613,0.5685076082051488,1.369799138375427,1.8198914484157669,1.8210545301156067,1.8198914484157669,1.8210545301156067,0.19678916125367626,52,0.08663589450847015,-0.5684752899518616,DOWN,1.318861961364746,0.010861873626708984,559.0,,,,,,,,,,,0.14,29.950039863586426,0.20190167427062988,0.14,0.14,,,,,
btc-updown-15m-1790923500,1790924090.2689018,1790924090.2689018,309.7310981750488,0.6818441544035566,0.3181558455964434,0.765,0.235,-0.0831558455964434,0.0831558455964434,0.76,0.77,0.010000000000000009,85985.20049975843,85961.40698054613,2.7679304059891052,0.0,1.1415660472691158,1.1427286709930762,2.5822641817874192,4.402625574253527,0.2562661198367693,54,0.4416360888671252,-2.767164474119434,UP,1.2689018249511719,0.20190167427062988,589.0,,,,,,,,,,,,,,,,,,,,
btc-updown-15m-1790923500,1790924104.9412549,1790924104.9412549,295.05874514579773,0.8779458250811021,0.12205417491889792,0.905,0.09499999999999997,-0.027054174918897944,0.027054174918897944,0.9,0.91,0.010000000000000009,86018.38979296663,85961.40698054613,6.6288831723504416,0.2556081591986725,,3.420422186790617,5.726430090473578,8.990148513625673,0.3354312822504959,54,1.0832290890453522,-6.624491874079863,UP,0.9412548542022705,0.6732549667358398,604.0,,,,,,,,,,,,,,,,,,,,
btc-updown-15m-1790923500,1790924107.028658,1790924107.028658,292.971342086792,0.9300329928714941,0.0699670071285059,0.895,0.10499999999999998,0.035032992871494084,-0.035032992871494084,0.89,0.9,0.010000000000000009,86033.32338803832,85961.40698054613,8.36612731437203,0.06390039902992584,1.9103937037878715,3.001876783126356,5.7915295799304545,9.054105314618699,0.3350258245893689,54,1.3717365245325936,-8.359133956481022,UP,1.0286579132080078,0.12265801429748535,606.0,0.030000000000000027,5.172148942947388,0.07480669021606445,0.030000000000000027,0.030000000000000027,,,,,,,,,,,,,,,
btc-updown-15m-1790923500,1790924112.2008069,1790924112.2008069,287.7991931438446,0.9518281716735268,0.048171828326473154,0.925,0.07499999999999996,0.0268281716735268,-0.0268281716735268,0.92,0.93,0.010000000000000009,86041.59460737936,85961.40698054613,9.328328798918761,-0.0011616746786735632,1.2326889116098805,3.1433181075124494,7.026095714628422,10.287910315749382,0.35365851375229324,54,1.5430361897180882,-9.319635136835299,UP,1.2008068561553955,0.07480669021606445,611.0,,,,,,,,,,,,,,,,-0.030000000000000027,58.65364408493042,0.2064509391784668,-0.030000000000000027,-0.030000000000000027
btc-updown-15m-1790923500,1790924112.2008069,1790924112.2008069,287.7991931438446,0.9518281716735268,0.048171828326473154,0.925,0.07499999999999996,0.0268281716735268,-0.0268281716735268,0.92,0.93,0.010000000000000009,86041.59460737936,85961.40698054613,9.328328798918761,-0.0011616746786735632,1.2326889116098805,3.1433181075124494,7.026095714628422,10.287910315749382,0.35365851375229324,54,1.5430361897180882,-9.319635136835299,UP,1.2008068561553955,0.07480669021606445,611.0,,,,,,,,,,,,,,,,-0.030000000000000027,58.65364408493042,0.2064509391784668,-0.030000000000000027,-0.030000000000000027
btc-updown-15m-1790923500,1790924112.9871721,1790924112.9871721,287.01282787323,0.9571573953328014,0.04284260466719858,0.885,0.11499999999999999,0.07215739533280141,-0.07215739533280141,0.88,0.89,0.010000000000000009,86044.1530230989,85961.40698054613,9.625952559326745,-0.0011616746786735632,1.2326889116098805,3.1433181075124494,7.026095714628422,10.287910315749382,0.35365851375229324,54,1.5943996936883642,-9.616695573789238,UP,0.9871721267700195,0.21917223930358887,612.0,,,,,,,,,,,,,,,,,,,,
btc-updown-15m-1790923500,1790924127.9654279,1790924127.9654279,272.0345721244812,0.959554897415452,0.04044510258454803,0.905,0.09499999999999997,0.05455489741545194,-0.05455489741545194,0.9,0.91,0.010000000000000009,86042.8606287102,85961.40698054613,9.475606673410297,0.0,0.0,0.0011616563289074122,4.395314747884793,8.21616930958946,0.3187805064385069,51,1.612150703309601,-9.466636461048704,UP,0.9654278755187988,0.050427913665771484,627.0,,,,,,,,,,,,,,,,,,,,
btc-updown-15m-1790923500,1790924168.8489358,1790924168.8489358,231.15106415748596,0.9757917585681015,0.02420824143189848,0.925,0.07499999999999996,0.050791758568101475,-0.050791758568101475,0.92,0.93,0.010000000000000009,86044.99879657116,85961.40698054613,9.724342464978442,0.0,0.0011616563289074122,0.0,0.0,1.2954144420018743,0.15053307686638387,47,1.7947839071520784,-9.714895368022306,UP,1.848935842514038,0.06093573570251465,668.0,-0.010000000000000009,6.1361072063446045,0.4500429630279541,-0.010000000000000009,-0.010000000000000009,,,,,,0.0,30.719013214111328,0.3359489440917969,0.0,0.0,,,,,
btc-updown-15m-1790923500,1790924170.246046,1790924170.246046,229.75395393371582,0.9742830461469746,0.025716953853025415,0.905,0.09499999999999997,0.06928304614697456,-0.06928304614697456,0.9,0.91,0.010000000000000009,86043.6012462407,85961.40698054613,9.561763654375444,0.0,-1.569397697457342,-1.5705591713399691,-1.5705591713399691,-1.4102732247545102,0.02339749568714202,46,1.7701637049267966,-9.552629655671497,UP,1.2460460662841797,0.19704604148864746,669.0,0.010000000000000009,4.738996982574463,0.4500429630279541,0.010000000000000009,0.010000000000000009,0.039999999999999925,10.547122716903687,0.42416882514953613,0.039999999999999925,0.039999999999999925,0.010000000000000009,30.337218046188354,0.8012640476226807,0.010000000000000009,0.010000000000000009,,,,,
btc-updown-15m-1790923500,1790924170.246046,1790924170.246046,229.75395393371582,0.9742830461469746,0.025716953853025415,0.905,0.09499999999999997,0.06928304614697456,-0.06928304614697456,0.9,0.91,0.010000000000000009,86043.6012462407,85961.40698054613,9.561763654375444,0.0,-1.569397697457342,-1.5705591713399691,-1.5705591713399691,-1.4102732247545102,0.02339749568714202,46,1.7701637049267966,-9.552629655671497,UP,1.2460460662841797,0.19704604148864746,669.0,0.010000000000000009,4.738996982574463,0.4500429630279541,0.010000000000000009,0.010000000000000009,0.039999999999999925,10.547122716903687,0.42416882514953613,0.039999999999999925,0.039999999999999925,0.010000000000000009,30.337218046188354,0.8012640476226807,0.010000000000000009,0.010000000000000009,,,,,
btc-updown-15m-1790923500,1790924170.854451,1790924170.854451,229.14554905891418,0.9716922737877548,0.0283077262122452,0.895,0.10499999999999998,0.07669227378775478,-0.07669227378775478,0.89,0.9,0.010000000000000009,86041.71719709787,85961.40698054613,9.342589817069591,0.0,-1.569397697457342,-1.5705591713399691,-1.5705591713399691,-1.4102732247545102,0.02339749568714202,46,1.7319206984015583,-9.333869565592854,UP,0.8544509410858154,0.2064509391784668,670.0,0.020000000000000018,4.130592107772827,0.4500429630279541,0.020000000000000018,0.020000000000000018,0.04999999999999993,9.93871784210205,0.42416882514953613,0.04999999999999993,0.04999999999999993,0.020000000000000018,29.72881317138672,0.8012640476226807,0.020000000000000018,0.020000000000000018,,,,,
btc-updown-15m-1790923500,1790924174.985043,1790924174.985043,225.01495695114136,0.9535989895171897,0.04640101048281031,0.915,0.08499999999999996,0.03859898951718965,-0.03859898951718965,0.91,0.92,0.010000000000000009,86031.43772705448,85961.40698054613,8.146765969545555,-0.0011618385298284295,0.0,-1.5705591713399691,-1.569397697457342,-1.4102732247545102,0.022915293257998976,48,1.524220749492817,-8.140134392560936,UP,0.9850430488586426,0.4500429630279541,674.0,0.029999999999999916,5.808125734329224,0.42416882514953613,0.029999999999999916,0.029999999999999916,,,,,,-0.10999999999999999,30.192301034927368,1.3013441562652588,-0.10999999999999999,-0.10999999999999999,,,,,
btc-updown-15m-1790923500,1790924180.7931688,1790924180.7931688,219.20683121681213,0.9714391385289654,0.02856086147103465,0.945,0.05500000000000005,0.0264391385289654,-0.0264391385289654,0.94,0.95,0.010000000000000009,86039.41796614909,85961.40698054613,9.075117351280415,0.001161759297652054,0.6831610559165924,0.6843229739539325,-0.8851821209931998,-0.8863436743589137,0.09774327336606965,48,1.720098221748512,-9.066889043072287,UP,1.7931687831878662,0.42416882514953613,679.0,,,,,,,,,,,,,,,,-0.3899999999999999,59.18390226364136,1.573071002960205,-0.3899999999999999,-0.3899999999999999
btc-updown-15m-1790923500,1790924195.7293062,1790924195.7293062,204.2706937789917,0.9554271325036626,0.044572867496337376,0.965,0.03500000000000003,-0.009572867496337345,0.009572867496337345,0.96,0.97,0.010000000000000009,86028.14386005212,85961.40698054613,7.7635862243496945,0.0,,2.099299052527037,1.2127692051411287,1.2127692051411287,0.5010016578606286,52,1.5245592215645822,-7.757563572980697,UP,1.7293062210083008,0.29930615425109863,694.0,-0.04999999999999993,4.853957891464233,0.8012640476226807,-0.04999999999999993,-0.04999999999999993,-0.15999999999999992,9.44803786277771,1.3013441562652588,-0.15999999999999992,-0.15999999999999992,,,,,,,,,,
btc-updown-15m-1790923500,1790924199.567949,1790924199.567949,200.43205094337463,0.9902401307607145,0.009759869239285512,0.925,0.07499999999999996,0.06524013076071444,-0.06524013076071444,0.92,0.93,0.010000000000000009,86052.02566766158,85961.40698054613,10.541787332070118,-2.820295159917663,-3.301026942280627,0.042990448103630285,-0.5193418834592567,-2.088658075520833,0.6292747812620164,54,2.0892724156683657,-10.530686106730913,UP,1.5679490566253662,0.3359489440917969,698.0,-0.19500000000000006,4.403772830963135,1.225722074508667,-0.20000000000000007,-0.19000000000000006,,,,,,,,,,,,,,,
btc-updown-15m-1790923500,1790924200.583264,1790924200.583264,199.41673588752747,0.9894607116743436,0.010539288325656426,0.915,0.08499999999999996,0.07446071167434354,-0.07446071167434354,0.91,0.92,0.010000000000000009,86050.62080667856,85961.40698054613,10.378358063940496,-2.556177817024663,-5.8563609581197,,-3.0753869474631212,-4.645463111085935,0.7168417003927857,54,2.062145685219223,-10.367598199303737,UP,1.5832641124725342,0.8012640476226807,699.0,-0.10999999999999999,4.594079971313477,1.3013441562652588,-0.10999999999999999,-0.10999999999999999,,,,,,,,,,,,,,,
btc-updown-15m-1790923500,1790924201.455955,1790924201.455955,198.54404497146606,0.9719253499278905,0.02807465007210952,0.865,0.135,0.10692534992789049,-0.10692534992789049,0.86,0.87,0.010000000000000009,86035.06959537565,85961.40698054613,8.569265838818119,0.0,-5.8563609581197,-2.5143599699017916,-3.0753869474631212,-4.644301994400912,0.7168433932883561,54,1.7067313734454272,-8.561928894339788,UP,1.4559550285339355,1.1549551486968994,700.0,-0.030000000000000027,5.646456956863403,1.4354119300842285,-0.030000000000000027,-0.030000000000000027,,,,,,,,,,,,,,,
btc-updown-15m-1790923500,1790924201.455955,1790924201.455955,198.54404497146606,0.9719253499278905,0.02807465007210952,0.865,0.135,0.10692534992789049,-0.10692534992789049,0.86,0.87,0.010000000000000009,86035.06959537565,85961.40698054613,8.569265838818119,0.0,-5.8563609581197,-2.5143599699017916,-3.0753869474631212,-4.644301994400912,0.7168433932883561,54,1.7067313734454272,-8.561928894339788,UP,1.4559550285339355,1.1549551486968994,700.0,-0.030000000000000027,5.646456956863403,1.4354119300842285,-0.030000000000000027,-0.030000000000000027,,,,,,,,,,,,,,,
btc-updown-15m-1790923500,1790924201.455955,1790924201.455955,198.54404497146606,0.9719253499278905,0.02807465007210952,0.865,0.135,0.10692534992789049,-0.10692534992789049,0.86,0.87,0.010000000000000009,86035.06959537565,85961.40698054613,8.569265838818119,0.0,-5.8563609581197,-2.5143599699017916,-3.0753869474631212,-4.644301994400912,0.7168433932883561,54,1.7067313734454272,-8.561928894339788,UP,1.4559550285339355,1.1549551486968994,700.0,-0.030000000000000027,5.646456956863403,1.4354119300842285,-0.030000000000000027,-0.030000000000000027,,,,,,,,,,,,,,,
btc-updown-15m-1790923500,1790924202.206623,1790924202.206623,197.79337692260742,0.9421257319283594,0.057874268071640644,0.865,0.135,0.07712573192835936,-0.07712573192835936,0.86,0.87,0.010000000000000009,86021.92468847557,85961.40698054613,7.040102070821064,-1.1610338896383965,-7.016714904404253,-3.6751019338265856,-4.2360637742544505,-5.805957646713988,0.7320615675370659,54,1.4050424023825623,-7.035149253937209,UP,1.2066230773925781,1.650623083114624,701.0,-0.030000000000000027,4.895788908004761,1.4354119300842285,-0.030000000000000027,-0.030000000000000027,,,,,,,,,,,,,,,
btc-updown-15m-1790923500,1790924203.971722,1790924203.971722,196.0282781124115,0.8710416147524206,0.1289583852475794,0.73,0.27,0.1410416147524206,-0.1410416147524206,0.72,0.74,0.020000000000000018,86004.68978189034,85961.40698054613,5.03514342826028,0.040681586270796544,-6.495506809828244,-3.634435298452976,-4.196560772055102,-5.765299679999503,0.7321628948726858,54,1.0096151363413937,-5.0326094372261565,UP,0.971721887588501,1.225722074508667,703.0,,,,,,,,,,,,,,,,,,,,
btc-updown-15m-1790923500,1790924205.177344,1790924205.177344,194.822655916214,0.8597817331385558,0.14021826686144423,0.805,0.19499999999999995,0.05478173313855572,-0.05478173313855572,0.8,0.81,0.010000000000000009,86002.54074490193,85961.40698054613,4.785143217247434,0.0,-0.3056575705462361,-6.161839524559953,-3.382111962196843,-4.949817608340679,0.7419413236472338,54,0.9624749436376335,-4.782854552844243,UP,1.1773440837860107,1.3013441562652588,704.0,,,,,,-0.040000000000000036,11.15346884727478,0.00681304931640625,-0.040000000000000036,-0.040000000000000036,,,,,,,,,,
btc-updown-15m-1790923500,1790924205.177344,1790924205.177344,194.822655916214,0.8597817331385558,0.14021826686144423,0.805,0.19499999999999995,0.05478173313855572,-0.05478173313855572,0.8,0.81,0.010000000000000009,86002.54074490193,85961.40698054613,4.785143217247434,0.0,-0.3056575705462361,-6.161839524559953,-3.382111962196843,-4.949817608340679,0.7419413236472338,54,0.9624749436376335,-4.782854552844243,UP,1.1773440837860107,1.3013441562652588,704.0,,,,,,-0.040000000000000036,11.15346884727478,0.00681304931640625,-0.040000000000000036,-0.040000000000000036,,,,,,,,,,
btc-updown-15m-1790923500,1790924207.102412,1790924207.102412,192.89758801460266,0.891133862818737,0.10886613718126303,0.835,0.16500000000000004,0.056133862818737,-0.056133862818737,0.83,0.84,0.010000000000000009,86008.08810696617,85961.40698054613,5.430474914236427,0.0011622316109516362,0.8566379737517948,-6.1606780090972535,-3.379788677811968,-4.948655952012881,0.7419431573663585,54,1.097641762698145,-5.427527509038535,UP,1.1024119853973389,1.4354119300842285,706.0,,,,,,-0.08999999999999997,10.18680715560913,0.18721890449523926,-0.08999999999999997,-0.08999999999999997,,,,,,,,,,
btc-updown-15m-1790923500,1790924216.330813,1790924216.330813,183.6691870689392,0.8555101481585925,0.1444898518414075,0.765,0.235,0.09051014815859248,-0.09051014815859248,0.76,0.77,0.010000000000000009,86000.33408690343,85961.40698054613,4.528439880713275,-1.1587449153815932,-1.1587449153815932,-1.1587449153815932,-5.223269199581271,-6.107988966124189,0.7564359410345857,54,0.9381144365067242,-4.526390132154616,UP,1.330812931060791,0.00681304931640625,715.0,0.020000000000000018,4.758291006088257,0.5791037082672119,0.020000000000000018,0.020000000000000018,,,,,,,,,,,,,,,
btc-updown-15m-1790923500,1790924217.2892191,1790924217.2892191,182.71078085899353,0.8563172000551231,0.14368279994487687,0.745,0.255,0.11131720005512313,-0.11131720005512313,0.74,0.75,0.010000000000000009,86000.33408690343,85961.40698054613,4.528439880713275,-0.0011623662976578686,-1.1599071469914346,-1.1610692436603287,-5.224430958744586,,0.7496096178030919,55,0.940571649850158,-4.526390132154616,UP,2.2892191410064697,0.18721890449523926,716.0,0.040000000000000036,3.799884796142578,0.5791037082672119,0.040000000000000036,0.040000000000000036,,,,,,,,,,,,,,,
btc-updown-15m-1790923500,1790924221.089104,1790924221.089104,178.91089606285095,0.8249834327622062,0.1750165672377938,0.785,0.21499999999999997,0.03998343276220617,-0.03998343276220617,0.78,0.79,0.010000000000000009,85995.14130552193,85961.40698054613,3.9243570063285382,0.0011623664342153006,0.0,-1.1587449153815932,-3.9783588433206507,-6.107988966124189,0.7429715760898694,56,0.8237619017208146,-3.922817552673948,UP,1.0891039371490479,0.5791037082672119,720.0,,,,,,,,,,,-0.29000000000000004,29.79876399040222,0.6838679313659668,-0.29000000000000004,-0.29000000000000004,,,,,
btc-updown-15m-1790923500,1790924239.977071,1790924239.977071,160.02292895317078,0.5333879975769,0.46661200242309997,0.555,0.44499999999999995,-0.02161200242310002,0.02161200242310002,0.55,0.56,0.010000000000000009,85964.2238561598,85961.40698054613,0.3276907292026898,0.001162790697062377,0.001162790697062377,0.001162790697062377,-4.808151612631928,-8.868870485332359,0.8207436787809478,58,0.07275800860963842,-0.32767999143297644,UP,0.9770710468292236,1.573071002960205,739.0,,,,,,-0.06000000000000005,10.910796880722046,0.6838679313659668,-0.06000000000000005,-0.06000000000000005,,,,,,,,,,
btc-updown-15m-1790923500,1790924250.887868,1790924250.887868,149.11213207244873,0.5690025796277273,0.43099742037227273,0.495,0.505,0.07400257962772727,-0.07400257962772727,0.49,0.5,0.010000000000000009,85966.97221428291,85961.40698054613,0.647410731426934,-0.5976744186042549,-0.5988371396692393,-0.5976744186042549,-4.246124583131561,,0.8312027162537674,55,0.14890774128466736,-0.6473688200751311,UP,1.8878679275512695,0.6838679313659668,749.0,,,,,,,,,,,,,,,,,,,,
btc-updown-15m-1790923500,1790924250.887868,1790924250.887868,149.11213207244873,0.5690025796277273,0.43099742037227273,0.495,0.505,0.07400257962772727,-0.07400257962772727,0.49,0.5,0.010000000000000009,85966.97221428291,85961.40698054613,0.647410731426934,-0.5976744186042549,-0.5988371396692393,-0.5976744186042549,-4.246124583131561,,0.8312027162537674,55,0.14890774128466736,-0.6473688200751311,UP,1.8878679275512695,0.6838679313659668,749.0,,,,,,,,,,,,,,,,,,,,
btc-updown-15m-1790923500,1790924251.6035461,1790924251.6035461,148.39645385742188,0.5489273018710707,0.45107269812892925,0.505,0.495,0.043927301871070745,-0.043927301871070745,0.5,0.51,0.010000000000000009,85965.33195058892,85961.40698054613,0.45659676599640875,-0.5651500566428158,-1.1639533530283241,,-4.812196477099739,-8.788640855978969,0.8255839289390404,56,0.10527450988938084,-0.45657591888855004,UP,1.603546142578125,1.0695459842681885,750.0,,,,,,,,,,,,,,,,,,,,
btc-updown-15m-1790923500,1790924252.4536152,1790924252.4536152,147.54638481140137,0.5135218426273132,0.48647815737268685,0.495,0.505,0.018521842627313156,-0.018521842627313156,0.49,0.5,0.010000000000000009,85962.48915973,85961.40698054613,0.12589128329576482,0.0,-1.1627906976741098,-1.1639533530283241,-4.202210606890633,-8.788640855978969,0.8255839289390404,56,0.029110381345063933,-0.125889698454073,UP,1.4536151885986328,1.3966152667999268,751.0,,,,,,,,,,,,,,,,,,,,
btc-updown-15m-1790923500,1790924253.108202,1790924253.108202,146.89179801940918,0.4813038551434695,0.5186961448565305,0.475,0.525,0.006303855143469539,-0.006303855143469539,0.47,0.48,0.010000000000000009,85959.92892461682,85961.40698054613,-0.171944129491175,0.0011629259200063302,-1.1616279069770474,-1.1616279069770474,-4.201048169655275,-8.787478952112515,0.8255878937048008,56,0.03984905572859508,0.1719470860207653,UP,1.1082019805908203,1.2432019710540771,752.0,,,,,,,,,,,0.21999999999999997,31.130825996398926,1.6310279369354248,0.20000000000000007,0.24,,,,,
btc-updown-15m-1790923500,1790924284.239028,1790924284.239028,115.76097202301025,0.7973653510912442,0.20263464890875582,0.695,0.30500000000000005,0.10236535109124423,-0.10236535109124423,0.67,0.72,0.04999999999999993,85983.59110771459,85961.40698054613,2.580707778954139,-0.0011625233165002413,2.962987426260444,1.3673145094283967,3.4620304686594494,2.2988372093024623,0.5424465936333509,51,0.6735466370930674,-2.58004194552221,UP,1.239027976989746,1.6310279369354248,783.0,,,,,,,,,,,,,,,,,,,,
btc-updown-15m-1790923500,1790924284.239028,1790924284.239028,115.76097202301025,0.7973653510912442,0.20263464890875582,0.695,0.30500000000000005,0.10236535109124423,-0.10236535109124423,0.67,0.72,0.04999999999999993,85983.59110771459,85961.40698054613,2.580707778954139,-0.0011625233165002413,2.962987426260444,1.3673145094283967,3.4620304686594494,2.2988372093024623,0.5424465936333509,51,0.6735466370930674,-2.58004194552221,UP,1.239027976989746,1.6310279369354248,783.0,,,,,,,,,,,,,,,,,,,,
btc-updown-15m-1790923500,1790924284.239028,1790924284.239028,115.76097202301025,0.7973653510912442,0.20263464890875582,0.695,0.30500000000000005,0.10236535109124423,-0.10236535109124423,0.67,0.72,0.04999999999999993,85983.59110771459,85961.40698054613,2.580707778954139,-0.0011625233165002413,2.962987426260444,1.3673145094283967,3.4620304686594494,2.2988372093024623,0.5424465936333509,51,0.6735466370930674,-2.58004194552221,UP,1.239027976989746,1.6310279369354248,783.0,,,,,,,,,,,,,,,,,,,,
btc-updown-15m-1790923500,1790924292.4597409,1790924292.4597409,107.54025912284851,0.9507261975834838,0.049273802416516244,0.865,0.135,0.08572619758348377,-0.08572619758348377,0.86,0.87,0.010000000000000009,86002.98351205135,85961.40698054613,4.836650883881521,-1.4946482642841374,-1.4958103363649222,0.8916553843785202,2.261417542552824,3.191860465114882,0.6692877273679819,51,1.3093965334859838,-4.834312695603891,UP,1.4597408771514893,1.7107410430908203,791.0,,,,,,,,,,,,,,,,,,,,
btc-updown-15m-1790923500,1790924292.4597409,1790924292.4597409,107.54025912284851,0.9507261975834838,0.049273802416516244,0.865,0.135,0.08572619758348377,-0.08572619758348377,0.86,0.87,0.010000000000000009,86002.98351205135,85961.40698054613,4.836650883881521,-1.4946482642841374,-1.4958103363649222,0.8916553843785202,2.261417542552824,3.191860465114882,0.6692877273679819,51,1.3093965334859838,-4.834312695603891,UP,1.4597408771514893,1.7107410430908203,791.0,,,,,,,,,,,,,,,,,,,,
btc-updown-15m-1790923500,1790924339.24398,1790924339.24398,60.756020069122314,0.9241069141979384,0.07589308580206156,0.915,0.08499999999999996,0.00910691419793841,-0.00910691419793841,0.91,0.92,0.010000000000000009,85981.40097331881,85961.40698054613,2.325926654178634,0.0,1.6474862986570749,,0.6952032487173021,3.453717682884161,1.0443520767624692,45,0.8379581765243472,-2.325385786501123,UP,1.2439799308776855,1.9159798622131348,838.0,,,,,,-0.050000000000000044,9.522264242172241,0.14524412155151367,-0.050000000000000044,-0.050000000000000044,,,,,,0.07999999999999996,61.29545497894287,0.11543488502502441,0.07999999999999996,0.07999999999999996
btc-updown-15m-1790923500,1790924340.1058939,1790924340.1058939,59.89410614967346,0.8263163959276913,0.17368360407230865,0.945,0.05500000000000005,-0.1186836040723086,0.1186836040723086,0.94,0.95,0.010000000000000009,85983.6777515064,85961.40698054613,2.590787161651509,-0.0011624664242315674,0.9277343750002665,2.6464740849019286,2.6464740849019286,3.4525548149777485,1.0443539895627676,45,,,UP,1.105893850326538,1.5298938751220703,839.0,,,,,,-0.07999999999999996,8.660350322723389,0.14524412155151367,-0.07999999999999996,-0.07999999999999996,,,,,,0.050000000000000044,60.43354105949402,0.11543488502502441,0.050000000000000044,0.050000000000000044
btc-updown-15m-1790923500,1790924340.1058939,1790924340.1058939,59.89410614967346,0.8263163959276913,0.17368360407230865,0.945,0.05500000000000005,-0.1186836040723086,0.1186836040723086,0.94,0.95,0.010000000000000009,85983.6777515064,85961.40698054613,2.590787161651509,-0.0011624664242315674,0.9277343750002665,2.6464740849019286,2.6464740849019286,3.4525548149777485,1.0443539895627676,45,,,UP,1.105893850326538,1.5298938751220703,839.0,,,,,,-0.07999999999999996,8.660350322723389,0.14524412155151367,-0.07999999999999996,-0.07999999999999996,,,,,,0.050000000000000044,60.43354105949402,0.11543488502502441,0.050000000000000044,0.050000000000000044
btc-updown-15m-1790923500,1790924348.165014,1790924348.165014,51.834985971450806,0.8666732856758634,0.13332671432413656,0.855,0.14500000000000002,0.011673285675863454,-0.011673285675863454,0.85,0.86,0.010000000000000009,85973.14277860704,85961.40698054613,1.3652403413511038,0.0,-0.001162682405908555,-1.858783811353737,1.6117377300362001,-3.755216595570099,0.950960641375897,42,0.6415315227763496,-1.6627767679275935,UP,1.1650140285491943,0.5470142364501953,847.0,,,,,,,,,,,-0.39999999999999997,30.84635901451111,0.3013730049133301,-0.39999999999999997,-0.39999999999999997,,,,,
btc-updown-15m-1790923500,1790924348.7662442,1790924348.7662442,51.23375582695007,0.873481328576942,0.12651867142305795,0.865,0.135,0.00848132857694206,-0.00848132857694206,0.86,0.87,0.010000000000000009,85973.14277860704,85961.40698054613,1.3652403413511038,0.0,-0.001162682405908555,-1.858783811353737,1.6117377300362001,-3.755216595570099,0.950960641375897,42,0.6601259264501272,-1.6947532442339912,UP,1.7662441730499268,0.14524412155151367,848.0,,,,,,-0.08999999999999997,11.447345733642578,0.2045900821685791,-0.10999999999999999,-0.06999999999999995,-0.41,30.245128870010376,0.3013730049133301,-0.41,-0.41,,,,,
btc-updown-15m-1790923500,1790924360.21359,1790924360.21359,39.786410093307495,0.9065663834252765,0.09343361657472349,0.775,0.22499999999999998,0.1315663834252765,-0.1315663834252765,0.75,0.8,0.050000000000000044,85970.46227664062,85961.40698054613,1.0534141322904311,0.0,-0.928983350386714,-0.9301459247812449,-0.1406956785043878,-0.3058045659998232,0.6084939650097679,39,0.7622793617700048,-1.7377372157634325,UP,1.2135899066925049,0.2045900821685791,859.0,-0.06000000000000005,4.819049119949341,0.4876391887664795,-0.040000000000000036,-0.08000000000000007,,,,,,0.16499999999999992,30.944153308868408,1.3817431926727295,0.18000000000000005,0.1499999999999999,,,,,
btc-updown-15m-1790923500,1790924365.032639,1790924365.032639,34.967360973358154,0.7967727455881173,0.20322725441188272,0.715,0.28500000000000003,0.08177274558811731,-0.08177274558811731,0.71,0.72,0.010000000000000009,85962.79612257061,85961.40698054613,0.16160066165449294,0.0011630065310797022,-1.8558137376956108,-2.78462468607521,-3.7144252232135244,,0.5838792702976415,42,0.4794619695404466,-1.024196830583972,UP,1.0326390266418457,0.4876391887664795,864.0,,,,,,-0.14500000000000002,9.816528797149658,0.2221677303314209,-0.1499999999999999,-0.14,,,,,,,,,,
btc-updown-15m-1790923500,1790924365.032639,1790924365.032639,34.967360973358154,0.7967727455881173,0.20322725441188272,0.715,0.28500000000000003,0.08177274558811731,-0.08177274558811731,0.71,0.72,0.010000000000000009,85962.79612257061,85961.40698054613,0.16160066165449294,0.0011630065310797022,-1.8558137376956108,-2.78462468607521,-3.7144252232135244,,0.5838792702976415,42,0.4794619695404466,-1.024196830583972,UP,1.0326390266418457,0.4876391887664795,864.0,,,,,,-0.14500000000000002,9.816528797149658,0.2221677303314209,-0.1499999999999999,-0.14,,,,,,,,,,
btc-updown-15m-1790923500,1790924366.234645,1790924366.234645,33.76535511016846,0.5077473719837009,0.4922526280162991,0.525,0.475,-0.01725262801629912,0.01725262801629912,0.5,0.55,0.050000000000000044,85953.94399119276,85961.40698054613,-0.868179060291574,0.0,-1.8558137376956108,,-3.7144252232135244,-3.9468483340687754,0.5772240939183856,43,0.011251675358905582,-0.023698956696555723,UP,1.234644889831543,1.2396447658538818,865.0,,,,,,0.04499999999999993,8.614522933959961,0.2221677303314209,0.06000000000000005,0.029999999999999916,,,,,,,,,,
btc-updown-15m-1790923500,1790924366.8541691,1790924366.8541691,33.14583086967468,0.4371992496634066,0.5628007503365934,0.525,0.475,-0.0878007503365934,0.0878007503365934,0.5,0.55,0.050000000000000044,85952.10589532387,85961.40698054613,-1.0820070946915283,0.0,-1.8558137376956108,,-3.7144252232135244,-3.9468483340687754,0.5772240939183856,43,0.09126154919063399,0.18945466670364433,UP,0.8541691303253174,1.8591690063476562,866.0,,,,,,,,,,,,,,,,,,,,
btc-updown-15m-1790923500,1790924374.8491678,1790924374.8491678,25.150832176208496,0.3562565149008084,0.6437434850991917,0.57,0.43000000000000005,-0.21374348509919155,0.2137434850991916,0.56,0.58,0.019999999999999907,85951.23687101233,85961.40698054613,-1.183101800102948,-0.0011630063956324932,0.0,0.0,-2.786949727124899,-1.9976460799053797,0.4951644431498243,44,0.21279050621296408,0.3862930848980599,UP,0.8491678237915039,0.2221677303314209,874.0,-0.11499999999999994,4.162205219268799,0.3013730049133301,-0.11000000000000004,-0.11999999999999994,-0.06999999999999995,9.318287134170532,1.859454870223999,-0.08000000000000007,-0.05999999999999994,,,,,,,,,,
btc-updown-15m-1790923500,1790924379.011373,1790924379.011373,20.988626956939697,0.3746085439367606,0.6253914560632394,0.455,0.5449999999999999,-0.08039145606323944,0.0803914560632395,0.45,0.46,0.010000000000000009,85952.42228562298,85961.40698054613,-1.045201008074148,0.0011630065310797022,0.0011630065310797022,0.0011630065310797022,-2.78578704471788,-1.1733357645060671,0.4876631031967888,44,0.18460082904621175,0.30826413499380034,UP,2.0113730430603027,0.3013730049133301,878.0,0.044999999999999984,5.156081914901733,1.859454870223999,0.02999999999999997,0.06,,,,,,,,,,,,,,,
btc-updown-15m-1790923500,1790924382.193217,1790924382.193217,17.806782960891724,0.26411809130864633,0.7358819086913537,0.445,0.5549999999999999,-0.18088190869135368,0.1808819086913538,0.41,0.48,0.07,85950.90379648321,85961.40698054613,-1.2218487844550818,0.0,,0.0011630065310797022,-2.78462468607521,-1.1733357645060671,0.49328379192954375,43,0.3642443652855805,0.5652592197838883,UP,1.1932170391082764,0.8152172565460205,881.0,,,,,,0.42,10.137732744216919,1.222949743270874,0.44,0.4,,,,,,,,,,
btc-updown-15m-1790923500,1790924382.989703,1790924382.989703,17.010297060012817,0.2464780803910417,0.7535219196089583,0.485,0.515,-0.2385219196089583,0.2385219196089583,0.47,0.5,0.030000000000000027,85950.89151358762,85961.40698054613,-1.2232776693499314,0.0,,0.0011630065310797022,-2.78462468607521,-1.1733357645060671,0.49328379192954375,43,0.39596197156423024,0.5980916547497137,UP,0.9897029399871826,0.9157030582427979,882.0,,,,,,0.44000000000000006,9.879256010055542,0.9969589710235596,0.45000000000000007,0.43000000000000005,,,,,,,,,,
btc-updown-15m-1790923500,1790924384.167455,1790924384.167455,15.832545042037964,0.2096773027453176,0.7903226972546824,0.5,0.5,-0.2903226972546824,0.2903226972546824,0.48,0.52,0.040000000000000036,85950.45024555468,85961.40698054613,-1.274610941853771,0.0,0.0,0.0011630065310797022,-2.78462468607521,-1.1733357645060671,0.49910335204358164,42,0.4663853957380307,0.6846165843405265,UP,1.1674549579620361,1.859454870223999,883.0,,,,,,0.42500000000000004,8.701503992080688,0.9969589710235596,0.44000000000000006,0.41000000000000003,,,,,,,,,,
btc-updown-15m-1790923500,1790924391.1577432,1790924391.1577432,8.842256784439087,0.29511250471603206,0.7048874952839679,0.94,0.06000000000000005,-0.6448874952839678,0.6448874952839678,0.93,0.95,0.019999999999999907,85957.22047982877,85961.40698054613,-0.4870209625940092,0.0,1.0362386977580407,1.0362386977580407,-0.8197673465371036,-0.9604514912686657,0.5055634258421038,38,0.3110020133312856,0.35013958498461134,UP,1.157743215560913,1.3817431926727295,890.0,,,,,,0.05500000000000005,9.381691694259644,0.11543488502502441,0.05999999999999994,0.050000000000000044,,,,,,,,,,
btc-updown-15m-1790923500,1790924391.1577432,1790924391.1577432,8.842256784439087,0.29511250471603206,0.7048874952839679,0.94,0.06000000000000005,-0.6448874952839678,0.6448874952839678,0.93,0.95,0.019999999999999907,85957.22047982877,85961.40698054613,-0.4870209625940092,0.0,1.0362386977580407,1.0362386977580407,-0.8197673465371036,-0.9604514912686657,0.5055634258421038,38,0.3110020133312856,0.35013958498461134,UP,1.157743215560913,1.3817431926727295,890.0,,,,,,0.05500000000000005,9.381691694259644,0.11543488502502441,0.05999999999999994,0.050000000000000044,,,,,,,,,,
btc-updown-15m-1790923500,1790924391.1577432,1790924391.1577432,8.842256784439087,0.29511250471603206,0.7048874952839679,0.94,0.06000000000000005,-0.6448874952839678,0.6448874952839678,0.93,0.95,0.019999999999999907,85957.22047982877,85961.40698054613,-0.4870209625940092,0.0,1.0362386977580407,1.0362386977580407,-0.8197673465371036,-0.9604514912686657,0.5055634258421038,38,0.3110020133312856,0.35013958498461134,UP,1.157743215560913,1.3817431926727295,890.0,,,,,,0.05500000000000005,9.381691694259644,0.11543488502502441,0.05999999999999994,0.050000000000000044,,,,,,,,,,
btc-updown-15m-1790923500,1790924391.1577432,1790924391.1577432,8.842256784439087,0.29511250471603206,0.7048874952839679,0.94,0.06000000000000005,-0.6448874952839678,0.6448874952839678,0.93,0.95,0.019999999999999907,85957.22047982877,85961.40698054613,-0.4870209625940092,0.0,1.0362386977580407,1.0362386977580407,-0.8197673465371036,-0.9604514912686657,0.5055634258421038,38,0.3110020133312856,0.35013958498461134,UP,1.157743215560913,1.3817431926727295,890.0,,,,,,0.05500000000000005,9.381691694259644,0.11543488502502441,0.05999999999999994,0.050000000000000044,,,,,,,,,,
btc-updown-15m-1790923500,1790924391.1577432,1790924391.1577432,8.842256784439087,0.29511250471603206,0.7048874952839679,0.94,0.06000000000000005,-0.6448874952839678,0.6448874952839678,0.93,0.95,0.019999999999999907,85957.22047982877,85961.40698054613,-0.4870209625940092,0.0,1.0362386977580407,1.0362386977580407,-0.8197673465371036,-0.9604514912686657,0.5055634258421038,38,0.3110020133312856,0.35013958498461134,UP,1.157743215560913,1.3817431926727295,890.0,,,,,,0.05500000000000005,9.381691694259644,0.11543488502502441,0.05999999999999994,0.050000000000000044,,,,,,,,,,
btc-updown-15m-1790923500,1790924392.3309498,1790924392.3309498,7.669050216674805,0.46240080371721304,0.537599196282787,0.865,0.135,-0.40259919628278695,0.40259919628278695,0.85,0.88,0.030000000000000027,85960.06426400911,85961.40698054613,-0.15619992554616324,,,,-0.8186046511615697,,0.5055634258421038,38,0.0544954623540346,0.05820490817833468,UP,1.3309497833251953,1.222949743270874,891.0,,,,,,,,,,,,,,,,,,,,
btc-updown-15m-1790923500,1790924392.868959,1790924392.868959,7.131041049957275,0.3870271409719791,0.6129728590280209,0.925,0.07499999999999996,-0.5379728590280209,0.5379728590280209,0.92,0.93,0.010000000000000009,85959.19210956342,85961.40698054613,-0.2576587634517402,,,,-0.8186046511615697,,0.5055634258421038,38,0.16578463094878904,0.16694263822781902,UP,0.8689589500427246,0.9969589710235596,892.0,,,,,,,,,,,,,,,,,,,,
btc-updown-15m-1790923500,1790924400.539435,1790924400.539435,0.0,7.132923790997836e-05,0.99992867076209,0.995,0.0050000000000000044,-0.99492867076209,0.99492867076209,0.99,1.0,0.010000000000000009,85957.50918039572,85961.40698054613,-0.4534360577990171,0.0011628860274726094,0.0011628860274726094,0.0,1.0362386977580407,-3.6059712652203313,0.44054426867537866,37,3.8052145207995345,2.2538706213915725,UP,1.5394349098205566,0.11543488502502441,899.0,,,,,,,,,,,,,,,,,,,,
btc-updown-15m-1790923500,1790924400.539435,1790924400.539435,0.0,7.132923790997836e-05,0.99992867076209,0.995,0.0050000000000000044,-0.99492867076209,0.99492867076209,0.99,1.0,0.010000000000000009,85957.50918039572,85961.40698054613,-0.4534360577990171,0.0011628860274726094,0.0011628860274726094,0.0,1.0362386977580407,-3.6059712652203313,0.44054426867537866,37,3.8052145207995345,2.2538706213915725,UP,1.5394349098205566,0.11543488502502441,899.0,,,,,,,,,,,,,,,,,,,,
btc-updown-15m-1790923500,1790924400.539435,1790924400.539435,0.0,7.132923790997836e-05,0.99992867076209,0.995,0.0050000000000000044,-0.99492867076209,0.99492867076209,0.99,1.0,0.010000000000000009,85957.50918039572,85961.40698054613,-0.4534360577990171,0.0011628860274726094,0.0011628860274726094,0.0,1.0362386977580407,-3.6059712652203313,0.44054426867537866,37,3.8052145207995345,2.2538706213915725,UP,1.5394349098205566,0.11543488502502441,899.0,,,,,,,,,,,,,,,,,,,,
btc-updown-15m-1790923500,1790924400.539435,1790924400.539435,0.0,7.132923790997836e-05,0.99992867076209,0.995,0.0050000000000000044,-0.99492867076209,0.99492867076209,0.99,1.0,0.010000000000000009,85957.50918039572,85961.40698054613,-0.4534360577990171,0.0011628860274726094,0.0011628860274726094,0.0,1.0362386977580407,-3.6059712652203313,0.44054426867537866,37,3.8052145207995345,2.2538706213915725,UP,1.5394349098205566,0.11543488502502441,899.0,,,,,,,,,,,,,,,,,,,,
btc-updown-15m-1790923500,1790924400.539435,1790924400.539435,0.0,7.132923790997836e-05,0.99992867076209,0.995,0.0050000000000000044,-0.99492867076209,0.99492867076209,0.99,1.0,0.010000000000000009,85957.50918039572,85961.40698054613,-0.4534360577990171,0.0011628860274726094,0.0011628860274726094,0.0,1.0362386977580407,-3.6059712652203313,0.44054426867537866,37,3.8052145207995345,2.2538706213915725,UP,1.5394349098205566,0.11543488502502441,899.0,,,,,,,,,,,,,,,,,,,,
btc-updown-15m-1790923500,1790924400.539435,1790924400.539435,0.0,7.132923790997836e-05,0.99992867076209,0.995,0.0050000000000000044,-0.99492867076209,0.99492867076209,0.99,1.0,0.010000000000000009,85957.50918039572,85961.40698054613,-0.4534360577990171,0.0011628860274726094,0.0011628860274726094,0.0,1.0362386977580407,-3.6059712652203313,0.44054426867537866,37,3.8052145207995345,2.2538706213915725,UP,1.5394349098205566,0.11543488502502441,899.0,,,,,,,,,,,,,,,,,,,,
btc-updown-15m-1790923500,1790924400.539435,1790924400.539435,0.0,7.132923790997836e-05,0.99992867076209,0.995,0.0050000000000000044,-0.99492867076209,0.99492867076209,0.99,1.0,0.010000000000000009,85957.50918039572,85961.40698054613,-0.4534360577990171,0.0011628860274726094,0.0011628860274726094,0.0,1.0362386977580407,-3.6059712652203313,0.44054426867537866,37,3.8052145207995345,2.2538706213915725,UP,1.5394349098205566,0.11543488502502441,899.0,,,,,,,,,,,,,,,,,,,,
btc-updown-15m-1790923500,1790924400.539435,1790924400.539435,0.0,7.132923790997836e-05,0.99992867076209,0.995,0.0050000000000000044,-0.99492867076209,0.99492867076209,0.99,1.0,0.010000000000000009,85957.50918039572,85961.40698054613,-0.4534360577990171,0.0011628860274726094,0.0011628860274726094,0.0,1.0362386977580407,-3.6059712652203313,0.44054426867537866,37,3.8052145207995345,2.2538706213915725,UP,1.5394349098205566,0.11543488502502441,899.0,,,,,,,,,,,,,,,,,,,,
btc-updown-15m-1790923500,1790924400.539435,1790924400.539435,0.0,7.132923790997836e-05,0.99992867076209,0.995,0.0050000000000000044,-0.99492867076209,0.99492867076209,0.99,1.0,0.010000000000000009,85957.50918039572,85961.40698054613,-0.4534360577990171,0.0011628860274726094,0.0011628860274726094,0.0,1.0362386977580407,-3.6059712652203313,0.44054426867537866,37,3.8052145207995345,2.2538706213915725,UP,1.5394349098205566,0.11543488502502441,899.0,,,,,,,,,,,,,,,,,,,,
btc-updown-15m-1790923500,1790924400.539435,1790924400.539435,0.0,7.132923790997836e-05,0.99992867076209,0.995,0.0050000000000000044,-0.99492867076209,0.99492867076209,0.99,1.0,0.010000000000000009,85957.50918039572,85961.40698054613,-0.4534360577990171,0.0011628860274726094,0.0011628860274726094,0.0,1.0362386977580407,-3.6059712652203313,0.44054426867537866,37,3.8052145207995345,2.2538706213915725,UP,1.5394349098205566,0.11543488502502441,899.0,,,,,,,,,,,,,,,,,,,,
btc-updown-15m-1790923500,1790924400.539435,1790924400.539435,0.0,7.132923790997836e-05,0.99992867076209,0.995,0.0050000000000000044,-0.99492867076209,0.99492867076209,0.99,1.0,0.010000000000000009,85957.50918039572,85961.40698054613,-0.4534360577990171,0.0011628860274726094,0.0011628860274726094,0.0,1.0362386977580407,-3.6059712652203313,0.44054426867537866,37,3.8052145207995345,2.2538706213915725,UP,1.5394349098205566,0.11543488502502441,899.0,,,,,,,,,,,,,,,,,,,,
btc-updown-15m-1790923500,1790924400.539435,1790924400.539435,0.0,7.132923790997836e-05,0.99992867076209,0.995,0.0050000000000000044,-0.99492867076209,0.99492867076209,0.99,1.0,0.010000000000000009,85957.50918039572,85961.40698054613,-0.4534360577990171,0.0011628860274726094,0.0011628860274726094,0.0,1.0362386977580407,-3.6059712652203313,0.44054426867537866,37,3.8052145207995345,2.2538706213915725,UP,1.5394349098205566,0.11543488502502441,899.0,,,,,,,,,,,,,,,,,,,,
btc-updown-15m-1790925300,1790925321.3161159,1790925321.3161159,878.6838841438293,0.4251091504333355,0.5748908495666645,0.435,0.565,-0.009890849566664472,0.009890849566664528,0.43,0.44,0.010000000000000009,85920.06240161945,85936.75287798353,-1.9421814072695387,0.0,-0.16636290893656813,-0.1675262664324606,0.6340912100055718,-2.1820552937013016,0.28281808440586886,52,0.18406864089360764,1.9425586874065375,DOWN,1.3161158561706543,0.04411578178405762,20.0,,,,,,,,,,,,,,,,,,,,
btc-updown-15m-1790925300,1790925321.3161159,1790925321.3161159,878.6838841438293,0.4251091504333355,0.5748908495666645,0.435,0.565,-0.009890849566664472,0.009890849566664528,0.43,0.44,0.010000000000000009,85920.06240161945,85936.75287798353,-1.9421814072695387,0.0,-0.16636290893656813,-0.1675262664324606,0.6340912100055718,-2.1820552937013016,0.28281808440586886,52,0.18406864089360764,1.9425586874065375,DOWN,1.3161158561706543,0.04411578178405762,20.0,,,,,,,,,,,,,,,,,,,,
btc-updown-15m-1790925300,1790925321.3161159,1790925321.3161159,878.6838841438293,0.4251091504333355,0.5748908495666645,0.435,0.565,-0.009890849566664472,0.009890849566664528,0.43,0.44,0.010000000000000009,85920.06240161945,85936.75287798353,-1.9421814072695387,0.0,-0.16636290893656813,-0.1675262664324606,0.6340912100055718,-2.1820552937013016,0.28281808440586886,52,0.18406864089360764,1.9425586874065375,DOWN,1.3161158561706543,0.04411578178405762,20.0,,,,,,,,,,,,,,,,,,,,
btc-updown-15m-1790925300,1790925581.765399,1790925581.765399,618.234601020813,0.43674181031622716,0.5632581896837728,0.485,0.515,-0.04825818968377282,0.04825818968377282,0.48,0.49,0.010000000000000009,85925.06602434574,85936.75287798353,-1.3599366099370513,0.0,,0.0,-0.6025694819045135,,0.18605510689757257,51,0.15364663901103015,1.3601215778497682,DOWN,1.7653989791870117,0.48439908027648926,280.0,,,,,,-0.04999999999999999,10.412055015563965,0.1054539680480957,-0.04999999999999999,-0.04999999999999999,,,,,,,,,,
btc-updown-15m-1790925300,1790925592.177454,1790925592.177454,607.822546005249,0.4330517194810254,0.5669482805189746,0.435,0.565,-0.00194828051897461,0.0019482805189746655,0.43,0.44,0.010000000000000009,85924.48781266475,85936.75287798353,-1.4272200086717923,-0.001163370894063931,,-0.337366216844881,-0.9410785923924525,0.36065802638596267,0.16669406060361744,47,0.16262469632389576,1.4274237334430817,DOWN,1.1774539947509766,0.1054539680480957,291.0,,,,,,,,,,,,,,,,,,,,
btc-updown-15m-1790925300,1790925620.3910341,1790925620.3910341,579.6089658737183,0.3320816884073631,0.6679183115926369,0.385,0.615,-0.052918311592636935,0.052918311592636935,0.38,0.39,0.010000000000000009,85905.9199076295,85936.75287798353,-3.587867742431694,0.0,-0.23154612305731348,,,-2.6976032161851737,0.2265166266101914,41,0.4187421832249129,3.589155483949804,DOWN,1.3910341262817383,0.0070340633392333984,319.0,,,,,,,,,,,,,,,,,,,,
btc-updown-15m-1790925300,1790925701.137816,1790925701.137816,498.862184047699,0.1483887036257272,0.8516112963742728,0.255,0.745,-0.1066112963742728,0.1066112963742728,0.25,0.26,0.010000000000000009,85868.40057767039,85936.75287798353,-7.95379136679597,0.0,0.0,-0.0011641442176912875,0.0,-2.29865659525319,0.27233133922515945,53,1.0010400590770496,7.960122682303222,DOWN,1.1378159523010254,0.03981614112854004,400.0,,,,,,0.034999999999999976,8.559378147125244,0.2601940631866455,0.030000000000000027,0.03999999999999998,,,,,,,,,,
btc-updown-15m-1790925300,1790925709.697194,1790925709.697194,490.30280590057373,0.1451272312692547,0.8548727687307454,0.29,0.71,-0.14487276873074528,0.1448727687307454,0.28,0.3,0.019999999999999962,85868.1194406371,85936.75287798353,-7.986505778717623,1.6344586728744837,,1.6332943383834397,1.6332943383834397,-0.6599184284972193,0.3622616591179485,51,1.0138964370988315,7.992889304378882,DOWN,1.6971940994262695,0.2601940631866455,409.0,,,,,,,,,,,,,,,,0.21500000000000002,60.21314597129822,0.005340099334716797,0.21999999999999997,0.21000000000000002
btc-updown-15m-1790925300,1790925722.1341078,1790925722.1341078,477.86589217185974,0.25261708400328087,0.7473829159967191,0.335,0.665,-0.08238291599671915,0.0823829159967191,0.33,0.34,0.010000000000000009,85894.11651036394,85936.75287798353,-4.96136591059293,0.001163873371012869,0.6948806039153155,0.6948806039153155,2.3282884367525902,2.3282884367525902,0.2321124524066228,56,0.6378018170310716,4.963828647617107,DOWN,1.1341078281402588,0.03710794448852539,421.0,0.06,5.933443069458008,0.2035508155822754,0.06,0.06,,,,,,,,,,,,,,,
btc-updown-15m-1790925300,1790925728.067551,1790925728.067551,471.93244910240173,0.2860198083704816,0.7139801916295184,0.395,0.605,-0.10898019162951844,0.10898019162951844,0.39,0.4,0.010000000000000009,85900.84206082729,85936.75287798353,-4.178749598233722,0.001163710841023402,1.396647882141444,1.426912904192168,3.726426076833267,3.726426076833267,0.2932709768916272,56,0.5405177181267685,4.180496523050542,DOWN,1.0675508975982666,0.2035508155822754,427.0,,,,,,,,,,,,,,,,,,,,
btc-updown-15m-1790925300,1790925746.121738,1790925746.121738,453.87826204299927,0.38924996483075514,0.6107500351692449,0.405,0.595,-0.01575003516924489,0.01575003516924489,0.4,0.41,0.009999999999999953,85919.26374559692,85936.75287798353,-2.035116734214748,0.0,-0.5072222161472961,-0.5060589213112809,4.653488533423733,6.288707799768645,0.39203762511808704,56,0.2683675581811377,2.0355309885321753,DOWN,1.1217379570007324,0.003737926483154297,445.0,,,,,,,,,,,,,,,,-0.030000000000000027,60.15805411338806,0.6337919235229492,-0.030000000000000027,-0.02999999999999997
btc-updown-15m-1790925300,1790925753.927393,1790925753.927393,446.0726070404053,0.3846506839371205,0.6153493160628796,0.435,0.565,-0.05034931606287951,0.05034931606287962,0.43,0.44,0.010000000000000009,85918.68838764385,85936.75287798353,-2.1020680599048713,0.0011634128549431466,0.0011634128549431466,0.0,3.9583328726355838,6.288707799768645,0.39203756331031026,56,0.27961295244965106,2.102510021821166,DOWN,0.9273929595947266,0.3253931999206543,453.0,,,,,,,,,,,,,,,,,,,,
btc-updown-15m-1790925300,1790925769.91034,1790925769.91034,430.0896599292755,0.4438354024999716,0.5561645975000284,0.505,0.495,-0.061164597500028395,0.06116459750002845,0.5,0.51,0.010000000000000009,85928.2360382236,85936.75287798353,-0.9910590608452896,0.0011633319174642054,0.6968842989407698,0.6968842989407698,0.18962667626354346,5.349533091449921,0.34306912374672927,56,0.1342409654353222,0.9911572903864901,DOWN,0.9103400707244873,0.005340099334716797,469.0,,,,,,-0.08000000000000002,8.833847761154175,0.0331878662109375,-0.08000000000000002,-0.08000000000000002,,,,,,,,,,
btc-updown-15m-1790925300,1790925778.7441878,1790925778.7441878,421.25581216812134,0.41476295602138435,0.5852370439786156,0.425,0.575,-0.010237043978615634,0.01023704397861569,0.42,0.43,0.010000000000000009,85923.90761538611,85936.75287798353,-1.494734460778524,0.0,-0.297813594515306,-0.31875294541183763,0.3769457643687524,4.364537839087745,0.33765797353766447,56,0.20458698511425077,1.4949579172906144,DOWN,1.744187831878662,0.0331878662109375,478.0,,,,,,,,,,,,,,,,,,,,
btc-updown-15m-1790925300,1790925806.279792,1790925806.279792,393.7202079296112,0.3280396936845994,0.6719603063154006,0.375,0.625,-0.0469603063154006,0.0469603063154006,0.37,0.38,0.010000000000000009,85911.14175414428,85936.75287798353,-2.980229410763924,-0.0011636083363519845,0.0,0.0,-2.0579997615099987,-1.6822947897032758,0.18979279807087918,56,0.42199497572660943,2.9811178522734836,DOWN,1.279792070388794,0.6337919235229492,505.0,,,,,,,,,,,,,,,,,,,,
btc-updown-15m-1790925300,1790925832.398134,1790925832.398134,367.6018660068512,0.31201749622829084,0.6879825037717091,0.315,0.685,-0.0029825037717091663,0.0029825037717090552,0.31,0.32,0.010000000000000009,85909.62320710075,85936.75287798353,-3.1569346029736156,-0.5538570090135586,-1.164657564496352,-1.015745450698713,-0.18268650867181435,-2.5360691858289375,0.1999091632254033,54,0.4626321873295754,3.1579315413095443,DOWN,1.3981339931488037,0.21613383293151855,531.0,,,,,,,,,,,,,,,,,,,,
btc-updown-15m-1790925300,1790925846.203487,1790925846.203487,353.7965130805969,0.25703371194442204,0.742966288055578,0.38,0.62,-0.12296628805557797,0.12296628805557797,0.37,0.39,0.020000000000000018,85901.40018759739,85936.75287798353,-4.1138033730836465,-0.001163629457234805,0.46547350292192036,-0.001163629457234805,0.40379577336491224,-1.8626239776353692,0.20972217488266565,56,0.6145644586548138,4.115496407384413,DOWN,1.2034869194030762,0.2674868106842041,545.0,,,,,,,,,,,,,,,,,,,,
btc-updown-15m-1790925300,1790925879.342933,1790925879.342933,320.6570670604706,0.3267236931873113,0.6732763068126887,0.245,0.755,0.08172369318731132,-0.08172369318731132,0.24,0.25,0.010000000000000009,85913.75053459528,85936.75287798353,-2.67665959184038,0.0,-3.471704733838399,-3.704306523918399,-1.8431890615100421,-1.4371407439062178,0.42800118006671417,54,0.41996295604921685,2.677376234318015,DOWN,1.342932939529419,1.0739328861236572,578.0,0.04999999999999999,4.815762042999268,1.7136950492858887,0.04999999999999999,0.04999999999999999,0.06,9.567864179611206,1.785797119140625,0.06,0.06,0.09999999999999998,28.69301199913025,0.28194499015808105,0.10000000000000003,0.09999999999999998,,,,,
btc-updown-15m-1790925300,1790925880.01086,1790925880.01086,319.9891400337219,0.23158394041364627,0.7684160595863537,0.235,0.765,-0.0034160595863537146,0.0034160595863537146,0.23,0.24,0.009999999999999981,85899.20475814972,85936.75287798353,-4.369273747999447,0.001163843976748069,-3.469378257633382,-3.701980128907323,-1.8408620168031131,-1.437140576669993,0.42800118047796276,54,0.6863622990250596,4.371183637791121,DOWN,1.0108599662780762,1.1298599243164062,579.0,0.06,4.14783501625061,1.7136950492858887,0.05999999999999997,0.06,0.07,8.899937152862549,1.785797119140625,0.06999999999999998,0.07,,,,,,,,,,
btc-updown-15m-1790925300,1790925884.158695,1790925884.158695,315.8413050174713,0.19995423644482813,0.8000457635551719,0.295,0.7050000000000001,-0.09504576355517186,0.0950457635551718,0.29,0.3,0.010000000000000009,85893.98914357233,85936.75287798353,-4.976186902467816,0.0,0.001163843976748069,-3.470541293915108,-1.8420254320528073,,0.41677119187684303,57,0.7868652674769868,4.978664378914922,DOWN,1.1586949825286865,1.7136950492858887,583.0,0.010000000000000009,4.7521021366119385,1.785797119140625,0.010000000000000009,0.010000000000000009,,,,,,,,,,,0.06,59.02903604507446,0.23173093795776367,0.06,0.06
btc-updown-15m-1790925300,1790925887.064673,1790925887.064673,312.93532705307007,0.19567652870957158,0.8043234712904284,0.285,0.7150000000000001,-0.08932347129042839,0.08932347129042828,0.28,0.29,0.009999999999999953,85893.43751330888,85936.75287798353,-5.0403771639073724,-0.10938626045620126,1.268589934355635,0.009309579476202146,-0.5748329522625717,-1.7382601412163634,0.45329745750822,58,0.8007126368050719,5.042918985276253,DOWN,1.0646729469299316,1.2866730690002441,586.0,,,,,,,,,,,,,,,,,,,,
btc-updown-15m-1790925300,1790925888.910797,1790925888.910797,311.0892028808594,0.2467016844833242,0.7532983155166758,0.305,0.6950000000000001,-0.0582983155166758,0.05829831551667575,0.3,0.31,0.010000000000000009,85902.26079187027,85936.75287798353,-4.013659459792818,0.0011636963503924846,1.2685897867137363,1.2697537783323831,-0.5736693228053369,-1.2717582063015431,0.4496237843024447,58,0.639432029741686,4.015271052856882,DOWN,0.910797119140625,1.785797119140625,588.0,,,,,,,,,,,,,,,,,,,,
btc-updown-15m-1790925300,1790925908.035945,1790925908.035945,291.96405506134033,0.22619009250260202,0.773809907497398,0.345,0.655,-0.11880990749739795,0.11880990749739795,0.34,0.35,0.009999999999999953,85900.26731566366,85936.75287798353,-4.245629616896895,1.544225057941162,1.544225057941162,1.543061182025518,2.8130108911361695,0.9693033385338445,0.47995017403039747,58,0.6982063963878725,4.2474329195963145,DOWN,1.035944938659668,0.28194499015808105,607.0,,,,,,,,,,,,,,,,-0.09999999999999998,60.349995136260986,1.3219401836395264,-0.10000000000000003,-0.09999999999999998
btc-updown-15m-1790925300,1790925943.187731,1790925943.187731,256.81226897239685,0.41485164162582067,0.5851483583741793,0.355,0.645,0.059851641625820684,-0.059851641625820684,0.35,0.36,0.010000000000000009,85927.07238068865,85936.75287798353,-1.1264676603062185,0.0,-0.5758415953993623,-0.5746783458993043,0.6527006565870686,3.9582329033094332,0.33877332464084725,53,0.1974611930404742,1.126594567540455,DOWN,1.1877310276031494,0.23173093795776367,642.0,,,,,,,,,,,-0.07,28.615416049957275,0.977147102355957,-0.06999999999999995,-0.07,,,,,
btc-updown-15m-1790925300,1790925968.38594,1790925968.38594,231.61405992507935,0.19938541636581053,0.8006145836341895,0.245,0.755,-0.045614583634189465,0.045614583634189465,0.24,0.25,0.010000000000000009,85901.02138387415,85936.75287798353,-4.1578827350052805,,-1.3938983322203669,-2.576894412943398,-3.1537506366252632,-1.4322890305740188,0.2935891130940522,46,0.7677014785983325,4.159612253002484,DOWN,1.3859400749206543,1.3219401836395264,667.0,,,,,,,,,,,,,,,,,,,,
btc-updown-15m-1790925300,1790925968.38594,1790925968.38594,231.61405992507935,0.19938541636581053,0.8006145836341895,0.245,0.755,-0.045614583634189465,0.045614583634189465,0.24,0.25,0.010000000000000009,85901.02138387415,85936.75287798353,-4.1578827350052805,,-1.3938983322203669,-2.576894412943398,-3.1537506366252632,-1.4322890305740188,0.2935891130940522,46,0.7677014785983325,4.159612253002484,DOWN,1.3859400749206543,1.3219401836395264,667.0,,,,,,,,,,,,,,,,,,,,
btc-updown-15m-1790925300,1790925971.803147,1790925971.803147,228.19685292243958,0.207528578175865,0.792471421824135,0.285,0.7150000000000001,-0.07747142182413497,0.07747142182413491,0.28,0.29,0.009999999999999953,85902.54966573008,85936.75287798353,-3.9800447547755358,-0.0011636832153438803,-0.0011636832153438803,-1.626564710456302,-3.1537506366252632,,0.2801435292763203,47,0.7403345264168782,3.9816294611204994,DOWN,1.8031470775604248,0.977147102355957,671.0,,,,,,,,,,,,,,,,,,,,
btc-updown-15m-1790925300,1790925975.069046,1790925975.069046,224.9309539794922,0.19987913011365688,0.8001208698863431,0.365,0.635,-0.1651208698863431,0.1651208698863431,0.36,0.37,0.010000000000000009,85901.7231756106,85936.75287798353,-4.076218986613922,0.0,0.8157419341636718,0.10937849625802798,-1.7613623870482709,-1.1087766947004418,0.2978466413787356,48,0.76371610131942,4.077881220299834,DOWN,2.0690460205078125,0.910045862197876,674.0,,,,,,,,,,,,,,,,,,,,
btc-updown-15m-1790925300,1790925989.968606,1790925989.968606,210.03139400482178,0.24735386023876926,0.7526461397612307,0.265,0.735,-0.01764613976123075,0.01764613976123075,0.26,0.27,0.010000000000000009,85909.51502733852,85936.75287798353,-3.169522902928268,0.0,-0.001163588297936613,-0.001163588297936613,-1.7613625919621345,-1.1099401539826914,0.3009774204696096,47,0.6144852282288263,3.170527808978589,DOWN,0.9686059951782227,0.39560604095458984,689.0,,,,,,,,,,,,,,,,,,,,
btc-updown-15m-1790925300,1790926037.880088,1790926037.880088,162.1199119091034,0.4046424958671845,0.5953575041328155,0.565,0.43500000000000005,-0.16035750413281546,0.16035750413281546,0.56,0.57,0.009999999999999898,85928.59703801424,85936.75287798353,-0.9490514472743072,0.0,2.4674841201521858,2.678108464324591,,4.4414170459194935,0.4199961573919636,41,0.20937980108114843,0.9491415256878378,DOWN,0.8800880908966064,0.44508790969848633,737.0,,,,,,,,,,,,,,,,,,,,
btc-updown-15m-1790925300,1790926039.126673,1790926039.126673,160.87332701683044,0.5773143122636235,0.4226856877363765,0.595,0.405,-0.017685687736376465,0.017685687736376465,0.59,0.6,0.010000000000000009,85943.32217944381,85936.75287798353,0.7644344521162694,-0.0011630718643740323,2.4651571156653063,,,4.4390893525259045,0.4248753132630291,40,0.16927273852230726,-0.7643760205791532,DOWN,1.1266729831695557,1.3806731700897217,738.0,,,,,,,,,,,,,,,,,,,,
btc-updown-15m-1790925300,1790926071.276056,1790926071.276056,128.72394394874573,0.6151002109310901,0.38489978906890987,0.565,0.43500000000000005,0.05010021093109018,-0.05010021093109018,0.56,0.57,0.009999999999999898,85945.19449358142,85936.75287798353,0.9823056277080688,0.0,-0.5733944954122716,-0.5722314899681002,-0.5745575005866588,2.104560719196069,0.41378949768255635,37,0.2431623278657327,-0.9822091447507686,DOWN,1.2760560512542725,0.23305606842041016,770.0,-0.12999999999999995,5.858979940414429,0.8130362033843994,-0.13000000000000006,-0.12999999999999995,,,,,,,,,,,,,,,
btc-updown-15m-1790925300,1790926072.2912052,1790926072.2912052,127.70879483222961,0.6116603396721167,0.38833966032788325,0.47,0.53,0.14166033967211678,-0.14166033967211678,0.46,0.48,0.019999999999999962,85944.88838091423,85936.75287798353,0.9466849349371032,,-0.6036343673820888,-0.6024713654562142,-0.6036343673820888,2.0743127486588797,0.41938712503413683,36,0.23527508477585285,-0.9465953221841786,UP,1.2912051677703857,0.31020522117614746,771.0,-0.034999999999999976,4.843830823898315,0.8130362033843994,-0.030000000000000027,-0.03999999999999998,,,,,,,,,,,,,,,
btc-updown-15m-1790925300,1790926072.2912052,1790926072.2912052,127.70879483222961,0.6116603396721167,0.38833966032788325,0.47,0.53,0.14166033967211678,-0.14166033967211678,0.46,0.48,0.019999999999999962,85944.88838091423,85936.75287798353,0.9466849349371032,,-0.6036343673820888,-0.6024713654562142,-0.6036343673820888,2.0743127486588797,0.41938712503413683,36,0.23527508477585285,-0.9465953221841786,UP,1.2912051677703857,0.31020522117614746,771.0,-0.034999999999999976,4.843830823898315,0.8130362033843994,-0.030000000000000027,-0.03999999999999998,,,,,,,,,,,,,,,
btc-updown-15m-1790925300,1790926077.135036,1790926077.135036,122.8649640083313,0.4662405002096632,0.5337594997903368,0.435,0.565,0.03124050020966318,-0.03124050020966318,0.43,0.44,0.010000000000000009,85934.39696801174,85936.75287798353,-0.274144634615503,0.0,-0.7444110144438909,-1.348000446619313,,1.3297473200890586,0.43129905633598314,34,0.06947037059798687,0.27415215035013324,UP,1.1350359916687012,0.8130362033843994,776.0,,,,,,,,,,,0.15999999999999998,30.064559936523438,1.7855958938598633,0.15999999999999998,0.15999999999999998,-0.16999999999999998,61.38989782333374,0.14293360710144043,-0.16999999999999998,-0.16999999999999998
btc-updown-15m-1790925300,1790926084.878719,1790926084.878719,115.1212809085846,0.43576230478851,0.56423769521149,0.475,0.525,-0.039237695211489954,0.03923769521149001,0.47,0.48,0.010000000000000009,85932.46708382423,85936.75287798353,-0.4987149288016024,0.0,0.0011632288021701243,0.0011632288021701243,,1.330910703569721,0.4084017757645941,38,0.1305624255149893,0.4987398016997431,UP,1.8787190914154053,0.11471915245056152,783.0,,,,,,,,,,,,,,,,,,,,
btc-updown-15m-1790925300,1790926092.748571,1790926092.748571,107.25142908096313,0.42970927621741767,0.5702907237825823,0.46,0.54,-0.03029072378258235,0.03029072378258224,0.45,0.47,0.019999999999999962,85932.31126465954,85936.75287798353,-0.5168467710536806,-0.5560368854862219,-0.5560368854862219,-0.799138187044246,-2.1458680873820413,0.31876032481115146,0.41074516386427384,40,0.1401860175669667,0.5168734854933646,UP,0.7485709190368652,1.5895707607269287,791.0,,,,,,,,,,,,,,,,-0.395,59.52830505371094,0.3038759231567383,-0.39,-0.39999999999999997
btc-updown-15m-1790925300,1790926107.199596,1790926107.199596,92.80040407180786,0.4741923387064168,0.5258076612935831,0.595,0.405,-0.12080766129358317,0.12080766129358311,0.59,0.6,0.010000000000000009,85935.3160872764,85936.75287798353,-0.16719164490308636,0.0,1.9488246783794239,1.9488246783794239,-0.1884430659404579,,0.37249050010504686,43,0.04874935634595288,0.16719444025422867,UP,1.1995959281921387,1.7855958938598633,806.0,,,,,,,,,,,-0.32999999999999996,31.325337886810303,0.14293360710144043,-0.32999999999999996,-0.32999999999999996,,,,,
btc-updown-15m-1790925300,1790926138.5249338,1790926138.5249338,61.47506618499756,0.15926636108280678,0.8407336389171932,0.265,0.735,-0.10573363891719323,0.10573363891719323,0.26,0.27,0.010000000000000009,85922.60783142234,85936.75287798353,-1.6459833642157307,0.0,0.0011634020258277644,0.0,-1.2981879576068334,-1.4877696378901017,0.356194032580321,51,0.5897519926492981,1.6462543349402667,DOWN,1.5249338150024414,0.14293360710144043,837.0,-0.025000000000000022,4.03454327583313,0.3474771976470947,-0.03,-0.020000000000000018,,,,,,,,,,,,,,,
btc-updown-15m-1790925300,1790926140.390351,1790926140.390351,59.60964894294739,0.27295719918232864,0.7270428008176714,0.225,0.775,0.04795719918232863,-0.04795719918232866,0.22,0.23,0.010000000000000009,85922.48729934831,85936.75287798353,-1.6600090365836984,-0.0011634018903805554,,-0.0011634018903805554,-1.3016774073471016,-1.4900959221619825,0.3597103529605898,50,,,DOWN,1.3903510570526123,0.720350980758667,839.0,,,,,,,,,,,-0.22,29.957231998443604,0.0765829086303711,-0.22,-0.22,,,,,
btc-updown-15m-1790925300,1790926140.390351,1790926140.390351,59.60964894294739,0.27295719918232864,0.7270428008176714,0.225,0.775,0.04795719918232863,-0.04795719918232866,0.22,0.23,0.010000000000000009,85922.48729934831,85936.75287798353,-1.6600090365836984,-0.0011634018903805554,,-0.0011634018903805554,-1.3016774073471016,-1.4900959221619825,0.3597103529605898,50,,,DOWN,1.3903510570526123,0.720350980758667,839.0,,,,,,,,,,,-0.22,29.957231998443604,0.0765829086303711,-0.22,-0.22,,,,,
btc-updown-15m-1790925300,1790926140.390351,1790926140.390351,59.60964894294739,0.27295719918232864,0.7270428008176714,0.225,0.775,0.04795719918232863,-0.04795719918232866,0.22,0.23,0.010000000000000009,85922.48729934831,85936.75287798353,-1.6600090365836984,-0.0011634018903805554,,-0.0011634018903805554,-1.3016774073471016,-1.4900959221619825,0.3597103529605898,50,,,DOWN,1.3903510570526123,0.720350980758667,839.0,,,,,,,,,,,-0.22,29.957231998443604,0.0765829086303711,-0.22,-0.22,,,,,
btc-updown-15m-1790925300,1790926141.5417721,1790926141.5417721,58.45822787284851,0.268868658181889,0.731131341818111,0.3,0.7,-0.031131341818111002,0.031131341818111058,0.24,0.36,0.12,85922.33688099388,85936.75287798353,-1.6775124154522203,0.0011634020258277644,0.0,0.0011634020258277644,,-1.4877696378901017,0.359714205444621,50,,,DOWN,1.5417721271514893,0.16277217864990234,840.0,,,,,,-0.235,10.735103845596313,0.3038759231567383,-0.18,-0.29,-0.295,28.805810928344727,0.0765829086303711,-0.24,-0.35,,,,,
btc-updown-15m-1790925300,1790926142.559477,1790926142.559477,57.44052290916443,0.14524045851033296,0.854759541489667,0.24,0.76,-0.09475954148966703,0.09475954148966703,0.23,0.25,0.01999999999999999,85922.65203207832,85936.75287798353,-1.6408399704403998,0.0,0.0,0.0011634020258277644,-1.300514156759025,-1.4877696378901017,0.359714205444621,50,0.6105123551469082,1.669546330096924,DOWN,1.5594770908355713,0.3474771976470947,841.0,,,,,,-0.175,9.717398881912231,0.3038759231567383,-0.17,-0.18,,,,,,,,,,
btc-updown-15m-1790925300,1790926142.559477,1790926142.559477,57.44052290916443,0.14524045851033296,0.854759541489667,0.24,0.76,-0.09475954148966703,0.09475954148966703,0.23,0.25,0.01999999999999999,85922.65203207832,85936.75287798353,-1.6408399704403998,0.0,0.0,0.0011634020258277644,-1.300514156759025,-1.4877696378901017,0.359714205444621,50,0.6105123551469082,1.669546330096924,DOWN,1.5594770908355713,0.3474771976470947,841.0,,,,,,-0.175,9.717398881912231,0.3038759231567383,-0.17,-0.18,,,,,,,,,,
btc-updown-15m-1790925300,1790926152.276876,1790926152.276876,47.7231240272522,0.06390776771621931,0.9360922322837807,0.065,0.935,-0.001092232283780692,0.0010922322837806364,0.06,0.07,0.010000000000000009,85921.16620733868,85936.75287798353,-1.8137374432769526,,-0.3269159309515768,-0.3269159309515768,-0.3269159309515768,-1.0155799031053014,0.35180415536882903,50,0.8795291861789736,2.191928117635024,DOWN,1.2768759727478027,0.3038759231567383,851.0,-0.060000000000000005,6.142385959625244,0.4552619457244873,-0.06,-0.060000000000000005,,,,,,,,,,,,,,,
btc-updown-15m-1790925300,1790926153.2325912,1790926153.2325912,46.76740884780884,0.0532809483958096,0.9467190516041903,0.045,0.955,0.008280948395809604,-0.008280948395809618,0.04,0.05,0.010000000000000002,85920.6369306448,85936.75287798353,-1.8753265394610974,0.0,-0.23151918468133914,-0.3257525669597694,-0.3269159309515768,-1.0155799031053014,0.35180415536882903,50,0.9321366370328843,2.2992077187910738,DOWN,1.232591152191162,0.4075911045074463,852.0,-0.04,5.186670780181885,0.4552619457244873,-0.04,-0.04,,,,,,-0.04,30.6923987865448,0.355989933013916,-0.04,-0.04,,,,,
btc-updown-15m-1790925300,1790926154.213602,1790926154.213602,45.78639793395996,0.04775483031693428,0.9522451696830657,0.045,0.955,0.002754830316934284,-0.0027548303169342425,0.04,0.05,0.010000000000000002,85920.61983719544,85936.75287798353,-1.8773156126805635,-0.00116343992329071,0.0,-0.3269159689833767,-0.3280793328408471,-0.8911156698387934,0.35149029101044726,50,0.9628586425426915,2.350116945805072,DOWN,1.213602066040039,0.3546020984649658,853.0,-0.04,4.205659866333008,0.4552619457244873,-0.04,-0.04,-0.04,10.893388032913208,0.04799008369445801,-0.04,-0.04,-0.04,29.711387872695923,0.355989933013916,-0.04,-0.04,,,,,
btc-updown-15m-1790925300,1790926155.1447182,1790926155.1447182,44.855281829833984,0.03918770248728809,0.9608122975127119,0.035,0.965,0.004187702487288086,-0.004187702487288059,0.03,0.04,0.010000000000000002,85920.15826723514,85936.75287798353,-1.9310260386440348,0.0,-0.00116343992329071,-0.3280793328408471,-0.3280793328408471,0.32111976789872543,0.30729443766065145,50,1.016679296320858,2.454940143689096,DOWN,1.1447181701660156,0.022718191146850586,854.0,,,,,,-0.030000000000000002,9.962271928787231,0.04799008369445801,-0.03,-0.03,-0.030000000000000002,30.164740800857544,0.015458822250366211,-0.03,-0.03,,,,,
btc-updown-15m-1790925300,1790926158.419262,1790926158.419262,41.58073806762695,0.021219448758197867,0.9787805512418022,0.005,0.995,0.016219448758197866,-0.016219448758197808,0.0,0.01,0.01,85919.25555109077,85936.75287798353,-2.0360702850386048,0.0011635104502083493,-0.6049887605885651,-0.83649393861851,-0.9318849134942742,-0.28272501304327236,0.318998186031887,50,1.1720761850916877,2.7363275415231287,DOWN,1.4192619323730469,0.4552619457244873,857.0,,,,,,,,,,,,,,,,,,,,
btc-updown-15m-1790925300,1790926158.419262,1790926158.419262,41.58073806762695,0.021219448758197867,0.9787805512418022,0.005,0.995,0.016219448758197866,-0.016219448758197808,0.0,0.01,0.01,85919.25555109077,85936.75287798353,-2.0360702850386048,0.0011635104502083493,-0.6049887605885651,-0.83649393861851,-0.9318849134942742,-0.28272501304327236,0.318998186031887,50,1.1720761850916877,2.7363275415231287,DOWN,1.4192619323730469,0.4552619457244873,857.0,,,,,,,,,,,,,,,,,,,,
btc-updown-15m-1790925300,1790926165.10699,1790926165.10699,34.89300990104675,0.00022030873971234932,0.9997796912602877,0.005,0.995,-0.004779691260287651,0.004779691260287655,0.0,0.01,0.01,85911.04800077227,85936.75287798353,-2.9911389888981343,0.0,0.0,-1.505491437081563,,-3.1326341963844317,0.19198704055173998,52,2.0301846467816365,4.336754138658718,DOWN,1.106990098953247,0.04799008369445801,864.0,0.0,5.240592956542969,0.0765829086303711,0.0,0.0,,,,,,,,,,,,,,,
btc-updown-15m-1790925300,1790926170.347583,1790926170.347583,29.652416944503784,2.798303091633425e-06,0.9999972016969083,0.005,0.995,-0.004997201696908367,0.0049972016969083155,0.0,0.01,0.01,85909.78964376445,85936.75287798353,-3.1375672591860138,0.9319718709699387,1.8326940043333906,1.8326940043333906,0.0,-1.3016774073471016,0.26855778681103964,52,2.623341849920178,5.2001245608203375,DOWN,1.3475830554962158,0.0765829086303711,869.0,,,,,,,,,,,,,,,,,,,,
btc-updown-15m-1790925300,1790926170.347583,1790926170.347583,29.652416944503784,2.798303091633425e-06,0.9999972016969083,0.005,0.995,-0.004997201696908367,0.0049972016969083155,0.0,0.01,0.01,85909.78964376445,85936.75287798353,-3.1375672591860138,0.9319718709699387,1.8326940043333906,1.8326940043333906,0.0,-1.3016774073471016,0.26855778681103964,52,2.623341849920178,5.2001245608203375,DOWN,1.3475830554962158,0.0765829086303711,869.0,,,,,,,,,,,,,,,,,,,,
btc-updown-15m-1790925300,1790926177.6650891,1790926177.6650891,22.33491086959839,0.00033641689280194953,0.999663583107198,0.005,0.995,-0.004663583107198051,0.004663583107198055,0.0,0.01,0.01,85934.46031671982,85936.75287798353,-0.2667730844985172,0.0,0.910911568865469,3.0963797955907424,1.2634544520007118,-0.03722401879846515,0.2961123401774564,54,1.9642106705362947,3.425876468682292,DOWN,1.6650891304016113,1.0950891971588135,876.0,0.0,6.259900808334351,0.355989933013916,0.0,0.0,0.0,8.73720908164978,0.876298189163208,0.0,0.0,,,,,,,,,,
btc-updown-15m-1790925300,1790926183.92499,1790926183.92499,16.075010061264038,1.4505898704442188e-08,0.9999999854941013,0.005,0.995,-0.004999985494101296,0.0049999854941013,0.0,0.01,0.01,85935.39086291289,85936.75287798353,-0.15849040428284056,0.0,0.0,0.909748207986727,1.5892589364696619,1.2622910501103313,0.2692326975859876,53,3.2045596539639436,4.704038129539906,DOWN,0.9249899387359619,0.355989933013916,883.0,0.0,6.2096922397613525,0.0776822566986084,0.0,0.0,,,,,,,,,,,,,,,
btc-updown-15m-1790925300,1790926183.92499,1790926183.92499,16.075010061264038,1.4505898704442188e-08,0.9999999854941013,0.005,0.995,-0.004999985494101296,0.0049999854941013,0.0,0.01,0.01,85935.39086291289,85936.75287798353,-0.15849040428284056,0.0,0.0,0.909748207986727,1.5892589364696619,1.2622910501103313,0.2692326975859876,53,3.2045596539639436,4.704038129539906,DOWN,0.9249899387359619,0.355989933013916,883.0,0.0,6.2096922397613525,0.0776822566986084,0.0,0.0,,,,,,,,,,,,,,,
btc-updown-15m-1790925300,1790926185.309459,1790926185.309459,14.69054102897644,1.0729239718898498e-10,0.9999999998927076,0.005,0.995,-0.004999999892707603,0.004999999892707607,0.0,0.01,0.01,85933.44564623164,85936.75287798353,-0.3848448587040476,-0.42575134934663694,-0.42691455473864437,-0.42575134934663694,1.1646034996259935,0.8364859585530127,0.27872063813001313,52,3.6686656034911507,5.224516815754248,DOWN,1.3094589710235596,0.015458822250366211,884.0,0.0,4.825223207473755,0.0776822566986084,0.0,0.0,,,,,,,,,,,,,,,
btc-updown-15m-1790925300,1790926186.4022982,1790926186.4022982,13.597701787948608,1.3300471835009375e-13,0.999999999999867,0.005,0.995,-0.004999999999866995,0.004999999999867,0.0,0.01,0.01,85931.2921466002,85936.75287798353,-0.6354360853122465,0.0,-0.42575134934663694,-0.42691455473864437,1.7696993954396945,0.8376494578943294,0.28142938789331484,51,4.223429671316824,5.823564746696081,DOWN,1.4022982120513916,0.876298189163208,885.0,0.0,3.732383966445923,0.0776822566986084,0.0,0.0,,,,,,,,,,,,,,,
btc-updown-15m-1790925300,1790926190.1346822,1790926190.1346822,9.865317821502686,0.0,1.0,0.005,0.995,-0.005,0.0050000000000000044,0.0,0.01,0.01,85927.14439649436,85936.75287798353,-1.118087566422954,-0.00116330458044267,-0.00116330458044267,-0.4280778096554805,2.6693333625016358,0.8353225566626321,0.2842229262859621,50,7.2341891461818975,8.542091406983106,DOWN,1.1346821784973145,0.0776822566986084,889.0,,,,,,,,,,,,,,,,,,,,
btc-updown-15m-1790926200,1790926223.1671581,1790926223.1671581,876.832841873169,0.3611769634520925,0.6388230365479075,0.375,0.625,-0.013823036547907508,0.013823036547907508,0.37,0.38,0.010000000000000009,85891.26622884609,85922.66823419892,-3.654682285615385,0.0,-1.0602581606422579,-1.0602581606422579,-4.961840364623438,-2.991654436103053,0.3488540548026415,54,0.34679430896600716,3.6560184442001376,DOWN,1.1671581268310547,0.1431581974029541,22.0,,,,,,,,,,,,,,,,,,,,
btc-updown-15m-1790926200,1790926240.305535,1790926240.305535,859.6944649219513,0.33676046538117255,0.6632395346188275,0.385,0.615,-0.04823953461882746,0.04823953461882746,0.38,0.39,0.010000000000000009,85885.80832924753,85922.66823419892,-4.289892959435937,-0.001163710705576193,2.3244707405933873,2.2790651223658642,0.5632677723776958,-3.9178425622865554,0.4145074508329439,54,0.41113336814008017,4.291734067412228,DOWN,1.305535078048706,1.9675352573394775,39.0,0.02999999999999997,6.066725969314575,1.3602609634399414,0.02999999999999997,0.02999999999999997,,,,,,-0.05499999999999999,29.760097980499268,0.17963290214538574,-0.06,-0.04999999999999999,,,,,
btc-updown-15m-1790926200,1790926246.372261,1790926246.372261,853.6277389526367,0.3634751637166328,0.6365248362833672,0.415,0.585,-0.05152483628336718,0.05152483628336724,0.41,0.42,0.010000000000000009,85892.23879484508,85922.66823419892,-3.5414914340070602,-0.008148406223096316,-2.872072446978846,-0.6669613091436766,-1.8807655181196647,,0.48292192496622843,57,0.3405867561316249,3.5427460945016347,DOWN,1.3722610473632812,1.3602609634399414,45.0,,,,,,,,,,,,,,,,,,,,
btc-updown-15m-1790926200,1790926270.065633,1790926270.065633,829.934366941452,0.25198452366550383,0.7480154763344962,0.33,0.6699999999999999,-0.07801547633449618,0.07801547633449624,0.32,0.34,0.020000000000000018,85865.25612941553,85922.66823419892,-6.6818344871344415,2.239657039129206,3.532223271436319,3.532223271436319,-0.7855048177629609,-0.22228129033963206,0.5702545383102814,58,0.6519077027836448,6.686302163573518,DOWN,1.0656330585479736,0.17963290214538574,69.0,,,,,,,,,,,,,,,,,,,,
btc-updown-15m-1790926200,1790926271.039969,1790926271.039969,828.9600310325623,0.24849255610705234,0.7515074438929477,0.425,0.575,-0.17650744389294765,0.1765074438929477,0.42,0.43,0.010000000000000009,85864.34809533393,85922.66823419892,-6.787514873959344,1.4838478794065857,,5.016595279043745,0.8169347073661015,1.8086074351209014,0.5975204263677729,58,0.6626143922332128,6.792125038932159,DOWN,1.0399689674377441,0.5699689388275146,70.0,,,,,,,,,,,,,,,,,,,,
btc-updown-15m-1790926200,1790926272.467987,1790926272.467987,827.5320129394531,0.3669124097344346,0.6330875902655654,0.445,0.5549999999999999,-0.07808759026556539,0.07808759026556544,0.44,0.45,0.010000000000000009,85890.40080902407,85922.66823419892,-3.7554030662667603,0.0,5.016595279043745,5.016595279043745,0.8157708877787329,1.8086074351209014,0.5975204263677729,58,0.33135805922354683,3.7568139013112885,DOWN,1.467987060546875,1.2979872226715088,71.0,,,,,,,,,,,,,,,,,,,,
btc-updown-15m-1790926200,1790926348.939533,1790926348.939533,751.060467004776,0.2889080740317045,0.7110919259682955,0.365,0.635,-0.0760919259682955,0.0760919259682955,0.36,0.37,0.010000000000000009,85870.80137001237,85922.66823419892,-6.036458742781914,0.0011641682062801806,0.0011641682062801806,0.0,-1.7308182964370644,-2.5465510818012405,0.164318372181342,58,0.5413739542216149,6.040104827141438,DOWN,0.939532995223999,0.38553309440612793,148.0,,,,,,,,,,,,,,,,,,,,
btc-updown-15m-1790926200,1790926361.109431,1790926361.109431,738.8905689716339,0.3706851489646603,0.6293148510353397,0.365,0.635,0.005685148964660325,-0.005685148964660325,0.36,0.37,0.010000000000000009,85888.2942076496,85922.66823419892,-4.000577176633824,-0.0046553840338248165,-0.25487589813244504,-0.9682265743293783,1.8182588576665104,0.21531624777360037,0.4099701256184104,56,0.32056478338660566,4.002178278942196,DOWN,1.1094310283660889,0.8334310054779053,160.0,,,,,,,,,,,0.010000000000000009,29.816322088241577,0.9617531299591064,0.010000000000000009,0.010000000000000009,,,,,
btc-updown-15m-1790926200,1790926390.925753,1790926390.925753,709.0742468833923,0.27756932745621654,0.7224306725437835,0.375,0.625,-0.09743067254378346,0.09743067254378346,0.37,0.38,0.010000000000000009,85868.22859801889,85922.66823419892,-6.335887525239503,0.5378134669653534,1.2666313763909365,0.7299037248831297,-1.6305482575951213,-0.05936547388007973,0.4466771235567122,58,0.5730478811727835,6.339904417370015,DOWN,1.925753116607666,0.9617531299591064,190.0,,,,,,-0.04999999999999999,10.037426948547363,0.28918027877807617,-0.04999999999999999,-0.04999999999999999,,,,,,,,,,
btc-updown-15m-1790926200,1790926400.96318,1790926400.96318,699.036819934845,0.2421298018191239,0.7578701981808761,0.325,0.675,-0.0828701981808761,0.08287019818087604,0.32,0.33,0.010000000000000009,85867.77302570333,85922.66823419892,-6.388908727318343,0.0,-0.9347642793389177,-1.400335079347892,-2.0986099938757885,-0.2642661521046197,0.4703865157750804,56,0.6791664142619126,6.392993152292909,DOWN,0.9631800651550293,0.28918027877807617,200.0,,,,,,,,,,,,,,,,,,,,
btc-updown-15m-1790926200,1790926471.5396311,1790926471.5396311,628.4603688716888,0.13915292961583553,0.8608470703841644,0.255,0.745,-0.11584707038416447,0.11584707038416442,0.25,0.26,0.010000000000000009,85842.26023988015,85922.66823419892,-9.358181719822944,0.0011645730357834339,-1.8885805035384617,-1.8885805035384617,-1.889744636466295,-3.212024590673046,0.25692685980828794,60,1.0494968152473698,9.36694747949012,DOWN,1.5396311283111572,1.3226311206817627,270.0,,,,,,-0.010000000000000009,9.685893774032593,0.47652506828308105,-0.010000000000000009,-0.010000000000000009,,,,,,,,,,
btc-updown-15m-1790926200,1790926472.120686,1790926472.120686,627.8793139457703,0.13762046153029595,0.862379538469704,0.245,0.755,-0.10737953846970405,0.10737953846970405,0.24,0.25,0.010000000000000009,85841.78550130325,85922.66823419892,-9.413433562748263,-0.0011645729003362248,-1.890908989291562,-1.889744856499176,-1.890908989291562,-2.6324064957217175,0.24764438557203386,60,1.056187382393901,9.422303185252435,DOWN,1.1206860542297363,1.4236860275268555,271.0,,,,,,0.020000000000000018,9.890018939971924,0.6107048988342285,0.020000000000000018,0.020000000000000018,,,,,,,,,,
btc-updown-15m-1790926200,1790926481.225525,1790926481.225525,618.7744750976562,0.1381121124001583,0.8618878875998417,0.245,0.755,-0.10688788759984169,0.10688788759984169,0.24,0.25,0.010000000000000009,85842.57791772588,85922.66823419892,-9.321209189493418,1.6525289457502979,1.6525289457502979,1.6525289457502979,-0.23752797648657342,-0.863895680521809,0.3291435895658595,60,1.053496388353106,9.329905789851944,DOWN,1.22552490234375,0.47652506828308105,280.0,0.0,5.031294107437134,0.4098188877105713,0.0,0.0,0.020000000000000018,10.263733148574829,0.5962581634521484,0.020000000000000018,0.020000000000000018,-0.010000000000000009,29.845741033554077,0.19026589393615723,-0.009999999999999981,-0.010000000000000009,,,,,
btc-updown-15m-1790926200,1790926482.010705,1790926482.010705,617.9892950057983,0.1380809534604166,0.8619190465395834,0.265,0.735,-0.1269190465395834,0.1269190465395834,0.26,0.27,0.010000000000000009,85842.62182996087,85922.66823419892,-9.316098520109062,0.5297931198633421,2.183574442653491,2.183574442653491,0.2934169462953662,-0.3341483292573777,0.33643658945026167,60,1.0535869095959933,9.324785582225804,DOWN,1.0107049942016602,0.6107048988342285,281.0,-0.020000000000000018,4.246114015579224,0.4098188877105713,-0.020000000000000018,-0.020000000000000018,0.0,9.478553056716919,0.5962581634521484,0.0,0.0,-0.030000000000000027,29.060560941696167,0.19026589393615723,-0.03,-0.030000000000000027,,,,,
btc-updown-15m-1790926200,1790926484.040711,1790926484.040711,615.9592890739441,0.1815877288429788,0.8184122711570212,0.285,0.7150000000000001,-0.10341227115702117,0.10341227115702112,0.28,0.29,0.009999999999999953,85855.94463276968,85922.66823419892,-7.765541131401488,0.0,2.1824096154587913,2.1824096154587913,0.29225255930631633,-0.3341483292573777,0.33643658945026167,60,0.8795389806271144,7.77157618085024,DOWN,1.0407109260559082,0.6467111110687256,283.0,,,,,,,,,,,,,,,,,,,,
btc-updown-15m-1790926200,1790926486.256819,1790926486.256819,613.7431809902191,0.19560029433935078,0.8043997056606492,0.245,0.755,-0.04939970566064922,0.04939970566064922,0.24,0.25,0.010000000000000009,85859.8735052226,85922.66823419892,-7.308284329016201,-0.36443178390133113,0.16534202861517855,1.8178982976158053,-0.07218987520651865,-0.6985679357318642,0.33955643870296254,60,0.8292043924398824,7.313629337283559,DOWN,1.2568190097808838,0.4098188877105713,285.0,0.020000000000000018,5.232439041137695,0.5962581634521484,0.020000000000000018,0.020000000000000018,,,,,,,,,,,,,,,
btc-updown-15m-1790926200,1790926491.489258,1790926491.489258,608.5107419490814,0.15264779239877163,0.8473522076012283,0.265,0.735,-0.11235220760122838,0.11235220760122833,0.26,0.27,0.010000000000000009,85847.93401429096,85922.66823419892,-8.697846731697823,0.0,-0.23287224628520953,-0.06753406802673112,-0.30389612294956514,-0.7009126534762711,0.34541892597500806,58,0.9912370370763824,8.70541857134462,DOWN,1.489258050918579,0.5962581634521484,290.0,,,,,,,,,,,,,,,,,,,,
btc-updown-15m-1790926200,1790926511.071266,1790926511.071266,588.9287340641022,0.1359697747843165,0.8640302252156835,0.235,0.765,-0.0990302252156835,0.0990302252156835,0.23,0.24,0.009999999999999981,85843.96893964117,85922.66823419892,-9.159316880528179,0.0,0.0,-0.6893181420963845,-0.7603404555378557,-0.9978503718122145,0.35935046111593677,56,1.0610886435941267,9.167713880177944,DOWN,1.0712659358978271,0.19026589393615723,310.0,,,,,,,,,,,,,,,,,,,,
btc-updown-15m-1790926200,1790926555.677425,1790926555.677425,544.3225750923157,0.09508389118564964,0.9049161088143504,0.165,0.835,-0.06991610881435037,0.0699161088143504,0.16,0.17,0.010000000000000009,85832.71279795785,85922.66823419892,-10.469348553734381,0.0011645729003362248,-0.8861613388888578,-0.8861613388888578,-0.8908188022160868,-1.5835681516507272,0.11292938897654194,58,1.2617356954435586,10.48032076684067,DOWN,2.677424907684326,0.0454249382019043,354.0,,,,,,,,,,,,,,,,0.04999999999999999,60.239368200302124,1.1627931594848633,0.04999999999999999,0.04999999999999999
btc-updown-15m-1790926200,1790926578.005781,1790926578.005781,521.9942190647125,0.0934424720720754,0.9065575279279245,0.165,0.835,-0.07155752792792461,0.07155752792792458,0.16,0.17,0.010000000000000009,85834.06951770445,85922.66823419892,-10.311448458859562,0.5473261892907644,1.3626039291225744,1.3637687066925253,0.08267734873612653,0.07801943359364572,0.15319888890374103,58,1.268986108965437,10.32209203085641,DOWN,1.0057809352874756,0.1327810287475586,377.0,,,,,,,,,,,0.0,30.024060010910034,0.6848409175872803,0.0,0.0,,,,,
btc-updown-15m-1790926200,1790926579.2089899,1790926579.2089899,520.7910101413727,0.1042868781441958,0.8957131218558042,0.215,0.785,-0.1107131218558042,0.11071312185580418,0.21,0.22,0.010000000000000009,85838.35970408075,85922.66823419892,-9.812140596980878,-0.0011644600739213473,1.361439310378909,1.361439310378909,0.0803483999778365,0.07685496443476936,0.1531991428058907,58,1.2088721043878268,9.82177786351186,DOWN,1.2089898586273193,0.6379897594451904,378.0,,,,,,,,,,,-0.04999999999999999,28.82085108757019,0.6848409175872803,-0.04999999999999999,-0.04999999999999999,,,,,
btc-updown-15m-1790926200,1790926591.627539,1790926591.627539,508.37246108055115,0.1190575673802558,0.8809424326197441,0.185,0.815,-0.0659424326197442,0.0659424326197442,0.18,0.19,0.010000000000000009,85844.60140743108,85922.66823419892,-9.08570792460206,0.0,0.0,0.0,1.5128397469466037,0.2317294434162065,0.15445529913083558,58,1.1328815862410955,9.093970440531782,DOWN,1.6275389194488525,0.33853888511657715,390.0,,,,,,,,,,,0.09000000000000002,30.558338165283203,1.1388769149780273,0.09000000000000002,0.09000000000000002,,,,,
btc-updown-15m-1790926200,1790926608.029841,1790926608.029841,491.9701590538025,0.10035501586486983,0.8996449841351302,0.165,0.835,-0.06464498413513017,0.0646449841351302,0.16,0.17,0.010000000000000009,85839.49158327094,85922.66823419892,-9.680408283093689,0.0,-0.09665324739227543,-0.09781773295691742,-0.4133833259334363,-0.33070939494117546,0.17259818550947592,54,1.2270631115901283,9.689788393876539,DOWN,1.0298409461975098,0.6848409175872803,407.0,-0.010000000000000009,6.187283039093018,1.6291239261627197,-0.010000000000000009,-0.010000000000000009,,,,,,,,,,,,,,,
btc-updown-15m-1790926200,1790926614.217124,1790926614.217124,485.7828760147095,0.09795250625118113,0.9020474937488189,0.155,0.845,-0.05704749374881887,0.0570474937488189,0.15,0.16,0.010000000000000009,85839.17326878756,85922.66823419892,-9.717454907682832,1.2053431990577401,1.2053431990577401,0.4681277765228309,0.0,1.120319130241132,0.24125278333754638,54,1.2395831094995264,9.726906985684927,DOWN,1.2171239852905273,1.6291239261627197,413.0,,,,,,0.13999999999999999,9.274471044540405,1.526595115661621,0.13999999999999999,0.13999999999999999,0.07,28.838632106781006,0.17475605010986328,0.07,0.07,,,,,
btc-updown-15m-1790926200,1790926615.916793,1790926615.916793,484.08320689201355,0.11867838826645216,0.8813216117335478,0.215,0.785,-0.09632161173354784,0.09632161173354781,0.21,0.22,0.010000000000000009,85846.52807637502,85922.66823419892,-8.86147502034862,-0.0011644424446899393,1.204178616256435,0.5624574008389338,0.0,1.117989854242385,0.2412564920679851,54,1.132277862962606,8.869334559012382,DOWN,0.9167931079864502,1.1627931594848633,415.0,0.060000000000000026,6.2690839767456055,1.1388769149780273,0.060000000000000026,0.060000000000000026,,,,,,,,,,,,,,,
btc-updown-15m-1790926200,1790926622.185877,1790926622.185877,477.81412291526794,0.1405713615222033,0.8594286384777967,0.275,0.725,-0.13442863847779674,0.13442863847779674,0.27,0.28,0.010000000000000009,85853.7117316457,85922.66823419892,-8.025414476802162,0.0,2.5594444957466322,3.7650961957047535,2.560609236359479,4.075001455774441,0.4155288211373262,54,1.0320687947043234,8.03186037765723,DOWN,1.1858770847320557,1.1388769149780273,421.0,,,,,,,,,,,,,,,,,,,,
btc-updown-15m-1790926200,1790926623.491595,1790926623.491595,476.50840497016907,0.2063315854775576,0.7936684145224424,0.295,0.7050000000000001,-0.0886684145224424,0.08866841452244234,0.29,0.3,0.010000000000000009,85870.33234375753,85922.66823419892,-6.091045764400338,0.0,2.5594444957466322,3.7650961957047535,2.560609236359479,4.075001455774441,0.4155288211373262,54,0.7842295074651958,6.09475810945728,DOWN,1.4915950298309326,1.526595115661621,422.0,,,,,,,,,,,,,,,,,,,,
btc-updown-15m-1790926200,1790926643.055756,1790926643.055756,456.94424390792847,0.19510347964929242,0.8048965203507076,0.225,0.775,-0.029896520350707584,0.029896520350707556,0.22,0.23,0.010000000000000009,85869.0182566431,85922.66823419892,-6.243984114830958,0.0,-0.04889406286401332,-0.04889406286401332,3.7173483008623442,2.511702355469936,0.39743489580373753,54,0.8209627071456347,6.247885284477221,DOWN,1.0557560920715332,0.17475605010986328,442.0,,,,,,,,,,,,,,,,,,,,
btc-updown-15m-1790926200,1790926686.55616,1790926686.55616,413.44384002685547,0.04992388444381596,0.9500761155561841,0.085,0.915,-0.03507611555618405,0.03507611555618406,0.08,0.09,0.009999999999999995,85825.43099870667,85922.66823419892,-11.316831459099452,0.0011646918540719753,0.0011646918540719753,-0.5101089501868827,-2.380063267298782,-4.698487159311426,0.2707859342927791,58,1.5650576333805744,11.329653036489935,DOWN,1.5561599731445312,1.1081600189208984,485.0,-0.010000000000000009,3.8967292308807373,1.175889253616333,-0.009999999999999995,-0.009999999999999995,,,,,,-0.030000000000000006,31.370105028152466,0.2292649745941162,-0.03,-0.03,,,,,
btc-updown-15m-1790926200,1790926686.55616,1790926686.55616,413.44384002685547,0.04992388444381596,0.9500761155561841,0.085,0.915,-0.03507611555618405,0.03507611555618406,0.08,0.09,0.009999999999999995,85825.43099870667,85922.66823419892,-11.316831459099452,0.0011646918540719753,0.0011646918540719753,-0.5101089501868827,-2.380063267298782,-4.698487159311426,0.2707859342927791,58,1.5650576333805744,11.329653036489935,DOWN,1.5561599731445312,1.1081600189208984,485.0,-0.010000000000000009,3.8967292308807373,1.175889253616333,-0.009999999999999995,-0.009999999999999995,,,,,,-0.030000000000000006,31.370105028152466,0.2292649745941162,-0.03,-0.03,,,,,
btc-updown-15m-1790926200,1790926688.210034,1790926688.210034,411.7899661064148,0.056223673235293314,0.9437763267647067,0.085,0.915,-0.02877632676470669,0.02877632676470665,0.08,0.09,0.009999999999999995,85829.08273955822,85922.66823419892,-10.891828264180115,-0.001164821956667339,-1.1181041798213887,-1.6281561539177591,-3.4979016083591663,-5.81839348079094,0.3022890898412247,58,1.5092395473454048,10.903704391748343,DOWN,2.210033893585205,0.6810338497161865,486.0,,,,,,,,,,,-0.030000000000000006,29.716231107711792,0.2292649745941162,-0.03,-0.03,-0.060000000000000005,60.30853009223938,0.1255640983581543,-0.06,-0.06
btc-updown-15m-1790926200,1790926690.4528892,1790926690.4528892,409.54711079597473,0.04029842490008284,0.9597015750999172,0.075,0.925,-0.034701575099917156,0.034701575099917115,0.07,0.08,0.009999999999999995,85819.96703484868,85922.66823419892,-11.952747914009132,0.0,-1.1181041798213887,-1.1181041798213887,-3.4979016083591663,-5.81839348079094,0.3022890898412247,58,1.6609525533303535,11.967051829387758,DOWN,1.4528892040252686,1.175889253616333,489.0,,,,,,-0.019999999999999997,10.556121826171875,0.04401111602783203,-0.020000000000000004,-0.020000000000000004,,,,,,,,,,
btc-updown-15m-1790926200,1790926701.009011,1790926701.009011,398.99098896980286,0.024772003363235817,0.9752279966367642,0.055,0.945,-0.030227996636764183,0.03022799663676423,0.05,0.06,0.009999999999999995,85808.8979423368,85922.66823419892,-13.241010108301365,0.0,-0.0011649577913441789,-1.1648222289084575,-2.911546857096159,-6.983701979046408,0.32729414839864396,60,1.8643909754439656,13.258565788663876,DOWN,1.0090110301971436,0.04401111602783203,500.0,,,,,,,,,,,,,,,,-0.019999999999999997,58.58649301528931,0.5565040111541748,-0.020000000000000004,-0.019999999999999997
btc-updown-15m-1790926200,1790926712.765708,1790926712.765708,387.2342920303345,0.017131223944298002,0.982868776055702,0.055,0.945,-0.037868776055702,0.03786877605570205,0.05,0.06,0.009999999999999995,85802.05714085395,85922.66823419892,-14.03716805165045,-2.7168705193347797,-2.7168705193347797,-3.410996806734179,-5.694178474118239,-8.07288676789475,0.41690932713401807,60,2.0064328839145262,14.056899958350677,DOWN,0.7657079696655273,0.026707887649536133,512.0,0.0,5.16055703163147,0.2292649745941162,0.0,0.0,-0.010000000000000002,10.90831995010376,0.14502787590026855,-0.010000000000000002,-0.009999999999999995,,,,,,-0.03,59.670005083084106,0.22771310806274414,-0.030000000000000002,-0.03
btc-updown-15m-1790926200,1790926714.163933,1790926714.163933,385.83606696128845,0.016502674369273884,0.9834973256307261,0.045,0.955,-0.028497325630726114,0.028497325630726156,0.04,0.05,0.010000000000000002,85801.44482377984,85922.66823419892,-14.108431792256848,0.0,-2.7425010537762695,-3.436625480749411,-5.719801028725158,-8.097339475542364,0.41678934161913495,60,2.0202842301251476,14.128364699225852,DOWN,1.1639330387115479,0.4429330825805664,513.0,0.010000000000000002,3.762331962585449,0.2292649745941162,0.010000000000000002,0.009999999999999995,0.0,9.51009488105774,0.14502787590026855,0.0,0.0,,,,,,,,,,
btc-updown-15m-1790926200,1790926717.926265,1790926717.926265,382.073734998703,0.008091278239079347,0.9919087217609206,0.055,0.945,-0.04690872176092065,0.046908721760920646,0.05,0.06,0.009999999999999995,85786.69141728668,85922.66823419892,-15.825488163566659,-0.001165235252731378,1.0301741984952706,-1.6869762058291382,-3.548047682684352,-7.043544217364417,0.44353978935147903,60,2.2776833547659203,15.850572468265108,DOWN,0.9262650012969971,0.2292649745941162,517.0,-0.010000000000000002,5.74776291847229,0.14502787590026855,-0.010000000000000002,-0.009999999999999995,,,,,,-0.03,30.592298984527588,0.1255640983581543,-0.030000000000000002,-0.03,,,,,
btc-updown-15m-1790926200,1790926723.674028,1790926723.674028,376.3259720802307,0.008405801373688626,0.9915941986263114,0.045,0.955,-0.03659419862631137,0.036594198626311414,0.04,0.05,0.010000000000000002,85788.62033950417,85922.66823419892,-15.600993014949216,0.001165235388178587,0.001165235388178587,1.0558146017514147,-3.5445540425671496,-6.595539486949908,0.4417726354695225,60,2.262404238818076,15.625370143996635,DOWN,1.674027919769287,0.14502787590026855,523.0,,,,,,,,,,,,,,,,,,,,
btc-updown-15m-1790926200,1790926723.674028,1790926723.674028,376.3259720802307,0.008405801373688626,0.9915941986263114,0.045,0.955,-0.03659419862631137,0.036594198626311414,0.04,0.05,0.010000000000000002,85788.62033950417,85922.66823419892,-15.600993014949216,0.001165235388178587,0.001165235388178587,1.0558146017514147,-3.5445540425671496,-6.595539486949908,0.4417726354695225,60,2.262404238818076,15.625370143996635,DOWN,1.674027919769287,0.14502787590026855,523.0,,,,,,,,,,,,,,,,,,,,
btc-updown-15m-1790926200,1790926748.518564,1790926748.518564,351.4814360141754,0.004527364242266629,0.9954726357577334,0.025,0.975,-0.020472635757733372,0.020472635757733393,0.02,0.03,0.009999999999999998,85781.84334552816,85922.66823419892,-16.38972480311196,0.0,-0.13984074469841623,-0.285504028227912,-1.0335637897052052,-4.580080470569792,0.41599283163412765,60,2.459545346070675,16.41663120988412,DOWN,1.518563985824585,0.1255640983581543,547.0,,,,,,0.010000000000000002,11.076940059661865,0.5565040111541748,0.009999999999999998,0.010000000000000002,,,,,,,,,,
btc-updown-15m-1790926200,1790926759.595504,1790926759.595504,340.40449595451355,0.004017783089248161,0.9959822169107518,0.035,0.965,-0.030982216910751842,0.03098221691075187,0.03,0.04,0.010000000000000002,85782.21832669259,85922.66823419892,-16.346083099224586,0.0,0.0011653558362745287,0.0011653558362745287,-1.0323985543159164,-3.413326722584431,0.391185624428896,60,2.4925766870970643,16.37284628982747,DOWN,1.5955040454864502,0.5565040111541748,558.0,,,,,,,,,,,,,,,,,,,,
btc-updown-15m-1790926200,1790926763.02193,1790926763.02193,336.97807002067566,0.004362501117713191,0.9956374988822868,0.035,0.965,-0.030637498882286812,0.03063749888228684,0.03,0.04,0.010000000000000002,85784.4911713548,85922.66823419892,-16.081560976142217,0.0011651355991126877,1.8902069450299486,1.8902069450299486,0.8564479108374989,-1.5249297472219592,0.43150799069192797,60,2.4646107920881133,16.107464293062748,DOWN,2.021929979324341,1.075930118560791,561.0,,,,,,-0.010000000000000002,9.413783073425293,0.22771310806274414,-0.009999999999999998,-0.010000000000000002,,,,,,,,,,
btc-updown-15m-1790926200,1790926772.435713,1790926772.435713,327.56428694725037,0.0052526479606891385,0.9947473520393109,0.025,0.975,-0.019747352039310863,0.019747352039310884,0.02,0.03,0.009999999999999998,85790.00793848145,85922.66823419892,-15.439499080253105,-0.001165175106399019,-0.3402195954371745,-0.3402195954371745,1.408895338652627,1.5464266531717286,0.2387858571769307,60,2.3998161286606052,15.463373754738994,DOWN,1.4357130527496338,0.22771310806274414,571.0,,,,,,,,,,,,,,,,,,,,
btc-updown-15m-1790926200,1790926772.435713,1790926772.435713,327.56428694725037,0.0052526479606891385,0.9947473520393109,0.025,0.975,-0.019747352039310863,0.019747352039310884,0.02,0.03,0.009999999999999998,85790.00793848145,85922.66823419892,-15.439499080253105,-0.001165175106399019,-0.3402195954371745,-0.3402195954371745,1.408895338652627,1.5464266531717286,0.2387858571769307,60,2.3998161286606052,15.463373754738994,DOWN,1.4357130527496338,0.22771310806274414,571.0,,,,,,,,,,,,,,,,,,,,
btc-updown-15m-1790926200,1790926845.461379,1790926845.461379,254.5386209487915,0.0005798238382289655,0.999420176161771,0.0085,0.9915,-0.007920176161771035,0.007920176161770986,0.007,0.01,0.003,85777.19475546294,85922.66823419892,-16.930745020564686,0.00116539250250014,2.5342050656806947,1.6329813273641136,1.1655281981481913,-0.011653910103603948,0.38044625786794467,58,2.9857753602510853,16.95945864756934,DOWN,1.461379051208496,0.6363790035247803,644.0,,,,,,,,,,,,,,,,,,,,
btc-updown-15m-1790926200,1790926853.669507,1790926853.669507,246.33049297332764,0.00032013450700835167,0.9996798654929917,0.0035,0.9965,-0.0031798654929916484,0.0031798654929916514,0.003,0.004,0.001,85772.74726548817,85922.66823419892,-17.44836046083997,-0.001165691234650268,-2.565028602806718,-2.565028602806718,-1.3986340007920983,-2.49279228747068,0.45130372722439754,58,3.1280663691625574,17.47885820267683,DOWN,1.6695070266723633,0.6795070171356201,652.0,,,,,,,,,,,,,,,,0.0029999999999999996,58.715744972229004,1.1672520637512207,0.003,0.003
btc-updown-15m-1790926200,1790926892.212626,1790926892.212626,207.7873740196228,7.2174299102778505e-06,0.9999927825700897,0.0035,0.9965,-0.0034927825700897222,0.0034927825700896697,0.003,0.004,0.001,85750.93274001645,85922.66823419892,-19.987216145845863,2.949312623641287,,3.1393872797336186,2.5645210174163324,,0.585227073723554,57,3.902416525161634,20.027245033374697,DOWN,1.2126259803771973,0.04662585258483887,691.0,,,,,,0.0025,10.20415997505188,0.20478606224060059,0.002,0.003,,,,,,,,,,
btc-updown-15m-1790926200,1790926902.416786,1790926902.416786,197.58321404457092,2.727981975714222e-05,0.9999727201802429,0.006,0.994,-0.005972720180242858,0.005972720180242863,0.005,0.007,0.002,85767.80904048549,85922.66823419892,-18.023089470561303,-0.6200725648086713,-0.7179717298633204,-1.9706787245943325,1.1680898827659547,-1.9718438873017607,0.4965173648059354,56,3.607942792011873,18.055631296391663,DOWN,1.4167859554290771,0.20478606224060059,701.0,,,,,,0.0004999999999999996,9.96846604347229,1.1672520637512207,0.001,0.0,-0.0005000000000000004,29.621191024780273,0.4559769630432129,0.0,-0.001,,,,,
btc-updown-15m-1790926200,1790926912.385252,1790926912.385252,187.61474800109863,3.1737009065224697e-06,0.9999968262990935,0.0065,0.9935,-0.006496826299093477,0.006496826299093428,0.006,0.007,0.001,85754.99582673325,85922.66823419892,-19.514338987779432,-0.00582811105487302,-0.004662489387907698,-0.00582811105487302,1.162261090936756,0.5863426915420078,0.4296347630661693,56,4.009504180316911,19.55249438813413,DOWN,2.385251998901367,1.1672520637512207,711.0,,,,,,,,,,,0.0005000000000000004,30.26305389404297,0.05530595779418945,0.0,0.001,,,,,
btc-updown-15m-1790926200,1790926932.037977,1790926932.037977,167.96202301979065,3.889999189432558e-07,0.9999996110000811,0.0055,0.9945,-0.005499611000081056,0.005499611000081006,0.005,0.006,0.001,85751.8150751602,85922.66823419892,-19.884526697080407,2.216108462245181,2.216108462245181,2.216108462245181,1.0397350121094107,2.2079463452695514,0.5379650303923275,56,4.318134160246231,19.924144916230414,DOWN,1.0379769802093506,0.4559769630432129,731.0,,,,,,0.0015000000000000005,10.610328912734985,0.05530595779418945,0.001,0.002,,,,,,,,,,
btc-updown-15m-1790926200,1790926935.218388,1790926935.218388,164.78161191940308,8.680069673416835e-06,0.9999913199303265,0.007,0.993,-0.006991319930326583,0.006991319930326534,0.006,0.008,0.002,85775.93708183643,85922.66823419892,-17.077117759256577,,2.2149424447204247,2.2149424447204247,1.040900755648888,2.2067803296477173,0.5477838747140643,54,3.7430400276389633,17.10633044119398,DOWN,1.2183880805969238,1.0433881282806396,734.0,,,,,,,,,,,,,,,,,,,,
btc-updown-15m-1790926200,1790926942.648306,1790926942.648306,157.35169410705566,2.5664587441354136e-06,0.9999974335412558,0.007,0.993,-0.006997433541255865,0.006997433541255815,0.006,0.008,0.002,85771.6688507137,85922.66823419892,-17.573870386990986,0.0,0.0,-0.001165501029021243,1.0443981096397437,2.2067805869041557,0.5477838743283655,54,3.942008807614938,17.60480884988222,DOWN,1.648305892944336,0.05530595779418945,741.0,,,,,,,,,,,,,,,,,,,,
btc-updown-15m-1790926200,1790926981.42136,1790926981.42136,118.57863998413086,3.0382846238907746e-08,0.9999999696171538,0.0055,0.9945,-0.005499969617153761,0.0054999696171537105,0.005,0.006,0.001,85775.86886246494,85922.66823419892,-17.085057383675604,-0.0011655015719203021,0.0,-0.0011655015719203021,-0.004662004661204477,2.209113648814487,0.29347272062860824,56,4.414462443679555,17.114297258750785,DOWN,1.4213600158691406,0.8373599052429199,780.0,0.0,4.682126045227051,0.3924860954284668,0.0,0.0,,,,,,,,,,,-0.0045,58.85328197479248,1.0076420307159424,-0.004,-0.005
btc-updown-15m-1790926200,1790926986.103486,1790926986.103486,113.89651393890381,9.604776751714894e-09,0.9999999903952232,0.0055,0.9945,-0.005499990395223248,0.005499990395223198,0.005,0.006,0.001,85774.98946216877,85922.66823419892,-17.187405263954236,1.6316635975854865,1.8694647410089082,1.8694647410089082,1.8636361464308138,4.078991375831009,0.36181960994719536,56,4.5313141379114885,17.21699681412201,DOWN,1.1034860610961914,0.3924860954284668,785.0,,,,,,,,,,,,,,,,,,,,
btc-updown-15m-1790926200,1790927040.274642,1790927040.274642,59.72535800933838,6.271769215082657e-10,0.999999999372823,0.001,0.999,-0.0009999993728230785,0.0009999993728230239,0.001,0.001,0.0,85779.1674915561,85922.66823419892,-16.701150649987007,0.0,0.0,0.0011653434772718185,0.0011653434772718185,1.3578093325672391,0.22544513660395632,58,,,DOWN,1.274641990661621,1.0076420307159424,839.0,,,,,,,,,,,0.0,30.73931097984314,0.2259528636932373,0.0,0.0,0.0,60.09778094291687,1.2534229755401611,0.0,0.0
btc-updown-15m-1790926200,1790927071.013953,1790927071.013953,28.98604702949524,0.0,1.0,0.001,0.999,-0.001,0.0010000000000000009,0.001,0.001,0.0,85743.58066781332,85922.66823419892,-20.842877678968197,-0.001165924730095469,-0.001165924730095469,-2.168150062094032,-4.987669502101166,-4.987669502101166,0.37900662605129143,60,19.8045810613172,38.61929126515617,DOWN,1.0139529705047607,0.2259528636932373,870.0,,,,,,,,,,,0.0,29.35846996307373,1.2534229755401611,0.0,0.0,,,,,
btc-updown-15m-1790926200,1790927085.389081,1790927085.389081,14.610918998718262,0.0,1.0,0.001,0.999,-0.001,0.0010000000000000009,0.001,0.001,0.0,85746.88932538115,85922.66823419892,-20.457803793830777,0.001165924865542678,0.0,0.0,-4.986504158760452,-4.985339396382793,0.37901508850338117,60,50.57765907675318,72.02723248925291,DOWN,1.3890810012817383,0.3560810089111328,884.0,,,,,,0.0,10.68992805480957,1.0640089511871338,0.0,0.0,,,,,,,,,,
btc-updown-15m-1790926200,1790927096.079009,1790927096.079009,3.9209909439086914,0.0,1.0,0.001,0.999,-0.001,0.0010000000000000009,0.001,0.001,0.0,85739.03504551771,85922.66823419892,-21.37191412406869,-0.001165924730095469,-0.001165924730095469,-0.001165924730095469,-0.001165924730095469,-4.987669502101166,0.3790066264088761,60,292.4288351356249,232.80012468276246,DOWN,1.0790090560913086,1.0640089511871338,895.0,0.0,4.293413877487183,1.2534229755401611,0.0,0.0,,,,,,,,,,,,,,,
btc-updown-15m-1790926200,1790927100.372423,1790927100.372423,0.0,0.0,1.0,0.001,0.999,-0.001,0.0010000000000000009,0.001,0.001,0.0,85741.18469234953,85922.66823419892,-21.121730223125912,0.0,-0.001165924730095469,0.0,-0.001165924730095469,-4.987669502101166,0.37900662646847355,60,3267.280684822172,1163.2269552857645,DOWN,1.3724229335784912,1.2534229755401611,899.0,,,,,,,,,,,,,,,,,,,,
btc-updown-15m-1790926200,1790927100.372423,1790927100.372423,0.0,0.0,1.0,0.001,0.999,-0.001,0.0010000000000000009,0.001,0.001,0.0,85741.18469234953,85922.66823419892,-21.121730223125912,0.0,-0.001165924730095469,0.0,-0.001165924730095469,-4.987669502101166,0.37900662646847355,60,3267.280684822172,1163.2269552857645,DOWN,1.3724229335784912,1.2534229755401611,899.0,,,,,,,,,,,,,,,,,,,,
btc-updown-15m-1790926200,1790927100.372423,1790927100.372423,0.0,0.0,1.0,0.001,0.999,-0.001,0.0010000000000000009,0.001,0.001,0.0,85741.18469234953,85922.66823419892,-21.121730223125912,0.0,-0.001165924730095469,0.0,-0.001165924730095469,-4.987669502101166,0.37900662646847355,60,3267.280684822172,1163.2269552857645,DOWN,1.3724229335784912,1.2534229755401611,899.0,,,,,,,,,,,,,,,,,,,,
btc-updown-15m-1790926200,1790927100.372423,1790927100.372423,0.0,0.0,1.0,0.001,0.999,-0.001,0.0010000000000000009,0.001,0.001,0.0,85741.18469234953,85922.66823419892,-21.121730223125912,0.0,-0.001165924730095469,0.0,-0.001165924730095469,-4.987669502101166,0.37900662646847355,60,3267.280684822172,1163.2269552857645,DOWN,1.3724229335784912,1.2534229755401611,899.0,,,,,,,,,,,,,,,,,,,,
btc-updown-15m-1790926200,1790927100.372423,1790927100.372423,0.0,0.0,1.0,0.001,0.999,-0.001,0.0010000000000000009,0.001,0.001,0.0,85741.18469234953,85922.66823419892,-21.121730223125912,0.0,-0.001165924730095469,0.0,-0.001165924730095469,-4.987669502101166,0.37900662646847355,60,3267.280684822172,1163.2269552857645,DOWN,1.3724229335784912,1.2534229755401611,899.0,,,,,,,,,,,,,,,,,,,,
btc-updown-15m-1790926200,1790927100.372423,1790927100.372423,0.0,0.0,1.0,0.001,0.999,-0.001,0.0010000000000000009,0.001,0.001,0.0,85741.18469234953,85922.66823419892,-21.121730223125912,0.0,-0.001165924730095469,0.0,-0.001165924730095469,-4.987669502101166,0.37900662646847355,60,3267.280684822172,1163.2269552857645,DOWN,1.3724229335784912,1.2534229755401611,899.0,,,,,,,,,,,,,,,,,,,,
btc-updown-15m-1790926200,1790927100.372423,1790927100.372423,0.0,0.0,1.0,0.001,0.999,-0.001,0.0010000000000000009,0.001,0.001,0.0,85741.18469234953,85922.66823419892,-21.121730223125912,0.0,-0.001165924730095469,0.0,-0.001165924730095469,-4.987669502101166,0.37900662646847355,60,3267.280684822172,1163.2269552857645,DOWN,1.3724229335784912,1.2534229755401611,899.0,,,,,,,,,,,,,,,,,,,,
btc-updown-15m-1790926200,1790927100.372423,1790927100.372423,0.0,0.0,1.0,0.001,0.999,-0.001,0.0010000000000000009,0.001,0.001,0.0,85741.18469234953,85922.66823419892,-21.121730223125912,0.0,-0.001165924730095469,0.0,-0.001165924730095469,-4.987669502101166,0.37900662646847355,60,3267.280684822172,1163.2269552857645,DOWN,1.3724229335784912,1.2534229755401611,899.0,,,,,,,,,,,,,,,,,,,,
btc-updown-15m-1790926200,1790927100.372423,1790927100.372423,0.0,0.0,1.0,0.001,0.999,-0.001,0.0010000000000000009,0.001,0.001,0.0,85741.18469234953,85922.66823419892,-21.121730223125912,0.0,-0.001165924730095469,0.0,-0.001165924730095469,-4.987669502101166,0.37900662646847355,60,3267.280684822172,1163.2269552857645,DOWN,1.3724229335784912,1.2534229755401611,899.0,,,,,,,,,,,,,,,,,,,,
btc-updown-15m-1790926200,1790927100.372423,1790927100.372423,0.0,0.0,1.0,0.001,0.999,-0.001,0.0010000000000000009,0.001,0.001,0.0,85741.18469234953,85922.66823419892,-21.121730223125912,0.0,-0.001165924730095469,0.0,-0.001165924730095469,-4.987669502101166,0.37900662646847355,60,3267.280684822172,1163.2269552857645,DOWN,1.3724229335784912,1.2534229755401611,899.0,,,,,,,,,,,,,,,,,,,,
btc-updown-15m-1790927100,1790927145.133635,1790927145.133635,854.8663649559021,0.7683229354465979,0.2316770645534021,0.735,0.265,0.03332293544659792,-0.03332293544659792,0.73,0.74,0.010000000000000009,85829.55271569807,85757.70952688952,8.377461245745454,0.0,2.5662821281802195,5.566412474544702,5.600223729287368,11.336286154304265,0.49601170944024936,56,0.7164750732144408,-8.370448934590218,UP,1.1336350440979004,0.1376349925994873,44.0,,,,,,,,,,,0.08999999999999997,29.70722198486328,0.34485697746276855,0.08999999999999997,0.08999999999999997,0.030000000000000027,59.79344582557678,1.8040807247161865,0.030000000000000027,0.030000000000000027
btc-updown-15m-1790927100,1790927147.134298,1790927147.134298,852.8657019138336,0.7898059044500396,0.21019409554996038,0.77,0.22999999999999998,0.019805904450039602,-0.019805904450039602,0.76,0.78,0.020000000000000018,85837.28287981577,85757.70952688952,9.278857068972801,0.46574443834268564,4.892481316254305,6.524372434013603,8.157962199071278,13.896658482650537,0.5544492686322793,56,0.7870919356351159,-9.270255331551501,UP,1.1342980861663818,0.28029799461364746,46.0,,,,,,,,,,,0.04499999999999993,29.797979831695557,0.30327796936035156,0.050000000000000044,0.039999999999999925,-0.025000000000000022,58.503474950790405,0.9687731266021729,-0.020000000000000018,-0.030000000000000027
btc-updown-15m-1790927100,1790927163.537272,1790927163.537272,836.462728023529,0.8596005188169056,0.14039948118309442,0.845,0.15500000000000003,0.014600518816905605,-0.014600518816905605,0.84,0.85,0.010000000000000009,85883.67602309237,85757.70952688952,14.688649789946773,-0.0011637377905771018,3.4924330617003285,3.9571104641544785,13.017038675555703,16.098258238628205,0.5893925784591187,56,1.052674006349379,-14.667105791905962,UP,1.5372719764709473,0.41427183151245117,62.0,,,,,,-0.020000000000000018,11.303585052490234,0.34485697746276855,-0.020000000000000018,-0.020000000000000018,,,,,,-0.14,60.73901391029358,0.08528590202331543,-0.14,-0.14
btc-updown-15m-1790927100,1790927174.840857,1790927174.840857,825.1591429710388,0.9059214113235661,0.09407858867643393,0.825,0.17500000000000004,0.08092141132356612,-0.08092141132356612,0.82,0.83,0.010000000000000009,85916.74795749565,85757.70952688952,18.545088422197153,-1.2347457692207797,-2.114359749292305,-1.3964853489489837,6.050120385165947,11.751728908295789,0.6308458260389058,56,1.2836924310399682,-18.51076005400137,UP,1.8408570289611816,0.34485697746276855,74.0,0.010000000000000009,5.1707470417022705,1.835603952407837,0.010000000000000009,0.010000000000000009,,,,,,-0.05999999999999994,30.0862238407135,1.8040807247161865,-0.05999999999999994,-0.05999999999999994,,,,,
btc-updown-15m-1790927100,1790927176.932278,1790927176.932278,823.0677220821381,0.8322045841013799,0.16779541589862013,0.815,0.18500000000000005,0.017204584101379927,-0.017204584101379927,0.81,0.82,0.009999999999999898,85884.622214395,85757.70952688952,14.798982879280498,0.0,-3.5732565887947043,-2.065609578842942,3.4104136497603577,11.106062959524987,0.6386284235507689,56,0.9395994667932512,-14.777114253197158,UP,0.9322779178619385,0.30327796936035156,76.0,0.030000000000000027,6.131814002990723,1.067091941833496,0.029999999999999916,0.030000000000000027,,,,,,-0.06999999999999995,28.70549511909485,0.9687731266021729,-0.07000000000000006,-0.06999999999999995,,,,,
btc-updown-15m-1790927100,1790927180.011604,1790927180.011604,819.9883959293365,0.8573906607871382,0.14260933921286179,0.835,0.16500000000000004,0.02239066078713825,-0.02239066078713825,0.83,0.84,0.010000000000000009,85898.40891639735,85757.70952688952,16.406617000856993,0.6168097413117302,2.0962994088224995,-0.5678632017547258,4.80847539777951,13.2035237362782,0.651965512672325,56,1.042527921287692,-16.379743383229947,UP,1.0116040706634521,1.835603952407837,79.0,,,,,,,,,,,,,,,,,,,,
btc-updown-15m-1790927100,1790927183.064092,1790927183.064092,816.9359080791473,0.8830752483931974,0.1169247516068026,0.845,0.15500000000000003,0.038075248393197425,-0.038075248393197425,0.84,0.85,0.010000000000000009,85910.07749164384,85757.70952688952,17.767261461960615,0.0,0.6179736051947771,0.3130505296145003,4.109620458505603,13.202356941159898,0.6519730316450268,56,1.16108332723623,-17.735749891406854,UP,1.0640919208526611,1.067091941833496,82.0,,,,,,,,,,,,,,,,-0.17999999999999994,60.485947132110596,0.11903905868530273,-0.17999999999999994,-0.17999999999999994
btc-updown-15m-1790927100,1790927198.288438,1790927198.288438,801.7115619182587,0.8732674804221118,0.12673251957788823,0.845,0.15500000000000003,0.0282674804221118,-0.0282674804221118,0.84,0.85,0.010000000000000009,85898.63922647452,85757.70952688952,16.433472904358037,0.0,0.0,0.0011638191876883752,-0.9298049620631854,10.505180707283124,0.6215806677248196,60,1.113288053276711,-16.406511308454622,UP,1.288438081741333,0.04543805122375488,97.0,,,,,,,,,,,,,,,,,,,,
btc-updown-15m-1790927100,1790927204.9270809,1790927204.9270809,795.0729191303253,0.7823191239124708,0.21768087608752917,0.765,0.235,0.017319123912470813,-0.017319123912470813,0.76,0.77,0.010000000000000009,85864.96962611114,85757.70952688952,12.50734188370295,-0.8417731864851508,-4.784460686187986,-4.784460686187986,-4.087617951114009,1.9600293759847176,0.6906800230842153,60,0.7607391849596202,-12.49171806484868,UP,1.9270808696746826,1.8040807247161865,103.0,,,,,,,,,,,,,,,,-0.09999999999999998,59.83537220954895,0.03945302963256836,-0.09999999999999998,-0.09999999999999998
btc-updown-15m-1790927100,1790927205.637773,1790927205.637773,794.3622269630432,0.7724018854528895,0.22759811454711054,0.745,0.255,0.027401885452889463,-0.027401885452889463,0.74,0.75,0.010000000000000009,85860.50057701407,85757.70952688952,11.986216830139895,-0.7975977520091604,-5.122203723113561,-5.582840000135647,-4.33693037050209,1.162275292472259,0.6988091119794708,60,0.7283292606951086,-11.971867090659392,UP,1.637773036956787,0.9687731266021729,104.0,,,,,,,,,,,,,,,,-0.07999999999999996,59.124680042266846,0.03945302963256836,-0.07999999999999996,-0.07999999999999996
btc-updown-15m-1790927100,1790927224.276286,1790927224.276286,775.7237141132355,0.7216371927639567,0.27836280723604334,0.705,0.29500000000000004,0.0166371927639567,-0.0166371927639567,0.7,0.71,0.010000000000000009,85836.89804653068,85757.70952688952,9.233982586291933,-0.21782211201859525,-1.518733059836519,-1.5198975554109317,-8.845025836785592,-9.543813622271413,0.5903436763927205,60,0.5730542932169822,-9.225463809075867,UP,1.2762858867645264,0.08528590202331543,123.0,,,,,,,,,,,,,,,,,,,,
btc-updown-15m-1790927100,1790927243.550039,1790927243.550039,756.4499609470367,0.6724091357121306,0.32759086428786943,0.665,0.33499999999999996,0.007409135712130532,-0.007409135712130532,0.66,0.67,0.010000000000000009,85815.87898353243,85757.70952688952,6.783000264793948,-0.7665132048206846,-0.7665132048206846,-0.7676780290777341,-2.837142103433443,-11.011120393719098,0.4708560819858764,60,0.43534686032529873,-6.778402474216836,UP,1.5500390529632568,0.11903905868530273,142.0,,,,,,,,,,,,,,,,,,,,
btc-updown-15m-1790927100,1790927264.762453,1790927264.762453,735.2375469207764,0.6566611331139877,0.34333886688601234,0.665,0.33499999999999996,-0.008338866886012375,0.008338866886012375,0.66,0.67,0.010000000000000009,85807.51204425113,85757.70952688952,5.807351623119406,-0.312220799754126,-0.31338576622852443,-0.312220799754126,-1.0798748603269015,-5.691471258129077,0.322954617030148,56,0.3929608491047653,-5.803981047244558,UP,0.7624530792236328,0.03945302963256836,164.0,,,,,,,,,,,,,,,,,,,,
btc-updown-15m-1790927100,1790927296.834054,1790927296.834054,703.1659460067749,0.7601036497248262,0.23989635027517375,0.745,0.255,0.015103649724826251,-0.015103649724826251,0.74,0.75,0.010000000000000009,85821.34899406112,85757.70952688952,7.420845020544853,0.9295714500900942,0.9307364350119585,0.9295714500900942,2.327748639496807,1.2487874704691926,0.2529182641865027,56,0.6867328229466644,-7.415342210013612,UP,0.8340539932250977,0.03305411338806152,196.0,,,,,,,,,,,-0.020000000000000018,30.11033797264099,0.04539179801940918,-0.020000000000000018,-0.020000000000000018,,,,,
btc-updown-15m-1790927100,1790927300.230348,1790927300.230348,699.769651889801,0.8057218982664464,0.19427810173355364,0.755,0.245,0.05072189826644635,-0.05072189826644635,0.75,0.76,0.010000000000000009,85834.05202131452,85757.70952688952,8.902114439175435,-0.0011646967368328376,1.5422964911238068,1.5434615474219093,2.9417247244678535,1.8615320688497583,0.2646444884079764,56,0.8376473900094363,-8.8941967234685,UP,1.2303481101989746,0.3883483409881592,199.0,,,,,,,,,,,,,,,,,,,,
btc-updown-15m-1790927100,1790927326.944392,1790927326.944392,673.0556080341339,0.8339660593054831,0.16603394069451693,0.725,0.275,0.10896605930548309,-0.10896605930548309,0.72,0.73,0.010000000000000009,85832.31363044798,85757.70952688952,8.699404866343574,0.0011647390607549823,-0.3610560306555044,-0.3610560306555044,0.2515899377519837,2.5793971410625893,0.2352045323967826,60,0.9410407092454708,-8.691843479796292,UP,0.9443919658660889,0.04539179801940918,226.0,,,,,,,,,,,,,,,,,,,,
btc-updown-15m-1790927100,1790927351.0657558,1790927351.0657558,648.9342441558838,0.7851116089701142,0.21488839102988577,0.775,0.22499999999999998,0.010111608970114205,-0.010111608970114205,0.77,0.78,0.010000000000000009,85817.2716450788,85757.70952688952,6.945395174133839,0.33312701201104744,2.119112777925203,2.1179475434007777,-0.37852648375080733,1.164876639563328,0.28351749272678595,58,0.7652742010854432,-6.940574670750908,UP,1.065755844116211,0.23775577545166016,250.0,,,,,,,,,,,,,,,,0.039999999999999925,61.269254207611084,0.13401007652282715,0.040000000000000036,0.039999999999999925
btc-updown-15m-1790927100,1790927407.5264,1790927407.5264,592.4735999107361,0.8800787680508255,0.11992123194917448,0.815,0.18500000000000005,0.06507876805082558,-0.06507876805082558,0.81,0.82,0.009999999999999898,85842.16008807508,85757.70952688952,9.847576579582462,-0.004657878801550552,-0.23754628659222732,-0.23754628659222732,1.2566212819487,4.444428393501898,0.28140147242327584,60,1.1352444531849415,-9.837888643401948,UP,1.526400089263916,0.3454000949859619,306.0,0.0,4.808609962463379,0.13401007652282715,0.0,0.0,,,,,,,,,,,,,,,
btc-updown-15m-1790927100,1790927412.33501,1790927412.33501,587.6649899482727,0.8892417987677627,0.11075820123223734,0.815,0.18500000000000005,0.07424179876776271,-0.07424179876776271,0.81,0.82,0.009999999999999898,85845.16311987813,85757.70952688952,10.197752886715872,-0.0011644701070068209,0.0,-0.23754628659222732,1.255456519162479,1.5722819961139223,0.19770448040947444,60,1.1803720176914807,-10.187364064586843,UP,1.335010051727295,0.13401007652282715,311.0,,,,,,-0.08499999999999996,10.073801040649414,0.29981112480163574,-0.10000000000000009,-0.06999999999999995,-0.05999999999999994,29.496236085891724,0.32524633407592773,-0.06000000000000005,-0.05999999999999994,,,,,
btc-updown-15m-1790927100,1790927414.7584379,1790927414.7584379,585.241562128067,0.8986523845739061,0.10134761542609394,0.815,0.18500000000000005,0.08365238457390611,-0.08365238457390611,0.81,0.82,0.009999999999999898,85848.63907676593,85757.70952688952,10.603075849162646,0.0,0.0011644702424540299,-0.004657878258651493,1.2566211355991008,1.5734466494432553,0.1977018500423005,60,1.229776058355492,-10.591845235321905,UP,1.7584378719329834,0.14543795585632324,313.0,,,,,,-0.07999999999999996,10.621363162994385,0.06580114364624023,-0.08000000000000007,-0.07999999999999996,,,,,,,,,,
btc-updown-15m-1790927100,1790927422.408811,1790927422.408811,577.5911889076233,0.8993931844018005,0.1006068155981995,0.73,0.27,0.1693931844018005,-0.1693931844018005,0.71,0.75,0.040000000000000036,85848.29547487307,85757.70952688952,10.563009259842993,-0.008155268863552223,-4.884952668944287,-4.884952668944287,-5.123546761272024,-3.3122744575775354,0.6582598994147161,60,1.2332208681120245,-10.551863316850893,UP,1.408811092376709,0.29981112480163574,321.0,,,,,,-0.025000000000000022,8.918728828430176,0.24853992462158203,-0.010000000000000009,-0.040000000000000036,,,,,,,,,,
btc-updown-15m-1790927100,1790927423.2625148,1790927423.2625148,576.7374851703644,0.9009717657316676,0.0990282342683324,0.675,0.32499999999999996,0.22597176573166755,-0.22597176573166755,0.67,0.68,0.010000000000000009,85848.86145835808,85757.70952688952,10.629007231119925,0.0,-4.886116570211874,-4.886116570211874,-5.122382915299095,-3.3134387251443354,0.6582582538023218,60,1.2418359666240029,-10.617721647103227,UP,1.2625148296356201,0.6305148601531982,322.0,,,,,,0.09999999999999998,10.953980207443237,0.15149521827697754,0.09999999999999998,0.09999999999999998,,,,,,,,,,
btc-updown-15m-1790927100,1790927425.379801,1790927425.379801,574.6201989650726,0.6978318160913324,0.3021681839086676,0.735,0.265,-0.03716818390866761,0.03716818390866761,0.73,0.74,0.010000000000000009,85807.91704258778,85757.70952688952,5.854577503905389,0.4928002236814777,-4.160652177863655,-4.161816163474885,-4.39926356001985,-2.589024353600866,0.6628991689357225,60,0.5003830854804754,-5.851151901676184,UP,2.379801034927368,0.06580114364624023,324.0,-0.030000000000000027,5.947738885879517,0.24853992462158203,-0.030000000000000027,-0.030000000000000027,0.040000000000000036,9.713021039962769,0.03182220458984375,0.040000000000000036,0.040000000000000036,,,,,,0.13,59.56973910331726,0.12253999710083008,0.13,0.13
btc-updown-15m-1790927100,1790927425.379801,1790927425.379801,574.6201989650726,0.6978318160913324,0.3021681839086676,0.735,0.265,-0.03716818390866761,0.03716818390866761,0.73,0.74,0.010000000000000009,85807.91704258778,85757.70952688952,5.854577503905389,0.4928002236814777,-4.160652177863655,-4.161816163474885,-4.39926356001985,-2.589024353600866,0.6628991689357225,60,0.5003830854804754,-5.851151901676184,UP,2.379801034927368,0.06580114364624023,324.0,-0.030000000000000027,5.947738885879517,0.24853992462158203,-0.030000000000000027,-0.030000000000000027,0.040000000000000036,9.713021039962769,0.03182220458984375,0.040000000000000036,0.040000000000000036,,,,,,0.13,59.56973910331726,0.12253999710083008,0.13,0.13
btc-updown-15m-1790927100,1790927425.379801,1790927425.379801,574.6201989650726,0.6978318160913324,0.3021681839086676,0.735,0.265,-0.03716818390866761,0.03716818390866761,0.73,0.74,0.010000000000000009,85807.91704258778,85757.70952688952,5.854577503905389,0.4928002236814777,-4.160652177863655,-4.161816163474885,-4.39926356001985,-2.589024353600866,0.6628991689357225,60,0.5003830854804754,-5.851151901676184,UP,2.379801034927368,0.06580114364624023,324.0,-0.030000000000000027,5.947738885879517,0.24853992462158203,-0.030000000000000027,-0.030000000000000027,0.040000000000000036,9.713021039962769,0.03182220458984375,0.040000000000000036,0.040000000000000036,,,,,,0.13,59.56973910331726,0.12253999710083008,0.13,0.13
btc-updown-15m-1790927100,1790927431.32754,1790927431.32754,568.6724600791931,0.719896255844136,0.28010374415586403,0.705,0.29500000000000004,0.014896255844136008,-0.014896255844136008,0.7,0.71,0.010000000000000009,85814.67006478838,85757.70952688952,6.642031161174788,0.0011649309183958678,0.0,0.923875458325174,-4.190828850230144,-2.3817160607808585,0.6636552858778978,60,0.5622271345494665,-6.637622431672751,UP,1.3275399208068848,0.24853992462158203,330.0,0.07000000000000006,3.765282154083252,0.03182220458984375,0.07000000000000006,0.07000000000000006,0.040000000000000036,9.552129983901978,0.0586700439453125,0.040000000000000036,0.040000000000000036,,,,,,,,,,
btc-updown-15m-1790927100,1790927434.216495,1790927434.216495,565.7835049629211,0.7227389075875077,0.2772610924124923,0.775,0.22499999999999998,-0.05226109241249233,0.05226109241249233,0.77,0.78,0.010000000000000009,85814.84066424887,85757.70952688952,6.661924353452697,-0.001164543741438706,3.322382595654094,4.022787641548842,-0.6381293215640405,0.9398752376754693,0.7332309924916072,60,0.5702711534988962,-6.657489184519364,UP,1.2164950370788574,0.15149521827697754,333.0,,,,,,,,,,,,,,,,,,,,
btc-updown-15m-1790927100,1790927435.092822,1790927435.092822,564.9071779251099,0.7692219440946343,0.2307780559053657,0.775,0.22499999999999998,-0.005778055905365731,0.005778055905365731,0.77,0.78,0.010000000000000009,85834.08671767917,85757.70952688952,8.906160298707277,0.0,3.323547913609559,3.5298134685812776,-0.6381293215640405,0.9398752376754693,0.7332309924916072,60,0.7102501192410605,-8.898235387633365,UP,1.0928220748901367,0.03182220458984375,334.0,-0.030000000000000027,5.786847829818726,0.0586700439453125,-0.030000000000000027,-0.030000000000000027,,,,,,,,,,,,,,,
btc-updown-15m-1790927100,1790927440.87967,1790927440.87967,559.1203300952911,0.7696630490508288,0.23033695094917117,0.745,0.255,0.024663049050828834,-0.024663049050828834,0.74,0.75,0.010000000000000009,85834.22845648788,85757.70952688952,8.922688119878952,0.0,-1.3671745126064838,1.955919014002827,-2.000559644333988,-0.7430253733853309,0.7595190558993584,59,0.7113670421788895,-8.914733780958738,UP,1.8796699047088623,0.0586700439453125,339.0,,,,,,,,,,,,,,,,,,,,
btc-updown-15m-1790927100,1790927441.8312461,1790927441.8312461,558.168753862381,0.7623139032217885,0.2376860967782115,0.755,0.245,0.007313903221788487,-0.007313903221788487,0.75,0.76,0.010000000000000009,85831.63611460997,85757.70952688952,8.6204013759561,,-1.3695034408767182,1.953588924583638,-2.0017241144409947,-0.7453545197244615,0.7660364852834755,58,0.6882350605201596,-8.612976644384588,UP,1.8312461376190186,0.32524633407592773,340.0,,,,,,,,,,,,,,,,,,,,
btc-updown-15m-1790927100,1790927484.9495401,1790927484.9495401,515.0504598617554,0.8708223564167328,0.12917764358326722,0.865,0.135,0.005822356416732788,-0.005822356416732788,0.86,0.87,0.010000000000000009,85858.147057974,85757.70952688952,11.71177864224271,1.0374701378013107,2.3069463774127996,2.2032798125759534,1.9679996273613831,6.395917796728767,0.4436204403642924,58,1.0857431185936226,-11.698078112104918,UP,0.9495401382446289,0.12253999710083008,384.0,,,,,,,,,,,,,,,,,,,,
btc-updown-15m-1790927100,1790927509.3826618,1790927509.3826618,490.617338180542,0.9403560121210488,0.0596439878789512,0.915,0.08499999999999996,0.025356012121048765,-0.025356012121048765,0.91,0.92,0.010000000000000009,85888.83052666874,85757.70952688952,15.289704039740393,0.0,-0.0011639274211105999,0.6984053078795682,5.229932448744812,4.889721581653461,0.2586705689147203,58,1.4927573665076848,-15.26636222372408,UP,1.3826618194580078,0.0446619987487793,408.0,,,,,,,,,,,,,,,,0.0,61.48974633216858,0.005408048629760742,0.0,0.0
btc-updown-15m-1790927100,1790927525.791069,1790927525.791069,474.2089309692383,0.9468900436486664,0.05310995635133364,0.915,0.08499999999999996,0.03189004364866632,-0.03189004364866632,0.91,0.92,0.010000000000000009,85885.81249547067,85757.70952688952,14.937778689272374,-1.531777516065036,-1.531777516065036,,-1.153532632575116,3.2711473738666896,0.34060066441048603,56,1.545605086866768,-14.915498248084633,UP,1.7910690307617188,0.03606891632080078,425.0,0.010000000000000009,3.553907871246338,0.010976791381835938,0.010000000000000009,0.010000000000000009,,,,,,,,,,,0.010000000000000009,59.101433992385864,0.579503059387207,0.010000000000000009,0.010000000000000009
btc-updown-15m-1790927100,1790927527.117263,1790927527.117263,472.8827369213104,0.9485833543701807,0.05141664562981929,0.915,0.08499999999999996,0.033583354370180674,-0.033583354370180674,0.91,0.92,0.010000000000000009,85886.40331440564,85757.70952688952,15.006672662563059,0.0,0.3142704264424978,0.001163928098346645,0.6949132813405257,5.123907137567496,0.41471671264979076,56,1.5605574237564435,-14.984186384544778,UP,2.117263078689575,0.7182629108428955,426.0,,,,,,,,,,,,,,,,,,,,
btc-updown-15m-1790927100,1790927529.344977,1790927529.344977,470.65502309799194,0.9560315856700328,0.04396841432996723,0.925,0.07499999999999996,0.031031585670032724,-0.031031585670032724,0.92,0.93,0.010000000000000009,85892.63957333399,85757.70952688952,15.733867799041512,0.0,0.31427046302434647,-0.001163927962899436,0.6937492724956584,5.12157749245068,0.4147258837941626,56,1.6319784210540669,-15.709151228175525,UP,1.3449769020080566,0.010976791381835938,428.0,,,,,,,,,,,,,,,,,,,,
btc-updown-15m-1790927100,1790927550.063112,1790927550.063112,449.93688797950745,0.9826233326701406,0.01737666732985943,0.925,0.07499999999999996,0.057623332670140526,-0.057623332670140526,0.92,0.93,0.010000000000000009,85888.38583744991,85757.70952688952,15.237849900762157,0.001163873371012869,0.001163873371012869,-0.465527621441586,0.7856761575575355,1.1651728553130347,0.36568610437480437,56,2.0146917653397614,-15.214666021050164,UP,2.0631120204925537,0.44811201095581055,449.0,,,,,,,,,,,0.0,30.179518938064575,0.005630970001220703,0.0,0.0,,,,,
btc-updown-15m-1790927100,1790927564.1867409,1790927564.1867409,435.81325912475586,0.9830031177122984,0.016996882287701576,0.925,0.07499999999999996,0.05800311771229838,-0.05800311771229838,0.92,0.93,0.010000000000000009,85886.65603815223,85757.70952688952,15.036142170083977,0.0011639546526609479,0.0,0.0011639546526609479,-0.2269659793141532,-0.23278548433536272,0.36625376281096633,56,2.020020006956828,-15.013567556458076,UP,1.1867408752441406,0.6717407703399658,463.0,,,,,,,,,,,,,,,,,,,,
btc-updown-15m-1790927100,1790927565.8682199,1790927565.8682199,434.1317801475525,0.9819801099540184,0.01801989004598159,0.925,0.07499999999999996,0.056980109954018365,-0.056980109954018365,0.92,0.93,0.010000000000000009,85884.94440295002,85757.70952688952,14.836552510839596,-0.0011639545161035159,-0.0011639545161035159,,-0.23162161083223332,-0.23278551142924542,0.366253762806985,56,1.99710238626307,-14.814572792123068,UP,1.8682198524475098,0.2962198257446289,465.0,-0.010000000000000009,5.004188299179077,0.005408048629760742,-0.010000000000000009,-0.010000000000000009,,,,,,,,,,,,,,,
btc-updown-15m-1790927100,1790927570.8724082,1790927570.8724082,429.1275918483734,0.9832068183572623,0.016793181642737687,0.915,0.08499999999999996,0.06820681835726228,-0.06820681835726228,0.91,0.92,0.010000000000000009,85885.85447308629,85757.70952688952,14.942673597946321,0.0,-1.396745582792347,-1.397909374734052,-2.561565736980409,-1.6306623177675394,0.4100637397029753,56,2.0230592879347555,-14.92037856326243,UP,2.872408151626587,0.005408048629760742,470.0,,,,,,0.010000000000000009,9.370222806930542,0.005630970001220703,0.010000000000000009,0.010000000000000009,,,,,,,,,,
btc-updown-15m-1790927100,1790927580.242631,1790927580.242631,419.75736904144287,0.9756664139856314,0.024333586014368636,0.925,0.07499999999999996,0.05066641398563132,-0.05066641398563132,0.92,0.93,0.010000000000000009,85875.15127526181,85757.70952688952,13.694599473352831,-0.0011641171138165873,-0.0011641171138165873,0.0,-2.0961356964455113,-1.310624227272017,0.4082582413531142,56,1.87489873576879,-13.675870915889178,UP,2.242630958557129,0.005630970001220703,479.0,0.0,4.649872064590454,0.579503059387207,0.0,0.0,,,,,,,,,,,,,,,
btc-updown-15m-1790927100,1790927584.892503,1790927584.892503,415.1074969768524,0.975429110105589,0.02457088989441103,0.925,0.07499999999999996,0.050429110105588926,-0.050429110105588926,0.92,0.93,0.010000000000000009,85874.1844280835,85757.70952688952,13.581857752096305,0.0011641714592336427,-0.46564684574867954,,-1.8611634890708384,-1.7750461337395773,0.4124186500005516,56,1.8698700462924824,-13.563436086141719,UP,1.892503023147583,0.579503059387207,483.0,,,,,,,,,,,0.019999999999999907,28.58945107460022,0.29795408248901367,0.019999999999999907,0.019999999999999907,,,,,
btc-updown-15m-1790927100,1790927607.1181152,1790927607.1181152,392.8818848133087,0.9897929014318242,0.01020709856817581,0.955,0.04500000000000004,0.03479290143182423,-0.03479290143182423,0.95,0.96,0.010000000000000009,85890.86184364802,85757.70952688952,15.526571021202695,0.0,-0.0011639898778170732,-0.0011639898778170732,1.0919418532817637,-1.003258728670131,0.3008096799322412,56,2.196811292196257,-15.502500952997902,UP,1.1181151866912842,0.48111534118652344,506.0,-0.010000000000000009,6.3638389110565186,0.29795408248901367,-0.010000000000000009,-0.010000000000000009,,,,,,0.0,29.74458885192871,1.4417040348052979,0.0,0.0,,,,,
btc-updown-15m-1790927100,1790927613.481954,1790927613.481954,386.5180459022522,0.9861128492510283,0.013887150748971733,0.945,0.05500000000000005,0.041112849251028316,-0.041112849251028316,0.94,0.95,0.010000000000000009,85882.92513930934,85757.70952688952,14.601091040165048,0.0011639900132642822,0.0,0.0,1.5599897552909248,-0.30262820960524905,0.2864795481513432,56,2.082997526772855,-14.579802937162707,UP,1.4819540977478027,0.29795408248901367,512.0,,,,,,,,,,,,,,,,,,,,
btc-updown-15m-1790927100,1790927634.229683,1790927634.229683,365.7703170776367,0.9863038485420424,0.01369615145795755,0.935,0.06499999999999995,0.051303848542042396,-0.051303848542042396,0.93,0.94,0.009999999999999898,85879.41470219783,85757.70952688952,14.191747421863354,0.0,-0.8601885198000758,-0.8601885198000758,-0.859024629912275,,0.24802642473074973,55,2.081314590984786,-14.17163539485467,UP,1.2296829223632812,0.22568297386169434,533.0,,,,,,,,,,,,,,,,0.05999999999999994,61.07782816886902,1.4395110607147217,0.05999999999999994,0.06000000000000005
btc-updown-15m-1790927100,1790927636.2012281,1790927636.2012281,363.79877185821533,0.9797935662603576,0.02020643373964237,0.955,0.04500000000000004,0.02479356626035767,-0.02479356626035767,0.95,0.96,0.010000000000000009,85870.43949752295,85757.70952688952,13.145170417370178,-0.0011640900110521102,-0.8613525096778929,-0.8613525096778929,-0.8601886199255393,0.23282344997710425,0.24580256682208484,56,1.9332458285557557,-13.127913551284722,UP,1.201228141784668,0.7802281379699707,535.0,,,,,,0.020000000000000018,11.172595739364624,0.7398240566253662,0.020000000000000018,0.020000000000000018,,,,,,0.040000000000000036,59.10628294944763,1.4395110607147217,0.040000000000000036,0.040000000000000036
btc-updown-15m-1790927100,1790927636.2012281,1790927636.2012281,363.79877185821533,0.9797935662603576,0.02020643373964237,0.955,0.04500000000000004,0.02479356626035767,-0.02479356626035767,0.95,0.96,0.010000000000000009,85870.43949752295,85757.70952688952,13.145170417370178,-0.0011640900110521102,-0.8613525096778929,-0.8613525096778929,-0.8601886199255393,0.23282344997710425,0.24580256682208484,56,1.9332458285557557,-13.127913551284722,UP,1.201228141784668,0.7802281379699707,535.0,,,,,,0.020000000000000018,11.172595739364624,0.7398240566253662,0.020000000000000018,0.020000000000000018,,,,,,0.040000000000000036,59.10628294944763,1.4395110607147217,0.040000000000000036,0.040000000000000036
btc-updown-15m-1790927100,1790927636.862704,1790927636.862704,363.13729596138,0.9849834593772337,0.01501654062276625,0.955,0.04500000000000004,0.02998345937723379,-0.02998345937723379,0.95,0.96,0.010000000000000009,85876.92966631109,85757.70952688952,13.90197337117316,-0.0011640900110521102,-0.8613525096778929,-0.8613525096778929,-0.8601886199255393,0.23282344997710425,0.24580256682208484,56,2.0462546378220416,-13.882673715142786,UP,0.8627040386199951,1.4417040348052979,536.0,,,,,,0.020000000000000018,10.511119842529297,0.7398240566253662,0.020000000000000018,0.020000000000000018,,,,,,0.040000000000000036,60.306354999542236,0.8910589218139648,0.040000000000000036,0.040000000000000036
btc-updown-15m-1790927100,1790927647.373824,1790927647.373824,352.6261761188507,0.9937593784350134,0.006240621564986615,0.975,0.025000000000000022,0.018759378435013407,-0.018759378435013407,0.97,0.98,0.010000000000000009,85892.74340439039,85757.70952688952,15.745975288499192,1.3964855114623198,4.422377954185208,4.423542559135463,3.5629734311126704,3.561809026508822,0.3430791931974595,56,2.3515324619153537,-15.721220693245325,UP,1.373823881149292,0.7398240566253662,546.0,,,,,,,,,,,,,,,,,,,,
btc-updown-15m-1790927100,1790927695.307511,1790927695.307511,304.6924889087677,0.9999914654926889,8.534507311086514e-06,0.995,0.0050000000000000044,0.004991465492688918,-0.004991465492688918,0.99,1.0,0.010000000000000009,85971.66516518351,85757.70952688952,24.948851767887525,0.001162790832509586,1.409500966880195,2.1481357682295865,5.350535710899607,11.17410002164032,0.5297372254751115,58,4.004603392019956,-24.88676215389146,UP,1.3075110912322998,1.4395110607147217,594.0,,,,,,,,,,,,,,,,,,,,
btc-updown-15m-1790927100,1790927697.169059,1790927697.169059,302.83094096183777,0.9999916243677551,8.375632244872477e-06,0.995,0.0050000000000000044,0.004991624367755132,-0.004991624367755132,0.99,1.0,0.010000000000000009,85971.11710344891,85757.70952688952,24.884943608769472,0.001162790832509586,0.9314821066475076,2.0934614221590486,5.351699746376504,11.175265412552982,0.529730863804971,58,4.0066289889168285,-24.8231712870027,UP,1.1690590381622314,0.8910589218139648,596.0,,,,,,,,,,,,,,,,,,,,
btc-updown-15m-1790927100,1790927697.7691982,1790927697.7691982,302.230801820755,0.9999911972264299,8.80277357007131e-06,0.995,0.0050000000000000044,0.004991197226429933,-0.004991197226429933,0.99,1.0,0.010000000000000009,85970.32632048365,85757.70952688952,24.7927323114272,0.001162790832509586,0.9314821066475076,2.0934614221590486,5.351699746376504,11.175265412552982,0.529730863804971,58,3.995780428947389,-24.73141637284619,UP,0.7691981792449951,1.4911980628967285,597.0,,,,,,,,,,,,,,,,,,,,
btc-updown-15m-1790927100,1790927990.013238,1790927990.013238,9.986762046813965,1.0,0.0,0.999,0.0010000000000000009,0.0010000000000000009,-0.0010000000000000009,0.999,0.999,0.0,86028.46473347931,85757.70952688952,31.572112651270245,0.001162079668048932,0.001162079668048932,-0.9330627954751147,-0.9330627954751147,-0.06623809457262375,0.3061706969610792,54,149.35279383586712,-176.3549709655603,UP,1.0132379531860352,1.5442380905151367,889.0,,,,,,,,,,,,,,,,,,,,
btc-updown-15m-1790928900,1790929072.8787751,1790929072.8787751,727.1212248802185,0.8613574896214511,0.1386425103785489,0.935,0.06499999999999995,-0.07364251037854896,0.07364251037854896,0.93,0.94,0.009999999999999898,86574.10809835751,86296.25614610987,32.19745150672581,0.026558317969271883,2.797481296608062,0.054271495812940884,,,,26,1.0562322897743526,-32.09411663034079,UP,0.8787751197814941,0.08177518844604492,172.0,,,,,,,,,,,,,,,,,,,,
btc-updown-15m-1790928900,1790929072.8787751,1790929072.8787751,727.1212248802185,0.8613574896214511,0.1386425103785489,0.935,0.06499999999999995,-0.07364251037854896,0.07364251037854896,0.93,0.94,0.009999999999999898,86574.10809835751,86296.25614610987,32.19745150672581,0.026558317969271883,2.797481296608062,0.054271495812940884,,,,26,1.0562322897743526,-32.09411663034079,UP,0.8787751197814941,0.08177518844604492,172.0,,,,,,,,,,,,,,,,,,,,
btc-updown-15m-1790928900,1790929072.8787751,1790929072.8787751,727.1212248802185,0.8613574896214511,0.1386425103785489,0.935,0.06499999999999995,-0.07364251037854896,0.07364251037854896,0.93,0.94,0.009999999999999898,86574.10809835751,86296.25614610987,32.19745150672581,0.026558317969271883,2.797481296608062,0.054271495812940884,,,,26,1.0562322897743526,-32.09411663034079,UP,0.8787751197814941,0.08177518844604492,172.0,,,,,,,,,,,,,,,,,,,,
btc-updown-15m-1790928900,1790929072.8787751,1790929072.8787751,727.1212248802185,0.8613574896214511,0.1386425103785489,0.935,0.06499999999999995,-0.07364251037854896,0.07364251037854896,0.93,0.94,0.009999999999999898,86574.10809835751,86296.25614610987,32.19745150672581,0.026558317969271883,2.797481296608062,0.054271495812940884,,,,26,1.0562322897743526,-32.09411663034079,UP,0.8787751197814941,0.08177518844604492,172.0,,,,,,,,,,,,,,,,,,,,
btc-updown-15m-1790928900,1790929121.3723588,1790929121.3723588,678.6276412010193,0.8051052448849674,0.19489475511503263,0.895,0.10499999999999998,-0.08989475511503264,0.08989475511503264,0.89,0.9,0.010000000000000009,86505.1950790523,86296.25614610987,24.21181894480595,-0.454188239644715,-2.7660947952456993,-3.2870215679448034,-3.718968448959137,-9.912259473279228,1.1791843293955742,60,0.8349068864824222,-24.15333931696155,UP,1.372358798980713,0.3403587341308594,221.0,,,,,,,,,,,,,,,,,,,,
btc-updown-15m-1790928900,1790929202.850433,1790929202.850433,597.1495668888092,0.8856414354065547,0.11435856459344529,0.915,0.08499999999999996,-0.029358564593445324,0.029358564593445324,0.91,0.92,0.010000000000000009,86475.7394171219,86296.25614610987,20.798500309000545,0.0011560471779858972,0.0011560471779858972,0.0,0.7214253978515828,2.968453675007421,0.4142335346084493,60,1.162680679299696,-20.75533233041104,UP,0.8504331111907959,0.0014331340789794922,302.0,,,,,,,,,,,,,,,,,,,,
btc-updown-15m-1790928900,1790929217.081113,1790929217.081113,582.9188868999481,0.9386482598194748,0.06135174018052525,0.895,0.10499999999999998,0.04364825981947473,-0.04364825981947473,0.89,0.9,0.010000000000000009,86451.90222374622,86296.25614610987,18.03624914768376,-0.7505145187547413,,-2.5991444097583916,-2.1367620192858094,-1.4431082331167744,0.41640492471789353,58,1.4893563717967784,-18.003777086769606,UP,1.0811131000518799,0.14411306381225586,316.0,,,,,,,,,,,0.010000000000000009,28.98982000350952,0.45093321800231934,0.010000000000000009,0.010000000000000009,0.05999999999999994,60.21402883529663,0.846142053604126,0.05999999999999994,0.05999999999999994
btc-updown-15m-1790928900,1790929246.070933,1790929246.070933,553.9290668964386,0.9830401052435555,0.01695989475644455,0.905,0.09499999999999997,0.07804010524355542,-0.07804010524355542,0.9,0.91,0.010000000000000009,86446.20961310183,86296.25614610987,17.376590096571665,0.0,0.6500115660412753,1.1115479421275332,-0.9702337153094653,-1.9125331744729301,0.3011763735360775,58,2.042328466922005,-17.34644788511811,UP,1.0709331035614014,0.45093321800231934,345.0,,,,,,,,,,,0.04999999999999993,31.22420883178711,0.846142053604126,0.04999999999999993,0.04999999999999993,,,,,
btc-updown-15m-1790928900,1790929277.295142,1790929277.295142,522.7048580646515,0.9968823730133977,0.00311762698660234,0.955,0.04500000000000004,0.0418823730133977,-0.0418823730133977,0.95,0.96,0.010000000000000009,86481.16898034443,86296.25614610987,21.427677455843064,0.0,6.378477119799442,6.378477119799442,9.661642435265794,9.442852067458318,0.7632190667365744,60,2.6268738878280566,-21.381861093551137,UP,2.2951419353485107,0.846142053604126,376.0,,,,,,,,,,,,,,,,,,,,
btc-updown-15m-1790928900,1790929310.816142,1790929310.816142,489.18385791778564,0.9231414690155455,0.0768585309844545,0.905,0.09499999999999997,0.018141469015545475,-0.018141469015545475,0.9,0.91,0.010000000000000009,86455.49553892874,86296.25614610987,18.452642087884996,0.0,-0.0023126194326206218,-8.147654164200047,-9.01224479987861,1.387764542615244,1.0706418306611434,60,1.366784946498088,-18.4186548034031,UP,0.8161420822143555,0.026141881942749023,410.0,,,,,,,,,,,,,,,,,,,,
btc-updown-15m-1790928900,1790929354.2968361,1790929354.2968361,445.7031638622284,0.8812139322157437,0.11878606778425627,0.885,0.11499999999999999,-0.003786067784256275,0.003786067784256275,0.88,0.89,0.010000000000000009,86412.65259426503,86296.25614610987,13.488006705424382,-0.00115696216385075,-0.00115696216385075,-0.5506837270641274,-2.1699902836247453,-13.394698065850585,0.711319528031671,60,1.1270034469267023,-13.469838578117146,UP,1.2968361377716064,0.14783620834350586,453.0,,,,,,,,,,,-0.030000000000000027,29.346478700637817,0.20331478118896484,-0.030000000000000027,-0.030000000000000027,,,,,
btc-updown-15m-1790928900,1790929361.10914,1790929361.10914,438.890860080719,0.8865877794982402,0.11341222050175981,0.905,0.09499999999999997,-0.018412220501759835,0.018412220501759835,0.9,0.91,0.010000000000000009,86412.64119994176,86296.25614610987,13.48668633258443,-0.00115696216385075,-0.00115696216385075,-0.00115696216385075,-1.06544874653558,-13.781227860263368,0.7074989630934085,60,1.1523390191702272,-13.468521759750725,UP,1.1091399192810059,0.14414000511169434,460.0,,,,,,,,,,,,,,,,,,,,
btc-updown-15m-1790928900,1790929382.0602949,1790929382.0602949,417.9397051334381,0.904221372698819,0.09577862730118103,0.87,0.13,0.034221372698818975,-0.034221372698818975,0.85,0.89,0.040000000000000036,86411.50588004795,86296.25614610987,13.355125596983264,-0.0011572003444371148,-2.939582044880762,-3.072580103122835,-2.0593926527123774,-5.153827763840768,0.45367703362436285,60,1.2420004339343262,-13.337313447362284,UP,1.0602948665618896,0.16329503059387207,481.0,,,,,,,,,,,,,,,,,,,,
btc-updown-15m-1790928900,1790929382.0602949,1790929382.0602949,417.9397051334381,0.904221372698819,0.09577862730118103,0.87,0.13,0.034221372698818975,-0.034221372698818975,0.85,0.89,0.040000000000000036,86411.50588004795,86296.25614610987,13.355125596983264,-0.0011572003444371148,-2.939582044880762,-3.072580103122835,-2.0593926527123774,-5.153827763840768,0.45367703362436285,60,1.2420004339343262,-13.337313447362284,UP,1.0602948665618896,0.16329503059387207,481.0,,,,,,,,,,,,,,,,,,,,
btc-updown-15m-1790928900,1790929383.6433148,1790929383.6433148,416.3566851615906,0.8541814034440965,0.14581859655590346,0.855,0.14500000000000002,-0.0008185965559034392,0.0008185965559034392,0.85,0.86,0.010000000000000009,86391.66477554,86296.25614610987,11.055940743083248,0.0011572004776638778,-2.938425184570992,-3.071423258204087,-2.058235690546306,-5.152671159763811,0.45368071038855634,60,1.00288971365077,-11.043730859687145,UP,0.6433148384094238,0.20331478118896484,483.0,,,,,,,,,,,,,,,,-0.08999999999999997,60.465068101882935,0.946382999420166,-0.08999999999999997,-0.08999999999999997
btc-updown-15m-1790928900,1790929438.554073,1790929438.554073,361.44592690467834,0.7594356187141441,0.2405643812858559,0.745,0.255,0.014435618714144116,-0.014435618714144116,0.74,0.75,0.010000000000000009,86335.10165965617,86296.25614610987,4.5014135353138585,0.0,-1.507415162744774,-1.507415162744774,-4.745315447738374,-9.354372457655025,0.5124650554055173,54,0.664743015547902,-4.499388174630852,UP,0.5540730953216553,0.1700730323791504,538.0,0.020000000000000018,5.554309844970703,0.946382999420166,0.020000000000000018,0.020000000000000018,,,,,,0.0,30.438483953475952,0.516556978225708,0.0,0.0,,,,,
btc-updown-15m-1790928900,1790929444.108383,1790929444.108383,355.89161705970764,0.779064113392255,0.220935886607745,0.765,0.235,0.014064113392254995,-0.014064113392254995,0.76,0.77,0.010000000000000009,86338.29191299183,86296.25614610987,4.871099716168281,0.0,,-1.5062573938029455,-3.934300993124751,-6.4155194470438826,0.3503087502480969,52,0.7249008868898538,-4.868728110155951,UP,1.1083829402923584,0.946382999420166,543.0,,,,,,,,,,,,,,,,0.07999999999999996,60.6172091960907,0.517592191696167,0.07999999999999996,0.07999999999999996
btc-updown-15m-1790928900,1790929445.614971,1790929445.614971,354.3850290775299,0.7767656158094364,0.22323438419056363,0.705,0.29500000000000004,0.07176561580943641,-0.07176561580943641,0.7,0.71,0.010000000000000009,86337.77053483504,86296.25614610987,4.810682476756867,-0.0011579433578656761,0.0,-0.0011579433578656761,-3.936615513042696,-5.787523922285986,0.3434107605537687,52,0.717434276884707,-4.808369322951897,UP,0.6149709224700928,0.8389708995819092,545.0,,,,,,,,,,,,,,,,0.14,59.110621213912964,0.517592191696167,0.14,0.14
btc-updown-15m-1790928900,1790929445.614971,1790929445.614971,354.3850290775299,0.7767656158094364,0.22323438419056363,0.705,0.29500000000000004,0.07176561580943641,-0.07176561580943641,0.7,0.71,0.010000000000000009,86337.77053483504,86296.25614610987,4.810682476756867,-0.0011579433578656761,0.0,-0.0011579433578656761,-3.936615513042696,-5.787523922285986,0.3434107605537687,52,0.717434276884707,-4.808369322951897,UP,0.6149709224700928,0.8389708995819092,545.0,,,,,,,,,,,,,,,,0.14,59.110621213912964,0.517592191696167,0.14,0.14
btc-updown-15m-1790928900,1790929452.345855,1790929452.345855,347.6541450023651,0.7814102507949741,0.21858974920502594,0.765,0.235,0.016410250794974046,-0.016410250794974046,0.76,0.77,0.010000000000000009,86338.16747250124,86296.25614610987,4.8566795667714935,0.0,0.0011579434922026621,0.0,,-4.744158053726633,0.3259802590128004,52,0.7312684910244962,-4.854321978136011,UP,1.3458549976348877,0.6738550662994385,551.0,,,,,,-0.020000000000000018,11.498678922653198,0.12153387069702148,-0.020000000000000018,-0.020000000000000018,0.04999999999999993,30.89568519592285,0.26554012298583984,0.050000000000000044,0.04999999999999993,,,,,
btc-updown-15m-1790928900,1790929463.844534,1790929463.844534,336.1554660797119,0.8318980458997327,0.1681019541002673,0.745,0.255,0.08689804589973271,-0.08689804589973271,0.74,0.75,0.010000000000000009,86347.15187307887,86296.25614610987,5.897790847708695,0.0,-0.0011578361014397132,,-0.5812000089844283,-3.8194002384228654,0.3522750314498363,50,0.9029947056313323,-5.8943145042943925,UP,0.8445339202880859,0.12153387069702148,563.0,0.0,5.1480231285095215,0.516556978225708,0.0,0.0,,,,,,,,,,,,,,,
btc-updown-15m-1790928900,1790929467.732267,1790929467.732267,332.2677330970764,0.8193595868608707,0.18064041313912926,0.765,0.235,0.05435958686087072,-0.05435958686087072,0.76,0.77,0.010000000000000009,86344.25277968595,86296.25614610987,5.561844246733116,,0.0,-0.0011578361014397132,0.9263547938864747,-3.8194002384228654,0.3591924183541326,48,0.856554982581227,-5.5587525551412,UP,0.732266902923584,1.663266897201538,567.0,,,,,,,,,,,,,,,,,,,,
btc-updown-15m-1790928900,1790929468.992557,1790929468.992557,331.0074429512024,0.8174675097236488,0.1825324902763512,0.745,0.255,0.0724675097236488,-0.0724675097236488,0.74,0.75,0.010000000000000009,86343.77293832434,86296.25614610987,5.506240286254904,0.0011578362357766991,0.0011578362357766991,0.0,0.9275127373786773,-3.818242844412234,0.3591977961268167,48,0.8496091885181734,-5.503210086547525,UP,0.9925570487976074,0.516556978225708,568.0,,,,,,,,,,,,,,,,,,,,
btc-updown-15m-1790928900,1790929483.2415402,1790929483.2415402,316.75845980644226,0.827672478282749,0.17232752171725096,0.815,0.18500000000000005,0.012672478282749089,-0.012672478282749089,0.81,0.82,0.009999999999999898,86344.6023194773,86296.25614610987,5.602348876592167,0.0011577689407182845,0.5812337229960107,0.5823916265290663,,-0.8867722635697017,0.26995009629647504,52,0.8836591688462719,-5.599212002685684,UP,1.2415401935577393,0.26554012298583984,582.0,,,,,,,,,,,,,,,,,,,,
btc-updown-15m-1790928900,1790929504.7255921,1790929504.7255921,295.27440786361694,0.9004486327825314,0.0995513672174686,0.845,0.15500000000000003,0.055448632782531426,-0.055448632782531426,0.84,0.85,0.010000000000000009,86359.34899669526,86296.25614610987,7.3111920960466925,0.0,0.80812272165387,0.80812272165387,1.388245485800521,2.314728773191721,0.14879368423272007,52,1.1942077191015266,-7.305850648296312,UP,0.7255921363830566,0.517592191696167,604.0,,,,,,,,,,,-0.039999999999999925,31.36068081855774,0.16327285766601562,-0.039999999999999925,-0.039999999999999925,,,,,
btc-updown-15m-1790928900,1790929526.0847108,1790929526.0847108,273.9152891635895,0.9086908214290564,0.09130917857094356,0.825,0.17500000000000004,0.08369082142905648,-0.08369082142905648,0.82,0.83,0.010000000000000009,86358.93753277136,86296.25614610987,7.26351170500017,-0.0011577548686414474,-1.3358707932809022,,0.11925018724046055,,0.18988164939895297,47,1.231814057048908,-7.25823967411726,UP,1.0847108364105225,1.8347110748291016,625.0,,,,,,-0.019999999999999907,10.001562118530273,0.16327285766601562,-0.019999999999999907,-0.019999999999999907,,,,,,,,,,
btc-updown-15m-1790928900,1790929536.086273,1790929536.086273,263.9137270450592,0.8595351470867766,0.14046485291322341,0.805,0.19499999999999995,0.054535147086776536,-0.054535147086776536,0.8,0.81,0.010000000000000009,86345.87009877463,86296.25614610987,5.7492589922736315,0.0011577550029784334,0.0011577550029784334,0.0011577550029784334,-0.6865015049772882,0.701648677561284,0.18789338118043283,48,0.9934665652556456,-5.745955493644899,UP,1.086272954940796,0.16327285766601562,635.0,,,,,,,,,,,,,,,,0.15999999999999992,60.7707359790802,0.1650090217590332,0.15999999999999992,0.15999999999999992
btc-updown-15m-1790928900,1790929548.859534,1790929548.859534,251.14046597480774,0.8580367487861953,0.1419632512138047,0.845,0.15500000000000003,0.013036748786195318,-0.013036748786195318,0.84,0.85,0.010000000000000009,86344.1343945039,86296.25614610987,5.548125785777014,0.20145963292916846,0.6252460458977538,-0.3091205497218752,-1.6437924839340923,-0.18871631572991987,0.21958605976564394,49,0.9828088386044701,-5.545049322664585,UP,1.8595340251922607,0.9305341243743896,648.0,,,,,,,,,,,0.10999999999999999,30.30680513381958,0.6413393020629883,0.10999999999999999,0.10999999999999999,,,,,
btc-updown-15m-1790928900,1790929550.232864,1790929550.232864,249.76713609695435,0.9016948864584443,0.09830511354155569,0.845,0.15500000000000003,0.05669488645844434,-0.05669488645844434,0.84,0.85,0.010000000000000009,86353.76512857403,86296.25614610987,6.664134115712539,0.3021833616223546,0.8116525987933443,0.9274483014132251,-1.3416587949854897,0.11346134319856205,0.22417318190335575,49,1.1836103283162478,-6.659696004978524,UP,1.2328639030456543,0.18186378479003906,649.0,,,,,,,,,,,0.10999999999999999,28.933475255966187,0.6413393020629883,0.10999999999999999,0.10999999999999999,,,,,
btc-updown-15m-1790928900,1790929550.232864,1790929550.232864,249.76713609695435,0.9016948864584443,0.09830511354155569,0.845,0.15500000000000003,0.05669488645844434,-0.05669488645844434,0.84,0.85,0.010000000000000009,86353.76512857403,86296.25614610987,6.664134115712539,0.3021833616223546,0.8116525987933443,0.9274483014132251,-1.3416587949854897,0.11346134319856205,0.22417318190335575,49,1.1836103283162478,-6.659696004978524,UP,1.2328639030456543,0.18186378479003906,649.0,,,,,,,,,,,0.10999999999999999,28.933475255966187,0.6413393020629883,0.10999999999999999,0.10999999999999999,,,,,
btc-updown-15m-1790928900,1790929570.8097332,1790929570.8097332,229.19026684761047,0.9603497517401517,0.03965024825984831,0.925,0.07499999999999996,0.03534975174015165,-0.03534975174015165,0.92,0.93,0.010000000000000009,86370.47818763235,86296.25614610987,8.600841431269934,1.1030887991103633,1.1019311806936827,1.769921543510744,4.318829168885596,2.050110440874331,0.342734839915552,51,1.5943786654760757,-8.593450340896165,UP,0.8097331523895264,0.3647332191467285,670.0,0.019999999999999907,4.341293811798096,0.28702688217163086,0.019999999999999907,0.019999999999999907,,,,,,,,,,,,,,,
btc-updown-15m-1790928900,1790929572.009859,1790929572.009859,227.990140914917,0.9751925228826657,0.02480747711733433,0.945,0.05500000000000005,0.030192522882665718,-0.030192522882665718,0.94,0.95,0.010000000000000009,86379.0366682767,86296.25614610987,9.592597160492655,0.001157327036427347,1.4156111701546514,2.0836224841858098,,2.363820169544173,0.3382938422960368,53,1.7827225565560474,-9.583404186914294,UP,1.0098590850830078,0.6678588390350342,671.0,,,,,,,,,,,,,,,,,,,,
btc-updown-15m-1790928900,1790929575.151027,1790929575.151027,224.84897303581238,0.9865983886897839,0.01340161131021611,0.945,0.05500000000000005,0.04159838868978394,-0.04159838868978394,0.94,0.95,0.010000000000000009,86388.8448576353,86296.25614610987,10.729168988359294,0.9246399892792745,1.932796548280713,3.0349407098517744,6.136603100721505,3.983303233792146,0.3632753650776783,53,2.0075987067935586,-10.717669819293423,UP,1.151026964187622,0.28702688217163086,674.0,0.010000000000000009,4.015312194824219,0.6413393020629883,0.010000000000000009,0.010000000000000009,,,,,,,,,,,,,,,
btc-updown-15m-1790928900,1790929579.1663392,1790929579.1663392,220.83366084098816,0.9911680921008814,0.008831907899118585,0.955,0.04500000000000004,0.036168092100881455,-0.036168092100881455,0.95,0.96,0.010000000000000009,86394.37936052957,86296.25614610987,11.370506532004665,0.7116090394476693,2.0830437806051982,4.194746912884462,6.785811043934498,5.14090311348081,0.36974090209542937,55,2.1467211230032275,-11.357592374177903,UP,1.1663391590118408,0.6413393020629883,678.0,,,,,,0.020000000000000018,10.728684902191162,0.08002400398254395,0.020000000000000018,0.020000000000000018,,,,,,,,,,
btc-updown-15m-1790928900,1790929589.895024,1790929589.895024,210.104975938797,0.9996393614471054,0.0003606385528945877,0.975,0.025000000000000022,0.024639361447105435,-0.024639361447105435,0.97,0.98,0.010000000000000009,86431.91234820236,86296.25614610987,15.71982472365896,0.0011566042101840424,1.8520660774590247,3.4710166063844916,8.334489936741019,9.950904241389225,0.4168997801833817,57,3.041370652665691,-15.695152219469746,UP,0.8950240612030029,0.08002400398254395,689.0,,,,,,0.0,9.084170818328857,0.12219500541687012,0.0,0.0,,,,,,,,,,
btc-updown-15m-1790928900,1790929589.895024,1790929589.895024,210.104975938797,0.9996393614471054,0.0003606385528945877,0.975,0.025000000000000022,0.024639361447105435,-0.024639361447105435,0.97,0.98,0.010000000000000009,86431.91234820236,86296.25614610987,15.71982472365896,0.0011566042101840424,1.8520660774590247,3.4710166063844916,8.334489936741019,9.950904241389225,0.4168997801833817,57,3.041370652665691,-15.695152219469746,UP,0.8950240612030029,0.08002400398254395,689.0,,,,,,0.0,9.084170818328857,0.12219500541687012,0.0,0.0,,,,,,,,,,
btc-updown-15m-1790928900,1790929596.857009,1790929596.857009,203.142991065979,0.9995330794455388,0.00046692055446118097,0.965,0.03500000000000003,0.03453307944553885,-0.03453307944553885,0.96,0.97,0.010000000000000009,86426.28897459888,86296.25614610987,15.068188852696007,-0.0011566843449717368,-0.0011566843449717368,1.1568182869825527,6.970409212330164,9.253934658861596,0.43173709952273853,57,2.9650239833241816,-15.045517982061014,UP,0.8570089340209961,0.1650090217590332,696.0,,,,,,,,,,,,,,,,-0.020000000000000018,59.71421790122986,0.38922667503356934,-0.020000000000000018,-0.020000000000000018
btc-updown-15m-1790928900,1790929598.9791949,1790929598.9791949,201.02080512046814,0.9995904867895338,0.000409513210466228,0.975,0.025000000000000022,0.024590486789533794,-0.024590486789533794,0.97,0.98,0.010000000000000009,86426.86726113023,86296.25614610987,15.135200627849343,0.0,0.0011566844793087228,-0.692805921813644,6.971566703064536,9.255092413729127,0.4317294443844168,57,2.9938693872542186,-15.112327816503695,UP,0.9791948795318604,0.12219500541687012,698.0,,,,,,,,,,,,,,,,-0.020000000000000018,58.947489976882935,0.9546849727630615,-0.020000000000000018,-0.020000000000000018
btc-updown-15m-1790928900,1790929656.5712268,1790929656.5712268,143.42877316474915,0.9990596930466102,0.0009403069533897579,0.945,0.05500000000000005,0.05405969304661029,-0.05405969304661029,0.94,0.95,0.010000000000000009,86393.47606456444,86296.25614610987,11.265832701938816,0.0,-2.7423569528173264,-2.7412001573678957,-5.516738773339025,-6.441575866935612,0.3836585791701922,56,2.639235536454119,-11.253155085682613,UP,1.5712268352508545,0.38922667503356934,756.0,,,,,,,,,,,,,,,,,,,,
btc-updown-15m-1790928900,1790929656.5712268,1790929656.5712268,143.42877316474915,0.9990596930466102,0.0009403069533897579,0.945,0.05500000000000005,0.05405969304661029,-0.05405969304661029,0.94,0.95,0.010000000000000009,86393.47606456444,86296.25614610987,11.265832701938816,0.0,-2.7423569528173264,-2.7412001573678957,-5.516738773339025,-6.441575866935612,0.3836585791701922,56,2.639235536454119,-11.253155085682613,UP,1.5712268352508545,0.38922667503356934,756.0,,,,,,,,,,,,,,,,,,,,
btc-updown-15m-1790928900,1790929657.9266849,1790929657.9266849,142.0733151435852,0.9936551035166459,0.006344896483354123,0.955,0.04500000000000004,0.03865510351664592,-0.03865510351664592,0.95,0.96,0.010000000000000009,86373.68652035217,86296.25614610987,8.972622649030537,0.0011574300473604637,-2.5086785466321704,-2.74004304459452,-5.516738135165067,-6.441575121846066,0.3836585824863388,56,2.1124947234953346,-8.964579070509197,UP,0.9266848564147949,0.9546849727630615,757.0,,,,,,,,,,,,,,,,,,,,
btc-updown-15m-1790928900,1790929672.9697611,1790929672.9697611,127.03023886680603,0.9978931577120684,0.002106842287931565,0.975,0.025000000000000022,0.022893157712068457,-0.022893157712068457,0.97,0.98,0.010000000000000009,86378.34994424839,86296.25614610987,9.51301966096052,0.0,-0.0011574299141337008,-0.0011574299141337008,-3.8990184307874376,-5.517894926555522,0.37509741480972864,55,2.3685026557440683,-9.503978507520413,UP,0.9697611331939697,0.09576129913330078,772.0,,,,,,-0.020000000000000018,8.569636821746826,0.9563977718353271,-0.020000000000000018,-0.020000000000000018,,,,,,,,,,
btc-updown-15m-1790928900,1790929680.068583,1790929680.068583,119.9314169883728,0.997071472761369,0.002928527238631018,0.945,0.05500000000000005,0.05207147276136903,-0.05207147276136903,0.94,0.95,0.010000000000000009,86372.01294064739,86296.25614610987,8.778688429920134,-0.0011575144498454648,-0.7314957050097437,-0.7303383596268809,-3.4713383166318224,-6.24667422437164,0.3847518139549076,54,2.2495935314482183,-8.770988652259103,UP,1.0685830116271973,0.17258310317993164,779.0,,,,,,,,,,,,,,,,0.050000000000000044,59.99780893325806,0.0033919811248779297,0.052000000000000046,0.04800000000000004
btc-updown-15m-1790928900,1790929680.068583,1790929680.068583,119.9314169883728,0.997071472761369,0.002928527238631018,0.945,0.05500000000000005,0.05207147276136903,-0.05207147276136903,0.94,0.95,0.010000000000000009,86372.01294064739,86296.25614610987,8.778688429920134,-0.0011575144498454648,-0.7314957050097437,-0.7303383596268809,-3.4713383166318224,-6.24667422437164,0.3847518139549076,54,2.2495935314482183,-8.770988652259103,UP,1.0685830116271973,0.17258310317993164,779.0,,,,,,,,,,,,,,,,0.050000000000000044,59.99780893325806,0.0033919811248779297,0.052000000000000046,0.04800000000000004
btc-updown-15m-1790928900,1790929680.068583,1790929680.068583,119.9314169883728,0.997071472761369,0.002928527238631018,0.945,0.05500000000000005,0.05207147276136903,-0.05207147276136903,0.94,0.95,0.010000000000000009,86372.01294064739,86296.25614610987,8.778688429920134,-0.0011575144498454648,-0.7314957050097437,-0.7303383596268809,-3.4713383166318224,-6.24667422437164,0.3847518139549076,54,2.2495935314482183,-8.770988652259103,UP,1.0685830116271973,0.17258310317993164,779.0,,,,,,,,,,,,,,,,0.050000000000000044,59.99780893325806,0.0033919811248779297,0.052000000000000046,0.04800000000000004
btc-updown-15m-1790928900,1790929681.539398,1790929681.539398,118.4606020450592,0.9950862788582091,0.004913721141790894,0.955,0.04500000000000004,0.040086278858209146,-0.040086278858209146,0.95,0.96,0.010000000000000009,86366.57594630236,86296.25614610987,8.148650165475946,0.0,-0.7303383596268809,-0.7303383596268809,-3.4724950275966115,-6.24667422437164,0.3847518139549076,54,2.101197842057715,-8.142015521862406,UP,1.539397954940796,0.9563977718353271,780.0,,,,,,0.020000000000000018,10.174612998962402,0.06701087951660156,0.020000000000000018,0.020000000000000018,,,,,,0.040000000000000036,58.52699398994446,0.0033919811248779297,0.04200000000000004,0.038000000000000034
btc-updown-15m-1790928900,1790929691.714011,1790929691.714011,108.2859890460968,0.9981678522126415,0.001832147787358518,0.975,0.025000000000000022,0.023167852212641504,-0.023167852212641504,0.97,0.98,0.010000000000000009,86370.0879226953,86296.25614610987,8.555617576320174,,0.0,0.0,-0.7303383596268809,-6.235113521866342,0.3916786218718585,52,2.3073623997976545,-8.548303974347267,UP,0.7140109539031982,0.06701087951660156,791.0,,,,,,,,,,,,,,,,,,,,
btc-updown-15m-1790928900,1790929740.066392,1790929740.066392,59.933608055114746,0.9977776676880133,0.0022223323119866523,0.995,0.0050000000000000044,0.002777667688013352,-0.002777667688013352,0.992,0.998,0.006000000000000005,86363.97178183196,86296.25614610987,7.846879893311787,0.00115753294060994,0.0,,0.30444039630150854,-0.1574219835165369,0.0968088201276072,48,,,UP,1.066391944885254,0.0033919811248779297,839.0,0.0010000000000000009,3.6562421321868896,1.192634105682373,0.0010000000000000009,0.0010000000000000009,,,,,,0.0040000000000000036,31.102975130081177,1.7513670921325684,0.007000000000000006,0.0010000000000000009,,,,,
btc-updown-15m-1790928900,1790929743.722634,1790929743.722634,56.277365922927856,0.9999999418440598,5.815594017466452e-08,0.996,0.0040000000000000036,0.003999941844059829,-0.003999941844059829,0.993,0.999,0.006000000000000005,86363.77061074183,86296.25614610987,7.823568211076104,0.0,-0.001157532806272954,-0.15742200173862742,0.3044404315422078,-0.15973699419524756,0.0968071741821989,48,3.059327762950189,-8.223211262098225,UP,0.7226340770721436,1.192634105682373,843.0,,,,,,,,,,,,,,,,,,,,
btc-updown-15m-1790928900,1790929755.247487,1790929755.247487,44.75251293182373,0.9999999999985523,1.4477308241112041e-12,0.999,0.0010000000000000009,0.00099999999855227,-0.00099999999855227,0.999,0.999,0.0,86360.02107149258,86296.25614610987,7.389072044416967,-0.6008113384103897,-0.9272334721788233,-1.461964104209068,-1.620520418557092,-1.6216777454303166,0.15182732362512943,50,4.030924533648085,-9.733333303475582,UP,1.2474870681762695,0.14948725700378418,854.0,,,,,,,,,,,0.0,30.57501983642578,0.7005069255828857,0.0,0.0,,,,,
btc-updown-15m-1790928900,1790929771.169367,1790929771.169367,28.83063292503357,1.0,0.0,0.999,0.0010000000000000009,0.0010000000000000009,-0.0010000000000000009,0.999,0.999,0.0,86351.75047189953,86296.25614610987,6.430675937518782,0.0,-0.17944381909051899,-0.17828613767312262,-1.6402241770896442,-1.3358336806035265,0.13547041370848825,54,6.933214435657077,-13.519893547125484,UP,1.1693670749664307,1.7513670921325684,870.0,,,,,,,,,,,,,,,,,,,,
btc-updown-15m-1790928900,1790929785.822507,1790929785.822507,14.17749309539795,1.0,0.0,0.999,0.0010000000000000009,0.0010000000000000009,-0.0010000000000000009,0.999,0.999,0.0,86360.76544962822,86296.25614610987,7.47533049511695,0.46073346916086777,0.9631897138739909,2.2809299895754087,1.155386788302959,-0.4653208630434058,0.2310527472532664,54,20.421602285801853,-28.158755418688823,UP,0.8225069046020508,0.7005069255828857,885.0,0.0,5.195486068725586,0.23499298095703125,0.0,0.0,0.0,9.424402952194214,0.2329096794128418,0.0,0.0,,,,,,,,,,
btc-updown-15m-1790928900,1790929791.017993,1790929791.017993,8.982007026672363,1.0,0.0,0.999,0.0010000000000000009,0.0010000000000000009,-0.0010000000000000009,0.999,0.999,0.0,86367.92474072537,86296.25614610987,8.304948304380666,0.0011575685832099225,,0.9631897138739909,1.155386788302959,-0.4641634021873564,0.2310537068045684,54,38.507852413519196,-43.35381407436671,UP,2.0179929733276367,0.23499298095703125,890.0,0.0,4.228916883468628,0.2329096794128418,0.0,0.0,,,,,,,,,,,,,,,
btc-updown-15m-1790928900,1790929795.2469099,1790929795.2469099,4.753090143203735,1.0,0.0,0.999,0.0010000000000000009,0.0010000000000000009,-0.0010000000000000009,0.999,0.999,0.0,86368.01852197984,86296.25614610987,8.315815665105308,0.0,0.0011575685832099225,0.0,1.154228952484626,-0.30790372660738363,0.2301482966658578,54,83.07146174883088,-72.44451175561979,UP,1.2469098567962646,0.2329096794128418,894.0,,,,,,,,,,,,,,,,,,,,
btc-updown-15m-1790930700,1790930881.3824158,1790930881.3824158,718.6175842285156,0.4963949400393627,0.5036050599606373,0.565,0.43500000000000005,-0.06860505996063726,0.06860505996063726,0.56,0.57,0.009999999999999898,86316.16064895607,86316.84717179307,-0.0795352077254119,0.0,1.902145613301709,1.9009869609210028,4.632676172344752,0.22933120650048266,0.3982761224986916,58,0.008333663142911155,0.0795358403153175,DOWN,1.382415771484375,0.25241589546203613,181.0,,,,,,,,,,,,,,,,,,,,
btc-updown-15m-1790930700,1790930893.486848,1790930893.486848,706.513151884079,0.5155372668032007,0.48446273319679933,0.565,0.43500000000000005,-0.04946273319679928,0.04946273319679928,0.56,0.57,0.009999999999999898,86319.9754407157,86316.84717179307,0.362416958581413,-0.4621264767201705,-0.4621264767201705,-0.46096831838982055,1.3924286863931101,2.6983276624803487,0.33850002004551333,56,0.03829610759536246,-0.36240382445242425,DOWN,1.4868481159210205,0.02084827423095703,192.0,,,,,,,,,,,-0.10999999999999993,30.44316267967224,1.2010109424591064,-0.11000000000000004,-0.10999999999999993,,,,,
btc-updown-15m-1790930700,1790930923.9300108,1790930923.9300108,676.0699892044067,0.412414207549042,0.587585792450958,0.455,0.5449999999999999,-0.042585792450958004,0.04258579245095806,0.45,0.46,0.010000000000000009,86299.72307576421,86316.84717179307,-1.9838648641523626,0.0011584388737162499,-0.10773364212290915,-0.5710776838241394,-1.4976369651542587,-0.1054168140290912,0.29584841256203476,56,0.2143504558129642,1.9842585142274936,DOWN,0.9300107955932617,1.2010109424591064,223.0,,,,,,,,,,,,,,,,,,,,
btc-updown-15m-1790930700,1790930943.8969321,1790930943.8969321,656.1030678749084,0.35096775153986115,0.6490322484601388,0.425,0.575,-0.07403224846013884,0.0740322484601389,0.42,0.43,0.010000000000000009,86287.68348444371,86316.84717179307,-3.378678474124097,0.0,-0.0011586678605457479,0.10312251499389191,-2.549578056993962,-3.9367620959884775,0.26177385069506176,56,0.37062061933399915,3.379820406769068,DOWN,1.8969321250915527,0.24993205070495605,243.0,,,,,,,,,,,,,,,,,,,,
btc-updown-15m-1790930700,1790931027.182223,1790931027.182223,572.8177769184113,0.2837192537099784,0.7162807462900216,0.405,0.595,-0.12128074629002161,0.12128074629002161,0.4,0.41,0.009999999999999953,86276.30913280898,86316.84717179307,-4.6964225770906864,0.0,1.0498632918087836,1.0487043807794194,0.0023173362584394397,0.0,0.17680600312504782,50,0.5514230578647054,4.698629251940366,DOWN,2.182223081588745,0.15522313117980957,326.0,,,,,,,,,,,,,,,,,,,,
btc-updown-15m-1790930700,1790931083.5784209,1790931083.5784209,516.4215791225433,0.46976266104602893,0.5302373389539711,0.505,0.495,-0.035237338953971076,0.035237338953971076,0.5,0.51,0.010000000000000009,86311.7828127739,86316.84717179307,-0.5867173309848095,0.0,0.0,0.0,3.354343457657727,4.404558909671952,0.3819993221834998,58,0.07252273863529472,0.5867517567267411,DOWN,1.578420877456665,0.14942097663879395,383.0,,,,,,,,,,,,,,,,,,,,
btc-updown-15m-1790930700,1790931162.565807,1790931162.565807,437.4341928958893,0.24021886540422593,0.7597811345957741,0.295,0.7050000000000001,-0.05478113459577405,0.05478113459577405,0.29,0.3,0.010000000000000009,86273.63706239549,86316.84717179307,-5.0059879170027966,0.0,-0.6500435506007207,-0.6512021980498162,0.27927817369155505,-3.2099991647738246,0.24640893306639003,53,0.6726248107608599,5.008495163630235,DOWN,0.5658071041107178,0.21080708503723145,462.0,,,,,,,,,,,,,,,,,,,,
btc-updown-15m-1790930700,1790931187.031737,1790931187.031737,412.9682629108429,0.1526430023205077,0.8473569976794924,0.205,0.795,-0.052356997679492284,0.05235699767949231,0.2,0.21,0.009999999999999981,86256.02630446093,86316.84717179307,-7.046233652520106,-0.15531810945379476,-0.5296844680047208,-2.3964616730098864,-3.325534741930314,-2.3964616730098864,0.2324744041945543,54,0.974600907819393,7.051202094269163,DOWN,1.0317370891571045,0.20873713493347168,486.0,,,,,,,,,,,,,,,,,,,,
btc-updown-15m-1790930700,1790931305.827664,1790931305.827664,294.172336101532,0.03162989775711972,0.9683701022428803,0.075,0.925,-0.04337010224288028,0.04337010224288029,0.07,0.08,0.009999999999999995,86225.8794298849,86316.84717179307,-10.538816568116394,0.0,-0.002318840849335757,-0.24695050903189575,-2.044799896507854,-3.251117723842567,0.23387645607887775,54,1.7277100322403207,10.549934951042378,DOWN,0.8276638984680176,0.3956639766693115,605.0,,,,,,0.26,9.555878162384033,0.13154196739196777,0.26,0.26,,,,,,,,,,
btc-updown-15m-1790930700,1790931315.383542,1790931315.383542,284.61645793914795,0.20630583710678213,0.7936941628932179,0.335,0.665,-0.1286941628932179,0.1286941628932179,0.33,0.34,0.010000000000000009,86277.47723852206,86316.84717179307,-4.561094914953268,0.0,0.9177925559367139,6.024349921511796,4.356376649217175,2.7724329756795285,0.7443632521056996,54,0.7597299089635663,4.563176222940263,DOWN,0.3835420608520508,0.13154196739196777,615.0,,,,,,,,,,,,,,,,,,,,
btc-updown-15m-1790930700,1790931315.383542,1790931315.383542,284.61645793914795,0.20630583710678213,0.7936941628932179,0.335,0.665,-0.1286941628932179,0.1286941628932179,0.33,0.34,0.010000000000000009,86277.47723852206,86316.84717179307,-4.561094914953268,0.0,0.9177925559367139,6.024349921511796,4.356376649217175,2.7724329756795285,0.7443632521056996,54,0.7597299089635663,4.563176222940263,DOWN,0.3835420608520508,0.13154196739196777,615.0,,,,,,,,,,,,,,,,,,,,
btc-updown-15m-1790930700,1790931402.8068612,1790931402.8068612,197.19313883781433,0.23543302525679366,0.7645669747432063,0.325,0.675,-0.08956697474320635,0.0895669747432063,0.32,0.33,0.010000000000000009,86289.06843526891,86316.84717179307,-3.2182288202520226,-0.0011585336245900635,-0.696230312523527,-0.696230312523527,-0.696230312523527,-0.6950719399456684,0.09716090590329274,50,0.6439213072336678,3.219264853344844,DOWN,0.806861162185669,0.238861083984375,702.0,,,,,,,,,,,,,,,,,,,,
btc-updown-15m-1790930700,1790931434.368512,1790931434.368512,165.6314880847931,0.031779504673165704,0.9682204953268343,0.095,0.905,-0.0632204953268343,0.06322049532683427,0.09,0.1,0.010000000000000009,86252.9518680698,86316.84717179307,-7.402413991801637,0.0,-0.7406230343498521,-2.0500635009768065,-5.060475462254077,-5.755195662749957,0.31417550149857765,50,1.6167598214662677,7.407897624304372,DOWN,0.3685119152069092,0.15951204299926758,734.0,-0.020000000000000004,4.807532072067261,0.0010440349578857422,-0.01999999999999999,-0.020000000000000004,,,,,,,,,,,,,,,
btc-updown-15m-1790930700,1790931434.368512,1790931434.368512,165.6314880847931,0.031779504673165704,0.9682204953268343,0.095,0.905,-0.0632204953268343,0.06322049532683427,0.09,0.1,0.010000000000000009,86252.9518680698,86316.84717179307,-7.402413991801637,0.0,-0.7406230343498521,-2.0500635009768065,-5.060475462254077,-5.755195662749957,0.31417550149857765,50,1.6167598214662677,7.407897624304372,DOWN,0.3685119152069092,0.15951204299926758,734.0,-0.020000000000000004,4.807532072067261,0.0010440349578857422,-0.01999999999999999,-0.020000000000000004,,,,,,,,,,,,,,,
btc-updown-15m-1790930700,1790931439.176044,1790931439.176044,160.82395601272583,0.040448675073511575,0.9595513249264884,0.075,0.925,-0.03455132492648842,0.03455132492648838,0.07,0.08,0.009999999999999995,86257.89194321197,86316.84717179307,-6.830095226225685,-0.0011589818260659968,1.1938939395617076,0.45318248267589567,-3.868343775389471,-4.563146757124992,0.36334656962351697,50,1.5138055905868386,6.834763434736676,DOWN,1.17604398727417,0.0010440349578857422,738.0,,,,,,,,,,,-0.049999999999999996,29.480350971221924,0.06139492988586426,-0.05,-0.05,,,,,
btc-updown-15m-1790930700,1790931457.486599,1790931457.486599,142.51340103149414,0.024274779151619685,0.9757252208483803,0.045,0.955,-0.020725220848380313,0.020725220848380355,0.04,0.05,0.010000000000000002,86255.47927277048,86316.84717179307,-7.109608498611086,,0.0,-0.5030017265472697,-0.5818084716646688,-5.136581041149668,0.3608785459108918,52,1.6739739608152304,7.114666748128761,DOWN,0.4865989685058594,0.1455991268157959,757.0,,,,,,-0.019999999999999997,11.169795989990234,0.06139492988586426,-0.02,-0.020000000000000004,,,,,,,,,,
btc-updown-15m-1790930700,1790931468.656395,1790931468.656395,131.3436050415039,0.009664070999623908,0.9903359290003761,0.025,0.975,-0.015335929000376093,0.01533592900037617,0.02,0.03,0.009999999999999998,86248.1540503199,86316.84717179307,-7.9582519199805635,0.0,-1.4824423881620863,-1.613395447512822,-2.1881576859683616,-6.054496726620728,0.3964921452265443,53,1.9520051740366842,7.964590341618403,DOWN,0.6563949584960938,0.06139492988586426,768.0,,,,,,,,,,,,,,,,,,,,
btc-updown-15m-1790930700,1790931585.776459,1790931585.776459,14.223541021347046,0.0,1.0,0.005,0.995,-0.005,0.0050000000000000044,0.0,0.01,0.01,86193.67262260332,86316.84717179307,-14.270047299641542,0.0,-0.35026675945348806,-0.4766815172485561,-1.509915342688961,-4.293133733723753,0.22016716445877008,48,36.65893070606156,50.54793689623151,DOWN,1.776458978652954,0.37045884132385254,885.0,,,,,,,,,,,,,,,,,,,,
btc-updown-15m-1790932500,1790932528.6443148,1790932528.6443148,871.3556852340698,0.48890221013344715,0.5110977898665529,0.505,0.495,-0.01609778986655286,0.01609778986655286,0.5,0.51,0.010000000000000009,86198.98068425745,86201.39793185852,-0.2804186079419235,0.0,0.22154662744355846,0.6681495100524515,,,,19,0.026683528679638396,0.2804264716222085,DOWN,0.6443147659301758,0.031314849853515625,28.0,,,,,,,,,,,,,,,,,,,,
btc-updown-15m-1790932500,1790932528.6443148,1790932528.6443148,871.3556852340698,0.48890221013344715,0.5110977898665529,0.505,0.495,-0.01609778986655286,0.01609778986655286,0.5,0.51,0.010000000000000009,86198.98068425745,86201.39793185852,-0.2804186079419235,0.0,0.22154662744355846,0.6681495100524515,,,,19,0.026683528679638396,0.2804264716222085,DOWN,0.6443147659301758,0.031314849853515625,28.0,,,,,,,,,,,,,,,,,,,,
btc-updown-15m-1790932500,1790932552.058722,1790932552.058722,847.9412779808044,0.4364960558795026,0.5635039441204974,0.455,0.5449999999999999,-0.01850394412049744,0.018503944120497495,0.45,0.46,0.010000000000000009,86187.49341822651,86201.39793185852,-1.6130264665770166,0.0,0.8051318687662956,0.20765128875499528,-0.939543289167899,,0.5706322460871126,43,0.1556147111974221,1.6132866939909274,DOWN,1.0587220191955566,0.24772191047668457,51.0,,,,,,,,,,,,,,,,,,,,
btc-updown-15m-1790932500,1790932630.110833,1790932630.110833,769.8891670703888,0.42211233381684193,0.577887666183158,0.435,0.565,-0.012887666183158064,0.012887666183158064,0.43,0.44,0.010000000000000009,86182.3327996407,86201.39793185852,-2.2116964080887147,1.161306789176919,1.4490648484932755,2.5967808503768453,1.2796568895301341,-0.46398324278107417,0.7907799031149236,58,0.1908568360815705,2.21218567640071,DOWN,1.110832929611206,0.07783293724060059,129.0,,,,,,,,,,,,,,,,,,,,
btc-updown-15m-1790932500,1790932668.916571,1790932668.916571,731.0834290981293,0.5035502238427186,0.49644977615728136,0.495,0.505,0.00855022384271864,-0.00855022384271864,0.49,0.5,0.010000000000000009,86202.47651176367,86201.39793185852,0.12512324985669565,0.0,0.3456615416741471,-2.5488059226930204,0.7168683293823364,1.9118773057380523,0.7607681721257148,54,0.009292104395646435,-0.12512168429461143,DOWN,0.9165709018707275,0.40757107734680176,168.0,,,,,,,,,,,,,,,,,,,,
btc-updown-15m-1790932500,1790932675.555007,1790932675.555007,724.444993019104,0.5225203301907942,0.47747966980920575,0.505,0.495,0.017520330190794242,-0.017520330190794242,0.5,0.51,0.010000000000000009,86207.87478818788,86201.39793185852,0.7513632591527042,0.0011597161009291312,0.6958780014532095,2.2851625324737945,4.555118852518358,3.552311734729141,0.7319741416972608,54,0.05555470515566893,-0.7513068087196786,DOWN,0.5550069808959961,0.2490072250366211,175.0,,,,,,,,,,,,,,,,,,,,
btc-updown-15m-1790932500,1790932694.853266,1790932694.853266,705.1467339992523,0.45750983800182893,0.542490161998171,0.455,0.5449999999999999,0.0025098380018289124,-0.0025098380018289124,0.45,0.46,0.010000000000000009,86189.79288683453,86201.39793185852,-1.346271093325413,0.0,-0.512689232495811,-1.3616426652984792,-0.44541626644134524,,0.7057554139467209,57,0.1030642908018262,1.3464523623142512,DOWN,0.8532660007476807,0.33626604080200195,194.0,,,,,,,,,,,-0.08000000000000002,28.932844877243042,0.09011077880859375,-0.08000000000000002,-0.08000000000000002,,,,,
btc-updown-15m-1790932500,1790932723.7861109,1790932723.7861109,676.2138891220093,0.3564912157274326,0.6435087842725674,0.375,0.625,-0.018508784272567413,0.018508784272567413,0.37,0.38,0.010000000000000009,86167.50080533585,86201.39793185852,-3.932317495531912,0.0,,-0.7460437058615099,-3.0275735390061786,-3.474014487625521,0.5844085020640714,56,0.35648071498296324,3.933864415918263,DOWN,1.7861108779907227,0.09011077880859375,223.0,,,,,,,,,,,,,,,,,,,,
btc-updown-15m-1790932500,1790932814.0890791,1790932814.0890791,585.9109208583832,0.44864041349294503,0.551359586507055,0.515,0.485,-0.06635958650705498,0.06635958650705498,0.51,0.52,0.010000000000000009,86191.23562815016,86201.39793185852,-1.1789024252706337,-0.001159898099789558,0.8676791600881195,0.6553854530655379,2.684725097608087,3.4878701946072788,0.7844275220444753,54,0.12421998858534986,1.1790414227503803,DOWN,2.0890791416168213,0.05307912826538086,313.0,,,,,,,,,,,,,,,,,,,,
btc-updown-15m-1790932500,1790932831.847177,1790932831.847177,568.152822971344,0.45343562394765613,0.5465643760523439,0.425,0.575,0.02843562394765614,-0.028435623947656086,0.42,0.43,0.010000000000000009,86192.76310563507,86201.39793185852,-1.0017037345821933,0.9988577522146436,-0.2586727882025741,-1.0369303798662965,-0.20299547076496616,-0.04059975347692202,0.729083163786791,54,0.11242239165934788,1.001804085671405,DOWN,0.8471770286560059,0.5501770973205566,331.0,,,,,,,,,,,0.04999999999999999,30.043179035186768,0.1563558578491211,0.04999999999999999,0.04999999999999999,,,,,
btc-updown-15m-1790932500,1790932861.890356,1790932861.890356,538.1096439361572,0.34019349076253147,0.6598065092374685,0.475,0.525,-0.1348065092374685,0.1348065092374685,0.47,0.48,0.010000000000000009,86173.20488204957,86201.39793185852,-3.270602389909838,0.6078832715639138,2.3379707921877824,1.3144664281439233,-0.12411975027215583,-0.327112701462573,0.6414114760360033,50,0.39614703849210864,3.2716724238745787,DOWN,0.8903560638427734,0.1563558578491211,361.0,,,,,,,,,,,,,,,,,,,,
btc-updown-15m-1790932500,1790932863.213241,1790932863.213241,536.7867588996887,0.42650704698590486,0.5734929530140951,0.535,0.46499999999999997,-0.10849295301409517,0.10849295301409512,0.53,0.54,0.010000000000000009,86188.74831514654,86201.39793185852,-1.4674491383515065,0.0,4.65969761857421,3.635955680321157,2.197035579563078,1.9951557155239996,0.7196845133023713,50,0.17792946930992717,1.467664510653266,DOWN,1.2132411003112793,0.4162411689758301,362.0,,,,,,,,,,,,,,,,,,,,
btc-updown-15m-1790932500,1790932881.131773,1790932881.131773,518.8682270050049,0.47003969083529673,0.5299603091647033,0.455,0.5449999999999999,0.015039690835296715,-0.01503969083529666,0.45,0.46,0.010000000000000009,86196.37422584023,86201.39793185852,-0.5827870706054394,0.0011599299853948253,0.0,-1.0020789659104246,2.023326964417649,-0.45235217913663917,0.6584659702488891,52,0.0718668596860804,0.5828210366623989,DOWN,1.1317729949951172,0.16777300834655762,380.0,-0.010000000000000009,5.078256130218506,0.1550290584564209,-0.010000000000000009,-0.010000000000000009,,,,,,,,,,,-0.07,58.88991713523865,0.01669025421142578,-0.07,-0.07
btc-updown-15m-1790932500,1790932886.2100291,1790932886.2100291,513.7899708747864,0.4557081112384409,0.5442918887615591,0.445,0.5549999999999999,0.010708111238440898,-0.010708111238440843,0.44,0.45,0.010000000000000009,86193.98979804704,86201.39793185852,-0.8593983379867609,0.9489607603563321,-0.5068893453596957,-0.5068893453596957,2.5398600814408034,-0.18095495497583158,0.6799409118113858,54,0.1065027963514377,0.8594722008848587,DOWN,1.210029125213623,0.1550290584564209,385.0,,,,,,,,,,,,,,,,,,,,
btc-updown-15m-1790932500,1790932940.0216901,1790932940.0216901,459.97830986976624,0.3268966119843111,0.6731033880156889,0.385,0.615,-0.05810338801568893,0.05810338801568893,0.38,0.39,0.010000000000000009,86173.20818236291,86201.39793185852,-3.270219529141194,0.0,1.0002241801765344,0.1508330626087684,1.1069884622560977,-2.6446403695079557,0.4543998455835413,54,0.42842249502069196,3.2712893125610845,DOWN,1.0216901302337646,0.01669025421142578,439.0,,,,,,,,,,,-0.07,28.823227882385254,0.8389179706573486,-0.07,-0.07,-0.10000000000000003,61.102999687194824,0.034689903259277344,-0.09999999999999998,-0.10000000000000003
btc-updown-15m-1790932500,1790932961.8935978,1790932961.8935978,438.1064021587372,0.24969892161419155,0.7503010783858084,0.295,0.7050000000000001,-0.045301078385808435,0.045301078385808324,0.29,0.3,0.010000000000000009,86160.05578000165,86201.39793185852,-4.7959955231291485,1.7095751061746434,0.8634190582346157,-0.0011604091598726995,-1.3354527312381403,-1.9618671499199714,0.494272717392568,54,0.6439012889739046,4.798296784118448,DOWN,0.8935978412628174,0.7175977230072021,461.0,0.020000000000000018,4.145517110824585,0.05811500549316406,0.020000000000000018,0.020000000000000018,0.020000000000000018,11.058073282241821,1.0216712951660156,0.020000000000000018,0.020000000000000018,-0.014999999999999958,29.071125030517578,0.06672310829162598,-0.019999999999999962,-0.010000000000000009,,,,,
btc-updown-15m-1790932500,1790932966.039115,1790932966.039115,433.9608850479126,0.2817016689041604,0.7182983310958396,0.315,0.685,-0.03329833109583963,0.03329833109583957,0.31,0.32,0.010000000000000009,86166.21872412907,86201.39793185852,-4.081048402169163,0.0,-0.11720133878845296,0.7462076000597229,-1.6034472956627521,-2.0790454953623083,0.48551505309326987,56,0.5504852848576762,4.08271457774913,DOWN,1.0391149520874023,0.05811500549316406,465.0,,,,,,,,,,,,,,,,-0.08000000000000002,60.88211703300476,1.0442321300506592,-0.07999999999999999,-0.08000000000000002
btc-updown-15m-1790932500,1790932968.844918,1790932968.844918,431.155081987381,0.24513847207813955,0.7548615279218605,0.315,0.685,-0.06986152792186046,0.0698615279218604,0.31,0.32,0.010000000000000009,86159.5422405047,86201.39793185852,-4.8555699046670675,-0.0011604227612149742,-0.1183617343480936,0.7462076000597229,-1.6034472956627521,-2.0790454953623083,0.48551505311384846,56,0.6571376798017394,4.857928705909799,DOWN,0.8449180126190186,0.8389179706573486,468.0,0.0,4.10675311088562,1.0216712951660156,0.0,0.0,,,,,,,,,,,-0.08000000000000002,59.27025008201599,1.3141682147979736,-0.07999999999999999,-0.08000000000000002
btc-updown-15m-1790932500,1790932972.9516711,1790932972.9516711,427.04832887649536,0.24393902434398024,0.7560609756560197,0.315,0.685,-0.07106097565601976,0.07106097565601965,0.31,0.32,0.010000000000000009,86159.5318079261,86201.39793185852,-4.856780160978902,0.0,-0.0011604227612149742,-0.11720133878845296,-1.6022872447374326,-0.4977966406738421,0.4385196268086797,56,0.6604544928640559,4.859140138521777,DOWN,0.9516711235046387,1.0216712951660156,472.0,,,,,,0.04999999999999999,10.187948942184448,1.0326199531555176,0.04999999999999999,0.04999999999999999,,,,,,,,,,
btc-updown-15m-1790932500,1790932981.815507,1790932981.815507,418.18449306488037,0.23768490554399568,0.7623150944560043,0.315,0.685,-0.07731509445600432,0.07731509445600426,0.31,0.32,0.010000000000000009,86158.81527922282,86201.39793185852,-4.939902792453488,2.358236832664673,2.0750039660666353,1.2660213787030195,1.1476446595071188,-0.9722167597880915,0.5163937252155735,56,0.6788456178637261,4.942344262475779,DOWN,0.8155069351196289,0.2835068702697754,480.0,,,,,,-0.034999999999999976,9.149215936660767,0.06672310829162598,-0.03999999999999998,-0.030000000000000027,-0.07,30.152507066726685,0.0860140323638916,-0.07,-0.07,-0.13,60.11680626869202,0.6123132705688477,-0.13,-0.13
btc-updown-15m-1790932500,1790932983.13962,1790932983.13962,416.8603799343109,0.29344722813426116,0.7065527718657388,0.365,0.635,-0.07155277186573883,0.07155277186573883,0.36,0.37,0.010000000000000009,86169.04255368075,86201.39793185852,-3.7534632794877787,0.001160276135170335,2.0750039660666353,1.2660213787030195,1.148805201975911,-0.9722167597880915,0.5163937717692156,56,0.5165613290497961,3.7548726571514632,DOWN,1.139620065689087,1.0326199531555176,482.0,,,,,,,,,,,-0.12,28.828393936157227,0.0860140323638916,-0.12,-0.12,-0.18,58.79269313812256,0.6123132705688477,-0.18,-0.18
btc-updown-15m-1790932500,1790932990.9647229,1790932990.9647229,409.0352771282196,0.2452184682886313,0.7547815317113686,0.28,0.72,-0.03478153171136872,0.03478153171136866,0.27,0.29,0.019999999999999962,86160.7570470342,86201.39793185852,-4.714643358387782,-1.6732412748932113,-2.4087332592470645,-0.05222473300814379,0.4479945627844373,-2.5966491855022866,0.56448718028681,56,0.6550813778172704,4.716867193045904,DOWN,0.9647228717803955,0.06672310829162598,490.0,,,,,,0.004999999999999949,10.159966945648193,0.034689903259277344,0.010000000000000009,0.0,,,,,,,,,,
btc-updown-15m-1790932500,1790933001.1246898,1790933001.1246898,398.8753101825714,0.21256122709327718,0.7874387729067228,0.285,0.7150000000000001,-0.07243877290672279,0.07243877290672274,0.28,0.29,0.009999999999999953,86155.04482596472,86201.39793185852,-5.377303269540334,0.7659864861420118,0.2878114630666673,0.2878114630666673,-0.6359117465892794,-2.2380970999991145,0.5512540940386331,56,0.7566613258823057,5.3801963642906285,DOWN,1.1246898174285889,0.034689903259277344,500.0,0.0,4.8473381996154785,0.17702794075012207,0.0,0.0,-0.03999999999999998,10.843324184417725,0.0860140323638916,-0.040000000000000036,-0.03999999999999998,,,,,,,,,,
btc-updown-15m-1790932500,1790933005.972028,1790933005.972028,394.02797198295593,0.2111580728374225,0.7888419271625775,0.285,0.7150000000000001,-0.07384192716257748,0.07384192716257743,0.28,0.29,0.009999999999999953,86155.07908503592,86201.39793185852,-5.373328963784729,-0.7589649250283603,0.005802927924847268,-0.4723357478553236,-0.5860610315833181,-2.99805231021133,0.5593734449344158,56,0.760738356867607,5.376217782457459,DOWN,0.9720280170440674,0.17702794075012207,505.0,-0.03999999999999998,5.995985984802246,0.0860140323638916,-0.040000000000000036,-0.03999999999999998,,,,,,,,,,,,,,,
btc-updown-15m-1790932500,1790933011.968014,1790933011.968014,388.0319859981537,0.1979817529031122,0.8020182470968877,0.245,0.755,-0.04701824709688779,0.04701824709688773,0.24,0.25,0.010000000000000009,86152.81426631681,86201.39793185852,-5.636064693534948,-0.0011607015693027023,-1.0062271183430838,-1.766275966114117,-3.667632441735069,-2.5204086961061467,0.5314272027500414,58,0.804098096992173,5.639243007375867,DOWN,0.9680140018463135,0.0860140323638916,511.0,,,,,,,,,,,-0.06,29.964299201965332,0.6123132705688477,-0.06,-0.06,,,,,
btc-updown-15m-1790932500,1790933023.857097,1790933023.857097,376.1429030895233,0.1307708204205172,0.8692291795794829,0.235,0.765,-0.1042291795794828,0.10422917957948286,0.23,0.24,0.009999999999999981,86138.24370007792,86201.39793185852,-7.3263581909110975,0.0011607224514875725,-0.17758736079453996,-0.17874804175033177,-1.6549161046885974,-2.697951297627732,0.4668624330323433,58,1.0618226763644882,7.331729678689098,DOWN,0.8570969104766846,0.11909699440002441,523.0,0.0,4.258071184158325,1.3141682147979736,0.0,0.0,,,,,,,,,,,,,,,
btc-updown-15m-1790932500,1790933026.921232,1790933026.921232,373.07876801490784,0.14914103932806128,0.8508589606719388,0.235,0.765,-0.08585896067193871,0.08585896067193877,0.23,0.24,0.009999999999999981,86143.15847458686,86201.39793185852,-6.756207981417628,0.6128936100258109,0.08705417381182912,-0.09053473295383974,-1.5690366857490368,-2.4925883789672643,0.47883101153715474,58,0.9831465255755972,6.760775702093593,DOWN,0.9212319850921631,1.0442321300506592,526.0,,,,,,,,,,,,,,,,-0.04999999999999999,59.632052183151245,0.15928435325622559,-0.05000000000000002,-0.04999999999999999
btc-updown-15m-1790932500,1790933028.115168,1790933028.115168,371.884831905365,0.14364435359486394,0.8563556464051361,0.235,0.765,-0.09135564640513605,0.09135564640513605,0.23,0.24,0.009999999999999981,86141.92353052674,86201.39793185852,-6.899470630256088,0.0,0.08705417381182912,-0.09053473295383974,-1.5690366857490368,-2.4925883789672643,0.4788309630504932,58,1.0056185345101283,6.904234186354891,DOWN,1.1151680946350098,1.3141682147979736,527.0,,,,,,,,,,,,,,,,,,,,
btc-updown-15m-1790932500,1790933041.9323132,1790933041.9323132,358.06768679618835,0.0868381364394934,0.9131618635605065,0.185,0.815,-0.0981618635605066,0.0981618635605066,0.18,0.19,0.010000000000000009,86126.95803160938,86201.39793185852,-8.63557924060454,0.9995436462162388,0.9995436462162388,0.9995436462162388,-0.7962413693118897,-4.463581778979542,0.428956488782333,58,1.2829392636401316,8.6430430088824,DOWN,0.9323132038116455,0.6123132705688477,541.0,,,,,,,,,,,,,,,,-0.03,60.00134873390198,0.7276618480682373,-0.03,-0.03
btc-updown-15m-1790932500,1790933081.905385,1790933081.905385,318.094614982605,0.1148087034009489,0.8851912965990512,0.19,0.81,-0.0751912965990511,0.0751912965990511,0.18,0.2,0.020000000000000018,86139.93082391314,86201.39793185852,-7.130639342296519,0.9994334222374057,0.16481730813922013,0.17410295195086078,0.06267636432522039,0.4840212063972338,0.48819774922374903,60,1.1237820491599266,7.13572757227244,DOWN,0.9053850173950195,0.47438502311706543,581.0,-0.0050000000000000044,4.647899150848389,0.15928435325622559,0.0,-0.010000000000000009,-0.0050000000000000044,9.12677812576294,0.3331630229949951,0.0,-0.010000000000000009,,,,,,,,,,
btc-updown-15m-1790932500,1790933086.5532842,1790933086.5532842,313.4467158317566,0.1278978923533497,0.8721021076466503,0.185,0.815,-0.0571021076466503,0.05710210764665036,0.18,0.19,0.010000000000000009,86143.7419022784,86201.39793185852,-6.688526052175403,0.0011608245831240538,-1.3637827130852376,-1.1989878824458788,-1.920795448400181,-0.9668732734402496,0.5082612109345711,60,1.0618449969747696,6.693002684457614,DOWN,1.5532841682434082,0.15928435325622559,585.0,0.0,4.478878974914551,0.3331630229949951,0.0,0.0,,,,,,,,,,,,,,,
btc-updown-15m-1790932500,1790933091.0321631,1790933091.0321631,308.96783685684204,0.09431803934860383,0.9056819606513962,0.185,0.815,-0.09068196065139617,0.09068196065139622,0.18,0.19,0.010000000000000009,86135.24794357529,86201.39793185852,-7.673888112060823,1.880528186970487,1.9200036403455023,0.5559590804837811,0.0,2.6584842622967564,0.5168341598615321,60,1.2271968027919498,7.679781490448781,DOWN,1.032163143157959,0.3331630229949951,590.0,,,,,,-0.01999999999999999,10.20425796508789,1.3794212341308594,-0.01999999999999999,-0.01999999999999999,,,,,,,,,,
btc-updown-15m-1790932500,1790933091.0321631,1790933091.0321631,308.96783685684204,0.09431803934860383,0.9056819606513962,0.185,0.815,-0.09068196065139617,0.09068196065139622,0.18,0.19,0.010000000000000009,86135.24794357529,86201.39793185852,-7.673888112060823,1.880528186970487,1.9200036403455023,0.5559590804837811,0.0,2.6584842622967564,0.5168341598615321,60,1.2271968027919498,7.679781490448781,DOWN,1.032163143157959,0.3331630229949951,590.0,,,,,,-0.01999999999999999,10.20425796508789,1.3794212341308594,-0.01999999999999999,-0.01999999999999999,,,,,,,,,,
btc-updown-15m-1790932500,1790933101.236421,1790933101.236421,298.76357889175415,0.10466067602245088,0.8953393239775491,0.165,0.835,-0.060339323977549125,0.06033932397754915,0.16,0.17,0.010000000000000009,86139.43511841464,86201.39793185852,-7.1881448480526355,1.3953388485199447,1.047048096305403,-0.7242154071962492,0.005803431732953612,0.9344392760723963,0.5821872669420317,60,1.1689266784569337,7.193315507433179,DOWN,1.2364211082458496,1.3794212341308594,600.0,,,,,,,,,,,,,,,,,,,,
btc-updown-15m-1790932500,1790933101.933662,1790933101.933662,298.0663380622864,0.09144546501911921,0.9085545349808808,0.155,0.845,-0.06355453498088079,0.06355453498088082,0.15,0.16,0.010000000000000009,86135.74990263773,86201.39793185852,-7.615657146613497,1.3953388485199447,1.047048096305403,-0.7242154071962492,0.005803431732953612,0.9344392760723963,0.5821872669420317,60,1.2399488659692093,7.621461390304203,DOWN,0.933661937713623,0.7276618480682373,601.0,,,,,,,,,,,,,,,,,,,,
btc-updown-15m-1790932500,1790933103.394975,1790933103.394975,296.6050250530243,0.10884695274541989,0.8911530472545801,0.175,0.825,-0.0661530472545801,0.06615304725458016,0.17,0.18,0.009999999999999981,86140.81197750145,86201.39793185852,-7.028419006031017,-0.0011606856720192127,1.0458872891039306,-0.726536526101107,0.005803432405748765,0.9332784819426898,0.582187803367987,60,1.1470853356519652,7.033362347790918,DOWN,1.394974946975708,0.4119749069213867,602.0,,,,,,,,,,,,,,,,,,,,
btc-updown-15m-1790932500,1790933119.446529,1790933119.446529,280.5534710884094,0.14357529025217142,0.8564247097478286,0.205,0.795,-0.06142470974782857,0.06142470974782854,0.2,0.21,0.009999999999999981,86150.74453199976,86201.39793185852,-5.876169189135139,0.001160550564538454,0.44102861335382215,0.44102861335382215,2.3611169313553226,0.4398679606909539,0.5470242219878575,58,0.9859700665278835,5.879624155765717,DOWN,1.4465289115905762,0.31552886962890625,618.0,-0.07999999999999999,4.731259107589722,0.8637881278991699,-0.08000000000000002,-0.07999999999999999,,,,,,,,,,,,,,,
btc-updown-15m-1790932500,1790933123.077452,1790933123.077452,276.9225480556488,0.14091329125397495,0.859086708746025,0.125,0.875,0.015913291253974948,-0.015913291253975004,0.12,0.13,0.010000000000000009,86150.56927486094,86201.39793185852,-5.896500314038766,-0.18338825115038482,-1.3427570039237224,-0.9041085524497117,-0.9041085524497117,-0.9041085524497117,0.5681620662709005,58,0.995848587364909,5.899979236980771,DOWN,1.0774519443511963,0.4224519729614258,622.0,,,,,,,,,,,,,,,,-0.039999999999999994,60.26850891113281,0.1689608097076416,-0.039999999999999994,-0.04000000000000001
btc-updown-15m-1790932500,1790933124.177788,1790933124.177788,275.8222119808197,0.10565210501894401,0.8943478949810559,0.125,0.875,-0.01934789498105599,0.019347894981055935,0.12,0.13,0.010000000000000009,86142.50061573216,86201.39793185852,-6.832524476333424,0.0,-1.3439173985196895,-0.9029480557676273,-0.9029480557676273,-0.9041085524497117,0.5681620662709005,58,1.1563396025734642,6.8371960072401485,DOWN,1.1777880191802979,0.8637881278991699,623.0,,,,,,,,,,,,,,,,-0.039999999999999994,59.16817283630371,0.1689608097076416,-0.039999999999999994,-0.04000000000000001
btc-updown-15m-1790932500,1790933183.3459609,1790933183.3459609,216.654039144516,0.046658474058330235,0.9533415259416698,0.085,0.915,-0.03834152594166977,0.03834152594166973,0.08,0.09,0.009999999999999995,86132.95934923364,86201.39793185852,-7.939381989950922,0.0011607132899271733,0.0,0.0,0.0011607132899271733,-0.05803532099224462,0.007873168776585022,54,1.516247963394361,7.94569037705834,DOWN,1.3459608554840088,0.1689608097076416,682.0,,,,,,,,,,,,,,,,,,,,
btc-updown-15m-1790932500,1790933198.258296,1790933198.258296,201.74170398712158,0.023837656285999986,0.976162343714,0.045,0.955,-0.021162343714000012,0.021162343714000054,0.04,0.05,0.010000000000000002,86124.12491149371,86201.39793185852,-8.964242137452505,-0.0011608654171268995,-0.4538778288576406,-0.6036136491915922,-1.3127665795398258,-1.3696337344037968,0.11375688211968425,54,1.7743006480225112,8.97228511107894,DOWN,1.258296012878418,0.6002962589263916,697.0,,,,,,,,,,,,,,,,,,,,
btc-updown-15m-1790932500,1790933221.892055,1790933221.892055,178.10794496536255,0.012000876459757337,0.9879991235402427,0.025,0.975,-0.012999123540242664,0.012999123540242685,0.02,0.03,0.009999999999999998,86120.01075338527,86201.39793185852,-9.441514920394134,-0.4748083962369254,-0.6164295541166709,-0.6164295541166709,-1.2316224460806602,-2.0892839234709637,0.1321989099031568,52,1.9889884389328225,9.450437565121659,DOWN,0.8920550346374512,0.037055015563964844,721.0,,,,,,,,,,,,,,,,-0.02,59.06554293632507,0.055597782135009766,-0.02,-0.019999999999999997
btc-updown-15m-1790932500,1790933223.75248,1790933223.75248,176.24751996994019,0.009263472953086271,0.9907365270469137,0.025,0.975,-0.01573652704691373,0.01573652704691375,0.02,0.03,0.009999999999999998,86117.0586978909,86201.39793185852,-9.783975201225203,0.0,-0.47480845135838834,-0.6164296256772062,-1.2327832589420495,-2.091605107276129,0.13337065807769263,51,2.0720534038803113,9.793557193295857,DOWN,0.7524800300598145,0.7354800701141357,723.0,,,,,,,,,,,,,,,,,,,,
btc-updown-15m-1790932500,1790933280.957598,1790933280.957598,119.04240202903748,4.619965295360462e-05,0.9999538003470464,0.005,0.995,-0.0049538003470463955,0.0049538003470464,0.0,0.01,0.01,86094.75514704129,86201.39793185852,-12.371352133004887,0.0,0.0,-1.348118747315219,-2.137545788588602,-3.66960718950482,0.19423978994608151,54,3.1887900734407135,12.386676126216551,DOWN,0.9575979709625244,0.055597782135009766,780.0,,,,,,,,,,,,,,,,-0.0025,59.14726185798645,0.5038599967956543,0.001,-0.006
btc-updown-15m-1790932500,1790933340.1048598,1790933340.1048598,59.895140171051025,0.0001200827581108177,0.9998799172418892,0.0025,0.9975,-0.0023799172418891824,0.002379917241889129,0.001,0.004,0.003,86114.18809109731,86201.39793185852,-10.11698683009099,0.0,-1.2770798987626897,-1.2759190651689956,1.6943757293863548,1.6955372530436108,0.2868215508565093,56,,,DOWN,1.1048598289489746,0.5038599967956543,839.0,,,,,,,,,,,,,,,,,,,,
btc-updown-15m-1790932500,1790933385.0757911,1790933385.0757911,14.924208879470825,0.0,1.0,0.001,0.999,-0.001,0.0010000000000000009,0.001,0.001,0.0,86141.80450012368,86201.39793185852,-6.913279037765729,0.7032941322293595,3.714882749012993,3.714882749012993,4.869380097958231,4.411730559361615,0.3846721514291629,58,24.208457139553854,34.475066707826244,DOWN,1.0757911205291748,0.6617910861968994,884.0,,,,,,0.0,10.296218872070312,0.35600996017456055,0.0,0.0,,,,,,,,,,
btc-updown-15m-1790932500,1790933395.37201,1790933395.37201,4.627990007400513,0.0,1.0,0.001,0.999,-0.001,0.0010000000000000009,0.001,0.001,0.0,86163.37002577208,86201.39793185852,-4.4115184902804305,0.6299733670944718,2.6759038340973262,3.197094183726712,6.913164615742762,7.610235214898786,0.42382366649783376,60,100.31406584553528,87.48134882197583,DOWN,1.3720099925994873,0.35600996017456055,894.0,,,,,,,,,,,,,,,,,,,,
btc-updown-15m-1790934300,1790934325.274849,1790934325.274849,874.7251510620117,0.44298177966013796,0.557018220339862,0.455,0.5449999999999999,-0.012018220339862051,0.012018220339862107,0.45,0.46,0.010000000000000009,86316.74634776551,86329.43907430321,-1.4702663047283515,0.8409323229008336,0.8409323229008336,0.8409323229008336,-0.8720572699583151,-0.9253254273411393,0.3620993874010939,58,0.1396516407982006,1.4704825048158514,DOWN,1.2748489379882812,0.008849143981933594,24.0,,,,,,,,,,,,,,,,,,,,
btc-updown-15m-1790934300,1790934403.828428,1790934403.828428,796.171571969986,0.5142495563163956,0.4857504436836044,0.545,0.45499999999999996,-0.030750443683604467,0.030750443683604467,0.54,0.55,0.010000000000000009,86332.50103297901,86329.43907430321,0.35468302685970343,0.0,,1.1582115869579468,,0.23162085611483363,0.11919842338343631,39,0.035305604935648466,-0.3546704473008333,DOWN,1.828428030014038,0.047428131103515625,103.0,,,,,,,,,,,,,,,,,,,,
btc-updown-15m-1790934300,1790934443.410632,1790934443.410632,756.5893681049347,0.2927515855162064,0.7072484144837936,0.295,0.7050000000000001,-0.0022484144837935927,0.002248414483793537,0.29,0.3,0.010000000000000009,86271.99556686146,86329.43907430321,-6.653988263761734,0.0,-0.5794310774842604,-0.580589872358761,-5.498412502790151,-7.117709732710198,0.7679734570136042,50,0.530515401958619,6.658418767795504,DOWN,1.4106318950653076,0.3996317386627197,143.0,,,,,,,,,,,,,,,,,,,,
btc-updown-15m-1790934300,1790934457.4068968,1790934457.4068968,742.5931031703949,0.3583925418202336,0.6416074581797664,0.325,0.675,0.0333925418202336,-0.03339254182023366,0.32,0.33,0.010000000000000009,86289.62982066,86329.43907430321,-4.611318464486924,-1.008017796727545,-1.4714060617293523,-0.5654419055933779,-1.2397172981115645,-4.7139217048874915,0.7983221986893432,50,0.3524359083030652,4.613445871299504,DOWN,2.4068968296051025,0.011896848678588867,156.0,,,,,,,,,,,,,,,,,,,,
btc-updown-15m-1790934300,1790934507.0933068,1790934507.0933068,692.9066932201385,0.2853653074282128,0.7146346925717872,0.285,0.7150000000000001,0.00036530742821283546,-0.00036530742821283546,0.28,0.29,0.009999999999999953,86267.55855872108,86329.43907430321,-7.1679506140276406,1.681642868889277,1.6828020183412562,1.681642868889277,1.681642868889277,-0.5793462147485329,0.3533857386153679,54,0.5501383601328833,7.173092251128302,DOWN,1.0933067798614502,0.7233068943023682,206.0,,,,,,,,,,,,,,,,0.36000000000000004,58.933746337890625,0.12205314636230469,0.36,0.36000000000000004
btc-updown-15m-1790934300,1790934543.850129,1790934543.850129,656.1498711109161,0.4595630259142441,0.540436974085756,0.535,0.46499999999999997,-0.07543697408575595,0.075436974085756,0.53,0.54,0.010000000000000009,86321.7241992594,86329.43907430321,-0.8936551802640746,2.085697741747161,3.2441510308078847,,7.975742063830449,9.658726167696141,0.4604064012859955,56,0.09800071715911045,0.8937350493599822,DOWN,0.8501288890838623,0.20412874221801758,243.0,,,,,,,,,,,0.14,31.174252033233643,0.10438084602355957,0.14,0.14,,,,,
btc-updown-15m-1790934300,1790934545.25927,1790934545.25927,654.740730047226,0.5290221018048424,0.47097789819515756,0.625,0.375,-0.09597789819515756,0.09597789819515756,0.62,0.63,0.010000000000000009,86335.33264446385,86329.43907430321,0.6826837083417914,0.9261831990370339,5.096131572852602,5.096131572852602,9.038770078415581,11.511894291302838,0.47966663294580225,56,0.07102595118607351,-0.6826371058195826,DOWN,1.2592699527740479,0.2022700309753418,244.0,,,,,,,,,,,0.050000000000000044,29.765110969543457,0.10438084602355957,0.050000000000000044,0.050000000000000044,,,,,
btc-updown-15m-1790934300,1790934566.027053,1790934566.027053,633.9729468822479,0.6736121348672284,0.3263878651327716,0.645,0.355,0.028612134867228356,-0.028612134867228356,0.64,0.65,0.010000000000000009,86364.386905714,86329.43907430321,4.048193963208657,0.0011576217806563704,0.0,-0.9989276864330598,5.098448586799975,11.513053245726379,0.5155135276678313,56,0.4359808586493609,-4.046555838917382,DOWN,1.0270531177520752,0.12205314636230469,265.0,,,,,,0.030000000000000027,8.99732780456543,0.10438084602355957,0.030000000000000027,0.030000000000000027,,,,,,-0.08499999999999996,60.13571882247925,0.3837718963623047,-0.08999999999999997,-0.08000000000000007
btc-updown-15m-1790934300,1790934575.024381,1790934575.024381,624.9756190776825,0.7130792815719323,0.28692071842806766,0.675,0.32499999999999996,0.0380792815719323,-0.0380792815719323,0.67,0.68,0.010000000000000009,86371.30299552093,86329.43907430321,4.849321583300092,0.0,0.5312993173678393,1.4551305797372294,1.4551305797372294,10.495215917227796,0.4794897187384967,56,0.5445789913593976,-4.846971131128267,UP,1.0243809223175049,0.10438084602355957,274.0,,,,,,,,,,,,,,,,,,,,
btc-updown-15m-1790934300,1790934593.212084,1790934593.212084,606.7879159450531,0.5608917655286134,0.4391082344713866,0.485,0.515,0.07589176552861343,-0.07589176552861343,0.48,0.49,0.010000000000000009,86343.53469829047,86329.43907430321,1.632771408965894,0.0011580507686126396,-5.1576121598362334,-5.1576121598362334,-3.7043892729682337,,0.6537932500472716,57,0.14864575625571572,-1.6325048582404498,UP,1.2120840549468994,0.04908394813537598,292.0,,,,,,,,,,,,,,,,,,,,
btc-updown-15m-1790934300,1790934600.955383,1790934600.955383,599.0446169376373,0.46709206005983833,0.5329079399401617,0.505,0.495,-0.03790793994016167,0.03790793994016173,0.5,0.51,0.010000000000000009,86321.74401655584,86329.43907430321,-0.8913596369775068,0.8350472456064573,0.6508847573805099,-1.999608646366946,-4.902075400979866,1.1153578874223413,0.6634785984346769,58,0.07928283748266095,0.8914390962606613,UP,0.9553830623626709,0.3713829517364502,300.0,,,,,,,,,,,,,,,,0.10999999999999999,59.82442283630371,0.020805835723876953,0.10999999999999999,0.10999999999999999
btc-updown-15m-1790934300,1790934607.974928,1790934607.974928,592.0250720977783,0.49469602851587036,0.5053039714841296,0.495,0.505,-0.00030397148412963926,0.00030397148412963926,0.49,0.5,0.010000000000000009,86328.25340029705,86329.43907430321,-0.13734295263301277,,0.0,0.6520429153100693,-5.430771780727817,-3.977588442304336,0.5633212457495089,56,0.012322974874008135,0.13734483896774244,UP,0.9749279022216797,0.47992777824401855,307.0,,,,,,,,,,,,,,,,,,,,
btc-updown-15m-1790934300,1790934626.162772,1790934626.162772,573.8372280597687,0.5436349900256017,0.45636500997439833,0.56,0.43999999999999995,-0.01636500997439838,0.01636500997439838,0.55,0.57,0.019999999999999907,86339.35527626231,86329.43907430321,1.1486466338062051,0.0,1.7243373952724461,2.651023504698369,2.651023504698369,-1.9806906393904367,0.5969538650042265,53,0.10624024820019869,-1.148514710050017,UP,1.1627719402313232,0.3837718963623047,325.0,,,,,,,,,,,,,,,,0.15499999999999992,59.49199318885803,0.42276501655578613,0.15999999999999992,0.15000000000000002
btc-updown-15m-1790934300,1790934640.465605,1790934640.465605,559.5343949794769,0.523292310312688,0.47670768968731203,0.605,0.395,-0.08170768968731201,0.08170768968731201,0.6,0.61,0.010000000000000009,86334.60831890916,86329.43907430321,0.5987812108321222,4.12611721021694,4.127275733980529,4.12611721021694,4.443562757592279,-1.1585914999656666,0.8464229697189982,51,0.05679885710811973,-0.5987453590860652,UP,1.4656050205230713,0.016605138778686523,339.0,,,,,,,,,,,,,,,,,,,,
btc-updown-15m-1790934300,1790934660.779806,1790934660.779806,539.2201941013336,0.6595336759290236,0.34046632407097643,0.615,0.385,0.044533675929023575,-0.044533675929023575,0.61,0.62,0.010000000000000009,86366.93456889743,86329.43907430321,4.343303396416864,0.0,0.0,-0.1597460916891169,3.8609247204224317,4.178361852853474,0.6608861086823982,51,0.3962026505214499,-4.341417786954586,UP,1.7798058986663818,0.020805835723876953,360.0,,,,,,,,,,,,,,,,0.14,61.31995105743408,0.3727569580078125,0.14,0.14
btc-updown-15m-1790934300,1790934682.1420789,1790934682.1420789,517.8579211235046,0.7335328713231615,0.2664671286768385,0.695,0.30500000000000005,0.03853287132316152,-0.03853287132316152,0.69,0.7,0.010000000000000009,86376.29413006626,86329.43907430321,5.427471354553237,-0.18173910899532686,-1.2141696960144,-0.3310612039564287,-0.12733382646290536,3.9362141078136403,0.6411815794457619,56,0.5994282289148926,-5.42452720795091,UP,1.1420788764953613,0.28607892990112305,381.0,0.020000000000000018,3.512686252593994,0.42276501655578613,0.020000000000000018,0.020000000000000018,,,,,,,,,,,,,,,
btc-updown-15m-1790934300,1790934685.6547651,1790934685.6547651,514.3452348709106,0.7038845632079692,0.2961154367920308,0.715,0.28500000000000003,-0.011115436792030753,0.011115436792030753,0.71,0.72,0.010000000000000009,86369.89277857021,86329.43907430321,4.685968622148984,0.3866008766140183,0.0995410808934949,0.0995410808934949,1.3474450809058958,3.5256562409924364,0.6338063554942016,56,0.5148331355818312,-4.683773820434258,UP,0.6547651290893555,0.42276501655578613,385.0,,,,,,-0.04999999999999993,10.237581014633179,0.08234620094299316,-0.04999999999999993,-0.04999999999999993,0.010000000000000009,29.26878786087036,0.9025530815124512,0.010000000000000009,0.010000000000000009,,,,,
btc-updown-15m-1790934300,1790934689.016479,1790934689.016479,510.98352098464966,0.7539651478232084,0.24603485217679155,0.715,0.28500000000000003,0.03896514782320848,-0.03896514782320848,0.71,0.72,0.010000000000000009,86382.07563672477,86329.43907430321,6.097174148931295,0.001157442908183981,0.38775836426641064,0.09954106937160034,1.348602679771549,4.403693266263886,0.6211049476791767,56,0.6600330609395768,-6.093458860946383,UP,1.0164790153503418,0.2684791088104248,388.0,,,,,,,,,,,,,,,,-0.010000000000000009,60.57146215438843,0.3429412841796875,-0.010000000000000009,-0.010000000000000009
btc-updown-15m-1790934300,1790934695.8923461,1790934695.8923461,504.10765385627747,0.7435610098770893,0.2564389901229107,0.665,0.33499999999999996,0.07856100987708925,-0.07856100987708925,0.66,0.67,0.010000000000000009,86378.43132793576,86329.43907430321,5.675034398218148,-1.3275868614504027,-1.3264295722037467,-1.3264295722037467,0.021994381014245334,3.8829280404151234,0.6165965096980607,60,0.628317792768004,-5.6718156233409145,UP,0.8923461437225342,0.08234620094299316,395.0,,,,,,0.0,9.916754961013794,0.1481010913848877,0.0,0.0,,,,,,0.09499999999999997,60.36889886856079,0.5502450466156006,0.08999999999999997,0.09999999999999998
btc-updown-15m-1790934300,1790934705.809101,1790934705.809101,494.1908988952637,0.703643953436943,0.29635604656305703,0.665,0.33499999999999996,0.038643953436942935,-0.038643953436942935,0.66,0.67,0.010000000000000009,86368.58441050051,86329.43907430321,4.534413360848255,0.0011575965874754957,0.0,0.0,-1.2269016947341616,0.16090849631611448,0.2842429664599367,60,0.5132706592460878,-4.532358202288316,UP,0.8091011047363281,0.1481010913848877,405.0,,,,,,0.05999999999999994,9.114451885223389,0.9025530815124512,0.05999999999999994,0.05999999999999994,,,,,,,,,,
btc-updown-15m-1790934300,1790934714.923553,1790934714.923553,485.0764470100403,0.7585826525630052,0.24141734743699483,0.725,0.275,0.03358265256300519,-0.03358265256300519,0.72,0.73,0.010000000000000009,86374.9937249015,86329.43907430321,5.276838479060242,,0.0,1.0082666287591913,0.0671342839630995,1.027947793679207,0.30009748246536805,58,0.6726073132475622,-5.274055445188385,UP,0.9235529899597168,0.9025530815124512,414.0,,,,,,,,,,,,,,,,,,,,
btc-updown-15m-1790934300,1790934722.099757,1790934722.099757,477.90024304389954,0.7681918632411219,0.23180813675887812,0.755,0.245,0.01319186324112187,-0.01319186324112187,0.75,0.76,0.010000000000000009,86376.63020848477,86329.43907430321,5.466401112712571,0.0,0.6261966171727806,0.6261966171727806,0.30556489226007955,1.6553665710872245,0.3103520878681629,58,0.7019683323231797,-5.463414591151993,UP,1.0997569561004639,0.3727569580078125,421.0,,,,,,,,,,,-0.030000000000000027,30.21050715446472,1.5502641201019287,-0.030000000000000027,-0.030000000000000027,,,,,
btc-updown-15m-1790934300,1790934748.436137,1790934748.436137,451.5638630390167,0.7551494564446749,0.2448505435553251,0.695,0.30500000000000005,0.060149456444674954,-0.060149456444674954,0.69,0.7,0.010000000000000009,86372.55941707108,86329.43907430321,4.994859601805679,0.0,-0.9664575568890665,-1.9894258371211393,-0.5706376487979448,-0.891231038916418,0.281270803480428,58,0.6598858465154565,-4.992365985087118,UP,1.4361369609832764,0.43213701248168945,447.0,0.030000000000000027,3.874127149581909,1.5502641201019287,0.030000000000000027,0.030000000000000027,,,,,,,,,,,,,,,
btc-updown-15m-1790934300,1790934749.5879412,1790934749.5879412,450.41205883026123,0.7453921706200584,0.25460782937994164,0.705,0.29500000000000004,0.0403921706200584,-0.0403921706200584,0.7,0.71,0.010000000000000009,86370.5843058651,86329.43907430321,4.76607192205547,0.0,-0.9664575568890665,-1.9894258371211393,-0.571795062630498,-0.8923883785350029,0.28126967145424764,58,0.6304790155925774,-4.763801460017074,UP,1.5879411697387695,0.3429412841796875,448.0,,,,,,,,,,,,,,,,,,,,
btc-updown-15m-1790934300,1790934752.310264,1790934752.310264,447.6897358894348,0.7502601115841087,0.24973988841589134,0.725,0.275,0.02526011158410868,-0.02526011158410868,0.72,0.73,0.010000000000000009,86371.39462281007,86329.43907430321,4.859935261567472,0.0,0.0,-0.9664575568890665,-1.1979166666675756,-0.8923883785350029,0.2812695893343731,58,0.6448413673830395,-4.857574511802046,UP,1.3102641105651855,1.5502641201019287,451.0,0.03500000000000003,3.9509809017181396,0.5502450466156006,0.030000000000000027,0.040000000000000036,,,,,,,,,,,,,,,
btc-updown-15m-1790934300,1790934756.261245,1790934756.261245,443.7387549877167,0.7523788910544535,0.24762110894554645,0.76,0.24,-0.007621108945546462,0.007621108945546462,0.75,0.77,0.020000000000000018,86371.60394214507,86329.43907430321,4.884181838082924,0.3287189221712339,1.0637848399674965,1.0637848399674965,-0.9246954204900071,1.4990874088338657,0.2438589488634886,58,0.6509356636375396,-4.881797479423968,UP,1.2612450122833252,0.5502450466156006,455.0,,,,,,,,,,,,,,,,,,,,
btc-updown-15m-1790934300,1790934756.261245,1790934756.261245,443.7387549877167,0.7523788910544535,0.24762110894554645,0.76,0.24,-0.007621108945546462,0.007621108945546462,0.75,0.77,0.020000000000000018,86371.60394214507,86329.43907430321,4.884181838082924,0.3287189221712339,1.0637848399674965,1.0637848399674965,-0.9246954204900071,1.4990874088338657,0.2438589488634886,58,0.6509356636375396,-4.881797479423968,UP,1.2612450122833252,0.5502450466156006,455.0,,,,,,,,,,,,,,,,,,,,
btc-updown-15m-1790934300,1790934823.8172228,1790934823.8172228,376.1827771663666,0.8969470762348702,0.10305292376512976,0.865,0.135,0.03194707623487025,-0.03194707623487025,0.86,0.87,0.010000000000000009,86400.76226676135,86329.43907430321,8.261746308433349,0.0,0.17357093265557566,0.17357093265557566,1.5623553374677357,2.48842592592613,0.109986991530377,60,1.1954618844919984,-8.254926297747769,UP,1.8172228336334229,0.2022228240966797,523.0,,,,,,-0.040000000000000036,10.19081425666809,0.6840372085571289,-0.04999999999999993,-0.030000000000000027,-0.0050000000000000044,29.050565242767334,0.7117881774902344,-0.010000000000000009,0.0,,,,,
btc-updown-15m-1790934300,1790934834.008037,1790934834.008037,365.9919629096985,0.8677143151248868,0.13228568487511316,0.825,0.17500000000000004,0.04271431512488688,-0.04271431512488688,0.81,0.84,0.029999999999999916,86391.4115087647,86329.43907430321,7.1785980687466555,0.2314439522010936,0.34369812704104774,0.34369812704104774,-0.4616986808614332,1.8518516375176652,0.17303200678460878,60,1.0532081246881404,-7.173448538364636,UP,1.0080370903015137,0.6840372085571289,533.0,,,,,,,,,,,,,,,,,,,,
btc-updown-15m-1790934300,1790934852.867788,1790934852.867788,347.13221192359924,0.9312961015001169,0.06870389849988312,0.86,0.14,0.07129610150011689,-0.07129610150011689,0.85,0.87,0.020000000000000018,86409.53631891463,86329.43907430321,9.278091630189333,-0.45471411845632304,-0.45471411845632304,-0.23256887596634357,0.2892798667009089,1.8528379146420804,0.2072362335616183,60,1.3974311883412551,-9.269491311213587,UP,1.8677880764007568,0.7117881774902344,552.0,,,,,,,,,,,,,,,,,,,,
btc-updown-15m-1790934300,1790934895.855645,1790934895.855645,304.14435505867004,0.9276335762319556,0.07236642376804436,0.865,0.135,0.06263357623195565,-0.06263357623195565,0.86,0.87,0.010000000000000009,86402.35959025903,86329.43907430321,8.446772820225323,-0.9256687957048815,-0.9268257744576847,-0.9256687957048815,-0.9256687957048815,-0.23490468366360595,0.1737735246099779,60,1.359271583164319,-8.439644044633214,UP,0.855644941329956,0.11264491081237793,595.0,-0.010000000000000009,4.675525188446045,0.782170295715332,-0.010000000000000009,-0.010000000000000009,0.020000000000000018,9.803259134292603,0.1889040470123291,0.020000000000000018,0.020000000000000018,,,,,,,,,,
btc-updown-15m-1790934300,1790934900.5311701,1790934900.5311701,299.468829870224,0.8991490480053885,0.10085095199461147,0.855,0.14500000000000002,0.04414904800538855,-0.04414904800538855,0.85,0.86,0.010000000000000009,86392.70644180803,86329.43907430321,7.328597079190313,0.0,0.0011571931124443324,-0.9256686885972254,-0.9256686885972254,-1.1466467467169394,0.1455277609898025,60,1.18863594618027,-7.323230178861096,UP,0.531170129776001,0.782170295715332,600.0,0.030000000000000027,5.127733945846558,0.1889040470123291,0.030000000000000027,0.030000000000000027,0.06000000000000005,9.982375860214233,0.6925461292266846,0.06000000000000005,0.06000000000000005,,,,,,,,,,
btc-updown-15m-1790934300,1790934905.658904,1790934905.658904,294.34109592437744,0.9012906428346034,0.09870935716539664,0.885,0.11499999999999999,0.016290642834603353,-0.016290642834603353,0.88,0.89,0.010000000000000009,86392.67756577108,86329.43907430321,7.325252213610245,-0.0011571929781073464,-0.0011571929781073464,0.0,-0.9268257744576847,-1.380340822694226,0.14206257628137414,60,1.19839807777604,-7.319890209413395,UP,0.6589040756225586,0.1889040470123291,605.0,0.030000000000000027,4.854641914367676,0.6925461292266846,0.030000000000000027,0.030000000000000027,,,,,,,,,,,,,,,
btc-updown-15m-1790934300,1790934910.513546,1790934910.513546,289.48645401000977,0.9071888928550753,0.09281110714492469,0.915,0.08499999999999996,-0.007811107144924723,0.007811107144924723,0.91,0.92,0.010000000000000009,86393.75720308923,86329.43907430321,7.450312370345102,0.20829425405155533,0.2325958155902086,0.231438595694744,-0.6942515164476415,-1.4474053841173617,0.1391974263713206,60,1.2290198690316279,-7.444765787280845,UP,0.5135459899902344,0.6925461292266846,610.0,,,,,,-0.030000000000000027,8.674806118011475,0.435352087020874,-0.030000000000000027,-0.030000000000000027,,,,,,,,,,
btc-updown-15m-1790934300,1790934919.188352,1790934919.188352,280.8116478919983,0.9278553675239078,0.07214463247609215,0.885,0.11499999999999999,0.04285536752390784,-0.04285536752390784,0.88,0.89,0.010000000000000009,86399.13951747156,86329.43907430321,8.073774591348393,-0.0011571929781073464,-0.23143326621788418,-0.024300996306347855,-0.9256687957048815,-0.9268257744576847,0.1272491138937016,58,1.3521988151963558,-8.067261266444744,UP,1.188352108001709,0.435352087020874,618.0,,,,,,,,,,,,,,,,0.07999999999999996,60.44084596633911,0.1811981201171875,0.07999999999999996,0.07999999999999996
btc-updown-15m-1790934300,1790934952.831294,1790934952.831294,247.16870594024658,0.9247163478072793,0.07528365219272071,0.925,0.07499999999999996,-0.00028365219272075137,0.00028365219272075137,0.92,0.93,0.010000000000000009,86393.08963651722,86329.43907430321,7.372984568940755,-0.0011571929781073464,,0.0,-0.0011571929781073464,-0.9268257744576847,0.13179848763537502,54,1.316280611420829,-7.367552483862786,UP,1.831294059753418,0.9892942905426025,652.0,,,,,,,,,,,,,,,,,,,,
btc-updown-15m-1790934300,1790934973.8833358,1790934973.8833358,226.11666417121887,0.9434729227748234,0.05652707722517658,0.95,0.050000000000000044,-0.006527077225176536,0.006527077225176536,0.94,0.96,0.020000000000000018,86395.94118288031,86329.43907430321,7.703294413838879,0.48138208499581836,0.6943158674310723,0.6943158674310723,0.6931585941072349,0.46170931267797144,0.07912363276195683,52,1.4377976799838155,-7.697364907030852,UP,0.8833358287811279,0.7743358612060547,673.0,0.015000000000000013,5.745862245559692,0.1811981201171875,0.020000000000000018,0.010000000000000009,,,,,,,,,,,,,,,
btc-updown-15m-1790934300,1790934979.629198,1790934979.629198,220.37080192565918,0.9753920977802049,0.02460790221979514,0.965,0.03500000000000003,0.01039209778020489,-0.01039209778020489,0.96,0.97,0.010000000000000009,86410.69738690711,86329.43907430321,9.41258433684089,0.0,1.157112638319191,1.851508765562393,1.851508765562393,1.8526661729301175,0.17276709104076834,52,1.7792839092584634,-9.403732993851238,UP,0.6291980743408203,0.1811981201171875,679.0,,,,,,,,,,,,,,,,,,,,
btc-updown-15m-1790934300,1790934993.220093,1790934993.220093,206.77990698814392,0.9770265961619468,0.02297340383805324,0.975,0.025000000000000022,0.002026596161946781,-0.002026596161946781,0.97,0.98,0.010000000000000009,86408.73331965372,86329.43907430321,9.185075937103715,0.0,-0.001156978761684968,-0.001156978761684968,1.8515089798176732,1.8515089798176732,0.1727622799568567,52,1.7924698174683182,-9.176647117042483,UP,1.220093011856079,0.0670931339263916,692.0,0.0,4.367987871170044,0.1410808563232422,0.0,0.0,,,,,,-0.010000000000000009,29.740458011627197,0.04155087471008301,-0.010000000000000009,-0.010000000000000009,-0.039999999999999925,59.929145097732544,0.0532381534576416,-0.039999999999999925,-0.040000000000000036
btc-updown-15m-1790934300,1790934997.084039,1790934997.084039,202.91596102714539,0.9819216415459913,0.018078358454008736,0.965,0.03500000000000003,0.016921641545991295,-0.016921641545991295,0.96,0.97,0.010000000000000009,86411.7085471469,86329.43907430321,9.529712427864823,0.001156978897132177,0.001156978897132177,0.001156978897132177,1.851508765562393,1.8526661729301175,0.17602400465084675,50,1.8772841162293765,-9.520639532176826,UP,1.0840389728546143,0.031038999557495117,696.0,,,,,,,,,,,-0.020000000000000018,31.34917116165161,1.7652101516723633,-0.020000000000000018,-0.020000000000000018,,,,,
btc-updown-15m-1790934300,1790934997.588081,1790934997.588081,202.41191911697388,0.9812150826278498,0.018784917372150156,0.975,0.025000000000000022,0.006215082627849866,-0.006215082627849866,0.97,0.98,0.010000000000000009,86410.96757737258,86329.43907430321,9.44388194149992,0.001156978897132177,0.001156978897132177,0.001156978897132177,1.851508765562393,1.8526661729301175,0.17602400465084675,50,1.8627070010061955,-9.434971665646755,UP,0.588080883026123,0.1410808563232422,697.0,,,,,,,,,,,-0.030000000000000027,30.845129251480103,1.7652101516723633,-0.030000000000000027,-0.030000000000000027,,,,,
btc-updown-15m-1790934300,1790935014.419391,1790935014.419391,185.58060908317566,0.9748402201352154,0.02515977986478457,0.965,0.03500000000000003,0.00984022013521546,-0.00984022013521546,0.96,0.97,0.010000000000000009,86402.08499416745,86329.43907430321,8.414964888363574,0.0,0.0011570592173271166,-0.6941872577070907,-0.6941872577070907,1.1583503054990452,0.20361793305984566,50,1.7335752364684482,-8.40788967872066,UP,1.4193909168243408,0.3103909492492676,713.0,,,,,,-0.04999999999999993,10.252260208129883,1.4096510410308838,-0.04999999999999993,-0.04999999999999993,,,,,,,,,,
btc-updown-15m-1790934300,1790935015.3609989,1790935015.3609989,184.63900113105774,0.9764834304577074,0.023516569542292642,0.965,0.03500000000000003,0.011483430457707389,-0.011483430457707389,0.96,0.97,0.010000000000000009,86402.91405904335,86329.43907430321,8.510999900845917,0.0,0.0011570592173271166,0.0,-0.6941872577070907,1.1583503054990452,0.20565789619252028,49,1.7578077767222957,-8.503762348794261,UP,1.3609988689422607,0.6879990100860596,714.0,,,,,,-0.04999999999999993,9.310652256011963,1.4096510410308838,-0.04999999999999993,-0.04999999999999993,,,,,,,,,,
btc-updown-15m-1790934300,1790935022.960551,1790935022.960551,177.03944897651672,0.9775480437998979,0.022451956200102097,0.965,0.03500000000000003,0.012548043799897934,-0.012548043799897934,0.96,0.97,0.010000000000000009,86401.66105452337,86329.43907430321,8.365857695193935,-2.0977481200379344,-2.0977481200379344,-2.096591303542006,-2.790633098851414,-0.9407978915010329,0.3601069294622434,50,1.7645511965277119,-8.358864787863586,UP,1.9605510234832764,0.04155087471008301,721.0,-0.020000000000000018,5.472659111022949,1.7652101516723633,-0.020000000000000018,-0.020000000000000018,,,,,,-0.029999999999999916,30.188687086105347,0.0532381534576416,-0.029999999999999916,-0.030000000000000027,,,,,
btc-updown-15m-1790934300,1790935023.70766,1790935023.70766,176.2923400402069,0.9800661118130561,0.01993388818694386,0.915,0.08499999999999996,0.0650661118130561,-0.0650661118130561,0.91,0.92,0.010000000000000009,86403.24432163282,86329.43907430321,8.54925598046341,-0.023146037144705645,-2.1197324879096424,-2.120889301727713,-2.813772676787396,-0.962784669505945,0.36009860577333463,50,1.8070179084074558,-8.541953245977059,UP,1.7076599597930908,0.445659875869751,722.0,0.029999999999999916,4.725550174713135,1.7652101516723633,0.029999999999999916,0.029999999999999916,,,,,,0.020000000000000018,29.441578149795532,0.0532381534576416,0.020000000000000018,0.019999999999999907,,,,,
btc-updown-15m-1790934300,1790935024.6716511,1790935024.6716511,175.32834887504578,0.9722904580940931,0.02770954190590691,0.915,0.08499999999999996,0.057290458094093055,-0.057290458094093055,0.91,0.92,0.010000000000000009,86397.98769548415,86329.43907430321,7.940352898845315,0.0,-2.1197324879096424,-2.120889301727713,-2.814929330001714,-0.9639417510720616,0.3600973346618482,50,1.68302672645712,-7.934052980786713,UP,1.6716511249542236,1.4096510410308838,723.0,0.029999999999999916,3.761559009552002,1.7652101516723633,0.029999999999999916,0.029999999999999916,,,,,,,,,,,,,,,
btc-updown-15m-1790934300,1790935028.4332101,1790935028.4332101,171.56678986549377,0.9531425982338518,0.046857401766148166,0.945,0.05500000000000005,0.008142598233851883,-0.008142598233851883,0.94,0.95,0.010000000000000009,86388.57689792827,86329.43907430321,6.8502499563516395,0.0011573046698742928,0.0,-2.1197324879096424,-2.814929330001714,-0.962784669505945,0.3600986057876751,50,1.4679605789378005,-6.845560576247724,UP,1.4332101345062256,1.7652101516723633,727.0,,,,,,,,,,,,,,,,,,,,
btc-updown-15m-1790934300,1790935053.149238,1790935053.149238,146.85076189041138,0.936012444607959,0.06398755539204104,0.935,0.06499999999999995,0.0010124446079589067,-0.0010124446079589067,0.93,0.94,0.009999999999999898,86377.83423985945,86329.43907430321,5.605870497384924,0.0,-0.3680419669693791,-0.36919928891543385,-0.8876525790302292,-3.70117549055915,0.3294062263373323,46,1.2986243891454299,-5.602729679683175,UP,1.149238109588623,0.0532381534576416,752.0,,,,,,-0.030000000000000027,10.964093923568726,1.3793318271636963,-0.030000000000000027,-0.029999999999999916,,,,,,,,,,
btc-updown-15m-1790934300,1790935062.082293,1790935062.082293,137.91770696640015,0.8991303083531073,0.10086969164689275,0.885,0.11499999999999999,0.014130308353107246,-0.014130308353107246,0.88,0.89,0.010000000000000009,86368.29280162332,86329.43907430321,4.500634747164334,0.0,0.0,-1.1990739352929491,-2.085463015031319,-4.8998056275462165,0.3452743787467282,50,1.0759456316112144,-4.4986100870778145,UP,1.0822930335998535,0.6612930297851562,761.0,0.030000000000000027,3.925673007965088,0.658966064453125,0.030000000000000027,0.030000000000000027,,,,,,,,,,,0.08999999999999997,59.406437158584595,0.1147301197052002,0.08999999999999997,0.08999999999999997
btc-updown-15m-1790934300,1790935064.113332,1790935064.113332,135.88666796684265,0.8978114487504918,0.10218855124950821,0.905,0.09499999999999997,-0.007188551249508235,0.007188551249508235,0.9,0.91,0.010000000000000009,86367.66372428494,86329.43907430321,4.427765359256153,0.0011575462055546382,0.0011575462055546382,-1.0648289878867345,-2.085463015031319,-4.900962039411372,0.34526784764766555,50,1.0664141732766186,-4.425805716332987,UP,1.1133320331573486,1.3793318271636963,763.0,,,,,,,,,,,0.05999999999999994,29.862834930419922,0.07916712760925293,0.05999999999999994,0.05999999999999994,,,,,
btc-updown-15m-1790934300,1790935064.8661351,1790935064.8661351,135.13386487960815,0.8987021551190418,0.10129784488095817,0.905,0.09499999999999997,-0.006297844880958192,0.006297844880958192,0.9,0.91,0.010000000000000009,86367.6636859848,86329.43907430321,4.427760922747215,0.0011575462055546382,0.0011575462055546382,-1.0648289878867345,-2.085463015031319,-4.900962039411372,0.34526784764766555,50,1.0693793643704368,-4.425801283748663,UP,0.8661351203918457,1.7031350135803223,764.0,,,,,,,,,,,0.05999999999999994,29.110031843185425,0.07916712760925293,0.05999999999999994,0.05999999999999994,,,,,
btc-updown-15m-1790934300,1790935066.007966,1790935066.007966,133.99203395843506,0.901159898504702,0.09884010149529798,0.915,0.08499999999999996,-0.013840101495298018,0.013840101495298018,0.91,0.92,0.010000000000000009,86367.85094863837,86329.43907430321,4.449452556050115,,-0.0011575460712176522,-0.0011575460712176522,-2.0866203197011934,,0.3379960317080011,49,1.0791849597294998,-4.4474736737400455,UP,1.0079660415649414,0.658966064453125,765.0,,,,,,,,,,,,,,,,,,,,
btc-updown-15m-1790934300,1790935093.976167,1790935093.976167,106.02383303642273,0.9376462865568915,0.06235371344310847,0.965,0.03500000000000003,-0.02735371344310844,0.02735371344310844,0.96,0.97,0.010000000000000009,86367.80712968332,86329.43907430321,4.444376772456682,0.22687903006968213,0.22687903006968213,0.2280366025364522,0.2280366025364522,,0.17716390569460405,49,1.2118200466804974,-4.44240240145255,UP,1.9761669635772705,0.07916712760925293,793.0,,,,,,,,,,,,,,,,-0.12,61.159369230270386,0.1665363311767578,-0.12,-0.12
btc-updown-15m-1790934300,1790935121.4887302,1790935121.4887302,78.51126980781555,0.9826716885925482,0.017328311407451835,0.975,0.025000000000000022,0.007671688592548187,-0.007671688592548187,0.97,0.98,0.010000000000000009,86369.75429833577,86329.43907430321,4.669927716993705,0.0,0.0,0.0,0.22919414874200683,0.22803657614201,0.032753015784602095,47,1.479664929782966,-4.667747912458153,UP,1.4887301921844482,0.1147301197052002,821.0,,,,,,,,,,,,,,,,,,,,
btc-updown-15m-1790934300,1790935133.0708008,1790935133.0708008,66.92919921875,0.9931872736260579,0.006812726373942146,0.535,0.46499999999999997,0.4581872736260578,-0.4581872736260578,0.53,0.54,0.010000000000000009,86368.81038125545,86329.43907430321,4.560588760265105,0.0,-4.816439372244963,-4.815282409947885,,-4.587355613474564,0.682422169641437,49,1.565081894302669,-4.558509811405173,UP,2.07080078125,0.6548008918762207,832.0,,,,,,,,,,,0.43999999999999995,29.087146043777466,0.07494664192199707,0.43999999999999995,0.43999999999999995,,,,,
btc-updown-15m-1790934300,1790935133.0708008,1790935133.0708008,66.92919921875,0.9931872736260579,0.006812726373942146,0.535,0.46499999999999997,0.4581872736260578,-0.4581872736260578,0.53,0.54,0.010000000000000009,86368.81038125545,86329.43907430321,4.560588760265105,0.0,-4.816439372244963,-4.815282409947885,,-4.587355613474564,0.682422169641437,49,1.565081894302669,-4.558509811405173,UP,2.07080078125,0.6548008918762207,832.0,,,,,,,,,,,0.43999999999999995,29.087146043777466,0.07494664192199707,0.43999999999999995,0.43999999999999995,,,,,
btc-updown-15m-1790934300,1790935133.0708008,1790935133.0708008,66.92919921875,0.9931872736260579,0.006812726373942146,0.535,0.46499999999999997,0.4581872736260578,-0.4581872736260578,0.53,0.54,0.010000000000000009,86368.81038125545,86329.43907430321,4.560588760265105,0.0,-4.816439372244963,-4.815282409947885,,-4.587355613474564,0.682422169641437,49,1.565081894302669,-4.558509811405173,UP,2.07080078125,0.6548008918762207,832.0,,,,,,,,,,,0.43999999999999995,29.087146043777466,0.07494664192199707,0.43999999999999995,0.43999999999999995,,,,,
btc-updown-15m-1790934300,1790935133.0708008,1790935133.0708008,66.92919921875,0.9931872736260579,0.006812726373942146,0.535,0.46499999999999997,0.4581872736260578,-0.4581872736260578,0.53,0.54,0.010000000000000009,86368.81038125545,86329.43907430321,4.560588760265105,0.0,-4.816439372244963,-4.815282409947885,,-4.587355613474564,0.682422169641437,49,1.565081894302669,-4.558509811405173,UP,2.07080078125,0.6548008918762207,832.0,,,,,,,,,,,0.43999999999999995,29.087146043777466,0.07494664192199707,0.43999999999999995,0.43999999999999995,,,,,
btc-updown-15m-1790934300,1790935134.177517,1790935134.177517,65.82248306274414,0.5986281095189749,0.40137189048102506,0.545,0.45499999999999996,0.0536281095189749,-0.0536281095189749,0.54,0.55,0.010000000000000009,86333.34334751799,86329.43907430321,0.45225281857907973,0.0011580774583741515,-4.815281852567077,-4.815281852567077,-4.815281852567077,-4.586198067267899,0.6824254347877156,49,0.1565656548147033,-0.45223236624385177,UP,1.1775169372558594,1.2555170059204102,833.0,,,,,,,,,,,,,,,,0.44999999999999996,60.87482810020447,0.03934502601623535,0.44999999999999996,0.44999999999999996
btc-updown-15m-1790934300,1790935134.177517,1790935134.177517,65.82248306274414,0.5986281095189749,0.40137189048102506,0.545,0.45499999999999996,0.0536281095189749,-0.0536281095189749,0.54,0.55,0.010000000000000009,86333.34334751799,86329.43907430321,0.45225281857907973,0.0011580774583741515,-4.815281852567077,-4.815281852567077,-4.815281852567077,-4.586198067267899,0.6824254347877156,49,0.1565656548147033,-0.45223236624385177,UP,1.1775169372558594,1.2555170059204102,833.0,,,,,,,,,,,,,,,,0.44999999999999996,60.87482810020447,0.03934502601623535,0.44999999999999996,0.44999999999999996
btc-updown-15m-1790934300,1790935134.177517,1790935134.177517,65.82248306274414,0.5986281095189749,0.40137189048102506,0.545,0.45499999999999996,0.0536281095189749,-0.0536281095189749,0.54,0.55,0.010000000000000009,86333.34334751799,86329.43907430321,0.45225281857907973,0.0011580774583741515,-4.815281852567077,-4.815281852567077,-4.815281852567077,-4.586198067267899,0.6824254347877156,49,0.1565656548147033,-0.45223236624385177,UP,1.1775169372558594,1.2555170059204102,833.0,,,,,,,,,,,,,,,,0.44999999999999996,60.87482810020447,0.03934502601623535,0.44999999999999996,0.44999999999999996
btc-updown-15m-1790934300,1790935134.177517,1790935134.177517,65.82248306274414,0.5986281095189749,0.40137189048102506,0.545,0.45499999999999996,0.0536281095189749,-0.0536281095189749,0.54,0.55,0.010000000000000009,86333.34334751799,86329.43907430321,0.45225281857907973,0.0011580774583741515,-4.815281852567077,-4.815281852567077,-4.815281852567077,-4.586198067267899,0.6824254347877156,49,0.1565656548147033,-0.45223236624385177,UP,1.1775169372558594,1.2555170059204102,833.0,,,,,,,,,,,,,,,,0.44999999999999996,60.87482810020447,0.03934502601623535,0.44999999999999996,0.44999999999999996
btc-updown-15m-1790934300,1790935134.177517,1790935134.177517,65.82248306274414,0.5986281095189749,0.40137189048102506,0.545,0.45499999999999996,0.0536281095189749,-0.0536281095189749,0.54,0.55,0.010000000000000009,86333.34334751799,86329.43907430321,0.45225281857907973,0.0011580774583741515,-4.815281852567077,-4.815281852567077,-4.815281852567077,-4.586198067267899,0.6824254347877156,49,0.1565656548147033,-0.45223236624385177,UP,1.1775169372558594,1.2555170059204102,833.0,,,,,,,,,,,,,,,,0.44999999999999996,60.87482810020447,0.03934502601623535,0.44999999999999996,0.44999999999999996
btc-updown-15m-1790934300,1790935135.0024152,1790935135.0024152,64.9975848197937,0.4868964910995777,0.5131035089004223,0.535,0.46499999999999997,-0.04810350890042231,0.048103508900422365,0.53,0.54,0.010000000000000009,86328.93544564958,86329.43907430321,-0.058337996752255705,0.0,-4.814124890136773,-4.815281852567077,-4.815281852567077,-4.587355082464883,0.6824221711486663,49,0.02032485349068298,0.05833833708644472,UP,1.0024151802062988,1.561415195465088,834.0,,,,,,,,,,,,,,,,0.45999999999999996,60.04992985725403,0.03934502601623535,0.45999999999999996,0.45999999999999996
btc-updown-15m-1790934300,1790935155.1355362,1790935155.1355362,44.864463806152344,0.8395277800404805,0.16047221995951955,0.845,0.15500000000000003,-0.00547221995951952,0.00547221995951952,0.84,0.85,0.010000000000000009,86338.97864219194,86329.43907430321,1.10501909789118,0.0,0.0011579732595023984,0.43773300162808226,-3.915889064241007,-3.915889064241007,0.6759371569802203,51,0.5732278896270265,-1.384153452145693,UP,1.1355361938476562,0.1665363311767578,854.0,0.10999999999999999,4.484358787536621,1.8798949718475342,0.10999999999999999,0.10999999999999999,,,,,,,,,,,,,,,
btc-updown-15m-1790934300,1790935157.147124,1790935157.147124,42.85287594795227,0.8538437363113688,0.14615626368863122,0.945,0.05500000000000005,-0.09115626368863117,0.09115626368863117,0.94,0.95,0.010000000000000009,86338.88557207165,86329.43907430321,1.0942382887835223,0.9054907360317443,1.3941996431365844,1.3941996431365844,-2.522235374217141,-2.522235374217141,0.6936134293536402,51,0.6081895764746708,-1.436293923214031,UP,1.1471240520477295,0.5911240577697754,856.0,0.030000000000000027,5.010822772979736,0.07494664192199707,0.030000000000000027,0.030000000000000027,,,,,,,,,,,,,,,
btc-updown-15m-1790934300,1790935158.8944058,1790935158.8944058,41.10559415817261,0.9528901304652673,0.04710986953473273,0.955,0.04500000000000004,-0.002109869534732689,0.002109869534732689,0.95,0.96,0.010000000000000009,86345.13831889916,86329.43907430321,1.8185273487580922,0.001157811702068301,1.3953576162606396,,-2.521077854541476,-2.521077854541476,0.6936150668292625,51,0.9664841307837257,-2.229961601448092,UP,0.8944058418273926,1.1544058322906494,858.0,,,,,,,,,,,,,,,,,,,,
btc-updown-15m-1790934300,1790935158.8944058,1790935158.8944058,41.10559415817261,0.9528901304652673,0.04710986953473273,0.955,0.04500000000000004,-0.002109869534732689,0.002109869534732689,0.95,0.96,0.010000000000000009,86345.13831889916,86329.43907430321,1.8185273487580922,0.001157811702068301,1.3953576162606396,,-2.521077854541476,-2.521077854541476,0.6936150668292625,51,0.9664841307837257,-2.229961601448092,UP,0.8944058418273926,1.1544058322906494,858.0,,,,,,,,,,,,,,,,,,,,
btc-updown-15m-1790934300,1790935158.8944058,1790935158.8944058,41.10559415817261,0.9528901304652673,0.04710986953473273,0.955,0.04500000000000004,-0.002109869534732689,0.002109869534732689,0.95,0.96,0.010000000000000009,86345.13831889916,86329.43907430321,1.8185273487580922,0.001157811702068301,1.3953576162606396,,-2.521077854541476,-2.521077854541476,0.6936150668292625,51,0.9664841307837257,-2.229961601448092,UP,0.8944058418273926,1.1544058322906494,858.0,,,,,,,,,,,,,,,,,,,,
btc-updown-15m-1790934300,1790935159.619895,1790935159.619895,40.38010501861572,0.9820080976092848,0.017991902390715242,0.955,0.04500000000000004,0.027008097609284798,-0.027008097609284798,0.95,0.96,0.010000000000000009,86349.25325221432,86329.43907430321,2.2951820518657406,0.0,1.3953576162606396,1.3965157510997805,-2.521077854541476,-2.521077854541476,0.7004812887749825,50,1.2110526379821207,-2.7607873764067334,UP,0.6198949813842773,1.8798949718475342,859.0,,,,,,,,,,,,,,,,,,,,
btc-updown-15m-1790934300,1790935159.619895,1790935159.619895,40.38010501861572,0.9820080976092848,0.017991902390715242,0.955,0.04500000000000004,0.027008097609284798,-0.027008097609284798,0.95,0.96,0.010000000000000009,86349.25325221432,86329.43907430321,2.2951820518657406,0.0,1.3953576162606396,1.3965157510997805,-2.521077854541476,-2.521077854541476,0.7004812887749825,50,1.2110526379821207,-2.7607873764067334,UP,0.6198949813842773,1.8798949718475342,859.0,,,,,,,,,,,,,,,,,,,,
btc-updown-15m-1790934300,1790935162.1579468,1790935162.1579468,37.842053174972534,0.9890658488636059,0.010934151136394066,0.975,0.025000000000000022,0.014065848863605956,-0.014065848863605956,0.97,0.98,0.010000000000000009,86349.60921899864,86329.43907430321,2.3364155856575586,0.0,0.0,1.3941996431365844,2.295309519941835,-2.522235374217141,0.7075537969524714,49,1.3239561140345841,-2.943634641345284,UP,1.1579468250274658,0.07494664192199707,861.0,,,,,,,,,,,,,,,,,,,,
btc-updown-15m-1790934300,1790935195.052345,1790935195.052345,4.947654962539673,1.0,0.0,0.995,0.0050000000000000044,0.0050000000000000044,-0.0050000000000000044,0.99,1.0,0.010000000000000009,86343.67898543192,86329.43907430321,1.6494849591741634,0.0,0.0,0.0011578897285424716,-0.9030723215053271,1.6213082521576716,0.20109287332993678,56,20.075178599671087,-17.50705334230508,UP,1.0523450374603271,0.03934502601623535,894.0,,,,,,,,,,,,,,,,,,,,
btc-updown-15m-1790936100,1790936153.798366,1790936153.798366,846.2016339302063,0.48849687543113723,0.5115031245688628,0.545,0.45499999999999996,-0.056503124568862806,0.05650312456886286,0.54,0.55,0.010000000000000009,86320.26780770125,86322.74096372724,-0.2865011002162188,0.0,,1.6192546285997977,1.620413081402372,,0.2529721783153642,40,0.027664561764732132,0.2865093087398663,DOWN,0.7983660697937012,0.8783659934997559,53.0,,,,,,,,,,,,,,,,,,,,
btc-updown-15m-1790936100,1790936155.051585,1790936155.051585,844.9484150409698,0.5546889786926986,0.4453110213073014,0.555,0.44499999999999995,-0.00031102130730142896,0.00031102130730142896,0.55,0.56,0.010000000000000009,86334.78066427291,86322.74096372724,1.394731030464058,0.0,1.6215713466483095,1.6204128937125084,1.6215713466483095,,0.24702177686012583,42,0.13475248573756243,-1.3945365301261998,DOWN,1.0515849590301514,0.29158496856689453,54.0,,,,,,,,,,,,,,,,,,,,
btc-updown-15m-1790936100,1790936264.7510211,1790936264.7510211,735.2489788532257,0.43562106815864776,0.5643789318413522,0.485,0.515,-0.049378931841352225,0.049378931841352225,0.48,0.49,0.010000000000000009,86309.6412719619,86322.74096372724,-1.5175250019971998,0.14017154216450223,1.3903047791385958,-1.8357685546399605,-6.481824496411548,-5.447426487530382,0.48084551225025157,54,0.15721954612273195,1.5177553251625815,UP,2.751021146774292,0.08202123641967773,163.0,,,,,,,,,,,,,,,,,,,,
btc-updown-15m-1790936100,1790936278.088983,1790936278.088983,721.9110169410706,0.509846356293562,0.490153643706438,0.515,0.485,-0.005153643706438005,0.005153643706438005,0.51,0.52,0.010000000000000009,86324.7599615966,86322.74096372724,0.23388945332714073,0.0011582266101761718,0.0011582266101761718,0.0011582266101761718,-2.1098434037636338,-5.173436297334355,0.4957377961191798,54,0.024450099697417266,-0.2338839830270257,UP,1.0889830589294434,0.05398297309875488,177.0,,,,,,,,,,,,,,,,,,,,
btc-updown-15m-1790936100,1790936328.084586,1790936328.084586,671.9154140949249,0.5822781043218632,0.4177218956781368,0.555,0.44499999999999995,0.027278104321863172,-0.027278104321863172,0.55,0.56,0.010000000000000009,86338.83056379738,86322.74096372724,1.8638889231881173,0.0,0.0,0.0011579501957292848,-1.9102526268577336,2.3882632727834086,0.3197091164793068,55,0.20193136131585013,-1.8635415797365864,UP,1.0845859050750732,0.0855858325958252,227.0,,,,,,,,,,,,,,,,,,,,
btc-updown-15m-1790936100,1790936375.05161,1790936375.05161,624.948390007019,0.5663457475572444,0.4336542524427556,0.535,0.46499999999999997,0.0313457475572444,-0.0313457475572444,0.53,0.54,0.010000000000000009,86335.19700111805,86322.74096372724,1.4429612929056645,0.0,,-0.08221875771208254,0.06716562231945389,-1.1914608038932073,0.13434405628756813,44,0.1621033276083585,-1.4427531092163681,UP,1.051609992980957,0.12460994720458984,274.0,0.029999999999999916,3.7272799015045166,0.13488984107971191,0.030000000000000027,0.029999999999999916,,,,,,,,,,,,,,,
btc-updown-15m-1790936100,1790936378.77889,1790936378.77889,621.2211101055145,0.5770285003976263,0.4229714996023737,0.565,0.43500000000000005,0.012028500397626374,-0.012028500397626374,0.56,0.57,0.009999999999999898,86337.17489029914,86322.74096372724,1.6720885378251893,0.0,-0.0011580201919603184,-0.0011580201919603184,0.06600759434816084,-0.6056079528016234,0.1049054112149858,43,0.18840201492945274,-1.6718089965582719,UP,0.7788898944854736,0.13488984107971191,278.0,,,,,,,,,,,,,,,,,,,,
btc-updown-15m-1790936100,1790936484.22782,1790936484.22782,515.7721800804138,0.6146145935688703,0.38538540643112973,0.485,0.515,0.12961459356887028,-0.12961459356887028,0.48,0.49,0.010000000000000009,86342.30773919275,86322.74096372724,2.266699973503261,-0.001158342393114964,-3.571052658088991,-3.571052658088991,-3.571052658088991,-4.140517780084618,0.5590806672259752,48,0.28027776160278095,-2.2661862970606337,UP,2.2278199195861816,0.05281996726989746,383.0,0.10999999999999999,4.747421979904175,1.124241828918457,0.10999999999999999,0.10999999999999999,,,,,,,,,,,,,,,
btc-updown-15m-1790936100,1790936487.009542,1790936487.009542,512.9904580116272,0.4530814159882167,0.5469185840117833,0.525,0.475,-0.0719185840117833,0.0719185840117833,0.52,0.53,0.010000000000000009,86314.88555330352,86322.74096372724,-0.9100047491550356,1.0736181220249996,-0.957607181658604,-0.9587649995190795,,-1.527221183424965,0.6264465885027954,48,0.11286272348893892,0.9100875675564427,UP,2.0095419883728027,0.29354190826416016,386.0,,,,,,,,,,,,,,,,,,,,
btc-updown-15m-1790936100,1790936488.975242,1790936488.975242,511.02475810050964,0.5412624371740051,0.45873756282599487,0.595,0.405,-0.053737562825994845,0.053737562825994845,0.59,0.6,0.010000000000000009,86329.68048404103,86322.74096372724,0.8039040739804548,0.0011580397707433576,2.614378782133109,-0.9576070707761897,-0.9576070707761897,-1.524905634161522,0.6264489724609953,48,0.099878114484317,-0.8038394530002051,UP,1.9752418994903564,1.124241828918457,388.0,,,,,,,,,,,,,,,,,,,,
btc-updown-15m-1790936100,1790936511.430414,1790936511.430414,488.5695860385895,0.58368788222966,0.41631211777034005,0.565,0.43500000000000005,0.018687882229660002,-0.018687882229660002,0.56,0.57,0.009999999999999898,86336.52738637563,86322.74096372724,1.5970788803132407,0.001157975808574463,-1.414846065442843,-1.4136884172832875,-0.4041171782331876,0.4157305491681029,0.6195359409335661,50,0.2029157631301157,-1.5968238549480895,UP,1.4304139614105225,0.9924137592315674,411.0,,,,,,,,,,,-0.07999999999999996,28.50564694404602,0.2780611515045166,-0.08000000000000007,-0.07999999999999996,,,,,
btc-updown-15m-1790936100,1790936524.312232,1790936524.312232,475.6877679824829,0.553215061077671,0.44678493892232896,0.505,0.495,0.04821506107767104,-0.04821506107767104,0.5,0.51,0.010000000000000009,86331.35059786297,86322.74096372724,0.9973772889515509,0.0,0.0,0.0011581036107877196,-1.102392968584942,-1.5076233984523402,0.6093273163693192,50,0.1284331567837982,-0.9972778227271797,UP,1.3122320175170898,0.09823179244995117,423.0,,,,,,,,,,,0.0,29.69534206390381,0.6545741558074951,0.0,0.0,,,,,
btc-updown-15m-1790936100,1790936531.628244,1790936531.628244,468.37175607681274,0.49844982509439767,0.5015501749056024,0.495,0.505,0.003449825094397674,-0.0034498250943976183,0.49,0.5,0.010000000000000009,86322.51716673,86322.74096372724,-0.02592561296532736,0.0011581696002238573,0.0011581696002238573,-0.5686288724959798,-3.0867267161993617,-2.0773244061655927,0.6149069753352988,50,0.0033647809613757134,0.025925680179322987,UP,0.6282439231872559,0.19724392890930176,431.0,0.020000000000000018,5.093024015426636,0.13426780700683594,0.020000000000000018,0.020000000000000018,,,,,,0.030000000000000027,30.41177201271057,0.31401586532592773,0.030000000000000027,0.030000000000000027,,,,,
btc-updown-15m-1790936100,1790936536.721268,1790936536.721268,463.2787320613861,0.505074806995299,0.49492519300470095,0.515,0.485,-0.00992519300470096,0.00992519300470096,0.51,0.52,0.010000000000000009,86323.56875195903,86322.74096372724,0.09589457222514142,0.0,0.0,0.0011581696002238573,-3.087884170652755,-2.0773244061655927,0.6149069317436117,50,0.012513842013750635,-0.0958936526559816,UP,0.7212679386138916,0.13426780700683594,436.0,,,,,,,,,,,,,,,,,,,,
btc-updown-15m-1790936100,1790936536.721268,1790936536.721268,463.2787320613861,0.505074806995299,0.49492519300470095,0.515,0.485,-0.00992519300470096,0.00992519300470096,0.51,0.52,0.010000000000000009,86323.56875195903,86322.74096372724,0.09589457222514142,0.0,0.0,0.0011581696002238573,-3.087884170652755,-2.0773244061655927,0.6149069317436117,50,0.012513842013750635,-0.0958936526559816,UP,0.7212679386138916,0.13426780700683594,436.0,,,,,,,,,,,,,,,,,,,,
btc-updown-15m-1790936100,1790936539.936061,1790936539.936061,460.06393909454346,0.49880127550388004,0.50119872449612,0.485,0.515,0.01380127550388005,-0.013801275503879995,0.48,0.49,0.010000000000000009,86322.57463044334,86322.74096372724,-0.019268767654789798,-0.0011583238768153592,-1.3342112257874739,-1.3342112257874739,-3.007262823422341,-3.411258472998391,0.6418529592685205,50,0.0025232929129449322,0.019268804783272236,UP,1.936060905456543,0.2780611515045166,439.0,,,,,,0.020000000000000018,11.058218002319336,1.364278793334961,0.020000000000000018,0.020000000000000018,,,,,,,,,,
btc-updown-15m-1790936100,1790936550.994279,1790936550.994279,449.0057210922241,0.43311672524378514,0.5668832747562149,0.505,0.495,-0.07188327475621487,0.07188327475621492,0.5,0.51,0.010000000000000009,86312.29091918643,86322.74096372724,-1.2105783973193063,0.0011582180259317454,0.9162342932689249,0.9150758632636702,-0.9867042756961375,-1.5390346790034037,0.32772722108247254,48,0.1604876242742259,1.2107249650677343,UP,2.994278907775879,1.364278793334961,450.0,,,,,,0.020000000000000018,11.045737028121948,0.31401586532592773,0.020000000000000018,0.020000000000000018,,,,,,,,,,
btc-updown-15m-1790936100,1790936553.2040389,1790936553.2040389,446.7959611415863,0.4994339294572303,0.5005660705427697,0.495,0.505,0.004433929457230312,-0.004433929457230312,0.49,0.5,0.010000000000000009,86322.67525058464,86322.74096372724,-0.007612494907771605,-0.0011582178915947594,0.9139175393868548,0.9139175393868548,-0.9890203683771137,-2.0924620415585515,0.31841988042712505,48,0.0010115671425971848,0.00761250070240032,UP,2.2040388584136963,0.4340388774871826,452.0,,,,,,0.030000000000000027,9.414734125137329,0.10477304458618164,0.030000000000000027,0.030000000000000027,,,,,,,,,,
btc-updown-15m-1790936100,1790936554.007574,1790936554.007574,445.9924259185791,0.49643576750104773,0.5035642324989522,0.505,0.495,-0.008564232498952273,0.008564232498952218,0.5,0.51,0.010000000000000009,86322.20974898801,86322.74096372724,-0.061538214993772655,0.0,0.0,0.9139175393868548,-0.9890203683771137,-2.0913043080517113,0.3184192347251147,48,0.008184757442867771,0.06153859369098622,UP,2.0075740814208984,0.6545741558074951,453.0,-0.010000000000000009,5.930302858352661,0.24587702751159668,-0.010000000000000009,-0.010000000000000009,-0.010000000000000009,10.688597917556763,0.29017186164855957,-0.010000000000000009,-0.010000000000000009,,,,,,,,,,
btc-updown-15m-1790936100,1790936559.937877,1790936559.937877,440.06212306022644,0.494855496696753,0.505144503303247,0.495,0.505,-0.00014450330324700111,0.00014450330324700111,0.49,0.5,0.010000000000000009,86321.96989093703,86322.74096372724,-0.08932440995201851,-0.0011582178915947594,0.0,0.0,-0.4192573469918859,,0.3151559445303491,49,0.0119602161493304,0.08932520784401642,UP,1.9378769397735596,0.24587702751159668,459.0,0.0,4.758295059204102,0.29017186164855957,0.0,0.0,,,,,,,,,,,,,,,
btc-updown-15m-1790936100,1790936562.040016,1790936562.040016,437.9599840641022,0.49371848369893545,0.5062815163010645,0.525,0.475,-0.03128151630106457,0.03128151630106457,0.52,0.53,0.010000000000000009,86321.7970515098,86322.74096372724,-0.10934687741603888,0.0011582180259317454,,0.0,-0.418099177525999,-3.505854243995854,0.2387324305833744,50,0.014676277224376507,0.10934807310301053,UP,2.040015935897827,0.31401586532592773,461.0,,,,,,,,,,,,,,,,,,,,
btc-updown-15m-1790936100,1790936562.618773,1790936562.618773,437.381227016449,0.5017355486148473,0.49826445138515274,0.525,0.475,-0.023264451385152762,0.023264451385152762,0.52,0.53,0.010000000000000009,86323.02933349654,86322.74096372724,0.03340600241319436,0.0011582180259317454,,0.0,-0.418099177525999,-3.505854243995854,0.2387324305833744,50,0.004486575453410791,-0.03340589081844772,UP,1.6187729835510254,0.10477304458618164,462.0,,,,,,,,,,,,,,,,,,,,
btc-updown-15m-1790936100,1790936564.696172,1790936564.696172,435.30382800102234,0.48444090480635615,0.5155590951936438,0.495,0.505,-0.010559095193643842,0.010559095193643842,0.49,0.5,0.010000000000000009,86320.37811240468,86322.74096372724,-0.2737229258686913,,-0.6404945683624597,-0.6404945683624597,-1.0597250621491305,-4.146124670182383,0.24361931431802708,48,0.03685096000196842,0.2737304184973495,UP,1.6961719989776611,0.29017186164855957,464.0,,,,,,,,,,,,,,,,-0.33999999999999997,61.08855700492859,1.4217288494110107,-0.33999999999999997,-0.33999999999999997
btc-updown-15m-1790936100,1790936564.696172,1790936564.696172,435.30382800102234,0.48444090480635615,0.5155590951936438,0.495,0.505,-0.010559095193643842,0.010559095193643842,0.49,0.5,0.010000000000000009,86320.37811240468,86322.74096372724,-0.2737229258686913,,-0.6404945683624597,-0.6404945683624597,-1.0597250621491305,-4.146124670182383,0.24361931431802708,48,0.03685096000196842,0.2737304184973495,UP,1.6961719989776611,0.29017186164855957,464.0,,,,,,,,,,,,,,,,-0.33999999999999997,61.08855700492859,1.4217288494110107,-0.33999999999999997,-0.33999999999999997
btc-updown-15m-1790936100,1790936577.202085,1790936577.202085,422.79791498184204,0.2042526572127088,0.7957473427872912,0.295,0.7050000000000001,-0.09074734278729119,0.09074734278729113,0.28,0.31,0.02999999999999997,86273.06051210714,86322.74096372724,-5.755198579823206,-0.7325223584475626,-4.626301864284477,-4.224436453108549,-7.034500908357222,-8.934769350926741,0.5656571669939624,54,0.7866216582408586,5.758512718245547,DOWN,1.202085018157959,1.7500851154327393,476.0,,,,,,-0.10999999999999999,9.588160037994385,1.9832448959350586,-0.10000000000000003,-0.12,,,,,,,,,,
btc-updown-15m-1790936100,1790936586.790245,1790936586.790245,413.20975494384766,0.11606798384463074,0.8839320161553692,0.185,0.815,-0.06893201615536926,0.06893201615536926,0.18,0.19,0.010000000000000009,86251.82446503625,86322.74096372724,-8.215274202285627,0.001159139273454457,0.0,-0.7313633040839651,-7.947691173707527,-8.364300858180185,0.5630887624239701,54,1.136097750735017,8.22202882441477,DOWN,1.7902450561523438,1.9832448959350586,486.0,,,,,,,,,,,,,,,,,,,,
btc-updown-15m-1790936100,1790936625.784729,1790936625.784729,374.21527099609375,0.0535308488990206,0.9464691511009794,0.155,0.845,-0.1014691511009794,0.10146915110097943,0.15,0.16,0.010000000000000009,86232.2321026483,86322.74096372724,-10.484938275647782,-0.001159420289775781,0.6933814881771028,-1.6240842066206351,-1.6820360635017018,-8.600134631955303,0.5633604209606098,60,1.5239920688830075,10.495943207314856,DOWN,1.78472900390625,1.4217288494110107,525.0,0.0,4.035841226577759,0.31957030296325684,0.0,0.0,,,,,,,,,,,,,,,
btc-updown-15m-1790936100,1790936629.8205702,1790936629.8205702,370.179429769516,0.06281338918686974,0.9371866108131303,0.155,0.845,-0.09218661081313026,0.09218661081313029,0.15,0.16,0.010000000000000009,86237.24238096189,86322.74096372724,-9.904525946560216,0.0,0.0,0.6957005704744113,-1.6229249744970087,-8.1382989507095,0.4678662161627356,60,1.447371118030341,9.914345635919664,DOWN,1.8205702304840088,0.31957030296325684,529.0,-0.01999999999999999,4.171435594558716,0.1390058994293213,-0.01999999999999999,-0.01999999999999999,,,,,,-0.11,31.149394750595093,0.4689650535583496,-0.10999999999999999,-0.11,-0.12,58.52123284339905,0.28780293464660645,-0.12,-0.12
btc-updown-15m-1790936100,1790936633.9920058,1790936633.9920058,366.0079941749573,0.06116542727945384,0.9388345727205462,0.135,0.865,-0.07383457272054617,0.07383457272054617,0.13,0.14,0.010000000000000009,86237.03592353124,86322.74096372724,-9.928442869071574,-0.001159420289775781,-0.001159420289775781,0.23072998794226862,-1.6240842066206351,-7.0500993849664795,0.45136332213530317,60,1.4591140669183857,9.938310063439275,DOWN,0.9920058250427246,0.1390058994293213,533.0,,,,,,,,,,,-0.09000000000000001,28.954560041427612,0.21056580543518066,-0.09,-0.09000000000000001,-0.11000000000000001,59.8479700088501,0.18497586250305176,-0.11,-0.11000000000000001
btc-updown-15m-1790936100,1790936658.0277162,1790936658.0277162,341.97228384017944,0.04133122150324192,0.958668778496758,0.095,0.905,-0.05366877849675808,0.053668778496757996,0.09,0.1,0.010000000000000009,86230.09316645241,86322.74096372724,-10.73272190392549,-0.5078613575582036,-1.2011595595551317,-1.2011595595551317,-1.2023188405796414,-2.825048687749021,0.3204037440360449,60,1.6319346981091982,10.744253412319129,DOWN,2.0277161598205566,0.034716129302978516,557.0,-0.05,4.91884970664978,0.21056580543518066,-0.049999999999999996,-0.05,,,,,,-0.06,30.3140869140625,0.28780293464660645,-0.06,-0.060000000000000005,,,,,
btc-updown-15m-1790936100,1790936660.969965,1790936660.969965,339.0300350189209,0.03343725925070323,0.9665627407492967,0.045,0.955,-0.011562740749296765,0.011562740749296752,0.04,0.05,0.010000000000000002,86225.39023521887,86322.74096372724,-11.277529816768883,-5.70155507392589,-6.903188405796845,-6.903188405796845,-6.902029785742503,-8.526151288351658,0.7916882571256614,60,1.7222926091632655,11.290262443903497,DOWN,1.9699649810791016,0.4689650535583496,560.0,,,,,,,,,,,,,,,,,,,,
btc-updown-15m-1790936100,1790936662.9465659,1790936662.9465659,337.05343413352966,0.002179217704125158,0.9978207822958749,0.045,0.955,-0.04282078229587484,0.04282078229587494,0.04,0.05,0.010000000000000002,86171.82433217,86322.74096372724,-17.482835910024306,0.0,-6.2091268715347425,-6.902029785742503,-6.903188405796845,-8.526151288351658,0.7916882571256614,60,2.679442400214928,17.51345439496466,DOWN,0.9465658664703369,0.21056580543518066,562.0,,,,,,,,,,,-0.019999999999999997,30.893409967422485,0.18497586250305176,-0.02,-0.020000000000000004,,,,,
btc-updown-15m-1790936100,1790936662.9465659,1790936662.9465659,337.05343413352966,0.002179217704125158,0.9978207822958749,0.045,0.955,-0.04282078229587484,0.04282078229587494,0.04,0.05,0.010000000000000002,86171.82433217,86322.74096372724,-17.482835910024306,0.0,-6.2091268715347425,-6.902029785742503,-6.903188405796845,-8.526151288351658,0.7916882571256614,60,2.679442400214928,17.51345439496466,DOWN,0.9465658664703369,0.21056580543518066,562.0,,,,,,,,,,,-0.019999999999999997,30.893409967422485,0.18497586250305176,-0.02,-0.020000000000000004,,,,,
btc-updown-15m-1790936100,1790936679.832174,1790936679.832174,320.1678259372711,0.0009363129639934353,0.9990636870360066,0.025,0.975,-0.024063687036006566,0.024063687036006587,0.02,0.03,0.009999999999999998,86162.88135699065,86322.74096372724,-18.51882886848566,0.0,0.0,-1.213591388189439,-8.115942028985579,-7.420806085061127,0.7420422673165376,60,2.91240434927703,18.55318719835466,DOWN,0.8321740627288818,0.16417407989501953,579.0,0.010000000000000002,4.28748083114624,0.09865498542785645,0.009999999999999998,0.010000000000000002,0.010000000000000002,8.509629011154175,0.28780293464660645,0.009999999999999998,0.010000000000000002,0.0,29.92104983329773,0.2622237205505371,0.0,0.0,0.03,59.531879901885986,1.309053897857666,0.030000000000000002,0.03
btc-updown-15m-1790936100,1790936682.966182,1790936682.966182,317.0338180065155,0.0005738975394760093,0.999426102460524,0.025,0.975,-0.024426102460523992,0.024426102460524013,0.02,0.03,0.009999999999999998,86156.53366762692,86322.74096372724,-19.25417268320406,0.2320939516309295,-0.6962172197721994,-1.1603081778521762,-8.810435804108563,-8.435100453060285,0.7481290449425142,60,3.043203950920631,19.29131651715534,DOWN,0.9661819934844971,0.7001821994781494,582.0,0.010000000000000002,5.37562108039856,0.28780293464660645,0.009999999999999998,0.010000000000000002,0.0,10.873793840408325,0.18497586250305176,0.0,0.0,,,,,,,,,,
btc-updown-15m-1790936100,1790936684.119655,1790936684.119655,315.8803451061249,0.0007409046416400611,0.99925909535836,0.035,0.965,-0.03425909535835994,0.034259095358360026,0.03,0.04,0.010000000000000002,86160.61669039786,86322.74096372724,-18.78117765022114,0.0,-0.6962172197721994,-0.6962172197721994,-8.811594202898787,-8.811594202898787,0.7460862994533203,60,2.9737190139590046,18.816517285610896,DOWN,1.119654893875122,0.09865498542785645,583.0,0.0,4.222148180007935,0.28780293464660645,0.0,0.0,-0.010000000000000002,9.7203209400177,0.18497586250305176,-0.009999999999999998,-0.010000000000000002,,,,,,,,,,
btc-updown-15m-1790936100,1790936684.119655,1790936684.119655,315.8803451061249,0.0007409046416400611,0.99925909535836,0.035,0.965,-0.03425909535835994,0.034259095358360026,0.03,0.04,0.010000000000000002,86160.61669039786,86322.74096372724,-18.78117765022114,0.0,-0.6962172197721994,-0.6962172197721994,-8.811594202898787,-8.811594202898787,0.7460862994533203,60,2.9737190139590046,18.816517285610896,DOWN,1.119654893875122,0.09865498542785645,583.0,0.0,4.222148180007935,0.28780293464660645,0.0,0.0,-0.010000000000000002,9.7203209400177,0.18497586250305176,-0.009999999999999998,-0.010000000000000002,,,,,,,,,,
btc-updown-15m-1790936100,1790936688.341803,1790936688.341803,311.65819692611694,0.0006050468585018232,0.9993949531414982,0.035,0.965,-0.03439495314149818,0.03439495314149821,0.03,0.04,0.010000000000000002,86158.91384366216,86322.74096372724,-18.978442787621617,0.0,0.0,-0.6962172197721994,-7.6101903498426715,-8.811594202898787,0.752135159148717,59,3.025298920322948,19.014529403463342,DOWN,1.3418030738830566,0.28780293464660645,587.0,-0.010000000000000002,5.498172760009766,0.18497586250305176,-0.009999999999999998,-0.010000000000000002,-0.010000000000000002,10.794053077697754,0.14685630798339844,-0.009999999999999998,-0.010000000000000002,,,,,,,,,,
btc-updown-15m-1790936100,1790936693.8399758,1790936693.8399758,306.1600241661072,0.0005827096763630912,0.9994172903236369,0.025,0.975,-0.02441729032363691,0.02441729032363693,0.02,0.03,0.009999999999999998,86160.04177356274,86322.74096372724,-18.847778505186596,0.0,,0.0011604428240552522,-1.9097238940690708,-8.80927638368556,0.764690873779362,57,3.031288253055632,18.88336946169131,DOWN,0.8399758338928223,0.18497586250305176,593.0,0.0,5.295880317687988,0.14685630798339844,0.0,0.0,,,,,,,,,,,0.03,59.71389818191528,1.2188739776611328,0.030000000000000002,0.03
btc-updown-15m-1790936100,1790936699.1358562,1790936699.1358562,300.8641438484192,0.0005153428935850135,0.999484657106415,0.025,0.975,-0.024484657106414988,0.02448465710641501,0.02,0.03,0.009999999999999998,86159.94201447985,86322.74096372724,-18.859335029201006,0.0,1.5039337266542496,1.5039337266542496,-0.40491720313395874,-7.307826086956348,0.8161036514404405,54,3.059729057817625,18.894969685567634,DOWN,1.1358561515808105,0.14685630798339844,598.0,,,,,,0.0,10.6173677444458,0.2622237205505371,0.0,0.0,0.0,30.47206401824951,1.5939199924468994,0.0,0.0,0.020999999999999998,59.3042356967926,0.44909167289733887,0.022000000000000002,0.020000000000000004
btc-updown-15m-1790936100,1790936701.31021,1790936701.31021,298.68979001045227,0.0008936890898494365,0.9991063109101506,0.025,0.975,-0.024106310910150565,0.024106310910150586,0.02,0.03,0.009999999999999998,86168.44685668463,86322.74096372724,-17.8740972911684,0.0011602681926348168,1.5050941693450781,1.5062547868271992,-0.11950618189260354,-7.305508093393698,0.8161107773985331,54,2.910133238970043,17.90610283358411,DOWN,1.3102099895477295,0.0902099609375,600.0,,,,,,,,,,,,,,,,0.049999999999999996,60.143885135650635,0.08109521865844727,0.05,0.05
btc-updown-15m-1790936100,1790936709.753224,1790936709.753224,290.2467761039734,0.001229789535231951,0.998770210464768,0.025,0.975,-0.02377021046476805,0.023770210464768016,0.02,0.03,0.009999999999999998,86175.60459951119,86322.74096372724,-17.04491337663483,0.0011602543281696853,0.0023205089227928966,0.12066789214060236,0.9294499883960583,-7.1872463768118955,0.8166300107423795,54,2.814971270669131,17.074015888816607,DOWN,0.7532238960266113,0.2622237205505371,609.0,,,,,,,,,,,0.03,29.610830068588257,1.309053897857666,0.030000000000000002,0.03,,,,,
btc-updown-15m-1790936100,1790936729.6079202,1790936729.6079202,270.3920798301697,0.0006612482353793858,0.9993387517646206,0.025,0.975,-0.024338751764620616,0.024338751764620636,0.02,0.03,0.009999999999999998,86173.04167872545,86322.74096372724,-17.34181321520922,0.0,1.1186149597341988,1.1186149597341988,0.07773796897536656,-0.3271823819028796,0.3513453394208149,51,2.9673809761803867,17.371939307875568,DOWN,2.6079201698303223,1.5939199924468994,628.0,,,,,,0.03,9.756133794784546,1.309053897857666,0.030000000000000002,0.03,0.020999999999999998,28.83217167854309,0.44909167289733887,0.022000000000000002,0.020000000000000004,0.0315,60.253684997558594,1.6986050605773926,0.033,0.03
btc-updown-15m-1790936100,1790936736.668276,1790936736.668276,263.33172392845154,0.0005509421694349648,0.999449057830565,0.015,0.985,-0.014449057830565035,0.014449057830565049,0.01,0.02,0.01,86172.96255358729,86322.74096372724,-17.35097941374275,2.8228765076798723,2.943577524572305,2.943577524572305,2.901796073697671,3.829194264424185,0.5190731541118383,50,3.008490117282432,17.381137389445552,DOWN,1.668276071548462,0.2722761631011963,635.0,,,,,,,,,,,,,,,,0.0905,59.41568183898926,0.32495784759521484,0.09100000000000001,0.09
btc-updown-15m-1790936100,1790936737.4430878,1790936737.4430878,262.5569121837616,0.0006153106831341404,0.9993846893168659,0.025,0.975,-0.02438468931686586,0.024384689316865882,0.02,0.03,0.009999999999999998,86174.66206683805,86322.74096372724,-17.15410044166754,0.11599177432763952,3.060764056279641,3.060764056279641,3.0178215064746716,3.9463912740766993,0.5189812951518553,50,2.9786799441987895,17.18357732280225,DOWN,1.4430878162384033,0.2820878028869629,636.0,,,,,,,,,,,,,,,,0.08049999999999999,58.640870094299316,0.32495784759521484,0.081,0.08
btc-updown-15m-1790936100,1790936739.364054,1790936739.364054,260.63594603538513,0.0028773893354223645,0.9971226106645776,0.055,0.945,-0.052122610664577636,0.052122610664577684,0.05,0.06,0.009999999999999995,86196.74219816655,86322.74096372724,-14.596242444806506,0.9266990342493564,4.683966829113206,,4.63985651832699,5.569737758179816,0.5385398936317106,50,2.543198566806723,14.61757861695172,DOWN,1.3640539646148682,1.309053897857666,638.0,,,,,,,,,,,,,,,,,,,,
btc-updown-15m-1790936100,1790936739.364054,1790936739.364054,260.63594603538513,0.0028773893354223645,0.9971226106645776,0.055,0.945,-0.052122610664577636,0.052122610664577684,0.05,0.06,0.009999999999999995,86196.74219816655,86322.74096372724,-14.596242444806506,0.9266990342493564,4.683966829113206,,4.63985651832699,5.569737758179816,0.5385398936317106,50,2.543198566806723,14.61757861695172,DOWN,1.3640539646148682,1.309053897857666,638.0,,,,,,,,,,,,,,,,,,,,
btc-updown-15m-1790936100,1790936753.553874,1790936753.553874,246.4461259841919,0.016941620159474313,0.9830583798405257,0.055,0.945,-0.03805837984052569,0.038058379840525736,0.05,0.06,0.009999999999999995,86229.0922641658,86322.74096372724,-10.848670757661605,-0.21336301862295848,-0.6783237078999971,0.017394125726433174,6.74766103325064,,0.5227786249591622,53,1.9431616323319192,10.860452905446754,DOWN,2.5538740158081055,1.2188739776611328,652.0,-0.009000000000000001,4.886217832565308,0.44909167289733887,-0.008,-0.009999999999999995,,,,,,0.050499999999999996,29.990777015686035,0.22365117073059082,0.05399999999999999,0.047,,,,,
btc-updown-15m-1790936100,1790936754.5309849,1790936754.5309849,245.46901512145996,0.015848903545946813,0.9841510964540532,0.045,0.955,-0.029151096454053185,0.029151096454053227,0.04,0.05,0.010000000000000002,86228.13679735946,86322.74096372724,-10.959356168674939,0.0,-0.9102081408307594,-0.36178409652753984,6.748822205202565,7.212151320334925,0.5182402560165444,54,1.9669119048433972,10.971380094887103,DOWN,2.530984878540039,1.3369851112365723,653.0,0.0010000000000000009,3.909106969833374,0.44909167289733887,0.0020000000000000018,0.0,,,,,,0.040999999999999995,30.29974913597107,0.1497340202331543,0.042,0.039999999999999994,,,,,
btc-updown-15m-1790936100,1790936756.4778519,1790936756.4778519,243.52214813232422,0.007297375398832129,0.9927026246011679,0.0515,0.9485,-0.04420262460116787,0.04420262460116786,0.05,0.053,0.0029999999999999957,86215.70272707385,86322.74096372724,-12.399772697019307,0.0011596063642649312,-0.9078892444691622,-0.36062453211527234,5.6307377716802165,7.213311763025754,0.5094997813232472,56,2.234628474279332,12.415167222174246,DOWN,1.4778518676757812,0.4898519515991211,655.0,0.0235,4.976243257522583,0.08109521865844727,0.020000000000000004,0.027000000000000003,,,,,,-0.005999999999999998,31.036349296569824,0.9252011775970459,-0.0050000000000000044,-0.006999999999999999,,,,,
btc-updown-15m-1790936100,1790936758.4400918,1790936758.4400918,241.5599081516266,0.006850640117349038,0.993149359882651,0.046,0.954,-0.03914935988265096,0.039149359882651,0.042,0.05,0.008,86215.22919979463,86322.74096372724,-12.454628146919555,0.0011596063642649312,0.0011596063642649312,-0.6771641801939232,5.6307377716802165,5.708519512868104,0.4747664993321311,56,2.2536245251023095,12.47015926657903,DOWN,1.440091848373413,0.44909167289733887,657.0,,,,,,,,,,,0.018500000000000003,29.521159172058105,1.0262508392333984,0.018999999999999996,0.018000000000000002,,,,,
btc-updown-15m-1790936100,1790936761.4540951,1790936761.4540951,238.54590487480164,0.00873580121778983,0.9912641987822102,0.075,0.925,-0.06626419878221017,0.06626419878221013,0.07,0.08,0.009999999999999995,86219.85901637653,86322.74096372724,-11.918290151831101,0.0,0.0,-0.9078892444691622,5.6307377716802165,5.707358582467403,0.47477092270546417,56,2.170040667475148,11.932511665457666,DOWN,1.4540951251983643,0.08109521865844727,660.0,,,,,,,,,,,,,,,,,,,,
btc-updown-15m-1790936100,1790936776.4789,1790936776.4789,223.5211000442505,0.015638775526485627,0.9843612244735144,0.0845,0.9155,-0.06886122447351438,0.06886122447351439,0.081,0.088,0.006999999999999992,86233.10746945011,86322.74096372724,-10.383531995906692,0.001159420559559976,0.9253031092404385,1.60373560232685,1.2418934851976537,7.192416577714855,0.47899327691911087,58,1.9528056171821195,10.394324976503423,DOWN,1.4788999557495117,0.5438997745513916,675.0,,,,,,-0.03900000000000001,11.035301208496094,0.9252011775970459,-0.036000000000000004,-0.041999999999999996,,,,,,,,,,
btc-updown-15m-1790936100,1790936783.544651,1790936783.544651,216.45534896850586,0.03285884985985027,0.9671411501401497,0.1055,0.8945,-0.07264115014014973,0.07264115014014971,0.104,0.107,0.0030000000000000027,86247.62649988929,86322.74096372724,-8.701584657687667,0.0011592590021258786,1.1605527987756936,1.3947829321225846,2.9975824526506933,9.747266152930756,0.4538317488526799,58,1.662701336967083,8.709163009609858,DOWN,1.5446510314941406,0.22365117073059082,682.0,-0.040999999999999995,4.416599988937378,1.0262508392333984,-0.043,-0.03899999999999999,-0.0025000000000000022,9.85083794593811,0.11748886108398438,-0.00399999999999999,-0.0010000000000000009,,,,,,,,,,
btc-updown-15m-1790936100,1790936783.544651,1790936783.544651,216.45534896850586,0.03285884985985027,0.9671411501401497,0.1055,0.8945,-0.07264115014014973,0.07264115014014971,0.104,0.107,0.0030000000000000027,86247.62649988929,86322.74096372724,-8.701584657687667,0.0011592590021258786,1.1605527987756936,1.3947829321225846,2.9975824526506933,9.747266152930756,0.4538317488526799,58,1.662701336967083,8.709163009609858,DOWN,1.5446510314941406,0.22365117073059082,682.0,-0.040999999999999995,4.416599988937378,1.0262508392333984,-0.043,-0.03899999999999999,-0.0025000000000000022,9.85083794593811,0.11748886108398438,-0.00399999999999999,-0.0010000000000000009,,,,,,,,,,
btc-updown-15m-1790936100,1790936784.830734,1790936784.830734,215.1692659854889,0.030709555436073344,0.9692904445639267,0.086,0.914,-0.05529044456392665,0.05529044456392662,0.082,0.09,0.007999999999999993,86246.67601314274,86322.74096372724,-8.81169315701591,0.0,0.5437219704940155,1.393623349983386,2.9975824526506933,9.748427672955362,0.45382431691060454,58,1.6887839390297303,8.819464598600993,DOWN,0.8307340145111084,0.1497340202331543,684.0,-0.02949999999999999,5.030871152877808,1.6986050605773926,-0.029000000000000005,-0.03,0.019500000000000003,11.253223896026611,0.32495784759521484,0.019000000000000003,0.020000000000000004,,,,,,,,,,
btc-updown-15m-1790936100,1790936787.5142012,1790936787.5142012,212.4857988357544,0.02850679142387036,0.9714932085761296,0.0455,0.9545,-0.01699320857612964,0.016993208576129626,0.045,0.046,0.0010000000000000009,86245.9397823447,86322.74096372724,-8.896981319765906,0.001159312759124731,-0.4625443416572672,0.9298551802716659,2.5337399067848487,8.165905014443364,0.44334425042578973,58,1.7158774808420623,8.904903996216945,DOWN,1.5142011642456055,0.9252011775970459,686.0,0.057499999999999996,5.8812878131866455,0.11748886108398438,0.05500000000000001,0.06,0.06,8.569756746292114,0.32495784759521484,0.05600000000000001,0.064,,,,,,,,,,
btc-updown-15m-1790936100,1790936787.961251,1790936787.961251,212.03874897956848,0.017930356465910735,0.9820696435340892,0.0645,0.9355,-0.04656964353408927,0.04656964353408921,0.061,0.068,0.007000000000000006,86238.1715081898,86322.74096372724,-9.796891826334697,0.001159312759124731,-0.4625443416572672,0.9298551802716659,2.5337399067848487,8.165905014443364,0.44334425042578973,58,1.891595909378067,9.806499147469099,DOWN,0.9612510204315186,1.0262508392333984,687.0,0.03849999999999999,5.434237957000732,0.11748886108398438,0.03900000000000001,0.03799999999999999,,,,,,,,,,,,,,,
btc-updown-15m-1790936100,1790936787.961251,1790936787.961251,212.03874897956848,0.017930356465910735,0.9820696435340892,0.0645,0.9355,-0.04656964353408927,0.04656964353408921,0.061,0.068,0.007000000000000006,86238.1715081898,86322.74096372724,-9.796891826334697,0.001159312759124731,-0.4625443416572672,0.9298551802716659,2.5337399067848487,8.165905014443364,0.44334425042578973,58,1.891595909378067,9.806499147469099,DOWN,0.9612510204315186,1.0262508392333984,687.0,0.03849999999999999,5.434237957000732,0.11748886108398438,0.03900000000000001,0.03799999999999999,,,,,,,,,,,,,,,
btc-updown-15m-1790936100,1790936789.8616052,1790936789.8616052,210.13839483261108,0.016524140317936475,0.9834758596820635,0.0565,0.9435,-0.039975859682063526,0.03997585968206352,0.053,0.06,0.006999999999999999,86237.31785891255,86322.74096372724,-9.895782254016883,0.001159312759124731,-0.46370354690350446,0.07999321100848888,2.532580006742169,,0.4399525691226926,59,1.9193288630345222,9.905584604851192,DOWN,0.861605167388916,1.6986050605773926,689.0,0.048999999999999995,6.222352743148804,0.32495784759521484,0.04800000000000001,0.05,,,,,,,,,,,,,,,
btc-updown-15m-1790936100,1790936793.395489,1790936793.395489,206.60451102256775,0.017029348390321275,0.9829706516096788,0.103,0.897,-0.08597065160967872,0.08597065160967876,0.1,0.106,0.0059999999999999915,86238.6896126382,86322.74096372724,-9.736872364183302,0.0,0.2318625518782369,-0.2330110323178758,2.764501573353506,8.395635383449118,0.4364371812646389,60,1.9045599086677003,9.74636227273018,DOWN,1.395488977432251,0.11748886108398438,692.0,,,,,,,,,,,,,,,,,,,,
btc-updown-15m-1790936100,1790936796.083958,1790936796.083958,203.91604208946228,0.024384805648703822,0.9756151943512962,0.1055,0.8945,-0.08111519435129617,0.08111519435129622,0.101,0.11,0.008999999999999994,86245.22058880885,86322.74096372724,-8.980295812311967,0.0011592321236264524,0.695587574996992,0.6967469683960559,3.229503725581395,5.915580490694072,0.2632123074515876,60,1.7679790663698762,8.988367632332853,DOWN,1.0839579105377197,0.32495784759521484,695.0,,,,,,,,,,,,,,,,,,,,
btc-updown-15m-1790936100,1790937000.265216,1790937000.265216,0.0,1.0,0.0,0.999,0.0010000000000000009,0.0010000000000000009,-0.0010000000000000009,0.999,0.999,0.0,86389.53692517217,86322.74096372724,7.737933330105307,-0.5358213962636249,-0.607568498139921,-0.607568498139921,-0.8378465953806646,1.0312995357986132,0.1157484184516165,51,1246.0835076982776,-443.63434443360757,UP,1.2652161121368408,0.18221592903137207,899.0,,,,,,,,,,,,,,,,,,,,
btc-updown-15m-1790936100,1790937000.265216,1790937000.265216,0.0,1.0,0.0,0.999,0.0010000000000000009,0.0010000000000000009,-0.0010000000000000009,0.999,0.999,0.0,86389.53692517217,86322.74096372724,7.737933330105307,-0.5358213962636249,-0.607568498139921,-0.607568498139921,-0.8378465953806646,1.0312995357986132,0.1157484184516165,51,1246.0835076982776,-443.63434443360757,UP,1.2652161121368408,0.18221592903137207,899.0,,,,,,,,,,,,,,,,,,,,
btc-updown-15m-1790936100,1790937000.265216,1790937000.265216,0.0,1.0,0.0,0.999,0.0010000000000000009,0.0010000000000000009,-0.0010000000000000009,0.999,0.999,0.0,86389.53692517217,86322.74096372724,7.737933330105307,-0.5358213962636249,-0.607568498139921,-0.607568498139921,-0.8378465953806646,1.0312995357986132,0.1157484184516165,51,1246.0835076982776,-443.63434443360757,UP,1.2652161121368408,0.18221592903137207,899.0,,,,,,,,,,,,,,,,,,,,
btc-updown-15m-1790936100,1790937000.265216,1790937000.265216,0.0,1.0,0.0,0.999,0.0010000000000000009,0.0010000000000000009,-0.0010000000000000009,0.999,0.999,0.0,86389.53692517217,86322.74096372724,7.737933330105307,-0.5358213962636249,-0.607568498139921,-0.607568498139921,-0.8378465953806646,1.0312995357986132,0.1157484184516165,51,1246.0835076982776,-443.63434443360757,UP,1.2652161121368408,0.18221592903137207,899.0,,,,,,,,,,,,,,,,,,,,
btc-updown-15m-1790936100,1790937000.265216,1790937000.265216,0.0,1.0,0.0,0.999,0.0010000000000000009,0.0010000000000000009,-0.0010000000000000009,0.999,0.999,0.0,86389.53692517217,86322.74096372724,7.737933330105307,-0.5358213962636249,-0.607568498139921,-0.607568498139921,-0.8378465953806646,1.0312995357986132,0.1157484184516165,51,1246.0835076982776,-443.63434443360757,UP,1.2652161121368408,0.18221592903137207,899.0,,,,,,,,,,,,,,,,,,,,
btc-updown-15m-1790936100,1790937000.265216,1790937000.265216,0.0,1.0,0.0,0.999,0.0010000000000000009,0.0010000000000000009,-0.0010000000000000009,0.999,0.999,0.0,86389.53692517217,86322.74096372724,7.737933330105307,-0.5358213962636249,-0.607568498139921,-0.607568498139921,-0.8378465953806646,1.0312995357986132,0.1157484184516165,51,1246.0835076982776,-443.63434443360757,UP,1.2652161121368408,0.18221592903137207,899.0,,,,,,,,,,,,,,,,,,,,
btc-updown-15m-1790936100,1790937000.265216,1790937000.265216,0.0,1.0,0.0,0.999,0.0010000000000000009,0.0010000000000000009,-0.0010000000000000009,0.999,0.999,0.0,86389.53692517217,86322.74096372724,7.737933330105307,-0.5358213962636249,-0.607568498139921,-0.607568498139921,-0.8378465953806646,1.0312995357986132,0.1157484184516165,51,1246.0835076982776,-443.63434443360757,UP,1.2652161121368408,0.18221592903137207,899.0,,,,,,,,,,,,,,,,,,,,
btc-updown-15m-1790936100,1790937000.265216,1790937000.265216,0.0,1.0,0.0,0.999,0.0010000000000000009,0.0010000000000000009,-0.0010000000000000009,0.999,0.999,0.0,86389.53692517217,86322.74096372724,7.737933330105307,-0.5358213962636249,-0.607568498139921,-0.607568498139921,-0.8378465953806646,1.0312995357986132,0.1157484184516165,51,1246.0835076982776,-443.63434443360757,UP,1.2652161121368408,0.18221592903137207,899.0,,,,,,,,,,,,,,,,,,,,
btc-updown-15m-1790936100,1790937000.265216,1790937000.265216,0.0,1.0,0.0,0.999,0.0010000000000000009,0.0010000000000000009,-0.0010000000000000009,0.999,0.999,0.0,86389.53692517217,86322.74096372724,7.737933330105307,-0.5358213962636249,-0.607568498139921,-0.607568498139921,-0.8378465953806646,1.0312995357986132,0.1157484184516165,51,1246.0835076982776,-443.63434443360757,UP,1.2652161121368408,0.18221592903137207,899.0,,,,,,,,,,,,,,,,,,,,
btc-updown-15m-1790936100,1790937000.265216,1790937000.265216,0.0,1.0,0.0,0.999,0.0010000000000000009,0.0010000000000000009,-0.0010000000000000009,0.999,0.999,0.0,86389.53692517217,86322.74096372724,7.737933330105307,-0.5358213962636249,-0.607568498139921,-0.607568498139921,-0.8378465953806646,1.0312995357986132,0.1157484184516165,51,1246.0835076982776,-443.63434443360757,UP,1.2652161121368408,0.18221592903137207,899.0,,,,,,,,,,,,,,,,,,,,
btc-updown-15m-1790936100,1790937000.265216,1790937000.265216,0.0,1.0,0.0,0.999,0.0010000000000000009,0.0010000000000000009,-0.0010000000000000009,0.999,0.999,0.0,86389.53692517217,86322.74096372724,7.737933330105307,-0.5358213962636249,-0.607568498139921,-0.607568498139921,-0.8378465953806646,1.0312995357986132,0.1157484184516165,51,1246.0835076982776,-443.63434443360757,UP,1.2652161121368408,0.18221592903137207,899.0,,,,,,,,,,,,,,,,,,,,
btc-updown-15m-1790936100,1790937000.265216,1790937000.265216,0.0,1.0,0.0,0.999,0.0010000000000000009,0.0010000000000000009,-0.0010000000000000009,0.999,0.999,0.0,86389.53692517217,86322.74096372724,7.737933330105307,-0.5358213962636249,-0.607568498139921,-0.607568498139921,-0.8378465953806646,1.0312995357986132,0.1157484184516165,51,1246.0835076982776,-443.63434443360757,UP,1.2652161121368408,0.18221592903137207,899.0,,,,,,,,,,,,,,,,,,,,
btc-updown-15m-1790936100,1790937000.265216,1790937000.265216,0.0,1.0,0.0,0.999,0.0010000000000000009,0.0010000000000000009,-0.0010000000000000009,0.999,0.999,0.0,86389.53692517217,86322.74096372724,7.737933330105307,-0.5358213962636249,-0.607568498139921,-0.607568498139921,-0.8378465953806646,1.0312995357986132,0.1157484184516165,51,1246.0835076982776,-443.63434443360757,UP,1.2652161121368408,0.18221592903137207,899.0,,,,,,,,,,,,,,,,,,,,
btc-updown-15m-1790936100,1790937000.265216,1790937000.265216,0.0,1.0,0.0,0.999,0.0010000000000000009,0.0010000000000000009,-0.0010000000000000009,0.999,0.999,0.0,86389.53692517217,86322.74096372724,7.737933330105307,-0.5358213962636249,-0.607568498139921,-0.607568498139921,-0.8378465953806646,1.0312995357986132,0.1157484184516165,51,1246.0835076982776,-443.63434443360757,UP,1.2652161121368408,0.18221592903137207,899.0,,,,,,,,,,,,,,,,,,,,
btc-updown-15m-1790936100,1790937000.265216,1790937000.265216,0.0,1.0,0.0,0.999,0.0010000000000000009,0.0010000000000000009,-0.0010000000000000009,0.999,0.999,0.0,86389.53692517217,86322.74096372724,7.737933330105307,-0.5358213962636249,-0.607568498139921,-0.607568498139921,-0.8378465953806646,1.0312995357986132,0.1157484184516165,51,1246.0835076982776,-443.63434443360757,UP,1.2652161121368408,0.18221592903137207,899.0,,,,,,,,,,,,,,,,,,,,
btc-updown-15m-1790936100,1790937000.265216,1790937000.265216,0.0,1.0,0.0,0.999,0.0010000000000000009,0.0010000000000000009,-0.0010000000000000009,0.999,0.999,0.0,86389.53692517217,86322.74096372724,7.737933330105307,-0.5358213962636249,-0.607568498139921,-0.607568498139921,-0.8378465953806646,1.0312995357986132,0.1157484184516165,51,1246.0835076982776,-443.63434443360757,UP,1.2652161121368408,0.18221592903137207,899.0,,,,,,,,,,,,,,,,,,,,
btc-updown-15m-1790937900,1790937915.251592,1790937915.251592,884.7484080791473,0.43041789218406556,0.5695821078159344,0.475,0.525,-0.04458210781593441,0.04458210781593441,0.47,0.48,0.010000000000000009,86398.23145163136,86413.86501670055,-1.8091500786554526,0.001157119198236245,0.001157119198236245,-0.7485999907441698,,,,20,0.17086978219054685,1.8094774402810552,DOWN,1.2515919208526611,0.19359207153320312,14.0,0.0,4.004779100418091,0.6203711032867432,0.0,0.0,,,,,,,,,,,,,,,
btc-updown-15m-1790937900,1790937915.251592,1790937915.251592,884.7484080791473,0.43041789218406556,0.5695821078159344,0.475,0.525,-0.04458210781593441,0.04458210781593441,0.47,0.48,0.010000000000000009,86398.23145163136,86413.86501670055,-1.8091500786554526,0.001157119198236245,0.001157119198236245,-0.7485999907441698,,,,20,0.17086978219054685,1.8094774402810552,DOWN,1.2515919208526611,0.19359207153320312,14.0,0.0,4.004779100418091,0.6203711032867432,0.0,0.0,,,,,,,,,,,,,,,
btc-updown-15m-1790937900,1790937919.256371,1790937919.256371,880.7436289787292,0.4315816272347701,0.5684183727652299,0.475,0.525,-0.04341837276522986,0.04341837276522986,0.47,0.48,0.010000000000000009,86398.53266302988,86413.86501670055,-1.7742932419129165,-0.001157119065009482,0.0,0.0,,,,24,0.16795761325258132,1.7746081094308512,DOWN,1.256371021270752,0.6203711032867432,18.0,,,,,,,,,,,,,,,,,,,,
btc-updown-15m-1790937900,1790937919.256371,1790937919.256371,880.7436289787292,0.4315816272347701,0.5684183727652299,0.475,0.525,-0.04341837276522986,0.04341837276522986,0.47,0.48,0.010000000000000009,86398.53266302988,86413.86501670055,-1.7742932419129165,-0.001157119065009482,0.0,0.0,,,,24,0.16795761325258132,1.7746081094308512,DOWN,1.256371021270752,0.6203711032867432,18.0,,,,,,,,,,,,,,,,,,,,
btc-updown-15m-1790937900,1790938088.6114821,1790938088.6114821,711.3885178565979,0.13735552723261135,0.8626444727673886,0.235,0.765,-0.09764447276738863,0.09764447276738863,0.23,0.24,0.009999999999999981,86326.84325203685,86413.86501670055,-10.070347466449858,0.0011581044145891894,0.0,-1.852623563912692,-3.728862927184773,-6.017361111111397,0.32658975687853453,60,1.061574769184958,10.080498879084134,DOWN,0.6114821434020996,0.07448220252990723,188.0,,,,,,,,,,,,,,,,,,,,
btc-updown-15m-1790937900,1790938123.930132,1790938123.930132,676.0698680877686,0.07216445789909215,0.9278355421009079,0.175,0.825,-0.10283554210090784,0.10283554210090795,0.17,0.18,0.009999999999999981,86300.66275397738,86413.86501670055,-13.100011520292831,0.0,,0.4437278375046816,-1.2776698637761985,-7.1787442488135955,0.40166609963765726,57,1.4169912700345002,13.117195060933751,DOWN,1.9301319122314453,0.9371318817138672,222.0,,,,,,,,,,,,,,,,,,,,
btc-updown-15m-1790937900,1790938137.9530811,1790938137.9530811,662.0469188690186,0.07406132269267102,0.925938677307329,0.175,0.825,-0.10093867730732897,0.10093867730732908,0.17,0.18,0.009999999999999981,86302.96383135463,86413.86501670055,-12.833725852268163,0.001158426392589007,0.001158426392589007,0.0,0.6962626566875407,-4.631558909782285,0.40347586675327457,56,1.4027752054801184,12.850217469082088,DOWN,0.9530811309814453,0.847081184387207,237.0,,,,,,,,,,,,,,,,-0.03,60.11400389671326,0.10108494758605957,-0.03,-0.03
btc-updown-15m-1790937900,1790938196.156472,1790938196.156472,603.8435280323029,0.04939119193804048,0.9506088080619595,0.145,0.855,-0.09560880806195951,0.09560880806195948,0.14,0.15,0.009999999999999981,86293.34317032548,86413.86501670055,-13.947049625865349,0.205074920704984,0.205074920704984,0.6847745307436703,-1.4213898435622152,-1.4260228905049743,0.24212857425766712,54,1.5964240492750248,13.96652881291125,DOWN,1.1564719676971436,0.11047172546386719,295.0,,,,,,-0.029999999999999985,9.708226203918457,0.08669829368591309,-0.030000000000000013,-0.03,-0.04999999999999999,29.81931495666504,0.17778682708740234,-0.05000000000000002,-0.04999999999999999,,,,,
btc-updown-15m-1790937900,1790938198.067085,1790938198.067085,601.9329149723053,0.05038058724607786,0.9496194127539221,0.145,0.855,-0.09461941275392213,0.09461941275392216,0.14,0.15,0.009999999999999981,86294.24753026775,86413.86501670055,-13.842395130653218,0.7090565053147202,0.9361612199376701,0.9373199439077773,,-0.696214181893362,0.2616783947422392,54,1.5869409532474013,13.86158288139079,DOWN,1.0670850276947021,0.10108494758605957,297.0,,,,,,,,,,,-0.039999999999999994,31.26945209503174,0.032537221908569336,-0.04000000000000001,-0.039999999999999994,-0.059999999999999984,60.21276903152466,0.6918540000915527,-0.06000000000000001,-0.06
btc-updown-15m-1790937900,1790938205.8646982,1790938205.8646982,594.1353018283844,0.04868029970892679,0.9513197002910732,0.115,0.885,-0.06631970029107322,0.06631970029107315,0.11,0.12,0.009999999999999995,86293.87777432427,86413.86501670055,-13.885184090897118,-0.0011585624826171426,0.0,0.45533584088763845,,-1.1769610795409058,0.2691998048797912,54,1.602265184353046,13.904490732248345,DOWN,0.8646981716156006,0.08669829368591309,305.0,,,,,,,,,,,,,,,,,,,,
btc-updown-15m-1790937900,1790938225.975787,1790938225.975787,574.0242130756378,0.025334810155744847,0.9746651898442551,0.095,0.905,-0.06966518984425515,0.06966518984425507,0.09,0.1,0.010000000000000009,86275.01883065731,86413.86501670055,-16.067581980786507,0.0,-0.0011587752712927113,-0.23290843187528942,-1.3810695224836245,-3.0072763112354295,0.2964109411356316,56,1.88671270438691,16.093440247839776,DOWN,0.9757869243621826,0.17778682708740234,325.0,,,,,,0.0,11.43712592124939,0.16491293907165527,0.0,0.0,,,,,,0.009999999999999995,58.95979905128479,0.34558582305908203,0.010000000000000009,0.009999999999999995
btc-updown-15m-1790937900,1790938229.3365371,1790938229.3365371,570.6634628772736,0.025652206961164437,0.9743477930388356,0.105,0.895,-0.07934779303883556,0.07934779303883555,0.1,0.11,0.009999999999999995,86275.83413015872,86413.86501670055,-15.973233753073801,0.0,0.0,0.0,-2.3181720709264386,-2.5486561631138382,0.2864521573010127,58,1.8811311052270467,15.998788992708615,DOWN,1.3365371227264404,0.032537221908569336,328.0,,,,,,,,,,,-0.01999999999999999,28.94331693649292,0.6918540000915527,-0.020000000000000004,-0.020000000000000004,,,,,
btc-updown-15m-1790937900,1790938237.4129128,1790938237.4129128,562.5870871543884,0.02673269252233501,0.973267307477665,0.095,0.905,-0.06826730747766499,0.06826730747766496,0.09,0.1,0.010000000000000009,86278.13652643737,86413.86501670055,-15.7067954589174,-0.0011587752712927113,-0.0011587752712927113,-0.0011587752712927113,-1.5003890004683385,-2.5486561631138382,0.28174498675377846,60,1.862933575066928,15.73150461143653,DOWN,1.4129128456115723,0.16491293907165527,336.0,0.020000000000000004,5.895662069320679,0.2945747375488281,0.020000000000000004,0.01999999999999999,,,,,,,,,,,,,,,
btc-updown-15m-1790937900,1790938243.308575,1790938243.308575,556.6914250850677,0.027375409592277467,0.9726245904077225,0.115,0.885,-0.08762459040772254,0.08762459040772252,0.11,0.12,0.009999999999999995,86279.62259881754,86413.86501670055,-15.534823937926046,0.0011587754045194743,0.0011587754045194743,0.0,-0.23174968345918145,-2.5486558678577964,0.2817449875566919,60,1.8522357019906084,15.55899456204289,DOWN,1.308574914932251,0.2945747375488281,342.0,,,,,,,,,,,,,,,,,,,,
btc-updown-15m-1790937900,1790938258.279854,1790938258.279854,541.7201459407806,0.022027450695139783,0.9779725493048602,0.085,0.915,-0.06297254930486022,0.06297254930486018,0.08,0.09,0.009999999999999995,86275.19821929556,86413.86501670055,-16.046822738248203,-0.0011587939363622013,-0.0011587939363622013,-0.16222853806202586,-0.16106978145469242,-2.4780462939366643,0.14711393410172888,60,1.939639474610358,16.072614177312822,DOWN,1.2798540592193604,0.6918540000915527,357.0,,,,,,,,,,,,,,,,0.0,58.690505027770996,0.13135910034179688,0.0,0.0
btc-updown-15m-1790937900,1790938284.935586,1790938284.935586,515.064414024353,0.019021634008711652,0.9809783659912883,0.105,0.895,-0.08597836599128834,0.08597836599128827,0.1,0.11,0.009999999999999995,86274.85515839144,86413.86501670055,-16.086522490603716,0.16802523762127208,0.46237271134064173,0.46353159390832843,0.16223116991342934,0.0011587754045194743,0.06213023101215611,60,1.9941259128550934,16.112441806353587,DOWN,1.9355859756469727,0.34558582305908203,384.0,,,,,,-0.009999999999999995,9.064799070358276,0.04138493537902832,-0.010000000000000009,-0.009999999999999995,-0.01999999999999999,31.25722599029541,0.17481207847595215,-0.020000000000000004,-0.020000000000000004,,,,,
btc-updown-15m-1790937900,1790938284.935586,1790938284.935586,515.064414024353,0.019021634008711652,0.9809783659912883,0.105,0.895,-0.08597836599128834,0.08597836599128827,0.1,0.11,0.009999999999999995,86274.85515839144,86413.86501670055,-16.086522490603716,0.16802523762127208,0.46237271134064173,0.46353159390832843,0.16223116991342934,0.0011587754045194743,0.06213023101215611,60,1.9941259128550934,16.112441806353587,DOWN,1.9355859756469727,0.34558582305908203,384.0,,,,,,-0.009999999999999995,9.064799070358276,0.04138493537902832,-0.010000000000000009,-0.009999999999999995,-0.01999999999999999,31.25722599029541,0.17481207847595215,-0.020000000000000004,-0.020000000000000004,,,,,
btc-updown-15m-1790937900,1790938294.000385,1790938294.000385,505.99961495399475,0.02297453608949529,0.9770254639105047,0.095,0.905,-0.07202546391050471,0.07202546391050468,0.09,0.1,0.010000000000000009,86281.39535954999,86413.86501670055,-15.32967621862058,0.0,0.0,0.0,0.16223116991342934,0.0,0.06213005391334216,60,1.917106090968834,15.353212195808625,DOWN,1.000385046005249,0.04138493537902832,393.0,,,,,,,,,,,,,,,,,,,,
btc-updown-15m-1790937900,1790938294.000385,1790938294.000385,505.99961495399475,0.02297453608949529,0.9770254639105047,0.095,0.905,-0.07202546391050471,0.07202546391050468,0.09,0.1,0.010000000000000009,86281.39535954999,86413.86501670055,-15.32967621862058,0.0,0.0,0.0,0.16223116991342934,0.0,0.06213005391334216,60,1.917106090968834,15.353212195808625,DOWN,1.000385046005249,0.04138493537902832,393.0,,,,,,,,,,,,,,,,,,,,
btc-updown-15m-1790937900,1790938316.192812,1790938316.192812,483.8071880340576,0.01818533167682035,0.9818146683231797,0.085,0.915,-0.06681466832317966,0.06681466832317962,0.08,0.09,0.009999999999999995,86278.3124255929,86413.86501670055,-15.686440026893012,-0.0011587752712927113,-0.0011587752712927113,0.0,-0.0011587752712927113,0.16107237584384038,0.05848613829870434,60,2.0062821599054126,15.711085126352739,DOWN,1.1928119659423828,0.17481207847595215,415.0,,,,,,,,,,,,,,,,,,,,
btc-updown-15m-1790937900,1790938316.970359,1790938316.970359,483.02964091300964,0.019215417234436982,0.980784582765563,0.085,0.915,-0.06578458276556302,0.06578458276556298,0.08,0.09,0.009999999999999995,86279.88823547697,86413.86501670055,-15.504083887196707,-0.0011587752712927113,-0.0011587752712927113,0.0,-0.0011587752712927113,0.16107237584384038,0.05848613829870434,60,1.9845180931635729,15.528158874977688,DOWN,0.9703590869903564,0.13135910034179688,416.0,,,,,,,,,,,,,,,,,,,,
btc-updown-15m-1790937900,1790938335.8404312,1790938335.8404312,464.1595687866211,0.018479072165848986,0.981520927834151,0.075,0.925,-0.05652092783415101,0.05652092783415097,0.07,0.08,0.009999999999999995,86281.75747723418,86413.86501670055,-15.287771174318232,-0.0011587752712927113,0.0,-0.0011587752712927113,-0.0011587752712927113,0.46121388248998585,0.04321374025834963,60,1.9961673829002333,15.3111785537326,DOWN,0.8404312133789062,0.09743118286132812,435.0,,,,,,,,,,,,,,,,,,,,
btc-updown-15m-1790937900,1790938412.254953,1790938412.254953,387.74504709243774,0.008992922189544172,0.9910070778104558,0.035,0.965,-0.02600707781045583,0.02600707781045586,0.03,0.04,0.010000000000000002,86278.20975479591,86413.86501670055,-15.698321314342456,0.0,0.0,0.0011587754045194743,0.0,0.0011587754045194743,0.00081913429058239,58,2.242768137295475,15.72300379089645,DOWN,1.2549529075622559,0.08495306968688965,511.0,,,,,,,,,,,,,,,,0.1,59.37201905250549,0.4029719829559326,0.1,0.1
btc-updown-15m-1790937900,1790938448.010355,1790938448.010355,351.98964500427246,0.008746555243594245,0.9912534447564058,0.045,0.955,-0.03625344475640575,0.036253444756405795,0.04,0.05,0.010000000000000002,86284.80941867093,86413.86501670055,-14.934593887760972,0.0,0.0,0.46353159390832843,0.0011587754045194743,0.0,0.09280696217257814,60,2.2392343500311207,14.956931457473143,DOWN,1.010354995727539,0.06535506248474121,547.0,,,,,,,,,,,,,,,,0.28500000000000003,59.17546796798706,0.48682284355163574,0.27,0.3
btc-updown-15m-1790937900,1790938451.404386,1790938451.404386,348.5956139564514,0.007312071838291911,0.992687928161708,0.035,0.965,-0.027687928161708092,0.027687928161708064,0.03,0.04,0.010000000000000002,86281.98338144003,86413.86501670055,-15.261629049346803,0.0,-0.0011587752712927113,0.2920199296663206,0.0,-0.0011587752712927113,0.09280683959372463,60,2.2994566809345054,15.284956382781724,DOWN,1.404386043548584,0.089385986328125,550.0,,,,,,,,,,,,,,,,,,,,
btc-updown-15m-1790937900,1790938464.707527,1790938464.707527,335.29247307777405,0.005588461745485107,0.9944115382545149,0.125,0.875,-0.11941153825451489,0.11941153825451489,0.12,0.13,0.010000000000000009,86279.80862366494,86413.86501670055,-15.513296738862703,6.02563211198337,6.024472638477274,6.02563211198337,6.02563211198337,6.02563211198337,0.7767280308868411,60,2.383353394441694,15.537400369110877,DOWN,1.7075269222259521,0.04352688789367676,563.0,,,,,,,,,,,,,,,,,,,,
btc-updown-15m-1790937900,1790938464.707527,1790938464.707527,335.29247307777405,0.005588461745485107,0.9944115382545149,0.125,0.875,-0.11941153825451489,0.11941153825451489,0.12,0.13,0.010000000000000009,86279.80862366494,86413.86501670055,-15.513296738862703,6.02563211198337,6.024472638477274,6.02563211198337,6.02563211198337,6.02563211198337,0.7767280308868411,60,2.383353394441694,15.537400369110877,DOWN,1.7075269222259521,0.04352688789367676,563.0,,,,,,,,,,,,,,,,,,,,
btc-updown-15m-1790937900,1790938464.707527,1790938464.707527,335.29247307777405,0.005588461745485107,0.9944115382545149,0.125,0.875,-0.11941153825451489,0.11941153825451489,0.12,0.13,0.010000000000000009,86279.80862366494,86413.86501670055,-15.513296738862703,6.02563211198337,6.024472638477274,6.02563211198337,6.02563211198337,6.02563211198337,0.7767280308868411,60,2.383353394441694,15.537400369110877,DOWN,1.7075269222259521,0.04352688789367676,563.0,,,,,,,,,,,,,,,,,,,,
btc-updown-15m-1790937900,1790938467.354374,1790938467.354374,332.64562606811523,0.05289445326507691,0.9471055467349231,0.155,0.845,-0.10210554673492309,0.10210554673492311,0.15,0.16,0.010000000000000009,86328.769503421,86413.86501670055,-9.847437475815068,0.0011580775916009145,6.02679088739011,6.025631413748567,6.025631413748567,6.025631413748567,0.7767280323727733,60,1.5180364188433122,9.857144236971621,DOWN,1.3543739318847656,0.33237385749816895,566.0,-0.01999999999999999,4.272598028182983,0.4029719829559326,-0.01999999999999999,-0.01999999999999999,,,,,,0.010000000000000009,29.73564100265503,0.12301492691040039,0.010000000000000009,0.010000000000000009,,,,,
btc-updown-15m-1790937900,1790938467.354374,1790938467.354374,332.64562606811523,0.05289445326507691,0.9471055467349231,0.155,0.845,-0.10210554673492309,0.10210554673492311,0.15,0.16,0.010000000000000009,86328.769503421,86413.86501670055,-9.847437475815068,0.0011580775916009145,6.02679088739011,6.025631413748567,6.025631413748567,6.025631413748567,0.7767280323727733,60,1.5180364188433122,9.857144236971621,DOWN,1.3543739318847656,0.33237385749816895,566.0,-0.01999999999999999,4.272598028182983,0.4029719829559326,-0.01999999999999999,-0.01999999999999999,,,,,,0.010000000000000009,29.73564100265503,0.12301492691040039,0.010000000000000009,0.010000000000000009,,,,,
btc-updown-15m-1790937900,1790938467.354374,1790938467.354374,332.64562606811523,0.05289445326507691,0.9471055467349231,0.155,0.845,-0.10210554673492309,0.10210554673492311,0.15,0.16,0.010000000000000009,86328.769503421,86413.86501670055,-9.847437475815068,0.0011580775916009145,6.02679088739011,6.025631413748567,6.025631413748567,6.025631413748567,0.7767280323727733,60,1.5180364188433122,9.857144236971621,DOWN,1.3543739318847656,0.33237385749816895,566.0,-0.01999999999999999,4.272598028182983,0.4029719829559326,-0.01999999999999999,-0.01999999999999999,,,,,,0.010000000000000009,29.73564100265503,0.12301492691040039,0.010000000000000009,0.010000000000000009,,,,,
btc-updown-15m-1790937900,1790938471.626972,1790938471.626972,328.37302803993225,0.05028266749584015,0.9497173325041599,0.135,0.865,-0.08471733250415986,0.08471733250415991,0.13,0.14,0.010000000000000009,86328.10270111551,86413.86501670055,-9.924601285739021,0.0011580775916009145,0.0011580775916009145,6.025631413748567,6.318986811360006,6.025631413748567,0.776728089928027,60,1.539864657414162,9.93446084202392,DOWN,1.626971960067749,0.4029719829559326,570.0,,,,,,,,,,,,,,,,,,,,
btc-updown-15m-1790937900,1790938484.613554,1790938484.613554,315.3864459991455,0.06343632350176331,0.9365636764982367,0.165,0.835,-0.1015636764982367,0.10156367649823672,0.16,0.17,0.010000000000000009,86335.9514936675,86413.86501670055,-9.016321977728392,-0.0011579971270769818,-0.0011579971270769818,-0.0011579971270769818,6.719738580269752,6.719738580269752,0.7933741480339147,58,1.4273209422742177,9.024458720278576,DOWN,1.6135540008544922,0.991553783416748,583.0,,,,,,,,,,,,,,,,-0.03,59.33050894737244,0.49506306648254395,-0.03,-0.03
btc-updown-15m-1790937900,1790938497.090015,1790938497.090015,302.9099850654602,0.06836944891501295,0.931630551084987,0.165,0.835,-0.09663055108498705,0.09663055108498708,0.16,0.17,0.010000000000000009,86339.65559503862,86413.86501670055,-8.58767532821103,0.0,0.5720700575051474,0.5720700575051474,0.9253038882106601,6.951492855977737,0.7958533525570575,58,1.3871196632439102,8.595056483662201,DOWN,1.090014934539795,0.12301492691040039,596.0,,,,,,0.165,10.095808029174805,0.48682284355163574,0.15,0.17999999999999997,,,,,,,,,,
btc-updown-15m-1790937900,1790938507.185823,1790938507.185823,292.8141770362854,0.05853633115569823,0.9414636688443018,0.33,0.6699999999999999,-0.2714636688443018,0.27146366884430184,0.31,0.35,0.03999999999999998,86337.22447943437,86413.86501670055,-8.869009302080455,0.0,4.54742207372183,4.3875495032308365,4.619250544257714,11.342092361110723,0.978495502285732,58,1.4570900596079956,8.876882217176071,DOWN,2.1858229637145996,0.48682284355163574,606.0,,,,,,,,,,,,,,,,,,,,
btc-updown-15m-1790937900,1790938543.944063,1790938543.944063,256.05593705177307,0.0475702328063744,0.9524297671936256,0.135,0.865,-0.08742976719362561,0.08742976719362561,0.13,0.14,0.010000000000000009,86338.41463074012,86413.86501670055,-8.73128241004495,0.0011579434922026621,0.0,-0.31263493237010387,-4.151818350598413,0.46435684839529756,0.6827665162343108,58,1.5339526668280246,8.73891260143276,DOWN,1.9440629482269287,0.49506306648254395,643.0,,,,,,-0.04000000000000001,8.702330112457275,0.23339319229125977,-0.04000000000000001,-0.04000000000000001,,,,,,-0.1,59.21999001502991,0.015053033828735352,-0.1,-0.1
btc-updown-15m-1790937900,1790938552.646393,1790938552.646393,247.3536069393158,0.04065319289288094,0.9593468071071191,0.095,0.905,-0.05434680710711906,0.05434680710711903,0.09,0.1,0.010000000000000009,86336.66023801122,86413.86501670055,-8.934304544117033,-0.0011580238135078247,-0.6959239583226307,-0.694766095414856,-4.848610275326459,0.10885543604288728,0.685167599069416,58,1.597025319603209,8.94229386178496,DOWN,0.6463930606842041,0.23339319229125977,652.0,,,,,,,,,,,,,,,,-0.07,60.66982889175415,0.08822202682495117,-0.06999999999999999,-0.07
btc-updown-15m-1790937900,1790938578.761808,1790938578.761808,221.23819208145142,0.012781711189207345,0.9872182888107927,0.055,0.945,-0.042218288810792655,0.0422182888107927,0.05,0.06,0.009999999999999995,86321.41607015836,86413.86501670055,-10.698392731806061,0.0011582110492902586,-0.7701509414781427,-0.7701509414781427,-2.3100969997569276,-6.460956240044169,0.37958052996259295,54,2.0224386114077597,10.709850550534913,DOWN,0.761807918548584,0.06080794334411621,678.0,,,,,,-0.010000000000000002,9.657803058624268,0.08161115646362305,-0.010000000000000002,-0.009999999999999995,,,,,,,,,,
btc-updown-15m-1790937900,1790938588.419611,1790938588.419611,211.58038902282715,0.006581471617339241,0.9934185283826608,0.045,0.955,-0.03841852838266076,0.0384185283826608,0.04,0.05,0.010000000000000002,86313.98322517225,86413.86501670055,-11.558537684779324,,-1.3968023649735262,-1.3968023649735262,-2.547770700637164,-7.858012690187266,0.4304964635605499,50,2.234546758162526,11.571913124172758,DOWN,0.41961097717285156,0.08161115646362305,688.0,0.010000000000000002,6.056598901748657,0.2172098159790039,0.010000000000000002,0.009999999999999995,,,,,,,,,,,,,,,
btc-updown-15m-1790937900,1790938594.4762099,1790938594.4762099,205.5237901210785,0.007017022268032469,0.9929829777319675,0.055,0.945,-0.04798297773196753,0.04798297773196758,0.05,0.06,0.009999999999999995,86316.66800103203,86413.86501670055,-11.24784959563363,0.0,0.5919284589017693,-0.8037984689612809,-0.8049565867795927,-3.4274051844840336,0.30500773759168,50,2.2062219491996937,11.260515253828535,DOWN,1.4762098789215088,0.2172098159790039,694.0,,,,,,-0.019999999999999997,8.687843084335327,0.015053033828735352,-0.020000000000000004,-0.019999999999999997,,,,,,,,,,
btc-updown-15m-1790937900,1790938596.0047429,1790938596.0047429,203.99525713920593,0.007238066209504568,0.9927619337904954,0.055,0.945,-0.04776193379049543,0.047761933790495426,0.05,0.06,0.009999999999999995,86317.55705800452,86413.86501670055,-11.144965993296063,0.0,0.5907700177498754,0.5907700177498754,-0.8049565867795927,-3.4274051844840336,0.30500773759168,50,2.194193832745969,11.157400878632323,DOWN,1.0047428607940674,1.1207427978515625,695.0,,,,,,,,,,,,,,,,,,,,
btc-updown-15m-1790937900,1790938603.164053,1790938603.164053,196.83594703674316,0.004587621083093962,0.995412378916906,0.035,0.965,-0.03041237891690604,0.03041237891690607,0.03,0.04,0.010000000000000002,86313.51279871319,86413.86501670055,-11.612976455569468,-0.0011583041537033267,-0.0011583041537033267,-0.0011583041537033267,-1.5762036561672854,-3.116025577114545,0.303134168560286,50,2.3276515379683658,11.626478257395759,DOWN,1.164052963256836,0.015053033828735352,702.0,,,,,,-0.010000000000000002,10.152168989181519,0.08822202682495117,-0.009999999999999998,-0.010000000000000002,,,,,,,,,,
btc-updown-15m-1790937900,1790938613.316222,1790938613.316222,186.68377804756165,0.0017263430116057354,0.9982736569883943,0.025,0.975,-0.023273656988394266,0.023273656988394342,0.02,0.03,0.009999999999999998,86304.94384883065,86413.86501670055,-12.604593932796782,-0.0011584408865505935,-0.8212672303942181,-1.180312070341305,-1.9863317213342224,-3.601454061020748,0.30460559794114234,48,2.5944500398733688,12.62050156253968,DOWN,1.3162219524383545,0.08822202682495117,712.0,,,,,,,,,,,,,,,,,,,,
btc-updown-15m-1790937900,1790938681.203252,1790938681.203252,118.79674792289734,9.045583554412318e-07,0.9999990954416446,0.0045,0.9955,-0.004499095441644558,0.004499095441644507,0.001,0.008,0.007,86283.5563460733,86413.86501670055,-15.079602168248663,-0.001158684641566765,-0.001158684641566765,0.0,-0.8411343913783398,-2.103728894218282,0.15359629841735514,58,3.8919297185521056,15.10237595036138,DOWN,1.2032520771026611,0.7302520275115967,780.0,,,,,,,,,,,,,,,,,,,,
btc-updown-15m-1790937900,1790938694.007416,1790938694.007416,105.99258399009705,1.9977774418089567e-07,0.9999998002222559,0.005,0.995,-0.004999800222255819,0.004999800222255879,0.001,0.009,0.008,86287.227122273,86413.86501670055,-14.654811979891713,0.0,0.0,0.0,-0.6071138917862484,-0.8388173139317612,0.06906262819972739,58,4.004067738046643,14.676319850688625,DOWN,2.007416009902954,0.28441596031188965,792.0,,,,,,,,,,,,,,,,,,,,
btc-updown-15m-1790937900,1790938795.7108622,1790938795.7108622,4.289137840270996,0.0,1.0,0.001,0.999,-0.001,0.0010000000000000009,0.001,0.001,0.0,86280.833099735,86413.86501670055,-15.394742144659856,0.0,-0.6616201234488361,-0.6616201234488361,-0.8307768887827471,-0.8307768887827471,0.08780119064566994,56,226.47301683928902,180.29325505132073,DOWN,1.710862159729004,1.8548622131347656,895.0,,,,,,,,,,,,,,,,,,,,
btc-updown-15m-1790938800,1790938827.220365,1790938827.220365,872.7796349525452,0.6003229050999138,0.3996770949000862,0.525,0.475,0.0753229050999138,-0.0753229050999138,0.52,0.53,0.010000000000000009,86306.99547390855,86284.40608363794,2.6180153860844158,-0.2791923717693212,-1.212809632790135,-1.2139678585787461,2.363912785523503,1.535257329405848,0.1672198272743603,58,0.2488445859439598,-2.6173301650205962,UP,1.220365047454834,0.21936511993408203,26.0,,,,,,,,,,,,,,,,,,,,
btc-updown-15m-1790938800,1790938848.2274308,1790938848.2274308,851.7725691795349,0.512043535571753,0.487956464428247,0.495,0.505,0.017043535571752977,-0.017043535571752977,0.49,0.5,0.010000000000000009,86287.09408803661,86284.40608363794,0.3115284117582995,0.0,-0.8168040577416491,-0.815645564926637,-2.7233194333220467,0.19234490454156372,0.20467041445211256,58,0.0299808743763948,-0.31151870706554513,UP,1.227430820465088,0.2274308204650879,47.0,,,,,,,,,,,0.020000000000000018,30.929214239120483,0.05064511299133301,0.020000000000000018,0.020000000000000018,,,,,
btc-updown-15m-1790938800,1790938879.156645,1790938879.156645,820.8433549404144,0.380676132769862,0.619323867230138,0.515,0.485,-0.134323867230138,0.134323867230138,0.51,0.52,0.010000000000000009,86258.37357856214,86284.40608363794,-3.017057920124966,0.0,3.24431424944871,2.9057593959369576,-0.3429698594392683,-3.067353902210801,0.5137028162947608,60,0.2958738214909903,3.017968458689602,DOWN,1.1566450595855713,0.05064511299133301,78.0,,,,,,,,,,,,,,,,,,,,
btc-updown-15m-1790938800,1790938963.7545469,1790938963.7545469,736.245453119278,0.7128721978250548,0.28712780217494516,0.645,0.355,0.06787219782505483,-0.06787219782505483,0.64,0.65,0.010000000000000009,86330.00935434116,86284.40608363794,5.285227397755499,-0.17371163868018513,-0.17371163868018513,-0.17486969601909763,2.606398999143167,3.3016682113062856,0.1807875719936429,60,0.5468206147377479,-5.282435510466558,UP,1.754546880722046,0.3045470714569092,162.0,,,,,,,,,,,,,,,,,,,,
btc-updown-15m-1790938800,1790939057.919862,1790939057.919862,642.0801379680634,0.8014225307748049,0.19857746922519515,0.685,0.31499999999999995,0.1164225307748048,-0.1164225307748048,0.68,0.69,0.009999999999999898,86348.30704132815,86284.40608363794,7.405852411881408,-0.6020803497086558,-0.6020803497086558,-0.46198735613622866,2.780930760499789,3.696277428149042,0.22178769370477672,60,0.8203154852874255,-7.400371805741694,UP,0.9198620319366455,0.043862104415893555,257.0,,,,,,,,,,,,,,,,,,,,
btc-updown-15m-1790938800,1790939099.267085,1790939099.267085,600.7329149246216,0.861430882547684,0.13856911745231604,0.785,0.21499999999999997,0.07643088254768393,-0.07643088254768393,0.78,0.79,0.010000000000000009,86363.55454422305,86284.40608363794,9.172973910069881,0.0011576448311068077,0.959779563294294,2.349412936244466,2.3482547476594284,4.77524830017062,0.22972089766849765,60,1.0502513234918809,-9.16456727641822,UP,2.267085075378418,0.6230850219726562,298.0,,,,,,,,,,,,,,,,,,,,
btc-updown-15m-1790938800,1790939099.267085,1790939099.267085,600.7329149246216,0.861430882547684,0.13856911745231604,0.785,0.21499999999999997,0.07643088254768393,-0.07643088254768393,0.78,0.79,0.010000000000000009,86363.55454422305,86284.40608363794,9.172973910069881,0.0011576448311068077,0.959779563294294,2.349412936244466,2.3482547476594284,4.77524830017062,0.22972089766849765,60,1.0502513234918809,-9.16456727641822,UP,2.267085075378418,0.6230850219726562,298.0,,,,,,,,,,,,,,,,,,,,
btc-updown-15m-1790938800,1790939151.197825,1790939151.197825,548.8021750450134,0.8339462862163973,0.16605371378360267,0.755,0.245,0.07894628621639732,-0.07894628621639732,0.75,0.76,0.010000000000000009,86351.68819022183,86284.40608363794,7.797713357229341,-0.001157766664761084,-1.4747773711276668,-1.4736199456610866,-2.5788392121550707,1.2945508441197795,0.31484338736823936,60,0.934206369545575,-7.791637661522076,UP,1.1978249549865723,0.11982488632202148,350.0,,,,,,,,,,,,,,,,,,,,
btc-updown-15m-1790938800,1790939225.678965,1790939225.678965,474.3210349082947,0.9374834949365709,0.0625165050634291,0.905,0.09499999999999997,0.03248349493657088,-0.03248349493657088,0.9,0.91,0.010000000000000009,86382.72527661709,86284.40608363794,11.394781217344274,0.2326119662066084,1.3888887281376938,1.3888887281376938,1.3900462962967985,4.495608474761603,0.17454705337415677,58,1.4679024628050936,-11.381811891707484,UP,1.6789650917053223,0.06996512413024902,424.0,,,,,,,,,,,,,,,,,,,,
btc-updown-15m-1790938800,1790939289.531638,1790939289.531638,410.4683620929718,0.9759683084357806,0.02403169156421936,0.955,0.04500000000000004,0.02096830843578068,-0.02096830843578068,0.95,0.96,0.010000000000000009,86401.42837556858,86284.40608363794,13.562391774153415,-0.0011571126379283925,-0.0011571126379283925,-0.0011571126379283925,-0.0011571126379283925,1.1572466787024283,0.1481432106661553,60,1.8777156292460866,-13.54402283975779,UP,1.5316379070281982,0.017637968063354492,488.0,-0.039999999999999925,6.056735038757324,0.04337310791015625,-0.039999999999999925,-0.039999999999999925,,,,,,,,,,,0.040000000000000036,61.05928707122803,1.1669249534606934,0.040000000000000036,0.040000000000000036
btc-updown-15m-1790938800,1790939295.588373,1790939295.588373,404.4116270542145,0.9602550694077732,0.039744930592226835,0.915,0.08499999999999996,0.04525506940777313,-0.04525506940777313,0.91,0.92,0.010000000000000009,86387.35981800199,86284.40608363794,11.931905084245908,-0.0011573286462507326,-1.8675797982481424,-1.8664229015763478,-1.8675797982481424,-1.8664229015763478,0.14832287291933177,60,1.6645700415701783,-11.917685015603494,UP,1.5883729457855225,0.04337310791015625,494.0,,,,,,,,,,,,,,,,,,,,
btc-updown-15m-1790938800,1790939317.9750621,1790939317.9750621,382.0249378681183,0.9829400300956739,0.017059969904326122,0.955,0.04500000000000004,0.027940030095673918,-0.027940030095673918,0.95,0.96,0.010000000000000009,86404.91467130677,86284.40608363794,13.966438796835234,0.26034510189676396,1.1571931123866008,1.1560357854989434,0.46168794268997004,0.46168794268997004,0.2294221918116713,60,2.0042674895359083,-13.946959860705395,UP,0.9750621318817139,0.22706222534179688,517.0,,,,,,,,,,,,,,,,,,,,
btc-updown-15m-1790938800,1790939317.9750621,1790939317.9750621,382.0249378681183,0.9829400300956739,0.017059969904326122,0.955,0.04500000000000004,0.027940030095673918,-0.027940030095673918,0.95,0.96,0.010000000000000009,86404.91467130677,86284.40608363794,13.966438796835234,0.26034510189676396,1.1571931123866008,1.1560357854989434,0.46168794268997004,0.46168794268997004,0.2294221918116713,60,2.0042674895359083,-13.946959860705395,UP,0.9750621318817139,0.22706222534179688,517.0,,,,,,,,,,,,,,,,,,,,
btc-updown-15m-1790938800,1790939350.590925,1790939350.590925,349.4090750217438,0.9981802569111656,0.001819743088834369,0.995,0.0050000000000000044,0.0031802569111656354,-0.0031802569111656354,0.99,1.0,0.010000000000000009,86441.74518617369,86284.40608363794,18.234940666248534,0.0,0.9126278546522926,0.9126278546522926,4.109873867832459,4.572909146640658,0.3302678557335313,60,2.735067443008941,-18.20174988333325,UP,0.5909249782562256,1.1669249534606934,550.0,,,,,,-0.010000000000000009,9.962753057479858,0.43367815017700195,-0.010000000000000009,-0.010000000000000009,,,,,,,,,,
btc-updown-15m-1790938800,1790939360.553678,1790939360.553678,339.4463219642639,0.9993060245827501,0.0006939754172499146,0.985,0.015000000000000013,0.014306024582750099,-0.014306024582750099,0.98,0.99,0.010000000000000009,86454.60260329965,86284.40608363794,19.725061269673105,0.002312940905468963,0.002312940905468963,0.9819395978771794,3.3444734802690057,7.424264115389878,0.3043800663769414,60,3.0012280055437763,-19.686230060262123,UP,0.553678035736084,0.43367815017700195,560.0,,,,,,,,,,,,,,,,,,,,
btc-updown-15m-1790938800,1790939455.6780841,1790939455.6780841,244.32191586494446,0.999994048310047,5.951689952987671e-06,0.9965,0.0034999999999999476,0.00349404831004696,-0.00349404831004696,0.996,0.997,0.0010000000000000009,86476.99691876082,86284.40608363794,22.320468305270236,0.0,0.0011560694979095842,0.0011560694979095842,3.00552732549475,0.9735051666304173,0.27945762246527905,60,4.001988092766019,-22.27075892839019,UP,0.678084135055542,0.5450842380523682,655.0,,,,,,,,,,,,,,,,,,,,
btc-updown-15m-1790938800,1790939685.5741382,1790939685.5741382,14.425861835479736,1.0,0.0,0.999,0.0010000000000000009,0.0010000000000000009,-0.0010000000000000009,0.999,0.999,0.0,86417.08363789647,86284.40608363794,15.376770876760482,0.0,-0.0011569519908771753,0.0,-1.714309113762802,-2.031195272820252,0.25757559534929436,58,45.56581823388111,-62.82938591906428,UP,1.5741381645202637,0.36313819885253906,885.0,,,,,,,,,,,,,,,,,,,,
btc-updown-15m-1790939700,1790939727.926813,1790939727.926813,872.0731871128082,0.6145340176002266,0.38546598239977337,0.585,0.41500000000000004,0.02953401760022667,-0.02953401760022667,0.58,0.59,0.010000000000000009,86449.6069858869,86423.70716468993,2.9968421914161603,0.0,0.0011565239499411462,0.0011565239499411462,0.9519097066790216,3.783263651477853,0.21160557511614436,58,0.2849569564831989,-2.995944354171789,UP,1.9268128871917725,0.04381275177001953,27.0,,,,,,,,,,,,,,,,,,,,
btc-updown-15m-1790939700,1790939727.926813,1790939727.926813,872.0731871128082,0.6145340176002266,0.38546598239977337,0.585,0.41500000000000004,0.02953401760022667,-0.02953401760022667,0.58,0.59,0.010000000000000009,86449.6069858869,86423.70716468993,2.9968421914161603,0.0,0.0011565239499411462,0.0011565239499411462,0.9519097066790216,3.783263651477853,0.21160557511614436,58,0.2849569564831989,-2.995944354171789,UP,1.9268128871917725,0.04381275177001953,27.0,,,,,,,,,,,,,,,,,,,,
btc-updown-15m-1790939700,1790939819.902708,1790939819.902708,780.0972919464111,0.6082606016106176,0.39173939838938243,0.455,0.5449999999999999,0.15326060161061755,-0.1532606016106175,0.45,0.46,0.010000000000000009,86446.7600506127,86423.70716468993,2.6674261818970812,-2.8345546435859514,-2.833398482223748,-2.833398482223748,-5.538084447115343,-5.629370956814483,0.4275053223512967,60,0.26817863934849273,-2.666714855395502,UP,0.9027080535888672,0.04170823097229004,119.0,,,,,,,,,,,,,,,,,,,,
btc-updown-15m-1790939700,1790939831.773259,1790939831.773259,768.2267410755157,0.4497323187201321,0.5502676812798679,0.505,0.495,-0.05526768127986792,0.05526768127986792,0.5,0.51,0.010000000000000009,86413.25408027689,86423.70716468993,-1.2095158557723362,0.9232904173006595,1.1917476910472402,-0.0011568985858190217,-4.78495622713182,-7.053260731337829,0.4653905996629303,60,0.1225861414931723,1.2096621663297353,UP,0.7732589244842529,0.058258771896362305,131.0,,,,,,,,,,,,,,,,,,,,
btc-updown-15m-1790939700,1790939904.088146,1790939904.088146,695.9118540287018,0.5966061342673186,0.40339386573268143,0.525,0.475,0.07160613426731854,-0.07160613426731854,0.52,0.53,0.010000000000000009,86443.02448742537,86423.70716468993,2.2351879327087154,0.0011567131119605278,-1.6341683436271737,-1.6341683436271737,-3.0227337562460654,1.1406490894882992,0.3580530962712521,60,0.23793692943696387,-2.2346884378451946,UP,1.0881459712982178,0.17414617538452148,203.0,,,,,,,,,,,,,,,,,,,,
btc-updown-15m-1790939700,1790940039.141449,1790940039.141449,560.8585510253906,0.7498474863987157,0.2501525136012843,0.705,0.29500000000000004,0.04484748639871572,-0.04484748639871572,0.7,0.71,0.010000000000000009,86471.09496766825,86423.70716468993,5.483194893274312,-0.0011562127888442575,-0.0011562127888442575,0.0,0.47638241667868897,1.533373421527262,0.11988984812849211,60,0.6499664365445222,-5.480189998292625,UP,1.141448974609375,0.03844881057739258,338.0,,,,,,,,,,,,,,,,,,,,
btc-updown-15m-1790939700,1790940075.155784,1790940075.155784,524.8442161083221,0.7910082900149401,0.2089917099850599,0.755,0.245,0.0360082900149401,-0.0360082900149401,0.75,0.76,0.010000000000000009,86478.64272561103,86423.70716468993,6.356538353118335,0.0011560694979095842,0.6312537184438582,0.9260973183744525,1.2406163215383792,1.7170577839098478,0.09431311902845663,60,0.7788457933590112,-6.352500361899852,UP,1.1557838916778564,0.43778371810913086,374.0,,,,,,,,,,,,,,,,,,,,
btc-updown-15m-1790939700,1790940096.4830651,1790940096.4830651,503.5169348716736,0.7479241031095116,0.25207589689048837,0.675,0.32499999999999996,0.07292410310951158,-0.07292410310951158,0.67,0.68,0.010000000000000009,86468.00788492191,86423.70716468993,5.125991661936169,0.0,-1.122543352601868,-1.122543352601868,-0.19654999266593975,0.1190899309344573,0.16770963387848628,60,0.6413133497830027,-5.123365429089637,UP,1.483065128326416,0.05006527900695801,396.0,,,,,,,,,,,,,,,,0.04999999999999993,58.68057584762573,0.09564089775085449,0.04999999999999993,0.04999999999999993
btc-updown-15m-1790939700,1790940096.4830651,1790940096.4830651,503.5169348716736,0.7479241031095116,0.25207589689048837,0.675,0.32499999999999996,0.07292410310951158,-0.07292410310951158,0.67,0.68,0.010000000000000009,86468.00788492191,86423.70716468993,5.125991661936169,0.0,-1.122543352601868,-1.122543352601868,-0.19654999266593975,0.1190899309344573,0.16770963387848628,60,0.6413133497830027,-5.123365429089637,UP,1.483065128326416,0.05006527900695801,396.0,,,,,,,,,,,,,,,,0.04999999999999993,58.68057584762573,0.09564089775085449,0.04999999999999993,0.04999999999999993
btc-updown-15m-1790939700,1790940118.203093,1790940118.203093,481.7969069480896,0.7383115803345655,0.26168841966543455,0.695,0.30500000000000005,0.0433115803345655,-0.0433115803345655,0.68,0.71,0.029999999999999916,86465.02630771275,86423.70716468993,4.780996369906365,-0.7134651220219723,-1.7227807577657739,-1.7227807577657739,-3.100578034682666,-1.8603463759159222,0.2318902932827796,60,0.6115061253167239,-4.778711669591238,UP,1.2030930519104004,0.09809303283691406,417.0,,,,,,0.0,10.354881048202515,0.8549740314483643,0.009999999999999898,-0.010000000000000009,0.06000000000000005,29.601794004440308,0.0008871555328369141,0.06999999999999995,0.050000000000000044,,,,,
btc-updown-15m-1790939700,1790940128.557974,1790940128.557974,471.4420258998871,0.695437904702681,0.30456209529731904,0.695,0.30500000000000005,0.00043790470268101345,-0.00043790470268101345,0.69,0.7,0.010000000000000009,86456.42716059956,86423.70716468993,3.785997729450763,0.0,-0.0011564277913045373,0.0,-1.978256749977092,-2.4683641844180926,0.22345601366930404,60,0.4895801456568271,-3.784564894042229,UP,1.557974100112915,0.8549740314483643,427.0,,,,,,,,,,,,,,,,,,,,
btc-updown-15m-1790939700,1790940147.804887,1790940147.804887,452.1951129436493,0.7534748065213139,0.24652519347868607,0.755,0.245,-0.001525193478686071,0.001525193478686071,0.75,0.76,0.010000000000000009,86466.57515523935,86423.70716468993,4.960211955236105,0.0,0.7886837527326662,0.7886837527326662,0.07631879749281367,-2.3098268566290603,0.23768196495945326,60,0.6548531554973004,-4.957752804763818,UP,1.804887056350708,0.0008871555328369141,446.0,,,,,,,,,,,,,,,,-0.19000000000000006,60.33558988571167,0.7134768962860107,-0.18999999999999995,-0.19000000000000006
btc-updown-15m-1790939700,1790940155.163641,1790940155.163641,444.83635902404785,0.7543959185218891,0.24560408147811086,0.725,0.275,0.029395918521889164,-0.029395918521889164,0.72,0.73,0.010000000000000009,86466.3716100892,86423.70716468993,4.936659951184641,-0.0011563365909239565,-0.0011563365909239565,0.0,0.7875273249435821,-1.189728927951661,0.19125328355388466,60,0.6571139979206305,-4.934224092537193,UP,1.1636409759521484,0.09564089775085449,454.0,,,,,,-0.030000000000000027,8.562350034713745,0.2809910774230957,-0.030000000000000027,-0.030000000000000027,,,,,,,,,,
btc-updown-15m-1790939700,1790940163.725991,1790940163.725991,436.2740089893341,0.7485730943663309,0.2514269056336691,0.695,0.30500000000000005,0.05357309436633095,-0.05357309436633095,0.69,0.7,0.010000000000000009,86464.7908264682,86423.70716468993,4.753749072576863,0.0,0.0,-0.0011563365909239565,0.7886838439397081,-0.934232786761191,0.18876039782449747,60,0.6389577874705619,-4.7514903333000005,UP,1.7259910106658936,0.2809910774230957,462.0,,,,,,,,,,,,,,,,,,,,
btc-updown-15m-1790939700,1790940186.9811368,1790940186.9811368,413.01886320114136,0.7267509257632063,0.2732490742367937,0.695,0.30500000000000005,0.03175092576320637,-0.03175092576320637,0.69,0.7,0.010000000000000009,86459.5821269427,86423.70716468993,4.15105570331642,-1.3494448023299022,-1.3494448023299022,-1.3482886216464873,-1.3494448023299022,-0.560867478117677,0.20501623975164232,58,0.5734761552907968,-4.149333291953193,UP,0.9811367988586426,0.10513687133789062,486.0,,,,,,,,,,,-0.12,31.12896418571472,0.4761011600494385,-0.12,-0.12,-0.25999999999999995,60.10143423080444,0.5695710182189941,-0.25999999999999995,-0.25999999999999995
btc-updown-15m-1790939700,1790940208.140477,1790940208.140477,391.8595230579376,0.6067146455827215,0.3932853544172785,0.565,0.43500000000000005,0.04171464558272153,-0.04171464558272153,0.56,0.57,0.009999999999999898,86439.36074758161,86423.70716468993,1.8112602901720898,0.0011567131119605278,-0.968075036572591,-0.968075036572591,-3.2539311686019534,-3.2539311686019534,0.2336529694340111,58,0.2569561378295454,-1.8109322831983248,UP,1.140476942062378,0.7134768962860107,507.0,,,,,,0.010000000000000009,9.969624042510986,0.4761011600494385,0.009999999999999898,0.010000000000000009,-0.019999999999999907,30.73582410812378,0.0643010139465332,-0.020000000000000018,-0.019999999999999907,,,,,
btc-updown-15m-1790939700,1790940218.110101,1790940218.110101,381.88989901542664,0.5587364551444434,0.44126354485555663,0.575,0.42500000000000004,-0.01626354485555659,0.01626354485555659,0.57,0.58,0.010000000000000009,86432.1359767116,86423.70716468993,0.9752893387937611,-0.0011567129776235419,-0.0011567129776235419,-0.0011567129776235419,-0.968075148538583,-3.2539315448654182,0.23365296810044592,58,0.14016643408290008,-0.9751942291391666,UP,1.1101009845733643,0.4761011600494385,517.0,,,,,,,,,,,-0.13999999999999996,28.97247004508972,0.5695710182189941,-0.13999999999999996,-0.13999999999999996,,,,,
btc-updown-15m-1790939700,1790940238.876301,1790940238.876301,361.12369894981384,0.5483730617334818,0.45162693826651823,0.545,0.45499999999999996,0.0033730617334817303,-0.0033730617334817303,0.54,0.55,0.010000000000000009,86430.42939193328,86423.70716468993,0.77782213514066,-0.21399192568050118,-0.21399192568050118,-0.21514861390459217,-0.21514861390459217,-3.4690097746292725,0.238298047685632,56,0.11495834736697648,-0.7777616391183562,UP,0.8763010501861572,0.0643010139465332,538.0,,,,,,,,,,,,,,,,,,,,
btc-updown-15m-1790939700,1790940247.082571,1790940247.082571,352.9174289703369,0.4640558133561817,0.5359441866438184,0.435,0.565,0.02905581335618168,-0.02905581335618157,0.43,0.44,0.010000000000000009,86418.81218773527,86423.70716468993,-0.5663928469690216,0.0,-1.5511856564487392,-1.7663009216928316,-1.7674574303594426,-3.4753287510658204,0.2538294438247476,58,0.08468915376750816,0.5664249288715058,UP,1.082571029663086,0.5695710182189941,546.0,,,,,,,,,,,,,,,,,,,,
btc-updown-15m-1790939700,1790940247.082571,1790940247.082571,352.9174289703369,0.4640558133561817,0.5359441866438184,0.435,0.565,0.02905581335618168,-0.02905581335618157,0.43,0.44,0.010000000000000009,86418.81218773527,86423.70716468993,-0.5663928469690216,0.0,-1.5511856564487392,-1.7663009216928316,-1.7674574303594426,-3.4753287510658204,0.2538294438247476,58,0.08468915376750816,0.5664249288715058,UP,1.082571029663086,0.5695710182189941,546.0,,,,,,,,,,,,,,,,,,,,
btc-updown-15m-1790939700,1790940264.253525,1790940264.253525,335.746474981308,0.3709594535995623,0.6290405464004377,0.385,0.615,-0.014040546400437726,0.014040546400437726,0.38,0.39,0.010000000000000009,86406.29387550254,86423.70716468993,-2.0148741310299645,-0.0011570590841003536,-0.0011570590841003536,0.0,-2.9912601070702927,-3.9602018222484325,0.26766527254752126,58,0.30892403001677987,2.0152801846215573,UP,1.2535250186920166,0.535524845123291,563.0,,,,,,,,,,,0.27,28.57012104988098,1.3546462059020996,0.27,0.27,,,,,
btc-updown-15m-1790939700,1790940290.997174,1790940290.997174,309.0028259754181,0.4284113132410589,0.571588686758941,0.54,0.45999999999999996,-0.11158868675894112,0.11158868675894107,0.49,0.59,0.09999999999999998,86414.61437943576,86423.70716468993,-1.0521170119259793,2.9607771652484516,2.9607771652484516,2.9607771652484516,3.4248952861415383,0.43261070380662403,0.47628632080260974,54,0.16813204694301997,1.0522277185938942,DOWN,0.9971740245819092,0.36617398262023926,590.0,,,,,,,,,,,,,,,,,,,,
btc-updown-15m-1790939700,1790940292.823646,1790940292.823646,307.176353931427,0.6275012479601562,0.37249875203984384,0.655,0.345,-0.027498752039843866,0.027498752039843866,0.65,0.66,0.010000000000000009,86440.08647445995,86423.70716468993,1.8952334153876649,0.0,3.0093717459211966,3.0093717459211966,3.4723347140896976,,0.47198007399380526,55,0.3036746230671755,-1.8948742924806012,DOWN,0.823646068572998,1.3546462059020996,592.0,,,,,,,,,,,,,,,,,,,,
btc-updown-15m-1790939700,1790940329.8458502,1790940329.8458502,270.1541497707367,0.5189491556461139,0.4810508443538861,0.465,0.5349999999999999,0.053949155646113856,-0.0539491556461138,0.46,0.47,0.009999999999999953,86425.93857763964,86423.70716468993,0.2581945420909726,0.0,-1.9383543186801688,,-0.885999814934646,2.5837129354933097,0.4573268373809715,54,0.04412167698756423,-0.25818787581986846,UP,0.8458502292633057,1.7198500633239746,629.0,,,,,,,,,,,,,,,,,,,,
btc-updown-15m-1790939700,1790940384.753259,1790940384.753259,215.24674105644226,0.5842787341191118,0.4157212658808882,0.615,0.385,-0.030721265880888193,0.030721265880888193,0.61,0.62,0.010000000000000009,86432.39005846855,86423.70716468993,1.004688882655369,0.0011567092328412798,0.0011567092328412798,0.0,0.44188240051923344,-1.496557570627166,0.27599829438015827,56,0.192327621713672,-1.0045879528202093,UP,0.7532589435577393,1.645258903503418,684.0,,,,,,,,,,,,,,,,,,,,
btc-updown-15m-1790939700,1790940422.73323,1790940422.73323,177.26676988601685,0.594826934383668,0.40517306561633204,0.555,0.44499999999999995,0.03982693438366791,-0.03982693438366791,0.55,0.56,0.010000000000000009,86432.3691140082,86423.70716468993,1.002265420269044,-1.3811106628225378,-1.3799541133441284,-1.3799541133441284,-1.3811106628225378,-1.3799541133441284,0.18969587246202893,52,0.21142071801597256,-1.0021649767392842,UP,1.7332301139831543,1.8652300834655762,721.0,,,,,,-0.12000000000000005,10.40883207321167,0.1640622615814209,-0.12000000000000005,-0.12000000000000005,,,,,,,,,,
btc-updown-15m-1790939700,1790940433.1420622,1790940433.1420622,166.85793781280518,0.4625927048741759,0.5374072951258241,0.435,0.565,0.027592704874175922,-0.027592704874175866,0.43,0.44,0.010000000000000009,86420.45879241783,86423.70716468993,-0.37586587970595,0.0,0.0,-0.0011568687396934507,-1.3811106628225378,-1.3811106628225378,0.19337346447811316,50,0.08173306382726624,0.37588000775327357,UP,1.1420621871948242,0.1640622615814209,732.0,,,,,,,,,,,,,,,,,,,,
btc-updown-15m-1790939700,1790940441.509335,1790940441.509335,158.49066495895386,0.4601538926822517,0.5398461073177483,0.445,0.5549999999999999,0.015153892682251702,-0.015153892682251646,0.44,0.45,0.010000000000000009,86420.36174328189,86423.70716468993,-0.3870953373552588,-1.0296131789555574,-1.0284564291951348,-1.0296131789555574,-2.4082686202708814,-2.4094250508033266,0.23882823380121543,50,0.08636840431980923,0.3871103222153791,UP,2.5093350410461426,1.1303350925445557,740.0,,,,,,,,,,,,,,,,,,,,
btc-updown-15m-1790939700,1790940527.087618,1790940527.087618,72.91238188743591,0.2648591404226514,0.7351408595773485,0.245,0.755,0.01985914042265141,-0.019859140422651467,0.24,0.25,0.010000000000000009,86412.61281379234,86423.70716468993,-1.2837161540002473,0.0,-0.04280836776282548,-0.04280836776282548,-0.04280836776282548,-0.001156987731176784,0.006802060791653979,39,0.42232433403080455,1.283880967874155,DOWN,1.087618112564087,0.4106180667877197,826.0,-0.05499999999999999,3.765838861465454,1.1914567947387695,-0.06,-0.04999999999999999,,,,,,-0.19,29.65823197364807,0.5428500175476074,-0.19,-0.19,-0.24,58.56535792350769,0.13097620010375977,-0.24,-0.24
btc-updown-15m-1790939700,1790940530.853457,1790940530.853457,69.14654302597046,0.24996121530909315,0.7500387846909069,0.19,0.81,0.05996121530909315,-0.05996121530909315,0.18,0.2,0.020000000000000018,86412.49945197442,86423.70716468993,-1.2968331356288942,,0.00115698786551377,-0.040494406623459156,-0.040494406623459156,-0.04165138485112685,0.0007972270312219962,37,0.43810395596283663,1.2970013350597651,DOWN,0.853456974029541,1.1914567947387695,830.0,,,,,,,,,,,,,,,,,,,,
btc-updown-15m-1790939700,1790940553.141848,1790940553.141848,46.85815191268921,0.1067364819104783,0.8932635180895216,0.065,0.935,0.041736481910478296,-0.04173648191047841,0.06,0.07,0.010000000000000009,86411.3250169397,86423.70716468993,-1.4327258291091383,-0.001156987731176784,0.0,-0.001156987731176784,,-0.041651389669494776,0.0006459663407386538,41,0.7185339307196281,1.772335400293442,DOWN,1.141848087310791,0.19084811210632324,852.0,-0.020000000000000004,4.918227910995483,1.1170759201049805,-0.019999999999999997,-0.020000000000000004,,,,,,,,,,,,,,,
btc-updown-15m-1790939700,1790940555.530537,1790940555.530537,44.46946310997009,0.08243831968954551,0.9175616803104545,0.045,0.955,0.037438319689545516,-0.037438319689545474,0.04,0.05,0.010000000000000002,86411.11116625232,86423.70716468993,-1.4574702764835745,0.00115698786551377,0.00115698786551377,0.00115698786551377,0.00115698786551377,-0.040494406623459156,0.000615669978056111,41,0.8021677607165076,1.9157969284186906,DOWN,0.5305368900299072,0.11653685569763184,855.0,,,,,,,,,,,-0.04,30.12243914604187,0.13097620010375977,-0.04,-0.04,,,,,
btc-updown-15m-1790939700,1790940556.74585,1790940556.74585,43.25414991378784,0.07543506549175999,0.9245649345082401,0.055,0.945,0.02043506549175999,-0.020435065491759885,0.05,0.06,0.009999999999999995,86411.11116625232,86423.70716468993,-1.4574702764835745,-0.001156987731176784,0.0,-0.001156987731176784,0.0,-0.04280836776282548,0.0006233824104896731,41,0.82966918389598,1.9593377676990968,DOWN,1.7458500862121582,0.5428500175476074,856.0,,,,,,-0.05,10.946637868881226,0.05448794364929199,-0.05,-0.049999999999999996,-0.05,28.90712594985962,0.13097620010375977,-0.05,-0.049999999999999996,,,,,
btc-updown-15m-1790939700,1790940558.060076,1790940558.060076,41.939924001693726,0.07543951989516262,0.9245604801048374,0.045,0.955,0.030439519895162623,-0.03043951989516258,0.04,0.05,0.010000000000000002,86411.68531353527,86423.70716468993,-1.3910362733859927,0.0,0.0,0.0,-0.001156987731176784,,0.0006159765813425377,42,0.8296506080961227,1.936901233597919,DOWN,1.0600759983062744,1.1170759201049805,857.0,,,,,,-0.04,9.63241195678711,0.05448794364929199,-0.04,-0.04,,,,,,,,,,
btc-updown-15m-1790939700,1790940567.692488,1790940567.692488,32.307512044906616,0.015479406754900893,0.9845205932450991,0.005,0.995,0.010479406754900892,-0.010479406754900888,0.0,0.01,0.01,86411.53664189407,86423.70716468993,-1.408238919058391,0.0,0.0,0.0,-0.001156987731176784,-0.041651389669494776,0.0006732579682859739,47,1.2462431330340054,2.5488117488884483,DOWN,0.6924879550933838,0.05448794364929199,867.0,,,,,,,,,,,,,,,,,,,,
btc-updown-15m-1790939700,1790940585.652976,1790940585.652976,14.347023963928223,1.2626566459061905e-12,0.9999999999987373,0.005,0.995,-0.0049999999987373435,0.004999999998737348,0.0,0.01,0.01,86411.60922037977,86423.70716468993,-1.3998409356708041,0.0,0.0,0.00115698786551377,0.0,0.00115698786551377,0.0007279562899053017,53,4.045029825221072,5.577574370297722,DOWN,0.6529760360717773,0.13097620010375977,885.0,,,,,,,,,,,,,,,,,,,,
btc-updown-15m-1790939700,1790940585.652976,1790940585.652976,14.347023963928223,1.2626566459061905e-12,0.9999999999987373,0.005,0.995,-0.0049999999987373435,0.004999999998737348,0.0,0.01,0.01,86411.60922037977,86423.70716468993,-1.3998409356708041,0.0,0.0,0.00115698786551377,0.0,0.00115698786551377,0.0007279562899053017,53,4.045029825221072,5.577574370297722,DOWN,0.6529760360717773,0.13097620010375977,885.0,,,,,,,,,,,,,,,,,,,,
btc-updown-15m-1790939700,1790940600.55439,1790940600.55439,0.0,0.0,1.0,0.005,0.995,-0.005,0.0050000000000000044,0.0,0.01,0.01,86412.25838848262,86423.70716468993,-1.3247263491600325,0.00115698786551377,0.0,0.0,0.00115698786551377,0.0,0.0008178333095110723,54,233.52562140241616,83.14048401994988,DOWN,1.5543899536132812,0.4863898754119873,899.0,,,,,,,,,,,,,,,,,,,,
btc-updown-15m-1790939700,1790940600.55439,1790940600.55439,0.0,0.0,1.0,0.005,0.995,-0.005,0.0050000000000000044,0.0,0.01,0.01,86412.25838848262,86423.70716468993,-1.3247263491600325,0.00115698786551377,0.0,0.0,0.00115698786551377,0.0,0.0008178333095110723,54,233.52562140241616,83.14048401994988,DOWN,1.5543899536132812,0.4863898754119873,899.0,,,,,,,,,,,,,,,,,,,,
btc-updown-15m-1790939700,1790940600.55439,1790940600.55439,0.0,0.0,1.0,0.005,0.995,-0.005,0.0050000000000000044,0.0,0.01,0.01,86412.25838848262,86423.70716468993,-1.3247263491600325,0.00115698786551377,0.0,0.0,0.00115698786551377,0.0,0.0008178333095110723,54,233.52562140241616,83.14048401994988,DOWN,1.5543899536132812,0.4863898754119873,899.0,,,,,,,,,,,,,,,,,,,,
btc-updown-15m-1790939700,1790940600.55439,1790940600.55439,0.0,0.0,1.0,0.005,0.995,-0.005,0.0050000000000000044,0.0,0.01,0.01,86412.25838848262,86423.70716468993,-1.3247263491600325,0.00115698786551377,0.0,0.0,0.00115698786551377,0.0,0.0008178333095110723,54,233.52562140241616,83.14048401994988,DOWN,1.5543899536132812,0.4863898754119873,899.0,,,,,,,,,,,,,,,,,,,,
btc-updown-15m-1790939700,1790940600.55439,1790940600.55439,0.0,0.0,1.0,0.005,0.995,-0.005,0.0050000000000000044,0.0,0.01,0.01,86412.25838848262,86423.70716468993,-1.3247263491600325,0.00115698786551377,0.0,0.0,0.00115698786551377,0.0,0.0008178333095110723,54,233.52562140241616,83.14048401994988,DOWN,1.5543899536132812,0.4863898754119873,899.0,,,,,,,,,,,,,,,,,,,,
btc-updown-15m-1790939700,1790940600.55439,1790940600.55439,0.0,0.0,1.0,0.005,0.995,-0.005,0.0050000000000000044,0.0,0.01,0.01,86412.25838848262,86423.70716468993,-1.3247263491600325,0.00115698786551377,0.0,0.0,0.00115698786551377,0.0,0.0008178333095110723,54,233.52562140241616,83.14048401994988,DOWN,1.5543899536132812,0.4863898754119873,899.0,,,,,,,,,,,,,,,,,,,,
btc-updown-15m-1790939700,1790940600.55439,1790940600.55439,0.0,0.0,1.0,0.005,0.995,-0.005,0.0050000000000000044,0.0,0.01,0.01,86412.25838848262,86423.70716468993,-1.3247263491600325,0.00115698786551377,0.0,0.0,0.00115698786551377,0.0,0.0008178333095110723,54,233.52562140241616,83.14048401994988,DOWN,1.5543899536132812,0.4863898754119873,899.0,,,,,,,,,,,,,,,,,,,,
btc-updown-15m-1790939700,1790940600.55439,1790940600.55439,0.0,0.0,1.0,0.005,0.995,-0.005,0.0050000000000000044,0.0,0.01,0.01,86412.25838848262,86423.70716468993,-1.3247263491600325,0.00115698786551377,0.0,0.0,0.00115698786551377,0.0,0.0008178333095110723,54,233.52562140241616,83.14048401994988,DOWN,1.5543899536132812,0.4863898754119873,899.0,,,,,,,,,,,,,,,,,,,,
btc-updown-15m-1790939700,1790940600.55439,1790940600.55439,0.0,0.0,1.0,0.005,0.995,-0.005,0.0050000000000000044,0.0,0.01,0.01,86412.25838848262,86423.70716468993,-1.3247263491600325,0.00115698786551377,0.0,0.0,0.00115698786551377,0.0,0.0008178333095110723,54,233.52562140241616,83.14048401994988,DOWN,1.5543899536132812,0.4863898754119873,899.0,,,,,,,,,,,,,,,,,,,,
btc-updown-15m-1790939700,1790940600.55439,1790940600.55439,0.0,0.0,1.0,0.005,0.995,-0.005,0.0050000000000000044,0.0,0.01,0.01,86412.25838848262,86423.70716468993,-1.3247263491600325,0.00115698786551377,0.0,0.0,0.00115698786551377,0.0,0.0008178333095110723,54,233.52562140241616,83.14048401994988,DOWN,1.5543899536132812,0.4863898754119873,899.0,,,,,,,,,,,,,,,,,,,,
