slug,day,cutoff,provenance,settlement,snapshot_ts,best_bid_up,best_ask_up,best_bid_down,best_ask_down,market_mid_up,market_mid_down,official_twap,strike,twap_fresh,required_move_sigma,required_move_z_diffusion,active_side,side_score,market_mid_fresh,twap_recomputation_class
btc-updown-15m-1790957700,2026-10-02,300,HISTORICAL_PRE_V2,DOWN,1790958299.3044531,0.34,0.35,0.65,0.66,0.345,0.655,85169.73329589033,85198.17021237961,True,0.8553695112031853,,DOWN,-0.212116,True,FRESH_ORIGINAL
btc-updown-15m-1790960400,2026-10-02,600,HISTORICAL_PRE_V2,DOWN,1790960699.559354,0.68,0.69,0.32,0.33,0.685,0.325,85195.19923299961,85132.05174324418,True,0.5759929645125375,,UP,-0.00919,True,FRESH_ORIGINAL
btc-updown-15m-1790960400,2026-10-02,180,HISTORICAL_PRE_V2,DOWN,1790961117.93647,0.09,0.1,0.89,0.9,0.095,0.895,85052.62974695413,85132.05174324418,True,1.9859670559637608,,DOWN,-0.530517,True,FRESH_ORIGINAL
btc-updown-15m-1790960400,2026-10-02,60,HISTORICAL_PRE_V2,DOWN,1790961239.1958761,0.0,0.01,0.99,1.0,0.005,0.995,85043.28297864593,85132.05174324418,True,4.934800087116544,,DOWN,-0.531735,True,FRESH_ORIGINAL
btc-updown-15m-1790960400,2026-10-02,30,HISTORICAL_PRE_V2,DOWN,1790961269.363911,0.0,0.01,0.99,1.0,0.005,0.995,85012.65628457321,85132.05174324418,True,17.360596288128665,,DOWN,-0.531735,True,FRESH_ORIGINAL
btc-updown-15m-1790962200,2026-10-02,300,HISTORICAL_PRE_V2,DOWN,1790962796.674331,0.25,0.27,0.74,0.75,0.26,0.745,84618.88880594866,84636.90053072297,True,1.5395395281389757,,DOWN,-0.43849,True,FRESH_ORIGINAL
btc-updown-15m-1790962200,2026-10-02,120,HISTORICAL_PRE_V2,DOWN,1790962978.429745,0.05,0.06,0.94,0.95,0.055,0.945,84571.68253941255,84636.90053072297,True,3.256447874625649,,DOWN,-0.11747,True,FRESH_ORIGINAL
btc-updown-15m-1790962200,2026-10-02,60,HISTORICAL_PRE_V2,DOWN,1790963039.650859,0.02,0.03,0.98,0.99,0.025,0.985,84515.51549065314,84636.90053072297,True,3.6695372506917945,,DOWN,-0.11747,True,FRESH_ORIGINAL
btc-updown-15m-1790962200,2026-10-02,30,HISTORICAL_PRE_V2,DOWN,1790963068.2538571,0.02,0.03,0.97,0.98,0.025,0.975,84549.41587154937,84636.90053072297,True,3.893157156741135,,DOWN,-0.11747,True,FRESH_ORIGINAL
btc-updown-15m-1790964000,2026-10-02,600,HISTORICAL_PRE_V2,UP,1790964299.172419,0.72,0.73,0.27,0.28,0.725,0.275,84837.69256900912,84785.38821393924,True,0.9803172542748483,,UP,0.087593,True,FRESH_ORIGINAL
btc-updown-15m-1790964000,2026-10-02,300,HISTORICAL_PRE_V2,UP,1790964599.496969,0.51,0.52,0.48,0.49,0.515,0.485,84830.78605671342,84785.38821393924,True,0.3320675771027378,,UP,-0.027021,True,FRESH_ORIGINAL
btc-updown-15m-1790964000,2026-10-02,180,HISTORICAL_PRE_V2,UP,1790964718.210239,0.78,0.79,0.22,0.23,0.785,0.225,84806.0290175615,84785.38821393924,True,0.7731800797708299,,UP,0.410636,True,FRESH_ORIGINAL
btc-updown-15m-1790964000,2026-10-02,120,HISTORICAL_PRE_V2,UP,1790964778.9810162,0.81,0.82,0.18,0.19,0.815,0.185,84830.04468391712,84785.38821393924,True,1.0021684405298272,,UP,0.424712,True,FRESH_ORIGINAL
btc-updown-15m-1790964000,2026-10-02,60,HISTORICAL_PRE_V2,UP,1790964838.3396192,0.99,1.0,0.0,0.01,0.995,0.005,84829.56401310577,84785.38821393924,True,2.873112280350749,,UP,0.424712,True,FRESH_ORIGINAL
btc-updown-15m-1790964000,2026-10-02,30,HISTORICAL_PRE_V2,UP,1790964869.335875,0.99,1.0,0.0,0.01,0.995,0.005,84849.11259858379,84785.38821393924,True,7.3446632101909985,,UP,0.424712,True,FRESH_ORIGINAL
btc-updown-15m-1790964900,2026-10-02,600,HISTORICAL_PRE_V2,DOWN,1790965195.146631,0.1,0.11,0.88,0.89,0.10500000000000001,0.885,84654.1888326198,84863.86811634092,True,2.3217116126204607,,DOWN,-0.499018,True,FRESH_ORIGINAL
btc-updown-15m-1790964900,2026-10-02,300,HISTORICAL_PRE_V2,DOWN,1790965497.3006258,0.003,0.004,0.996,0.997,0.0035,0.9964999999999999,84555.4790951641,84863.86811634092,True,5.441170964886465,,DOWN,-0.334202,True,FRESH_ORIGINAL
btc-updown-15m-1790965800,2026-10-02,600,HISTORICAL_PRE_V2,DOWN,1790966098.888725,0.22,0.23,0.77,0.78,0.225,0.775,84514.31856461485,84595.45276441918,True,1.2039673037926764,,DOWN,-0.297047,True,FRESH_ORIGINAL
btc-updown-15m-1790965800,2026-10-02,300,HISTORICAL_PRE_V2,DOWN,1790966399.0763981,0.002,0.003,0.996,0.998,0.0025,0.997,84246.82856151047,84595.45276441918,True,5.22671051404784,,DOWN,-0.839397,True,FRESH_ORIGINAL
btc-updown-15m-1790985600,2026-10-03,120,HISTORICAL_PRE_V2,DOWN,1790986378.919345,0.51,0.53,0.39,0.4,0.52,0.395,84479.74041457045,84500.40805113068,True,0.4629230799498498,,DOWN,-0.521739,True,FRESH_ORIGINAL
btc-updown-15m-1790986500,2026-10-03,180,HISTORICAL_PRE_V2,UP,1790987218.7754722,0.78,0.79,0.19,0.2,0.785,0.195,84517.13524816615,84492.90506557011,True,0.6990273102390545,,UP,0.436358,True,FRESH_ORIGINAL
btc-updown-15m-1790988300,2026-10-03,600,HISTORICAL_PRE_V2,UP,1790988599.0673401,0.74,0.75,0.29,0.3,0.745,0.295,84628.9347690349,84603.18187985898,True,0.44901586438643776,,UP,0.208374,True,FRESH_ORIGINAL
btc-updown-15m-1790991000,2026-10-03,600,HISTORICAL_PRE_V2,UP,1790991297.1979468,0.67,0.69,0.31,0.32,0.6799999999999999,0.315,84621.17438516747,84597.86381870831,True,0.29909586953146605,,UP,0.035173,True,FRESH_ORIGINAL
btc-updown-15m-1790991000,2026-10-03,180,HISTORICAL_PRE_V2,UP,1790991716.073577,0.62,0.63,0.37,0.38,0.625,0.375,84623.75142700225,84597.86381870831,True,0.19052627545083795,,UP,-0.024975,True,FRESH_ORIGINAL
btc-updown-15m-1790997300,2026-10-03,300,HISTORICAL_PRE_V2,UP,1790997897.0046542,0.94,0.95,0.05,0.06,0.945,0.055,84553.84661681326,84518.12158623087,True,0.6841080700628192,,UP,0.503684,True,FRESH_ORIGINAL
btc-updown-15m-1791001800,2026-10-03,120,HISTORICAL_PRE_V2,UP,1791002577.2789278,0.28,0.29,0.71,0.72,0.28500000000000003,0.715,84520.61107479644,84515.80810946866,True,0.17295396720532696,,UP,0.103614,True,FRESH_ORIGINAL
btc-updown-15m-1791001800,2026-10-03,60,HISTORICAL_PRE_V2,UP,1791002639.922254,0.93,0.94,0.05,0.06,0.935,0.055,84521.8710815005,84515.80810946866,True,0.4364593892497316,,UP,0.103614,True,FRESH_ORIGINAL
btc-updown-15m-1791002700,2026-10-03,120,HISTORICAL_PRE_V2,UP,1791003477.443022,0.96,0.965,0.03,0.04,0.9624999999999999,0.035,84571.17181848103,84534.04180960564,True,1.0920548287403093,,UP,0.122041,True,FRESH_ORIGINAL
btc-updown-15m-1791003600,2026-10-03,180,HISTORICAL_PRE_V2,DOWN,1791004318.884726,0.15,0.16,0.84,0.85,0.155,0.845,84554.13489385332,84565.55068309845,True,0.28366431476524967,,DOWN,-0.040618,True,FRESH_ORIGINAL
btc-updown-15m-1791005400,2026-10-03,300,HISTORICAL_PRE_V2,UP,1791005998.596446,0.8,0.81,0.19,0.2,0.805,0.195,84623.24829289423,84606.42200541381,True,0.3064702955594067,,UP,0.23711,True,FRESH_ORIGINAL
btc-updown-15m-1791005400,2026-10-03,60,HISTORICAL_PRE_V2,UP,1791006236.079915,0.97,0.98,0.02,0.03,0.975,0.025,84618.4099327266,84606.42200541381,True,0.4577117366976236,,UP,0.369972,True,FRESH_ORIGINAL
btc-updown-15m-1791005400,2026-10-03,30,HISTORICAL_PRE_V2,UP,1791006268.3040168,0.99,1.0,0.0,0.01,0.995,0.005,84618.46630408085,84606.42200541381,True,1.2978347724357058,,UP,0.369972,True,FRESH_ORIGINAL
btc-updown-15m-1791006300,2026-10-03,600,HISTORICAL_PRE_V2,UP,1791006596.9594848,0.72,0.73,0.27,0.28,0.725,0.275,84634.43618143973,84618.75521753753,True,0.20514775925986814,,UP,0.265136,True,FRESH_ORIGINAL
btc-updown-15m-1791006300,2026-10-03,300,HISTORICAL_PRE_V2,UP,1791006899.087009,0.34,0.35,0.65,0.66,0.345,0.655,84609.59619195716,84618.75521753753,True,0.1433475749744759,,UP,-0.029142,True,FRESH_ORIGINAL
btc-updown-15m-1791006300,2026-10-03,120,HISTORICAL_PRE_V2,UP,1791007078.026331,0.77,0.78,0.2,0.21,0.775,0.20500000000000002,84634.53239629208,84618.75521753753,True,0.36743284601354564,,UP,0.474936,True,FRESH_ORIGINAL
btc-updown-15m-1791006300,2026-10-03,60,HISTORICAL_PRE_V2,UP,1791007138.177918,0.62,0.63,0.37,0.38,0.625,0.375,84628.03930774059,84618.75521753753,True,0.18003893176315416,,UP,0.474936,True,FRESH_ORIGINAL
btc-updown-15m-1791006300,2026-10-03,30,HISTORICAL_PRE_V2,UP,1791007169.388132,0.37,0.38,0.63,0.64,0.375,0.635,84623.04026843423,84618.75521753753,True,0.041925936601260996,,NONE,0.474936,True,FRESH_ORIGINAL
btc-updown-15m-1791008100,2026-10-03,600,HISTORICAL_PRE_V2,UP,1791008398.866579,0.74,0.75,0.25,0.26,0.745,0.255,84638.77136686498,84614.11454884225,True,0.32000473066038215,,UP,0.29893,True,FRESH_ORIGINAL
btc-updown-15m-1791008100,2026-10-03,300,HISTORICAL_PRE_V2,UP,1791008695.882224,0.74,0.76,0.26,0.27,0.75,0.265,84629.0901824898,84614.11454884225,True,0.24914501354114402,,UP,0.039346,True,FRESH_ORIGINAL
btc-updown-15m-1791008100,2026-10-03,120,HISTORICAL_PRE_V2,UP,1791008878.200952,0.96,0.97,0.03,0.04,0.965,0.035,84647.6732495329,84614.11454884225,True,1.0044813791267726,,UP,0.11,True,FRESH_ORIGINAL
btc-updown-15m-1791008100,2026-10-03,60,HISTORICAL_PRE_V2,UP,1791008938.866049,0.96,0.97,0.04,0.05,0.965,0.045,84643.06003717218,84614.11454884225,True,0.7219010906220197,,UP,0.11,True,FRESH_ORIGINAL
btc-updown-15m-1791009900,2026-10-03,180,HISTORICAL_PRE_V2,DOWN,1791010616.25615,0.0,0.01,0.99,1.0,0.005,0.995,84566.59494004957,84636.24359868187,True,1.7912266149235343,,DOWN,-0.239885,True,FRESH_ORIGINAL
btc-updown-15m-1791010800,2026-10-03,300,HISTORICAL_PRE_V2,UP,1791011399.084255,0.76,0.77,0.23,0.24,0.765,0.235,84573.72378687761,84556.77584114837,True,0.30688078007104624,,UP,0.044774,True,FRESH_ORIGINAL
btc-updown-15m-1791010800,2026-10-03,180,HISTORICAL_PRE_V2,UP,1791011516.35775,0.85,0.86,0.14,0.15,0.855,0.14500000000000002,84572.86655784328,84556.77584114837,True,0.380270367628249,,UP,0.054452,True,FRESH_ORIGINAL
btc-updown-15m-1791010800,2026-10-03,120,HISTORICAL_PRE_V2,UP,1791011575.540538,0.96,0.97,0.03,0.04,0.965,0.035,84576.19461534993,84556.77584114837,True,0.8433498175385443,,UP,0.466177,True,FRESH_ORIGINAL
btc-updown-15m-1791011700,2026-10-03,600,HISTORICAL_PRE_V2,UP,1791011999.879146,0.49,0.5,0.5,0.51,0.495,0.505,84579.91192203469,84596.4469371161,True,0.10599603316410006,,DOWN,0.123746,True,FRESH_ORIGINAL
btc-updown-15m-1791011700,2026-10-03,300,HISTORICAL_PRE_V2,UP,1791012298.578518,0.35,0.36,0.64,0.65,0.355,0.645,84578.72108408222,84596.4469371161,True,0.22667800451599288,,DOWN,0.025215,True,FRESH_ORIGINAL
btc-updown-15m-1791011700,2026-10-03,180,HISTORICAL_PRE_V2,UP,1791012415.0977259,0.57,0.58,0.42,0.43,0.575,0.425,84596.3247385263,84596.4469371161,True,0.0034999604947438213,,DOWN,0.224783,True,FRESH_ORIGINAL
btc-updown-15m-1791013500,2026-10-03,600,HISTORICAL_PRE_V2,DOWN,1791013799.286889,0.67,0.68,0.32,0.33,0.675,0.325,84594.59628903438,84567.4415433419,True,0.29500621059399246,,UP,0.026457,True,FRESH_ORIGINAL
btc-updown-15m-1791014400,2026-10-03,300,HISTORICAL_PRE_V2,UP,1791014998.4746811,0.95,0.96,0.05,0.06,0.955,0.055,84629.02554353117,84568.14069316,True,0.9200703740119088,,UP,0.103715,True,FRESH_ORIGINAL
btc-updown-15m-1791014400,2026-10-03,120,HISTORICAL_PRE_V2,UP,1791015175.529475,0.995,0.998,0.002,0.005,0.9964999999999999,0.0035,84632.02850267923,84568.14069316,True,1.9285229225341627,,UP,0.191945,True,FRESH_ORIGINAL
btc-updown-15m-1791015300,2026-10-03,300,HISTORICAL_PRE_V2,DOWN,1791015897.3619661,0.02,0.03,0.97,0.98,0.025,0.975,84568.58384853278,84632.85954188579,True,1.2327939390458234,,DOWN,-0.562585,True,FRESH_ORIGINAL
btc-updown-15m-1791015300,2026-10-03,60,HISTORICAL_PRE_V2,DOWN,1791016138.4181209,0.009,0.01,0.99,0.991,0.0095,0.9904999999999999,84577.4599781942,84632.85954188579,True,2.426479910981531,,DOWN,-0.221266,True,FRESH_ORIGINAL
btc-updown-15m-1791016200,2026-10-03,600,HISTORICAL_PRE_V2,UP,1791016496.86859,0.23,0.24,0.76,0.77,0.235,0.765,84563.65434898014,84592.51432442821,True,0.37808755677827505,,DOWN,-0.314896,True,FRESH_ORIGINAL
btc-updown-15m-1791016200,2026-10-03,300,HISTORICAL_PRE_V2,UP,1791016798.5620039,0.6,0.61,0.38,0.39,0.605,0.385,84595.38187464696,84592.51432442821,True,0.09211429990671961,,DOWN,0.031328,True,FRESH_ORIGINAL
btc-updown-15m-1791016200,2026-10-03,180,HISTORICAL_PRE_V2,UP,1791016917.07825,0.81,0.82,0.21,0.22,0.815,0.215,84596.015459075,84592.51432442821,True,0.18621365680481622,,DOWN,0.400268,True,FRESH_ORIGINAL
btc-updown-15m-1791016200,2026-10-03,120,HISTORICAL_PRE_V2,UP,1791016979.1025898,0.93,0.94,0.06,0.07,0.935,0.065,84602.20111678286,84592.51432442821,True,0.37518085161481773,,DOWN,0.056526,True,FRESH_ORIGINAL
btc-updown-15m-1791017100,2026-10-03,600,HISTORICAL_PRE_V2,UP,1791017398.41915,0.59,0.6,0.4,0.41,0.595,0.405,84612.480707052,84608.90425102776,True,0.09424185995976929,,UP,0.175369,True,FRESH_ORIGINAL
btc-updown-15m-1791017100,2026-10-03,180,HISTORICAL_PRE_V2,UP,1791017817.9523032,0.85,0.86,0.13,0.15,0.855,0.14,84625.67095935023,84608.90425102776,True,0.40729566744265344,,UP,0.474375,True,FRESH_ORIGINAL
btc-updown-15m-1791018000,2026-10-03,300,HISTORICAL_PRE_V2,UP,1791018599.888862,0.93,0.94,0.06,0.07,0.935,0.065,84632.39891196914,84607.55183368998,True,0.6483357334961956,,UP,0.511351,True,FRESH_ORIGINAL
btc-updown-15m-1791018000,2026-10-03,180,HISTORICAL_PRE_V2,UP,1791018718.018683,0.97,0.98,0.02,0.03,0.975,0.025,84643.98920528864,84607.55183368998,True,0.9866671291312827,,UP,0.129419,True,FRESH_ORIGINAL
btc-updown-15m-1791018000,2026-10-03,120,HISTORICAL_PRE_V2,UP,1791018779.325732,0.98,0.99,0.01,0.02,0.985,0.015,84648.78572569256,84607.55183368998,True,1.2625193599365654,,UP,0.131178,True,FRESH_ORIGINAL
btc-updown-15m-1791018000,2026-10-03,60,HISTORICAL_PRE_V2,UP,1791018838.744628,0.969,0.97,0.03,0.031,0.9695,0.0305,84643.69416469171,84607.55183368998,True,0.9934747453639494,,UP,0.131178,True,FRESH_ORIGINAL
btc-updown-15m-1791019800,2026-10-03,600,HISTORICAL_PRE_V2,DOWN,1791020097.431762,0.42,0.43,0.57,0.58,0.425,0.575,84571.12773485384,84581.8848039164,True,0.13922387329963445,,NONE,-0.020181,True,FRESH_ORIGINAL
btc-updown-15m-1791021600,2026-10-03,600,HISTORICAL_PRE_V2,DOWN,1791021896.204156,0.69,0.7,0.29,0.3,0.695,0.295,84581.04654238297,84580.50024438447,True,0.14654715287815617,,UP,0.238944,True,FRESH_ORIGINAL
btc-updown-15m-1791021600,2026-10-03,120,HISTORICAL_PRE_V2,DOWN,1791022379.423967,0.24,0.25,0.74,0.75,0.245,0.745,84573.65662647816,84580.50024438447,True,0.20811879151404447,,UP,-0.313922,True,FRESH_ORIGINAL
btc-updown-15m-1791021600,2026-10-03,60,HISTORICAL_PRE_V2,DOWN,1791022438.317059,0.09,0.1,0.92,0.93,0.095,0.925,84573.62489386617,84580.50024438447,True,0.30037669334628964,,NONE,-0.313922,True,FRESH_ORIGINAL
btc-updown-15m-1791023400,2026-10-03,180,HISTORICAL_PRE_V2,DOWN,1791024116.586019,0.4,0.41,0.59,0.6,0.405,0.595,84590.77137300136,84594.44904399788,True,0.09747258391251476,,DOWN,-0.012483,True,FRESH_ORIGINAL
btc-updown-15m-1791023400,2026-10-03,120,HISTORICAL_PRE_V2,DOWN,1791024178.18701,0.42,0.43,0.57,0.58,0.425,0.575,84588.4210139181,84594.44904399788,True,0.24166389539081543,,DOWN,-0.245968,True,FRESH_ORIGINAL
btc-updown-15m-1791023400,2026-10-03,60,HISTORICAL_PRE_V2,DOWN,1791024237.456388,0.33,0.34,0.65,0.66,0.335,0.655,84588.42321836924,84594.44904399788,True,0.3459095106589928,,DOWN,-0.245968,True,FRESH_ORIGINAL
btc-updown-15m-1791024300,2026-10-03,600,HISTORICAL_PRE_V2,UP,1791024596.096234,0.73,0.74,0.26,0.27,0.735,0.265,84606.26818448314,84589.47277043638,True,0.2256476176414444,,UP,0.027552,True,FRESH_ORIGINAL
btc-updown-15m-1791024300,2026-10-03,60,HISTORICAL_PRE_V2,UP,1791025135.551251,0.991,0.992,0.008,0.009,0.9915,0.0085,84626.92975382935,84589.47277043638,True,1.566871416505421,,UP,0.157811,True,FRESH_ORIGINAL
btc-updown-15m-1791026100,2026-10-03,600,HISTORICAL_PRE_V2,UP,1791026399.740739,0.7,0.71,0.3,0.31,0.705,0.305,84631.69615345169,84617.30188397857,True,0.19720904797465452,,UP,0.028855,True,FRESH_ORIGINAL
btc-updown-15m-1791026100,2026-10-03,300,HISTORICAL_PRE_V2,UP,1791026696.5795252,0.61,0.62,0.38,0.39,0.615,0.385,84622.1259552756,84617.30188397857,True,0.08763230916846342,,UP,0.012712,True,FRESH_ORIGINAL
btc-updown-15m-1791026100,2026-10-03,30,HISTORICAL_PRE_V2,UP,1791026968.3094091,0.99,1.0,0.0,0.01,0.995,0.005,84626.35120040114,84617.30188397857,True,1.5274624689589633,,UP,0.014043,True,FRESH_ORIGINAL
btc-updown-15m-1791027000,2026-10-03,300,HISTORICAL_PRE_V2,UP,1791027599.8413608,0.77,0.78,0.23,0.24,0.775,0.235,84641.99812909575,84631.71847874692,True,0.1956251296286754,,UP,0.353947,True,FRESH_ORIGINAL
btc-updown-15m-1791027000,2026-10-03,60,HISTORICAL_PRE_V2,UP,1791027839.8295622,0.99,1.0,0.0,0.01,0.995,0.005,84643.12391845565,84631.71847874692,True,0.48771902010400714,,UP,0.040886,True,FRESH_ORIGINAL
btc-updown-15m-1791027000,2026-10-03,30,HISTORICAL_PRE_V2,UP,1791027869.5147781,0.99,1.0,0.0,0.01,0.995,0.005,84643.18040803888,84631.71847874692,True,1.2250306817522332,,UP,0.040886,True,FRESH_ORIGINAL
btc-updown-15m-1791027900,2026-10-03,300,HISTORICAL_PRE_V2,UP,1791028496.6899478,0.91,0.92,0.08,0.09,0.915,0.08499999999999999,84670.1734979367,84642.90222792154,True,0.4956854781545522,,UP,0.370029,True,FRESH_ORIGINAL
btc-updown-15m-1791027900,2026-10-03,120,HISTORICAL_PRE_V2,UP,1791028676.347379,0.91,0.92,0.08,0.09,0.915,0.08499999999999999,84663.68198558038,84642.90222792154,True,0.61878610354405,,UP,0.079616,True,FRESH_ORIGINAL
btc-updown-15m-1791027900,2026-10-03,60,HISTORICAL_PRE_V2,UP,1791028737.238912,0.92,0.93,0.06,0.07,0.925,0.065,84659.64009135029,84642.90222792154,True,0.5250527796769092,,UP,0.079616,True,FRESH_ORIGINAL
btc-updown-15m-1791029700,2026-10-03,600,HISTORICAL_PRE_V2,UP,1791029998.465734,0.92,0.93,0.07,0.08,0.925,0.07500000000000001,84771.43857212273,84679.79140117377,True,1.2829554573014275,,UP,0.393966,True,FRESH_ORIGINAL
btc-updown-15m-1791030600,2026-10-03,600,HISTORICAL_PRE_V2,DOWN,1791030897.905952,0.44,0.45,0.55,0.56,0.445,0.555,84842.06126271,84845.05364089904,True,0.042355851841835775,,NONE,-0.000998,True,FRESH_ORIGINAL
btc-updown-15m-1791030600,2026-10-03,300,HISTORICAL_PRE_V2,DOWN,1791031197.021299,0.83,0.84,0.16,0.17,0.835,0.165,84877.40405688882,84845.05364089904,True,0.8264072064582999,,UP,0.450097,True,FRESH_ORIGINAL
btc-updown-15m-1791030600,2026-10-03,120,HISTORICAL_PRE_V2,DOWN,1791031378.6753469,0.02,0.03,0.97,0.98,0.025,0.975,84804.03505972869,84845.05364089904,True,1.960097346105753,,UP,-0.394022,True,FRESH_ORIGINAL
btc-updown-15m-1791031500,2026-10-03,600,HISTORICAL_PRE_V2,UP,1791031797.696893,0.64,0.65,0.35,0.36,0.645,0.355,84816.94415524854,84804.2006057158,True,0.17464988525417602,,UP,0.179526,True,FRESH_ORIGINAL
btc-updown-15m-1791031500,2026-10-03,300,HISTORICAL_PRE_V2,UP,1791032097.066282,0.96,0.97,0.03,0.04,0.965,0.035,84858.27488209403,84804.2006057158,True,1.2954627467604507,,UP,0.22912,True,FRESH_ORIGINAL
btc-updown-15m-1791031500,2026-10-03,180,HISTORICAL_PRE_V2,UP,1791032219.601953,0.99,1.0,0.0,0.01,0.995,0.005,84887.28095542412,84804.2006057158,True,2.2858498331606434,,UP,0.267674,True,FRESH_ORIGINAL
btc-updown-15m-1791032400,2026-10-03,600,HISTORICAL_PRE_V2,DOWN,1791032699.491318,0.21,0.22,0.78,0.79,0.215,0.785,84843.00051468152,84874.57199657556,True,0.5107667959469331,,DOWN,-0.334839,True,FRESH_ORIGINAL
btc-updown-15m-1791032400,2026-10-03,300,HISTORICAL_PRE_V2,DOWN,1791032998.9022841,0.05,0.06,0.94,0.95,0.055,0.945,84812.40519575796,84874.57199657556,True,1.1918023207128265,,DOWN,-0.392914,True,FRESH_ORIGINAL
btc-updown-15m-1791032400,2026-10-03,180,HISTORICAL_PRE_V2,DOWN,1791033119.856829,0.15,0.16,0.84,0.85,0.155,0.845,84855.30496232504,84874.57199657556,True,0.594966734153217,,DOWN,-0.460948,True,FRESH_ORIGINAL
btc-updown-15m-1791032400,2026-10-03,120,HISTORICAL_PRE_V2,DOWN,1791033179.685908,0.01,0.02,0.98,0.99,0.015,0.985,84841.94388163976,84874.57199657556,True,1.2867212242937478,,DOWN,-0.461198,True,FRESH_ORIGINAL
btc-updown-15m-1791032400,2026-10-03,60,HISTORICAL_PRE_V2,DOWN,1791033235.8297641,0.0,0.01,0.99,1.0,0.005,0.995,84827.5826202433,84874.57199657556,True,1.9054736015313434,,DOWN,-0.461198,True,FRESH_ORIGINAL
btc-updown-15m-1791033300,2026-10-03,600,HISTORICAL_PRE_V2,DOWN,1791033599.720735,0.17,0.18,0.82,0.83,0.175,0.825,84800.50371557655,84840.23391551376,True,0.5982698463412356,,DOWN,-0.377589,True,FRESH_ORIGINAL
btc-updown-15m-1791033300,2026-10-03,300,HISTORICAL_PRE_V2,DOWN,1791033899.697448,0.06,0.07,0.93,0.94,0.065,0.935,84783.21236860841,84840.23391551376,True,1.0782006515958107,,DOWN,-0.379518,True,FRESH_ORIGINAL
btc-updown-15m-1791033300,2026-10-03,180,HISTORICAL_PRE_V2,DOWN,1791034018.940622,0.05,0.06,0.94,0.95,0.055,0.945,84806.31183977894,84840.23391551376,True,0.842020546307845,,DOWN,-0.554257,True,FRESH_ORIGINAL
btc-updown-15m-1791033300,2026-10-03,60,HISTORICAL_PRE_V2,DOWN,1791034137.55175,0.0,0.01,0.99,1.0,0.005,0.995,84793.26272943812,84840.23391551376,True,1.887747329326186,,DOWN,-0.554777,True,FRESH_ORIGINAL
btc-updown-15m-1791034200,2026-10-03,600,HISTORICAL_PRE_V2,UP,1791034499.2054641,0.93,0.94,0.06,0.07,0.935,0.065,84868.274837593,84796.74506961323,True,1.1925836327601456,,UP,0.541709,True,FRESH_ORIGINAL
btc-updown-15m-1791034200,2026-10-03,180,HISTORICAL_PRE_V2,UP,1791034919.720254,0.991,0.996,0.004,0.009,0.9935,0.0065,84895.27756320052,84796.74506961323,True,2.462395986094407,,UP,0.276017,True,FRESH_ORIGINAL
btc-updown-15m-1791034200,2026-10-03,120,HISTORICAL_PRE_V2,UP,1791034975.4962392,0.987,0.989,0.01,0.012,0.988,0.011,84890.06419362535,84796.74506961323,True,2.515212014974616,,UP,0.276354,True,FRESH_ORIGINAL
btc-updown-15m-1791035100,2026-10-03,600,HISTORICAL_PRE_V2,UP,1791035399.053488,0.66,0.67,0.33,0.34,0.665,0.335,84854.92558600187,84834.31791887207,True,0.27749819458399877,,UP,0.24873,True,FRESH_ORIGINAL
btc-updown-15m-1791035100,2026-10-03,300,HISTORICAL_PRE_V2,UP,1791035698.827543,0.86,0.87,0.13,0.14,0.865,0.135,84862.44681647583,84834.31791887207,True,0.5303621421590128,,UP,0.353404,True,FRESH_ORIGINAL
btc-updown-15m-1791035100,2026-10-03,180,HISTORICAL_PRE_V2,UP,1791035817.799205,0.95,0.96,0.04,0.05,0.955,0.045,84863.25489077305,84834.31791887207,True,0.7138336296954011,,UP,0.536525,True,FRESH_ORIGINAL
btc-updown-15m-1791035100,2026-10-03,120,HISTORICAL_PRE_V2,UP,1791035876.635245,0.97,0.98,0.02,0.03,0.975,0.025,84863.01747421111,84834.31791887207,True,0.8720238408474384,,UP,0.543343,True,FRESH_ORIGINAL
btc-updown-15m-1791035100,2026-10-03,60,HISTORICAL_PRE_V2,UP,1791035939.66166,0.98,0.99,0.01,0.02,0.985,0.015,84860.63341999141,84834.31791887207,True,0.8704831445015832,,UP,0.543343,True,FRESH_ORIGINAL
btc-updown-15m-1791035100,2026-10-03,30,HISTORICAL_PRE_V2,UP,1791035968.389809,0.99,1.0,0.0,0.01,0.995,0.005,84855.92224754876,84834.31791887207,True,1.8666211718234536,,UP,0.543343,True,FRESH_ORIGINAL
btc-updown-15m-1791036000,2026-10-03,600,HISTORICAL_PRE_V2,DOWN,1791036299.812014,0.09,0.1,0.9,0.91,0.095,0.905,84791.66016255156,84852.99655873276,True,0.8963726588660933,,DOWN,-0.238519,True,FRESH_ORIGINAL
btc-updown-15m-1791036000,2026-10-03,300,HISTORICAL_PRE_V2,DOWN,1791036599.998523,0.05,0.06,0.94,0.95,0.055,0.945,84797.56806934116,84852.99655873276,True,1.0624745149616428,,DOWN,-0.536698,True,FRESH_ORIGINAL
btc-updown-15m-1791036000,2026-10-03,180,HISTORICAL_PRE_V2,DOWN,1791036717.458557,0.003,0.008,0.992,0.997,0.0055,0.9944999999999999,84791.87548773972,84852.99655873276,True,1.6200093644208913,,DOWN,-0.220475,True,FRESH_ORIGINAL
btc-updown-15m-1791036900,2026-10-03,600,HISTORICAL_PRE_V2,UP,1791037199.701472,0.6,0.61,0.39,0.4,0.605,0.395,84790.17550736414,84780.13250459959,True,0.1284434147212382,,NONE,0.026296,True,FRESH_ORIGINAL
btc-updown-15m-1791036900,2026-10-03,300,HISTORICAL_PRE_V2,UP,1791037499.021934,0.87,0.88,0.12,0.13,0.875,0.125,84805.34274883186,84780.13250459959,True,0.47838598865771975,,UP,0.305248,True,FRESH_ORIGINAL
btc-updown-15m-1791036900,2026-10-03,180,HISTORICAL_PRE_V2,UP,1791037615.672628,0.97,0.98,0.02,0.03,0.975,0.025,84812.19981815659,84780.13250459959,True,0.9317838712554791,,UP,0.525656,True,FRESH_ORIGINAL
btc-updown-15m-1791036900,2026-10-03,120,HISTORICAL_PRE_V2,UP,1791037678.766389,0.966,0.967,0.033,0.034,0.9664999999999999,0.0335,84815.72632831386,84780.13250459959,True,0.8030454347000213,,UP,0.543318,True,FRESH_ORIGINAL
btc-updown-15m-1791036900,2026-10-03,60,HISTORICAL_PRE_V2,UP,1791037739.768957,0.994,0.999,0.001,0.006,0.9964999999999999,0.0035,84813.38472839176,84780.13250459959,True,1.5139653144264222,,UP,0.543318,True,FRESH_ORIGINAL
btc-updown-15m-1791037800,2026-10-03,600,HISTORICAL_PRE_V2,DOWN,1791038099.415283,0.19,0.2,0.81,0.82,0.195,0.815,84781.10465199685,84808.96751677194,True,0.38649033009094863,,DOWN,-0.22307,True,FRESH_ORIGINAL
btc-updown-15m-1791038700,2026-10-03,300,HISTORICAL_PRE_V2,UP,1791039298.636327,0.971,0.976,0.02,0.03,0.9735,0.025,84833.12441888801,84743.22510025086,True,1.513215591064824,,UP,0.402033,True,FRESH_ORIGINAL
btc-updown-15m-1791038700,2026-10-03,180,HISTORICAL_PRE_V2,UP,1791039416.550756,0.991,0.995,0.002,0.009,0.993,0.0055,84828.1840541674,84743.22510025086,True,2.0179948035551036,,UP,0.249356,True,FRESH_ORIGINAL
btc-updown-15m-1791039600,2026-10-03,600,HISTORICAL_PRE_V2,DOWN,1791039899.884567,0.14,0.15,0.85,0.86,0.14500000000000002,0.855,84784.7839644806,84828.57749907057,True,0.5878691773400095,,DOWN,-0.27936,True,FRESH_ORIGINAL
btc-updown-15m-1791039600,2026-10-03,300,HISTORICAL_PRE_V2,DOWN,1791040199.757974,0.16,0.17,0.83,0.84,0.165,0.835,84802.4716584806,84828.57749907057,True,0.47218235390354607,,DOWN,-0.244613,True,FRESH_ORIGINAL
btc-updown-15m-1791039600,2026-10-03,180,HISTORICAL_PRE_V2,DOWN,1791040319.07674,0.26,0.27,0.73,0.74,0.265,0.735,84822.95876160676,84828.57749907057,True,0.133820934440256,,DOWN,-0.358068,True,FRESH_ORIGINAL
btc-updown-15m-1791039600,2026-10-03,60,HISTORICAL_PRE_V2,DOWN,1791040439.6085372,0.27,0.28,0.73,0.74,0.275,0.735,84829.667465758,84828.57749907057,True,0.009299997116336722,,DOWN,-0.358251,True,FRESH_ORIGINAL
btc-updown-15m-1791040500,2026-10-03,600,HISTORICAL_PRE_V2,UP,1791040798.423765,0.46,0.47,0.53,0.54,0.46499999999999997,0.535,84831.94060194801,84828.58667698561,True,0.035901904186531976,,NONE,-0.112833,True,FRESH_ORIGINAL
btc-updown-15m-1791040500,2026-10-03,300,HISTORICAL_PRE_V2,UP,1791041099.49171,0.63,0.64,0.36,0.37,0.635,0.365,84837.75087992495,84828.58667698561,True,0.1549324096722414,,NONE,-0.040721,True,FRESH_ORIGINAL
btc-updown-15m-1791040500,2026-10-03,60,HISTORICAL_PRE_V2,UP,1791041339.0615559,0.95,0.96,0.04,0.05,0.955,0.045,84836.32643153117,84828.58667698561,True,0.2673896518529002,,NONE,0.0,True,FRESH_ORIGINAL
btc-updown-15m-1791040500,2026-10-03,30,HISTORICAL_PRE_V2,UP,1791041369.466506,0.98,0.99,0.01,0.02,0.985,0.015,84835.53121254861,84828.58667698561,True,0.6310924667615843,,NONE,0.0,True,FRESH_ORIGINAL
btc-updown-15m-1791041400,2026-10-03,600,HISTORICAL_PRE_V2,DOWN,1791041697.964617,0.3,0.31,0.72,0.73,0.305,0.725,84778.92471223586,84832.94217751609,True,0.5483753622648864,,DOWN,-0.009965,True,FRESH_ORIGINAL
btc-updown-15m-1791041400,2026-10-03,300,HISTORICAL_PRE_V2,DOWN,1791041997.7093,0.24,0.25,0.75,0.76,0.245,0.755,84808.66059282015,84832.94217751609,True,0.4542263875350892,,DOWN,-0.271556,True,FRESH_ORIGINAL
btc-updown-15m-1791041400,2026-10-03,120,HISTORICAL_PRE_V2,DOWN,1791042179.684609,0.1,0.11,0.89,0.9,0.10500000000000001,0.895,84809.11601240796,84832.94217751609,True,0.7710340488353482,,DOWN,-0.442955,True,FRESH_ORIGINAL
btc-updown-15m-1791041400,2026-10-03,30,HISTORICAL_PRE_V2,DOWN,1791042266.3494442,0.01,0.02,0.98,0.99,0.015,0.985,84824.8541114036,84832.94217751609,True,0.7291841303536223,,DOWN,-0.442955,True,FRESH_ORIGINAL
btc-updown-15m-1791042300,2026-10-03,180,HISTORICAL_PRE_V2,UP,1791043016.18453,0.88,0.89,0.11,0.12,0.885,0.11499999999999999,84846.98137066221,84831.28029625656,True,0.3853375150215161,,UP,0.48783,True,FRESH_ORIGINAL
btc-updown-15m-1791042300,2026-10-03,120,HISTORICAL_PRE_V2,UP,1791043078.168195,0.93,0.94,0.06,0.07,0.935,0.065,84847.78073643774,84831.28029625656,True,0.5258074371676937,,UP,0.489202,True,FRESH_ORIGINAL
btc-updown-15m-1791043200,2026-10-03,600,HISTORICAL_PRE_V2,DOWN,1791043499.871972,0.39,0.4,0.6,0.61,0.395,0.605,84841.26855783799,84851.69663774967,True,0.12022830325945158,,DOWN,0.03425,True,FRESH_ORIGINAL
btc-updown-15m-1791043200,2026-10-03,180,HISTORICAL_PRE_V2,DOWN,1791043918.840409,0.1,0.11,0.89,0.9,0.10500000000000001,0.895,84828.24863248332,84851.69663774967,True,0.5277256016718569,,DOWN,-0.503034,True,FRESH_ORIGINAL
btc-updown-15m-1791043200,2026-10-03,120,HISTORICAL_PRE_V2,DOWN,1791043975.403111,0.06,0.07,0.93,0.94,0.065,0.935,84831.70335031218,84851.69663774967,True,0.5568580589477878,,DOWN,-0.503324,True,FRESH_ORIGINAL
btc-updown-15m-1791043200,2026-10-03,60,HISTORICAL_PRE_V2,DOWN,1791044036.399371,0.0,0.01,0.98,0.99,0.005,0.985,84831.81651721928,84851.69663774967,True,0.8497822395895762,,DOWN,-0.503324,True,FRESH_ORIGINAL
btc-updown-15m-1791044100,2026-10-03,180,HISTORICAL_PRE_V2,DOWN,1791044818.043612,0.02,0.03,0.97,0.98,0.025,0.975,84774.62242452832,84822.01888303779,True,1.1505483100094245,,DOWN,-0.585977,True,FRESH_ORIGINAL
btc-updown-15m-1791045000,2026-10-03,600,HISTORICAL_PRE_V2,UP,1791045298.721767,0.7,0.71,0.29,0.3,0.705,0.295,84807.62639828485,84791.29365797744,True,0.23148590787717588,,UP,0.031043,True,FRESH_ORIGINAL
btc-updown-15m-1791045000,2026-10-03,300,HISTORICAL_PRE_V2,UP,1791045599.680126,0.91,0.92,0.08,0.09,0.915,0.08499999999999999,84825.15666864211,84791.29365797744,True,0.6915746056877539,,UP,0.498803,True,FRESH_ORIGINAL
btc-updown-15m-1791045000,2026-10-03,180,HISTORICAL_PRE_V2,UP,1791045717.3144221,0.9,0.91,0.09,0.1,0.905,0.095,84827.79641881965,84791.29365797744,True,0.9171952568417115,,UP,0.497407,True,FRESH_ORIGINAL
btc-updown-15m-1791045000,2026-10-03,120,HISTORICAL_PRE_V2,UP,1791045777.406241,0.94,0.95,0.05,0.06,0.945,0.055,84819.93185772667,84791.29365797744,True,0.7433099772928614,,UP,0.408322,True,FRESH_ORIGINAL
btc-updown-15m-1791045900,2026-10-03,600,HISTORICAL_PRE_V2,UP,1791046198.831572,0.71,0.72,0.28,0.29,0.715,0.28500000000000003,84840.07219119016,84816.72094504077,True,0.31643697485265254,,UP,0.166635,True,FRESH_ORIGINAL
btc-updown-15m-1791045900,2026-10-03,300,HISTORICAL_PRE_V2,UP,1791046498.926101,0.85,0.86,0.15,0.16,0.855,0.155,84839.52898194648,84816.72094504077,True,0.44087504789174903,,UP,0.425932,True,FRESH_ORIGINAL
btc-updown-15m-1791045900,2026-10-03,180,HISTORICAL_PRE_V2,UP,1791046619.756429,0.93,0.94,0.06,0.07,0.935,0.065,84842.76375184159,84816.72094504077,True,0.6472409885881998,,UP,0.462078,True,FRESH_ORIGINAL
btc-updown-15m-1791045900,2026-10-03,120,HISTORICAL_PRE_V2,UP,1791046679.541058,0.98,0.99,0.01,0.02,0.985,0.015,84845.6394325986,84816.72094504077,True,0.896579261171303,,UP,0.468282,True,FRESH_ORIGINAL
btc-updown-15m-1791046800,2026-10-03,600,HISTORICAL_PRE_V2,UP,1791047098.9485812,0.62,0.63,0.37,0.38,0.625,0.375,84858.67058573752,84851.81820438578,True,0.10521318611891842,,NONE,0.192327,True,FRESH_ORIGINAL
btc-updown-15m-1791046800,2026-10-03,300,HISTORICAL_PRE_V2,UP,1791047398.860631,0.76,0.77,0.28,0.29,0.765,0.28500000000000003,84866.6735437125,84851.81820438578,True,0.33761347281682547,,UP,0.366846,True,FRESH_ORIGINAL
btc-updown-15m-1791046800,2026-10-03,120,HISTORICAL_PRE_V2,UP,1791047578.654253,0.91,0.92,0.08,0.09,0.915,0.08499999999999999,84864.0969826567,84851.81820438578,True,0.49623626629208534,,UP,0.02383,True,FRESH_ORIGINAL
btc-updown-15m-1791046800,2026-10-03,60,HISTORICAL_PRE_V2,UP,1791047638.506512,0.99,1.0,0.0,0.01,0.995,0.005,84868.22613007562,84851.81820438578,True,0.7109863715183009,,UP,0.02383,True,FRESH_ORIGINAL
btc-updown-15m-1791047700,2026-10-03,600,HISTORICAL_PRE_V2,UP,1791047998.489286,0.83,0.84,0.16,0.17,0.835,0.165,84904.81538234027,84871.19492869827,True,0.47920241173646727,,UP,0.370968,True,FRESH_ORIGINAL
btc-updown-15m-1791047700,2026-10-03,300,HISTORICAL_PRE_V2,UP,1791048298.3938482,0.96,0.97,0.03,0.04,0.965,0.035,84941.38376108166,84871.19492869827,True,1.2283265508499914,,UP,0.370658,True,FRESH_ORIGINAL
btc-updown-15m-1791047700,2026-10-03,180,HISTORICAL_PRE_V2,UP,1791048417.92652,0.91,0.918,0.09,0.099,0.914,0.0945,84902.90477463046,84871.19492869827,True,0.6523635521957653,,UP,0.206583,True,FRESH_ORIGINAL
btc-updown-15m-1791047700,2026-10-03,120,HISTORICAL_PRE_V2,UP,1791048478.0741172,0.885,0.886,0.11,0.115,0.8855,0.1125,84888.21310589234,84871.19492869827,True,0.47607657560602124,,UP,0.08382,True,FRESH_ORIGINAL
btc-updown-15m-1791048600,2026-10-03,600,HISTORICAL_PRE_V2,UP,1791048896.103693,0.29,0.3,0.7,0.71,0.295,0.705,84842.16991502869,84886.92982073252,True,0.3415584650343215,,DOWN,-0.064235,True,FRESH_ORIGINAL
btc-updown-15m-1791048600,2026-10-03,180,HISTORICAL_PRE_V2,UP,1791049317.31706,0.96,0.97,0.03,0.04,0.965,0.035,84926.66561841131,84886.92982073252,True,1.114554455278772,,UP,0.579695,True,FRESH_ORIGINAL
btc-updown-15m-1791048600,2026-10-03,120,HISTORICAL_PRE_V2,UP,1791049378.6549308,0.9,0.91,0.08,0.09,0.905,0.08499999999999999,84928.76612071424,84886.92982073252,True,0.7013658920668708,,UP,0.579776,True,FRESH_ORIGINAL
btc-updown-15m-1791048600,2026-10-03,60,HISTORICAL_PRE_V2,UP,1791049439.1847901,0.98,0.99,0.0,0.01,0.985,0.005,84910.02558213357,84886.92982073252,True,1.0253997185456818,,UP,0.579776,True,FRESH_ORIGINAL
btc-updown-15m-1791048600,2026-10-03,30,HISTORICAL_PRE_V2,UP,1791049469.572312,0.99,1.0,0.0,0.01,0.995,0.005,84917.62538335705,84886.92982073252,True,4.8995754489050265,,UP,0.579776,True,FRESH_ORIGINAL
btc-updown-15m-1791049500,2026-10-03,600,HISTORICAL_PRE_V2,UP,1791049799.3095691,0.28,0.29,0.68,0.69,0.28500000000000003,0.685,84919.33011194506,84941.61508399076,True,0.28261862094370543,,DOWN,-0.041842,True,FRESH_ORIGINAL
btc-updown-15m-1791049500,2026-10-03,300,HISTORICAL_PRE_V2,UP,1791050099.0584981,0.73,0.74,0.26,0.27,0.735,0.265,84951.75213568652,84941.61508399076,True,0.47733018097089647,,UP,0.103321,True,FRESH_ORIGINAL
btc-updown-15m-1791049500,2026-10-03,120,HISTORICAL_PRE_V2,UP,1791050278.249452,0.97,0.98,0.02,0.03,0.975,0.025,84971.67594257605,84941.61508399076,True,1.313831446739044,,UP,0.508065,True,FRESH_ORIGINAL
btc-updown-15m-1791049500,2026-10-03,60,HISTORICAL_PRE_V2,UP,1791050335.423069,0.99,1.0,0.0,0.01,0.995,0.005,84990.9030861587,84941.61508399076,True,2.137958648365737,,UP,0.508065,True,FRESH_ORIGINAL
btc-updown-15m-1791050400,2026-10-03,600,HISTORICAL_PRE_V2,DOWN,1791050699.060201,0.35,0.36,0.64,0.65,0.355,0.645,84985.01702177501,84995.09976055415,True,0.20572088120525361,,DOWN,-0.214962,True,FRESH_ORIGINAL
btc-updown-15m-1791050400,2026-10-03,120,HISTORICAL_PRE_V2,DOWN,1791051176.3313851,0.22,0.23,0.77,0.78,0.225,0.775,84972.65944718444,84995.09976055415,True,0.5355876699486173,,UP,-0.111879,True,FRESH_ORIGINAL
btc-updown-15m-1791050400,2026-10-03,30,HISTORICAL_PRE_V2,DOWN,1791051267.856128,0.0,0.01,0.99,1.0,0.005,0.995,84976.12871749878,84995.09976055415,True,1.9659584882111,,NONE,-0.111879,True,FRESH_ORIGINAL
btc-updown-15m-1791052200,2026-10-03,600,HISTORICAL_PRE_V2,DOWN,1791052499.7809439,0.19,0.2,0.8,0.81,0.195,0.805,84947.36040472503,84977.00927457966,True,0.44457514310785956,,DOWN,-0.337785,True,FRESH_ORIGINAL
btc-updown-15m-1791052200,2026-10-03,180,HISTORICAL_PRE_V2,DOWN,1791052916.730562,0.013,0.019,0.98,0.985,0.016,0.9824999999999999,84913.00263408983,84977.00927457966,True,1.5129622377340832,,DOWN,-0.595514,True,FRESH_ORIGINAL
btc-updown-15m-1791053100,2026-10-03,600,HISTORICAL_PRE_V2,UP,1791053396.8012202,0.47,0.48,0.52,0.53,0.475,0.525,84927.85870210864,84926.93914248132,True,0.009259886198911178,,NONE,0.001717,True,FRESH_ORIGINAL
btc-updown-15m-1791053100,2026-10-03,30,HISTORICAL_PRE_V2,UP,1791053969.335194,0.98,0.99,0.02,0.03,0.985,0.025,84933.63098835449,84926.93914248132,True,0.6131358287019882,,NONE,0.0,True,FRESH_ORIGINAL
btc-updown-15m-1791054000,2026-10-03,600,HISTORICAL_PRE_V2,DOWN,1791054299.17753,0.08,0.09,0.91,0.92,0.08499999999999999,0.915,84843.35811284976,84933.43730011434,True,1.1544687251165542,,DOWN,-0.478802,True,FRESH_ORIGINAL
btc-updown-15m-1791054000,2026-10-03,300,HISTORICAL_PRE_V2,DOWN,1791054596.378929,0.02,0.03,0.97,0.98,0.025,0.975,84860.77304649103,84933.43730011434,True,1.314821604797076,,DOWN,-0.557976,True,FRESH_ORIGINAL
btc-updown-15m-1791054000,2026-10-03,180,HISTORICAL_PRE_V2,DOWN,1791054716.901899,0.015,0.016,0.983,0.985,0.0155,0.984,84853.29078151814,84933.43730011434,True,1.973239099031704,,DOWN,-0.600897,True,FRESH_ORIGINAL
btc-updown-15m-1791054900,2026-10-03,300,HISTORICAL_PRE_V2,DOWN,1791055497.099787,0.19,0.2,0.8,0.81,0.195,0.805,84832.44472783469,84852.34826423907,True,0.390097848237419,,DOWN,-0.398157,True,FRESH_ORIGINAL
btc-updown-15m-1791055800,2026-10-03,180,HISTORICAL_PRE_V2,DOWN,1791056519.9172611,0.046,0.07,0.95,0.957,0.058,0.9535,84773.56029238939,84823.47888154017,True,1.2679588219258688,,DOWN,-0.569772,True,FRESH_ORIGINAL
btc-updown-15m-1791059400,2026-10-03,600,HISTORICAL_PRE_V2,DOWN,1791059696.7001731,0.45,0.46,0.54,0.55,0.455,0.545,84874.90135454897,84877.18669475519,True,0.021795184306470452,,NONE,-0.004321,True,FRESH_ORIGINAL
btc-updown-15m-1791059400,2026-10-03,300,HISTORICAL_PRE_V2,DOWN,1791059999.5492558,0.11,0.12,0.89,0.9,0.11499999999999999,0.895,84851.08085131287,84877.18669475519,True,0.488076029060682,,DOWN,-0.068614,True,FRESH_ORIGINAL
btc-updown-15m-1791061200,2026-10-03,600,HISTORICAL_PRE_V2,DOWN,1791061496.825378,0.25,0.26,0.74,0.75,0.255,0.745,84699.67930607636,84736.09662771292,True,0.5335048693604107,,DOWN,-0.094497,True,FRESH_ORIGINAL
btc-updown-15m-1791063000,2026-10-03,300,HISTORICAL_PRE_V2,DOWN,1791063598.6593869,0.59,0.6,0.4,0.41,0.595,0.405,84689.65477244463,84688.67867879024,True,0.04841477870356845,,UP,0.189195,True,FRESH_ORIGINAL
btc-updown-15m-1791063000,2026-10-03,180,HISTORICAL_PRE_V2,DOWN,1791063717.874673,0.53,0.62,0.39,0.4,0.575,0.395,84687.74157024562,84688.67867879024,True,0.03512386057708996,,UP,0.014126,True,FRESH_ORIGINAL
btc-updown-15m-1791064800,2026-10-03,600,HISTORICAL_PRE_V2,UP,1791065099.0038972,0.71,0.72,0.31,0.32,0.715,0.315,84730.71856303728,84698.4250186008,True,0.6325312989125971,,UP,0.348344,True,FRESH_ORIGINAL
btc-updown-15m-1791064800,2026-10-03,300,HISTORICAL_PRE_V2,UP,1791065399.711614,0.88,0.89,0.13,0.14,0.885,0.135,84749.40562763909,84698.4250186008,True,0.891168139683616,,UP,0.112674,True,FRESH_ORIGINAL
btc-updown-15m-1791065700,2026-10-03,30,HISTORICAL_PRE_V2,DOWN,1791066568.928722,0.63,0.65,0.37,0.39,0.64,0.38,84762.99789613964,84772.94666306011,True,0.9151926270841689,,NONE,-0.094569,True,FRESH_ORIGINAL
btc-updown-15m-1791066600,2026-10-03,60,HISTORICAL_PRE_V2,UP,1791067437.9052448,0.57,0.58,0.42,0.43,0.575,0.425,84778.17739192558,84764.66609710823,True,0.5998221318051159,,NONE,0.0,True,FRESH_ORIGINAL
btc-updown-15m-1791066600,2026-10-03,30,HISTORICAL_PRE_V2,UP,1791067467.552583,0.99,1.0,0.0,0.01,0.995,0.005,84779.43020824538,84764.66609710823,True,1.4286571693971983,,NONE,0.0,True,FRESH_ORIGINAL
btc-updown-15m-1791067500,2026-10-03,600,HISTORICAL_PRE_V2,DOWN,1791067799.6377459,0.59,0.6,0.4,0.41,0.595,0.405,84787.50708566347,84781.18314211199,True,0.08543214916073695,,NONE,0.103639,True,FRESH_ORIGINAL
btc-updown-15m-1791067500,2026-10-03,300,HISTORICAL_PRE_V2,DOWN,1791068097.4102669,0.54,0.55,0.45,0.46,0.545,0.455,84783.26389070175,84781.18314211199,True,0.030939280994483898,,UP,-0.115522,True,FRESH_ORIGINAL
btc-updown-15m-1791069300,2026-10-03,600,HISTORICAL_PRE_V2,DOWN,1791069599.589453,0.49,0.5,0.47,0.48,0.495,0.475,84746.86605048814,84746.5036114908,True,0.008194853341028839,,NONE,-0.002467,True,FRESH_ORIGINAL
btc-updown-15m-1791069300,2026-10-03,300,HISTORICAL_PRE_V2,DOWN,1791069898.312621,0.84,0.85,0.14,0.15,0.845,0.14500000000000002,84789.13670029308,84746.5036114908,True,0.9419086096865665,,UP,0.466806,True,FRESH_ORIGINAL
btc-updown-15m-1791070200,2026-10-03,120,HISTORICAL_PRE_V2,UP,1791070975.187068,0.99,1.0,0.0,0.01,0.995,0.005,84774.47266483905,84726.08982787756,True,1.497221120968642,,UP,0.411901,True,FRESH_ORIGINAL
btc-updown-15m-1791071100,2026-10-03,300,HISTORICAL_PRE_V2,DOWN,1791071695.657413,0.14,0.15,0.85,0.86,0.14500000000000002,0.855,84729.6096193583,84767.08519918224,True,0.8845451373815192,,DOWN,-0.456568,True,FRESH_ORIGINAL
btc-updown-15m-1791071100,2026-10-03,30,HISTORICAL_PRE_V2,DOWN,1791071967.53541,0.04,0.05,0.95,0.96,0.045,0.955,84747.64027546451,84767.08519918224,True,,,NONE,0.0,True,FRESH_ORIGINAL
btc-updown-15m-1791072000,2026-10-04,30,HISTORICAL_PRE_V2,UP,1791072868.7568169,0.99,1.0,0.0,0.01,0.995,0.005,84803.92423627143,84740.44636451067,True,,,NONE,0.0,True,FRESH_ORIGINAL
btc-updown-15m-1791072900,2026-10-04,600,HISTORICAL_PRE_V2,DOWN,1791073199.882234,0.65,0.66,0.36,0.37,0.655,0.365,84829.33884547016,84803.82621438944,True,0.3731029710875494,,UP,0.053886,True,FRESH_ORIGINAL
btc-updown-15m-1791072900,2026-10-04,30,HISTORICAL_PRE_V2,DOWN,1791073766.8132532,0.02,0.03,0.98,0.99,0.025,0.985,84791.65234367,84803.82621438944,True,1.036839600869968,,NONE,0.396771,True,FRESH_ORIGINAL
btc-updown-15m-1791074700,2026-10-04,300,HISTORICAL_PRE_V2,DOWN,1791075297.441772,0.49,0.52,0.33,0.34,0.505,0.335,84819.43503581453,84788.28460034405,True,0.49728551288307926,,UP,0.058462,True,FRESH_ORIGINAL
btc-updown-15m-1791074700,2026-10-04,180,HISTORICAL_PRE_V2,DOWN,1791075419.904715,0.12,0.13,0.86,0.87,0.125,0.865,84767.8019462655,84788.28460034405,True,0.5049513642002948,,DOWN,-0.488763,True,FRESH_ORIGINAL
btc-updown-15m-1791074700,2026-10-04,120,HISTORICAL_PRE_V2,DOWN,1791075478.33598,0.14,0.15,0.85,0.86,0.14500000000000002,0.855,84769.75864774446,84788.28460034405,True,0.5884915672606166,,DOWN,-0.489449,True,FRESH_ORIGINAL
btc-updown-15m-1791074700,2026-10-04,60,HISTORICAL_PRE_V2,DOWN,1791075539.031618,0.03,0.04,0.98,0.99,0.035,0.985,84770.39793462842,84788.28460034405,True,0.9518582974165527,,DOWN,-0.489449,True,FRESH_ORIGINAL
btc-updown-15m-1791076500,2026-10-04,600,HISTORICAL_PRE_V2,DOWN,1791076799.0036879,0.23,0.24,0.76,0.77,0.235,0.765,84706.55959344434,84758.49033740479,True,0.7111639060670375,,DOWN,-0.358878,True,FRESH_ORIGINAL
btc-updown-15m-1791077400,2026-10-04,600,HISTORICAL_PRE_V2,UP,1791077699.600705,0.81,0.82,0.18,0.21,0.815,0.195,84741.31809842019,84732.98525331664,True,0.39501769776881857,,UP,0.234284,True,FRESH_ORIGINAL
btc-updown-15m-1791077400,2026-10-04,120,HISTORICAL_PRE_V2,UP,1791078175.208085,0.96,0.97,0.02,0.03,0.965,0.025,84763.51853409303,84732.98525331664,True,0.9088544872471771,,UP,0.102959,True,FRESH_ORIGINAL
btc-updown-15m-1791080100,2026-10-04,600,HISTORICAL_PRE_V2,UP,1791080399.79654,0.5,0.51,0.52,0.53,0.505,0.525,84818.3565812996,84815.02996135292,True,0.04724178592431713,,DOWN,-0.00331,True,FRESH_ORIGINAL
btc-updown-15m-1791081900,2026-10-04,120,HISTORICAL_PRE_V2,UP,1791082678.7329862,0.5,0.51,0.49,0.5,0.505,0.495,84788.52149666542,84786.45436192425,True,0.018628067775862615,,DOWN,0.004872,True,FRESH_ORIGINAL
btc-updown-15m-1791081900,2026-10-04,60,HISTORICAL_PRE_V2,UP,1791082739.7293901,0.87,0.88,0.12,0.13,0.875,0.125,84790.0858293088,84786.45436192425,True,0.17165208036004037,,NONE,0.004872,True,FRESH_ORIGINAL
btc-updown-15m-1791082800,2026-10-04,300,HISTORICAL_PRE_V2,UP,1791083396.3215628,0.55,0.56,0.44,0.45,0.555,0.445,84791.02828134556,84790.960204673,True,0.015278076614490798,,NONE,0.187678,True,FRESH_ORIGINAL
btc-updown-15m-1791082800,2026-10-04,180,HISTORICAL_PRE_V2,UP,1791083519.82746,0.58,0.59,0.42,0.43,0.585,0.425,84791.778768716,84790.960204673,True,0.0036113987273907913,,UP,0.002814,True,FRESH_ORIGINAL
btc-updown-15m-1791082800,2026-10-04,120,HISTORICAL_PRE_V2,UP,1791083576.6471639,0.54,0.55,0.44,0.45,0.545,0.445,84791.11761142155,84790.960204673,True,0.004569389569646733,,UP,0.226815,True,FRESH_ORIGINAL
btc-updown-15m-1791085500,2026-10-04,120,HISTORICAL_PRE_V2,DOWN,1791086275.56933,0.01,0.011,0.989,0.99,0.010499999999999999,0.9895,84827.41678034094,84867.18507718357,True,1.1792172115687287,,DOWN,-0.583852,True,FRESH_ORIGINAL
btc-updown-15m-1791086400,2026-10-04,300,HISTORICAL_PRE_V2,DOWN,1791086997.418477,0.17,0.18,0.82,0.83,0.175,0.825,84812.04699920201,84826.58798076601,True,0.3025447904179543,,DOWN,-0.405606,True,FRESH_ORIGINAL
btc-updown-15m-1791086400,2026-10-04,120,HISTORICAL_PRE_V2,DOWN,1791087178.461519,0.02,0.03,0.98,0.99,0.025,0.985,84803.08927902064,84826.58798076601,True,0.7120257347550989,,DOWN,-0.095745,True,FRESH_ORIGINAL
btc-updown-15m-1791087300,2026-10-04,120,HISTORICAL_PRE_V2,UP,1791088076.6853251,0.9,0.91,0.09,0.1,0.905,0.095,84801.1383729084,84798.71070125345,True,0.06250615798992738,,NONE,0.0,True,FRESH_ORIGINAL
btc-updown-15m-1791088200,2026-10-04,600,HISTORICAL_PRE_V2,UP,1791088498.622453,0.45,0.46,0.54,0.55,0.455,0.545,84803.32456696128,84801.23032008471,True,0.019536821479277277,,NONE,-0.08012,True,FRESH_ORIGINAL
btc-updown-15m-1791088200,2026-10-04,30,HISTORICAL_PRE_V2,UP,1791089065.6246479,0.84,0.88,0.09,0.1,0.86,0.095,84802.16176182537,84801.23032008471,True,0.09120924429440884,,NONE,0.0,True,FRESH_ORIGINAL
btc-updown-15m-1791089100,2026-10-04,600,HISTORICAL_PRE_V2,UP,1791089399.112475,0.53,0.54,0.47,0.48,0.535,0.475,84804.24882554865,84802.27436093347,True,0.03000804389045202,,NONE,0.00368,True,FRESH_ORIGINAL
btc-updown-15m-1791089100,2026-10-04,120,HISTORICAL_PRE_V2,UP,1791089879.325388,0.28,0.29,0.73,0.74,0.28500000000000003,0.735,84802.42827659276,84802.27436093347,True,0.01751394422849671,,DOWN,-0.358776,True,FRESH_ORIGINAL
btc-updown-15m-1791089100,2026-10-04,60,HISTORICAL_PRE_V2,UP,1791089935.404012,0.35,0.36,0.7,0.71,0.355,0.705,84802.89859857495,84802.27436093347,True,0.01092859639642637,,DOWN,-0.358776,True,FRESH_ORIGINAL
btc-updown-15m-1791093600,2026-10-04,300,HISTORICAL_PRE_V2,UP,1791094198.97035,0.81,0.82,0.18,0.19,0.815,0.185,84908.9422318562,84889.98142640825,True,0.3617206635426148,,UP,0.403572,True,FRESH_ORIGINAL
btc-updown-15m-1791093600,2026-10-04,60,HISTORICAL_PRE_V2,UP,1791094436.213974,0.97,0.98,0.01,0.02,0.975,0.015,84905.22768154916,84889.98142640825,True,0.6444498947583118,,UP,0.064738,True,FRESH_ORIGINAL
btc-updown-15m-1791093600,2026-10-04,30,HISTORICAL_PRE_V2,UP,1791094469.3104541,0.99,1.0,0.0,0.01,0.995,0.005,84903.54959529212,84889.98142640825,True,1.0356616393433664,,UP,0.064738,True,FRESH_ORIGINAL
btc-updown-15m-1791094500,2026-10-04,600,HISTORICAL_PRE_V2,UP,1791094799.527763,0.75,0.76,0.23,0.24,0.755,0.235,84912.97715046357,84899.58453768713,True,0.19157941701248218,,UP,0.02501,True,FRESH_ORIGINAL
btc-updown-15m-1791094500,2026-10-04,30,HISTORICAL_PRE_V2,UP,1791095369.58749,0.0,0.01,0.99,1.0,0.005,0.995,84872.52272037204,84899.58453768713,True,,,NONE,0.0,True,FRESH_ORIGINAL
btc-updown-15m-1791098100,2026-10-04,300,HISTORICAL_PRE_V2,DOWN,1791098697.397364,0.43,0.44,0.56,0.57,0.435,0.565,84976.36990052731,84979.06952550398,True,0.04121155323234116,,DOWN,0.100304,True,FRESH_ORIGINAL
btc-updown-15m-1791099000,2026-10-04,180,HISTORICAL_PRE_V2,DOWN,1791099719.7921228,0.17,0.18,0.82,0.83,0.175,0.825,84947.51542601817,84963.83251654638,True,0.37617048067112535,,DOWN,-0.052546,True,FRESH_ORIGINAL
btc-updown-15m-1791099000,2026-10-04,120,HISTORICAL_PRE_V2,DOWN,1791099779.253268,0.17,0.18,0.82,0.83,0.175,0.825,84949.85593002714,84963.83251654638,True,0.3275480399993418,,DOWN,-0.442935,True,FRESH_ORIGINAL
btc-updown-15m-1791099000,2026-10-04,30,HISTORICAL_PRE_V2,DOWN,1791099865.237647,0.01,0.02,0.98,0.99,0.015,0.985,84959.33236087109,84963.83251654638,True,0.3246686377719542,,DOWN,-0.442935,True,FRESH_ORIGINAL
btc-updown-15m-1791099900,2026-10-04,300,HISTORICAL_PRE_V2,UP,1791100496.507427,0.98,0.99,0.02,0.03,0.985,0.025,85037.19751141203,84960.38674725112,True,1.306845197287013,,UP,0.428117,True,FRESH_ORIGINAL
btc-updown-15m-1791100800,2026-10-04,600,HISTORICAL_PRE_V2,UP,1791101097.237216,0.67,0.68,0.33,0.34,0.675,0.335,85108.5420183798,85085.75299058163,True,0.34513004614769976,,UP,0.039084,True,FRESH_ORIGINAL
btc-updown-15m-1791102600,2026-10-04,180,HISTORICAL_PRE_V2,DOWN,1791103318.025492,0.01,0.019,0.981,0.984,0.014499999999999999,0.9824999999999999,85059.49802580134,85155.33602661715,True,2.3636941038939745,,DOWN,-0.266085,True,FRESH_ORIGINAL
btc-updown-15m-1791103500,2026-10-04,600,HISTORICAL_PRE_V2,UP,1791103796.4346392,0.81,0.82,0.18,0.19,0.815,0.185,85099.31999616168,85062.66621075675,True,0.5190808614388096,,UP,0.067704,True,FRESH_ORIGINAL
btc-updown-15m-1791103500,2026-10-04,300,HISTORICAL_PRE_V2,UP,1791104095.688341,0.85,0.86,0.14,0.15,0.855,0.14500000000000002,85085.14270178408,85062.66621075675,True,0.42519874429127885,,UP,0.435858,True,FRESH_ORIGINAL
btc-updown-15m-1791103500,2026-10-04,60,HISTORICAL_PRE_V2,UP,1791104336.3409011,0.99,1.0,0.0,0.01,0.995,0.005,85085.68219540265,85062.66621075675,True,0.9298386118792458,,UP,0.077697,True,FRESH_ORIGINAL
btc-updown-15m-1791104400,2026-10-04,120,HISTORICAL_PRE_V2,UP,1791105176.73436,0.96,0.97,0.03,0.04,0.965,0.035,85122.63042593774,85091.25545085147,True,0.9272669629105851,,NONE,0.0,True,FRESH_ORIGINAL
btc-updown-15m-1791104400,2026-10-04,60,HISTORICAL_PRE_V2,UP,1791105237.7035048,0.99,1.0,0.0,0.01,0.995,0.005,85122.295951517,85091.25545085147,True,1.2862941126079708,,NONE,0.0,True,FRESH_ORIGINAL
btc-updown-15m-1791104400,2026-10-04,30,HISTORICAL_PRE_V2,UP,1791105268.6154308,0.99,1.0,0.0,0.01,0.995,0.005,85122.32193067929,85091.25545085147,True,3.257322878444868,,NONE,0.0,True,FRESH_ORIGINAL
btc-updown-15m-1791105300,2026-10-04,300,HISTORICAL_PRE_V2,UP,1791105898.402994,0.98,0.99,0.01,0.02,0.985,0.015,85190.60162853032,85122.42363577554,True,1.2507194896150904,,UP,0.395856,True,FRESH_ORIGINAL
btc-updown-15m-1791107100,2026-10-04,120,HISTORICAL_PRE_V2,DOWN,1791107878.859497,0.02,0.03,0.98,0.99,0.025,0.985,85224.5655891004,85262.3464494281,True,1.4164882821837717,,DOWN,-0.527194,True,FRESH_ORIGINAL
btc-updown-15m-1791108000,2026-10-04,600,HISTORICAL_PRE_V2,UP,1791108295.277648,0.77,0.78,0.22,0.23,0.775,0.225,85250.03401030776,85220.23367685355,True,0.4344685214501397,,UP,0.04663,True,FRESH_ORIGINAL
btc-updown-15m-1791108000,2026-10-04,300,HISTORICAL_PRE_V2,UP,1791108598.707681,0.68,0.69,0.31,0.32,0.685,0.315,85240.04261271132,85220.23367685355,True,0.2510374013253143,,UP,0.223849,True,FRESH_ORIGINAL
btc-updown-15m-1791108000,2026-10-04,120,HISTORICAL_PRE_V2,UP,1791108779.1911628,0.68,0.69,0.29,0.3,0.685,0.295,85228.64065464083,85220.23367685355,True,0.22788672700537516,,UP,0.346598,True,FRESH_ORIGINAL
btc-updown-15m-1791108900,2026-10-04,600,HISTORICAL_PRE_V2,UP,1791109198.922108,0.92,0.93,0.06,0.07,0.925,0.065,85384.22403403927,85222.00122566296,True,1.6695649575345097,,UP,0.220619,True,FRESH_ORIGINAL
btc-updown-15m-1791109800,2026-10-04,600,HISTORICAL_PRE_V2,DOWN,1791110097.2517529,0.16,0.17,0.83,0.84,0.165,0.835,85351.30255274779,85394.20821838494,True,0.8994312873927697,,DOWN,-0.205011,True,FRESH_ORIGINAL
btc-updown-15m-1791112500,2026-10-04,600,HISTORICAL_PRE_V2,UP,1791112798.938091,0.67,0.68,0.32,0.33,0.675,0.325,85263.59331714346,85245.10468578977,True,0.2707875211243292,,UP,0.156049,True,FRESH_ORIGINAL
btc-updown-15m-1791113400,2026-10-04,180,HISTORICAL_PRE_V2,DOWN,1791114116.333984,0.04,0.05,0.95,0.96,0.045,0.955,85259.95131378039,85296.07503333432,True,0.786016976786313,,DOWN,-0.226993,True,FRESH_ORIGINAL
btc-updown-15m-1791114300,2026-10-04,600,HISTORICAL_PRE_V2,UP,1791114599.387742,0.46,0.47,0.54,0.55,0.46499999999999997,0.545,85249.53662717178,85253.66891467095,True,0.06655928727387579,,DOWN,-0.154838,True,FRESH_ORIGINAL
btc-updown-15m-1791114300,2026-10-04,300,HISTORICAL_PRE_V2,UP,1791114899.3113441,0.9,0.91,0.09,0.1,0.905,0.095,85288.98979629987,85253.66891467095,True,0.6566796736221647,,UP,0.427309,True,FRESH_ORIGINAL
btc-updown-15m-1791114300,2026-10-04,120,HISTORICAL_PRE_V2,UP,1791115075.016507,0.96,0.97,0.02,0.03,0.965,0.025,85286.58607750868,85253.66891467095,True,0.9128519584933587,,UP,0.427984,True,FRESH_ORIGINAL
btc-updown-15m-1791116100,2026-10-04,120,HISTORICAL_PRE_V2,UP,1791116875.590688,0.92,0.93,0.07,0.08,0.925,0.07500000000000001,85271.19075870648,85246.23542072509,True,0.6860253991593188,,UP,0.084189,True,FRESH_ORIGINAL
btc-updown-15m-1791117000,2026-10-04,600,HISTORICAL_PRE_V2,DOWN,1791117298.327553,0.52,0.53,0.47,0.48,0.525,0.475,85261.65183775905,85262.33887584829,True,0.017823969871213773,,UP,0.012743,True,FRESH_ORIGINAL
btc-updown-15m-1791117900,2026-10-04,300,HISTORICAL_PRE_V2,DOWN,1791118495.599518,0.01,0.02,0.97,0.98,0.015,0.975,85125.00471605983,85203.03640488004,True,1.8925025387349326,,DOWN,-0.32168,True,FRESH_ORIGINAL
btc-updown-15m-1791120600,2026-10-04,300,HISTORICAL_PRE_V2,UP,1791121197.7282932,0.8,0.81,0.2,0.21,0.805,0.20500000000000002,85255.37714925324,85211.6927208332,True,0.565406425418999,,UP,0.033347,True,FRESH_ORIGINAL
btc-updown-15m-1791120600,2026-10-04,30,HISTORICAL_PRE_V2,UP,1791121468.475254,0.97,0.99,0.01,0.02,0.98,0.015,85219.26588305851,85211.6927208332,True,0.924110919452501,,UP,-0.067579,True,FRESH_ORIGINAL
btc-updown-15m-1791121500,2026-10-04,600,HISTORICAL_PRE_V2,UP,1791121795.7184699,0.82,0.83,0.15,0.16,0.825,0.155,85275.07548414564,85217.68681732478,True,0.7989820309163536,,UP,0.277826,True,FRESH_ORIGINAL
btc-updown-15m-1791121500,2026-10-04,60,HISTORICAL_PRE_V2,UP,1791122336.875066,0.94,0.95,0.05,0.06,0.945,0.055,85230.30646471985,85217.68681732478,True,0.4209231423612094,,UP,0.503959,True,FRESH_ORIGINAL
btc-updown-15m-1791121500,2026-10-04,30,HISTORICAL_PRE_V2,UP,1791122369.2107189,0.99,1.0,0.0,0.01,0.995,0.005,85227.87844374386,85217.68681732478,True,1.2415879888611827,,UP,0.503959,True,FRESH_ORIGINAL
btc-updown-15m-1791123300,2026-10-04,600,HISTORICAL_PRE_V2,DOWN,1791123596.4152331,0.19,0.2,0.77,0.8,0.195,0.785,85167.79370561907,85195.80734949907,True,0.39366522649897034,,DOWN,-0.325462,True,FRESH_ORIGINAL
btc-updown-15m-1791127800,2026-10-04,600,HISTORICAL_PRE_V2,UP,1791128096.007801,0.31,0.32,0.66,0.67,0.315,0.665,85287.30059737463,85315.30537085196,True,0.36941841465328895,,DOWN,-0.261358,True,FRESH_ORIGINAL
btc-updown-15m-1791127800,2026-10-04,300,HISTORICAL_PRE_V2,UP,1791128399.581861,0.31,0.32,0.68,0.69,0.315,0.685,85288.71606308143,85315.30537085196,True,0.42736182194723127,,DOWN,-0.021743,True,FRESH_ORIGINAL
btc-updown-15m-1791127800,2026-10-04,120,HISTORICAL_PRE_V2,UP,1791128577.921916,0.85,0.86,0.14,0.15,0.855,0.14500000000000002,85325.46525178535,85315.30537085196,True,0.47449393604878803,,DOWN,0.224057,True,FRESH_ORIGINAL
btc-updown-15m-1791128700,2026-10-04,600,HISTORICAL_PRE_V2,DOWN,1791128999.766399,0.64,0.65,0.35,0.36,0.645,0.355,85345.0855216696,85326.85071394774,True,0.23866203781853912,,UP,0.026127,True,FRESH_ORIGINAL
btc-updown-15m-1791128700,2026-10-04,300,HISTORICAL_PRE_V2,DOWN,1791129299.6918201,0.34,0.35,0.65,0.66,0.345,0.655,85326.8188089588,85326.85071394774,True,0.23150007110180845,,UP,-0.275715,True,FRESH_ORIGINAL
btc-updown-15m-1791128700,2026-10-04,120,HISTORICAL_PRE_V2,DOWN,1791129477.226573,0.06,0.07,0.92,0.93,0.065,0.925,85308.29899303065,85326.85071394774,True,0.5739566529892325,,DOWN,-0.061349,True,FRESH_ORIGINAL
btc-updown-15m-1791129600,2026-10-04,180,HISTORICAL_PRE_V2,DOWN,1791130316.035021,0.26,0.27,0.73,0.74,0.265,0.735,85254.78586136526,85275.41873342088,True,0.4613885175561071,,DOWN,-0.379241,True,FRESH_ORIGINAL
btc-updown-15m-1791129600,2026-10-04,60,HISTORICAL_PRE_V2,DOWN,1791130439.964312,0.05,0.06,0.95,0.96,0.055,0.955,85254.07573154375,85275.41873342088,True,0.9178643674900309,,DOWN,-0.085346,True,FRESH_ORIGINAL
btc-updown-15m-1791131400,2026-10-04,300,HISTORICAL_PRE_V2,UP,1791131997.908854,0.96,0.97,0.03,0.04,0.965,0.035,85310.92625011948,85232.80689646422,True,1.4655342091053507,,UP,0.201144,True,FRESH_ORIGINAL
btc-updown-15m-1791131400,2026-10-04,180,HISTORICAL_PRE_V2,UP,1791132115.113881,0.986,0.99,0.01,0.014,0.988,0.012,85319.1088145354,85232.80689646422,True,2.105767627601482,,UP,0.47268,True,FRESH_ORIGINAL
btc-updown-15m-1791132300,2026-10-04,600,HISTORICAL_PRE_V2,UP,1791132598.720319,0.87,0.88,0.11,0.12,0.875,0.11499999999999999,85369.32397092717,85331.54238397027,True,1.1916663462722092,,UP,0.502568,True,FRESH_ORIGINAL
btc-updown-15m-1791132300,2026-10-04,300,HISTORICAL_PRE_V2,UP,1791132896.795032,0.77,0.78,0.22,0.23,0.775,0.225,85359.83243678312,85331.54238397027,True,0.4342486041731754,,UP,0.157844,True,FRESH_ORIGINAL
btc-updown-15m-1791132300,2026-10-04,180,HISTORICAL_PRE_V2,UP,1791133016.3664918,0.9,0.91,0.08,0.09,0.905,0.08499999999999999,85360.14772516536,85331.54238397027,True,0.813374691590065,,UP,0.529382,True,FRESH_ORIGINAL
btc-updown-15m-1791132300,2026-10-04,120,HISTORICAL_PRE_V2,UP,1791133077.895822,0.96,0.97,0.04,0.05,0.965,0.045,85363.23410161329,85331.54238397027,True,0.9752908709602294,,UP,0.121246,True,FRESH_ORIGINAL
btc-updown-15m-1791133200,2026-10-04,300,HISTORICAL_PRE_V2,DOWN,1791133796.3967092,0.25,0.26,0.8,0.81,0.255,0.805,85337.60490378767,85359.5725757319,True,0.6146699387806086,,DOWN,-0.414103,True,FRESH_ORIGINAL
btc-updown-15m-1791133200,2026-10-04,180,HISTORICAL_PRE_V2,DOWN,1791133918.835274,0.03,0.04,0.95,0.96,0.035,0.955,85324.10195567746,85359.5725757319,True,0.9854551659190564,,DOWN,-0.142109,True,FRESH_ORIGINAL
btc-updown-15m-1791135900,2026-10-04,600,HISTORICAL_PRE_V2,DOWN,1791136197.0186071,0.44,0.45,0.53,0.54,0.445,0.535,85383.25510724472,85379.49278041036,True,0.0625470410717021,,UP,-0.162791,True,FRESH_ORIGINAL
btc-updown-15m-1791135900,2026-10-04,180,HISTORICAL_PRE_V2,DOWN,1791136615.348759,0.03,0.04,0.96,0.97,0.035,0.965,85324.46575858378,85379.49278041036,True,1.2384140521599865,,DOWN,-0.580302,True,FRESH_ORIGINAL
btc-updown-15m-1791136800,2026-10-04,180,HISTORICAL_PRE_V2,DOWN,1791137518.989704,0.5,0.51,0.49,0.5,0.505,0.495,85301.16142225594,85302.18795109465,True,0.04592118569125004,,UP,-0.002941,True,FRESH_ORIGINAL
btc-updown-15m-1791137700,2026-10-04,600,HISTORICAL_PRE_V2,UP,1791137999.845726,0.67,0.68,0.32,0.33,0.675,0.325,85315.95352853501,85301.50836879612,True,0.19244693879327385,,UP,0.15333,True,FRESH_ORIGINAL
btc-updown-15m-1791137700,2026-10-04,300,HISTORICAL_PRE_V2,UP,1791138298.895606,0.63,0.64,0.38,0.39,0.635,0.385,85304.4085946348,85301.50836879612,True,0.07419423767654851,,UP,0.143083,True,FRESH_ORIGINAL
btc-updown-15m-1791137700,2026-10-04,60,HISTORICAL_PRE_V2,UP,1791138535.776265,0.87,0.88,0.12,0.13,0.875,0.125,85306.213805775,85301.50836879612,True,0.20417121479635478,,UP,0.004138,True,FRESH_ORIGINAL
btc-updown-15m-1791138600,2026-10-04,600,HISTORICAL_PRE_V2,UP,1791138897.145539,0.52,0.53,0.47,0.48,0.525,0.475,85306.40177402417,85306.70740717696,True,0.0038924930682468486,,UP,-0.005938,True,FRESH_ORIGINAL
btc-updown-15m-1791140400,2026-10-04,600,HISTORICAL_PRE_V2,UP,1791140699.896398,0.81,0.82,0.18,0.19,0.815,0.185,85363.20595043499,85322.57392888532,True,0.6461906338662284,,UP,0.127473,True,FRESH_ORIGINAL
btc-updown-15m-1791141300,2026-10-04,300,HISTORICAL_PRE_V2,UP,1791141897.4042602,0.74,0.75,0.25,0.26,0.745,0.255,85371.54046096932,85367.82925393434,True,0.2504732268547922,,UP,0.041542,True,FRESH_ORIGINAL
btc-updown-15m-1791141300,2026-10-04,120,HISTORICAL_PRE_V2,UP,1791142075.427129,0.98,0.99,0.01,0.02,0.985,0.015,85405.80176433682,85367.82925393434,True,2.077415067784052,,UP,0.378638,True,FRESH_ORIGINAL
btc-updown-15m-1791141300,2026-10-04,60,HISTORICAL_PRE_V2,UP,1791142139.508252,0.99,1.0,0.0,0.01,0.995,0.005,85448.76441116568,85367.82925393434,True,3.1666978882389882,,UP,0.378638,True,FRESH_ORIGINAL
btc-updown-15m-1791142200,2026-10-04,30,HISTORICAL_PRE_V2,DOWN,1791143065.9189289,0.0,0.01,0.99,1.0,0.005,0.995,85397.79731116726,85442.27953981912,True,,,NONE,0.0,True,FRESH_ORIGINAL
btc-updown-15m-1791143100,2026-10-04,600,HISTORICAL_PRE_V2,DOWN,1791143396.586999,0.64,0.65,0.35,0.36,0.645,0.355,85431.17405491199,85416.19796994877,True,0.27533960809921565,,UP,0.20666,True,FRESH_ORIGINAL
btc-updown-15m-1791143100,2026-10-04,300,HISTORICAL_PRE_V2,DOWN,1791143697.268167,0.46,0.47,0.53,0.54,0.46499999999999997,0.535,85413.71581023974,85416.19796994877,True,0.06964483127130608,,UP,-0.03611,True,FRESH_ORIGINAL
btc-updown-15m-1791143100,2026-10-04,120,HISTORICAL_PRE_V2,DOWN,1791143877.5660238,0.42,0.43,0.57,0.58,0.425,0.575,85413.73076947633,85416.19796994877,True,0.09428430138973198,,UP,-0.21934,True,FRESH_ORIGINAL
btc-updown-15m-1791144000,2026-10-04,600,HISTORICAL_PRE_V2,DOWN,1791144297.704276,0.48,0.49,0.51,0.52,0.485,0.515,85412.16874903404,85411.9999740108,True,0.011065306485728352,,DOWN,-0.001583,True,FRESH_ORIGINAL
btc-updown-15m-1791144000,2026-10-04,300,HISTORICAL_PRE_V2,DOWN,1791144597.479441,0.16,0.17,0.83,0.84,0.165,0.835,85379.61317197308,85411.9999740108,True,0.6088742549214694,,DOWN,-0.42957,True,FRESH_ORIGINAL
btc-updown-15m-1791144000,2026-10-04,60,HISTORICAL_PRE_V2,DOWN,1791144838.696832,0.07,0.08,0.94,0.95,0.07500000000000001,0.945,85400.49430321818,85411.9999740108,True,0.6304833181973926,,DOWN,-0.089807,True,FRESH_ORIGINAL
btc-updown-15m-1791145800,2026-10-04,600,HISTORICAL_PRE_V2,UP,1791146097.196419,0.91,0.92,0.09,0.1,0.915,0.095,85514.13243569063,85451.13763395937,True,1.278286174011959,,UP,0.312854,True,FRESH_ORIGINAL
btc-updown-15m-1791145800,2026-10-04,300,HISTORICAL_PRE_V2,UP,1791146399.637812,0.95,0.96,0.04,0.05,0.955,0.045,85573.86890030578,85451.13763395937,True,2.4998135959086087,,UP,0.331429,True,FRESH_ORIGINAL
btc-updown-15m-1791146700,2026-10-04,600,HISTORICAL_PRE_V2,UP,1791146998.8405519,0.66,0.67,0.29,0.31,0.665,0.3,85818.57640065138,85741.27016818068,True,0.6620722918203439,,UP,0.019854,True,FRESH_ORIGINAL
btc-updown-15m-1791146700,2026-10-04,300,HISTORICAL_PRE_V2,UP,1791147297.343327,0.79,0.8,0.19,0.2,0.795,0.195,85776.4683438879,85741.27016818068,True,0.95276071845677,,UP,0.153981,True,FRESH_ORIGINAL
btc-updown-15m-1791146700,2026-10-04,120,HISTORICAL_PRE_V2,UP,1791147479.405751,0.94,0.95,0.06,0.07,0.945,0.065,85814.38472890192,85741.27016818068,True,1.8077669215483512,,UP,0.25722,True,FRESH_ORIGINAL
btc-updown-15m-1791148500,2026-10-04,300,HISTORICAL_PRE_V2,DOWN,1791149099.5325189,0.05,0.06,0.94,0.95,0.055,0.945,85797.50629283137,86004.47535815055,True,2.879341171184637,,DOWN,-0.18498,True,FRESH_ORIGINAL
btc-updown-15m-1791150300,2026-10-04,120,HISTORICAL_PRE_V2,DOWN,1791151078.908606,0.0,0.01,0.99,1.0,0.005,0.995,85892.03565231188,85960.11464738824,True,3.5642791367550477,,DOWN,-0.506143,True,FRESH_ORIGINAL
btc-updown-15m-1791151200,2026-10-04,180,HISTORICAL_PRE_V2,UP,1791151917.863789,0.99,1.0,0.0,0.01,0.995,0.005,86216.21769399388,85825.32860065244,True,9.894001175808732,,UP,0.487573,True,FRESH_ORIGINAL
btc-updown-15m-1791154800,2026-10-04,300,HISTORICAL_PRE_V2,UP,1791155399.393769,0.87,0.88,0.12,0.13,0.875,0.125,86492.52049329792,86403.5205969499,True,1.6407796695833559,,UP,0.503802,True,FRESH_ORIGINAL
btc-updown-15m-1791154800,2026-10-04,120,HISTORICAL_PRE_V2,UP,1791155576.117902,0.99,1.0,0.0,0.01,0.995,0.005,86544.44011607722,86403.5205969499,True,4.340831474770167,,UP,0.450307,True,FRESH_ORIGINAL
btc-updown-15m-1791156600,2026-10-04,600,HISTORICAL_PRE_V2,DOWN,1791156895.413996,0.13,0.14,0.85,0.86,0.135,0.855,86571.59259655364,86695.44829921704,True,1.7219086422068666,,DOWN,-0.315605,True,FRESH_ORIGINAL
btc-updown-15m-1791157500,2026-10-04,600,HISTORICAL_PRE_V2,UP,1791157799.7953768,0.61,0.62,0.38,0.39,0.615,0.385,86493.00085151759,86482.62205291924,True,0.4117926139698306,,UP,0.233067,True,FRESH_ORIGINAL
btc-updown-15m-1791158400,2026-10-05,300,HISTORICAL_PRE_V2,DOWN,1791158996.722739,0.08,0.09,0.91,0.92,0.08499999999999999,0.915,86408.46939457409,86505.94362329412,True,2.1832678703110204,,DOWN,-0.541012,True,FRESH_ORIGINAL
btc-updown-15m-1791162000,2026-10-05,30,HISTORICAL_PRE_V2,DOWN,1791162869.405617,0.0,0.01,0.99,1.0,0.005,0.995,86605.46302559173,86660.45323298576,True,3.7290241744223454,,DOWN,-0.151883,True,FRESH_ORIGINAL
btc-updown-15m-1791164700,2026-10-05,300,HISTORICAL_PRE_V2,DOWN,1791165299.089887,0.03,0.04,0.96,0.97,0.035,0.965,86579.42330234344,86706.47141085037,True,2.560541215427406,,DOWN,-0.563492,True,FRESH_ORIGINAL
btc-updown-15m-1791166500,2026-10-05,300,HISTORICAL_PRE_V2,DOWN,1791167098.224722,0.05,0.06,0.94,0.95,0.055,0.945,86540.23633865805,86670.43330334174,True,2.331516266539663,,DOWN,-0.546783,True,FRESH_ORIGINAL
btc-updown-15m-1791166500,2026-10-05,180,HISTORICAL_PRE_V2,DOWN,1791167219.141376,0.01,0.02,0.98,0.99,0.015,0.985,86522.74651626847,86670.43330334174,True,3.514954731238061,,DOWN,-0.389937,True,FRESH_ORIGINAL
btc-updown-15m-1791166500,2026-10-05,120,HISTORICAL_PRE_V2,DOWN,1791167279.4215062,0.005,0.01,0.989,0.99,0.0075,0.9895,86542.9683353832,86670.43330334174,True,3.4994456240052596,,DOWN,-0.607337,True,FRESH_ORIGINAL
btc-updown-15m-1791167400,2026-10-05,600,HISTORICAL_PRE_V2,UP,1791167698.883519,0.18,0.19,0.8,0.81,0.185,0.805,86430.01887542366,86517.03794405452,True,1.2773694519435912,,DOWN,-0.437296,True,FRESH_ORIGINAL
btc-updown-15m-1791167400,2026-10-05,180,HISTORICAL_PRE_V2,UP,1791168118.046966,0.99,1.0,0.0,0.01,0.995,0.005,86682.68821744538,86517.03794405452,True,4.002848599449714,,UP,0.344828,True,FRESH_ORIGINAL
btc-updown-15m-1791167400,2026-10-05,120,HISTORICAL_PRE_V2,UP,1791168175.5915468,0.991,0.995,0.005,0.009,0.993,0.006999999999999999,86676.71656119294,86517.03794405452,True,3.451810360658646,,UP,0.341668,True,FRESH_ORIGINAL
btc-updown-15m-1791167400,2026-10-05,60,HISTORICAL_PRE_V2,UP,1791168237.979593,0.998,0.999,0.001,0.002,0.9984999999999999,0.0015,86633.02580365677,86517.03794405452,True,4.989495254482159,,UP,0.341668,True,FRESH_ORIGINAL
btc-updown-15m-1791168300,2026-10-05,600,HISTORICAL_PRE_V2,DOWN,1791168599.692402,0.12,0.13,0.87,0.88,0.125,0.875,86582.37952977153,86661.08024997573,True,1.4437656461349428,,DOWN,-0.289608,True,FRESH_ORIGINAL
btc-updown-15m-1791168300,2026-10-05,300,HISTORICAL_PRE_V2,DOWN,1791168896.8235688,0.26,0.27,0.74,0.75,0.265,0.745,86619.1714543103,86661.08024997573,True,0.777417140910419,,DOWN,-0.077787,True,FRESH_ORIGINAL
btc-updown-15m-1791168300,2026-10-05,60,HISTORICAL_PRE_V2,DOWN,1791169138.327056,0.0,0.01,0.99,1.0,0.005,0.995,86553.3545396557,86661.08024997573,True,4.848667116618942,,DOWN,-0.12978,True,FRESH_ORIGINAL
btc-updown-15m-1791168300,2026-10-05,30,HISTORICAL_PRE_V2,DOWN,1791169168.720499,0.0,0.01,0.99,1.0,0.005,0.995,86533.63923343811,86661.08024997573,True,17.124460785276426,,DOWN,-0.12978,True,FRESH_ORIGINAL
btc-updown-15m-1791170100,2026-10-05,600,HISTORICAL_PRE_V2,DOWN,1791170399.660664,0.21,0.22,0.78,0.79,0.215,0.785,86400.08191278824,86481.01971009542,True,1.148866326626972,,DOWN,-0.42325,True,FRESH_ORIGINAL
btc-updown-15m-1791170100,2026-10-05,300,HISTORICAL_PRE_V2,DOWN,1791170697.754789,0.13,0.14,0.88,0.89,0.135,0.885,86384.77889867847,86481.01971009542,True,1.769202282050372,,DOWN,-0.411079,True,FRESH_ORIGINAL
btc-updown-15m-1791171000,2026-10-05,180,HISTORICAL_PRE_V2,DOWN,1791171717.6884558,0.01,0.02,0.98,0.99,0.015,0.985,86275.69956356901,86436.97447224933,True,4.11922965593092,,DOWN,-0.61454,True,FRESH_ORIGINAL
btc-updown-15m-1791171000,2026-10-05,120,HISTORICAL_PRE_V2,DOWN,1791171778.977887,0.0,0.01,0.99,1.0,0.005,0.995,86252.33466070342,86436.97447224933,True,5.810615286252197,,DOWN,-0.61356,True,FRESH_ORIGINAL
btc-updown-15m-1791171900,2026-10-05,600,HISTORICAL_PRE_V2,DOWN,1791172199.2052329,0.67,0.68,0.32,0.33,0.675,0.325,86282.99457620198,86241.98899998,True,0.456574458269131,,UP,0.135575,True,FRESH_ORIGINAL
btc-updown-15m-1791171900,2026-10-05,60,HISTORICAL_PRE_V2,DOWN,1791172736.9998982,0.0,0.01,0.99,1.0,0.005,0.995,86081.25686060904,86241.98899998,True,10.121348433527839,,NONE,0.0,True,FRESH_ORIGINAL
btc-updown-15m-1791171900,2026-10-05,30,HISTORICAL_PRE_V2,DOWN,1791172768.580065,0.0,0.01,0.99,1.0,0.005,0.995,86032.33083381325,86241.98899998,True,19.881918153978084,,NONE,0.0,True,FRESH_ORIGINAL
btc-updown-15m-1791172800,2026-10-05,600,HISTORICAL_PRE_V2,DOWN,1791173097.417886,0.55,0.56,0.44,0.45,0.555,0.445,86058.62518556473,86047.45026667947,True,0.08149404320581063,,NONE,0.016995,True,FRESH_ORIGINAL
btc-updown-15m-1791174600,2026-10-05,300,HISTORICAL_PRE_V2,DOWN,1791175199.509757,0.02,0.03,0.97,0.98,0.025,0.975,85557.3847633158,85762.62721944635,True,4.148838982282525,,DOWN,-0.60011,True,FRESH_ORIGINAL
btc-updown-15m-1791174600,2026-10-05,180,HISTORICAL_PRE_V2,DOWN,1791175317.954245,0.011,0.019,0.981,0.989,0.015,0.985,85540.64909419876,85762.62721944635,True,4.7368408937421895,,DOWN,-0.252471,True,FRESH_ORIGINAL
btc-updown-15m-1791175500,2026-10-05,60,HISTORICAL_PRE_V2,DOWN,1791176335.5503879,0.0,0.01,0.99,1.0,0.005,0.995,85515.90992588556,85581.8588624979,True,3.514632739713419,,DOWN,-0.234605,True,FRESH_ORIGINAL
btc-updown-15m-1791175500,2026-10-05,30,HISTORICAL_PRE_V2,DOWN,1791176367.5665689,0.0,0.01,0.99,1.0,0.005,0.995,85502.57988337358,85581.8588624979,True,6.452751195335041,,DOWN,-0.234605,True,FRESH_ORIGINAL
btc-updown-15m-1791178200,2026-10-05,120,HISTORICAL_PRE_V2,UP,1791178978.097497,0.991,0.992,0.008,0.01,0.9915,0.009000000000000001,85669.4772937141,85509.45789516429,True,3.6110946008975597,,UP,0.323072,True,FRESH_ORIGINAL
btc-updown-15m-1791179100,2026-10-05,600,HISTORICAL_PRE_V2,UP,1791179398.600686,0.41,0.42,0.58,0.59,0.415,0.585,85695.526003302,85728.82675282138,True,0.3112089106384061,,DOWN,0.005417,True,FRESH_ORIGINAL
btc-updown-15m-1791179100,2026-10-05,30,HISTORICAL_PRE_V2,UP,1791179965.633526,0.84,0.86,0.17,0.18,0.85,0.175,85735.6201550516,85728.82675282138,True,0.4074623308499834,,NONE,0.0,True,FRESH_ORIGINAL
btc-updown-15m-1791180000,2026-10-05,600,HISTORICAL_PRE_V2,UP,1791180295.558547,0.83,0.84,0.16,0.17,0.835,0.165,85861.01249694871,85735.54243675819,True,1.507868658146572,,UP,0.202055,True,FRESH_ORIGINAL
btc-updown-15m-1791180000,2026-10-05,60,HISTORICAL_PRE_V2,UP,1791180838.40514,0.999,0.999,0.001,0.001,0.999,0.001,85869.49248471783,85735.54243675819,True,6.308056811699145,,NONE,0.0,True,FRESH_ORIGINAL
btc-updown-15m-1791180900,2026-10-05,180,HISTORICAL_PRE_V2,UP,1791181619.064613,0.73,0.74,0.26,0.27,0.735,0.265,85911.80919740941,85887.75569193895,True,,,NONE,0.085168,True,FRESH_ORIGINAL
btc-updown-15m-1791183600,2026-10-05,600,HISTORICAL_PRE_V2,UP,1791183899.8342762,0.59,0.6,0.38,0.39,0.595,0.385,86236.02263709909,86203.10859873776,True,0.529456598972471,,UP,0.118546,True,FRESH_ORIGINAL
btc-updown-15m-1791184500,2026-10-05,180,HISTORICAL_PRE_V2,DOWN,1791185215.667058,0.06,0.07,0.92,0.93,0.065,0.925,86184.66121005321,86256.40882392896,True,1.8492085526251398,,DOWN,-0.556492,True,FRESH_ORIGINAL
btc-updown-15m-1791189900,2026-10-05,120,HISTORICAL_PRE_V2,DOWN,1791190679.3311539,0.07,0.08,0.9,0.91,0.07500000000000001,0.905,86192.63996516237,86262.59929004087,True,1.5323911611996595,,NONE,0.0,True,FRESH_ORIGINAL
btc-updown-15m-1791190800,2026-10-05,600,HISTORICAL_PRE_V2,DOWN,1791191098.626146,0.15,0.16,0.84,0.85,0.155,0.845,86112.34543071323,86204.6343339358,True,1.386333721534137,,DOWN,-0.477668,True,FRESH_ORIGINAL
btc-updown-15m-1791191700,2026-10-05,600,HISTORICAL_PRE_V2,DOWN,1791191995.244086,0.22,0.23,0.78,0.79,0.225,0.785,85808.20508911625,85964.50896844162,True,0.915095290108224,,DOWN,-0.043181,True,FRESH_ORIGINAL
btc-updown-15m-1791191700,2026-10-05,120,HISTORICAL_PRE_V2,DOWN,1791192478.7355928,0.01,0.02,0.98,0.99,0.015,0.985,85865.81923757383,85964.50896844162,True,2.560501374177352,,DOWN,-0.426694,True,FRESH_ORIGINAL
btc-updown-15m-1791195300,2026-10-05,300,HISTORICAL_PRE_V2,UP,1791195896.994991,0.93,0.94,0.06,0.07,0.935,0.065,86067.10697374346,85998.91805235755,True,1.6145239043460138,,UP,0.563152,True,FRESH_ORIGINAL
btc-updown-15m-1791196200,2026-10-05,600,HISTORICAL_PRE_V2,DOWN,1791196498.715322,0.47,0.48,0.52,0.53,0.475,0.525,86083.4679758964,86084.69227818259,True,0.046493587058088565,,DOWN,-0.031516,True,FRESH_ORIGINAL
btc-updown-15m-1791198900,2026-10-05,300,HISTORICAL_PRE_V2,UP,1791199498.9000478,0.94,0.95,0.05,0.06,0.945,0.055,85998.76306582494,85931.94476825367,True,1.3389692137746336,,UP,0.542295,True,FRESH_ORIGINAL
btc-updown-15m-1791200700,2026-10-05,600,HISTORICAL_PRE_V2,UP,1791200996.631089,0.44,0.45,0.56,0.57,0.445,0.565,86047.92643055914,86062.97392128693,True,0.17649724361748617,,DOWN,-0.004719,True,FRESH_ORIGINAL
btc-updown-15m-1791200700,2026-10-05,60,HISTORICAL_PRE_V2,UP,1791201537.549536,0.999,0.999,0.001,0.001,0.999,0.001,86172.2652967039,86062.97392128693,True,5.60642705970607,,NONE,0.0,True,FRESH_ORIGINAL
btc-updown-15m-1791201600,2026-10-05,300,HISTORICAL_PRE_V2,DOWN,1791202198.07167,0.05,0.06,0.94,0.95,0.055,0.945,86101.5736029769,86191.02474564523,True,2.0034112736597094,,DOWN,-0.291343,True,FRESH_ORIGINAL
btc-updown-15m-1791201600,2026-10-05,180,HISTORICAL_PRE_V2,DOWN,1791202315.6462688,0.012,0.013,0.987,0.988,0.0125,0.9875,86076.13923541731,86191.02474564523,True,2.8405804104297636,,DOWN,-0.440583,True,FRESH_ORIGINAL
btc-updown-15m-1791201600,2026-10-05,120,HISTORICAL_PRE_V2,DOWN,1791202377.412655,0.015,0.017,0.981,0.983,0.016,0.982,86082.50933044656,86191.02474564523,True,2.6022153153697456,,DOWN,-0.440287,True,FRESH_ORIGINAL
btc-updown-15m-1791201600,2026-10-05,60,HISTORICAL_PRE_V2,DOWN,1791202438.059457,0.003,0.006,0.992,0.999,0.0045000000000000005,0.9955,86104.32926070355,86191.02474564523,True,3.323483468972719,,DOWN,-0.440287,True,FRESH_ORIGINAL
btc-updown-15m-1791202500,2026-10-05,120,HISTORICAL_PRE_V2,DOWN,1791203279.0401971,0.01,0.02,0.98,0.99,0.015,0.985,86047.78037469285,86115.46579135983,True,1.909611070124809,,NONE,0.0,True,FRESH_ORIGINAL
btc-updown-15m-1791203400,2026-10-05,180,HISTORICAL_PRE_V2,DOWN,1791204119.412077,0.004,0.008,0.992,0.996,0.006,0.994,85860.94846022368,86026.66198609091,True,3.9877138692025396,,DOWN,-0.347589,True,FRESH_ORIGINAL
btc-updown-15m-1791206100,2026-10-05,180,HISTORICAL_PRE_V2,DOWN,1791206817.8460002,0.04,0.05,0.96,0.97,0.045,0.965,86015.98933169019,86120.77118534262,True,2.297378307885051,,DOWN,-0.246694,True,FRESH_ORIGINAL
btc-updown-15m-1791211500,2026-10-05,600,HISTORICAL_PRE_V2,DOWN,1791211795.6519198,0.27,0.28,0.74,0.75,0.275,0.745,85637.9531741501,85779.50307920827,True,0.7277170834773337,,DOWN,-0.125042,True,FRESH_ORIGINAL
btc-updown-15m-1791217800,2026-10-05,180,HISTORICAL_PRE_V2,UP,1791218515.501067,0.94,0.95,0.052,0.059,0.945,0.055499999999999994,85220.75429796452,85131.81279192473,True,1.584138545203876,,UP,0.262985,True,FRESH_ORIGINAL
btc-updown-15m-1791217800,2026-10-05,120,HISTORICAL_PRE_V2,UP,1791218578.6183481,0.896,0.9,0.1,0.104,0.898,0.10200000000000001,85187.88348839966,85131.81279192473,True,1.2585559359324796,,UP,0.18289,True,FRESH_ORIGINAL
btc-updown-15m-1791222300,2026-10-05,600,HISTORICAL_PRE_V2,UP,1791222599.0957131,0.24,0.25,0.83,0.84,0.245,0.835,85244.91058790726,85314.38560484983,True,1.0258182807461658,,DOWN,-0.425966,True,FRESH_ORIGINAL
btc-updown-15m-1791225000,2026-10-05,30,HISTORICAL_PRE_V2,UP,1791225867.037347,0.99,1.0,0.0,0.01,0.995,0.005,85610.84453477865,85579.53248238293,True,2.7708967740192016,,UP,0.075643,True,FRESH_ORIGINAL
btc-updown-15m-1791225900,2026-10-05,600,HISTORICAL_PRE_V2,UP,1791226196.98301,0.44,0.45,0.55,0.56,0.445,0.555,85604.91142561538,85611.05789325901,True,0.13651902624444934,,NONE,-0.164531,True,FRESH_ORIGINAL
btc-updown-15m-1791225900,2026-10-05,30,HISTORICAL_PRE_V2,UP,1791226765.352941,0.99,1.0,0.0,0.01,0.995,0.005,85640.78365298893,85611.05789325901,True,2.7226559206768712,,UP,0.457997,True,FRESH_ORIGINAL
btc-updown-15m-1791226800,2026-10-05,60,HISTORICAL_PRE_V2,UP,1791227638.1954648,0.96,0.97,0.03,0.04,0.965,0.035,85658.86551971146,85643.47244008961,True,0.7951255549345672,,NONE,-0.033732,True,FRESH_ORIGINAL
btc-updown-15m-1791227700,2026-10-05,600,HISTORICAL_PRE_V2,UP,1791227995.436641,0.8,0.81,0.19,0.2,0.805,0.195,85772.02463572311,85676.65501641069,True,0.894349767137734,,UP,0.40171,True,FRESH_ORIGINAL
btc-updown-15m-1791227700,2026-10-05,300,HISTORICAL_PRE_V2,UP,1791228297.7664351,0.84,0.85,0.15,0.16,0.845,0.155,85742.5690218716,85676.65501641069,True,1.104890303877435,,UP,0.383851,True,FRESH_ORIGINAL
btc-updown-15m-1791227700,2026-10-05,180,HISTORICAL_PRE_V2,UP,1791228416.294419,0.96,0.97,0.03,0.04,0.965,0.035,85747.75131031053,85676.65501641069,True,1.4570883635389034,,UP,0.425356,True,FRESH_ORIGINAL
btc-updown-15m-1791228600,2026-10-05,600,HISTORICAL_PRE_V2,UP,1791228898.8415139,0.52,0.53,0.49,0.5,0.525,0.495,85748.58723140121,85723.329600246,True,0.20722636465542962,,UP,-0.073267,True,FRESH_ORIGINAL
btc-updown-15m-1791228600,2026-10-05,300,HISTORICAL_PRE_V2,UP,1791229198.549443,0.24,0.25,0.75,0.76,0.245,0.755,85676.84653675095,85723.329600246,True,0.5893126430137008,,DOWN,-0.079347,True,FRESH_ORIGINAL
btc-updown-15m-1791228600,2026-10-05,120,HISTORICAL_PRE_V2,UP,1791229377.825927,0.6,0.61,0.39,0.4,0.605,0.395,85717.5287230224,85723.329600246,True,0.26370207365836806,,DOWN,-0.030936,True,FRESH_ORIGINAL
btc-updown-15m-1791228600,2026-10-05,30,HISTORICAL_PRE_V2,UP,1791229469.842301,0.0,0.01,0.99,1.0,0.005,0.995,85725.74016543823,85723.329600246,True,1.1660113717195175,,NONE,-0.030936,True,FRESH_ORIGINAL
btc-updown-15m-1791229500,2026-10-05,300,HISTORICAL_PRE_V2,DOWN,1791230096.8442729,0.16,0.17,0.83,0.84,0.165,0.835,85687.70056480402,85713.33873836535,True,0.876772839052739,,DOWN,-0.153286,True,FRESH_ORIGINAL
btc-updown-15m-1791229500,2026-10-05,60,HISTORICAL_PRE_V2,DOWN,1791230339.594464,0.77,0.78,0.22,0.23,0.775,0.225,85715.55530912802,85713.33873836535,True,0.47690782783964175,,NONE,-0.049722,True,FRESH_ORIGINAL
btc-updown-15m-1791229500,2026-10-05,30,HISTORICAL_PRE_V2,DOWN,1791230368.455342,0.99,1.0,0.0,0.01,0.995,0.005,85724.85830302298,85713.33873836535,True,1.7621919211403514,,NONE,-0.049722,True,FRESH_ORIGINAL
btc-updown-15m-1791230400,2026-10-05,300,HISTORICAL_PRE_V2,DOWN,1791230997.199748,0.26,0.27,0.73,0.74,0.265,0.735,85692.79958442156,85725.03530833646,True,0.5542835803038746,,DOWN,-0.359531,True,FRESH_ORIGINAL
btc-updown-15m-1791230400,2026-10-05,180,HISTORICAL_PRE_V2,DOWN,1791231117.167944,0.15,0.16,0.85,0.86,0.155,0.855,85685.48512980051,85725.03530833646,True,0.8644558209353697,,DOWN,-0.477205,True,FRESH_ORIGINAL
btc-updown-15m-1791230400,2026-10-05,60,HISTORICAL_PRE_V2,DOWN,1791231235.075325,0.0,0.01,0.99,1.0,0.005,0.995,85685.11722747002,85725.03530833646,True,1.5885849914138575,,DOWN,-0.111897,True,FRESH_ORIGINAL
btc-updown-15m-1791230400,2026-10-05,30,HISTORICAL_PRE_V2,DOWN,1791231269.682176,0.0,0.01,0.99,1.0,0.005,0.995,85678.16076076202,85725.03530833646,True,5.9379330762228655,,DOWN,-0.111897,True,FRESH_ORIGINAL
btc-updown-15m-1791232200,2026-10-05,180,HISTORICAL_PRE_V2,UP,1791232918.510355,0.91,0.92,0.08,0.09,0.915,0.08499999999999999,85795.02157528022,85761.83688840125,True,1.000601495318099,,UP,0.160797,True,FRESH_ORIGINAL
btc-updown-15m-1791232200,2026-10-05,120,HISTORICAL_PRE_V2,UP,1791232978.4468522,0.96,0.97,0.03,0.04,0.965,0.035,85804.94506719608,85761.83688840125,True,1.3376055631767836,,UP,0.160442,True,FRESH_ORIGINAL
btc-updown-15m-1791233100,2026-10-05,300,HISTORICAL_PRE_V2,UP,1791233697.833756,0.72,0.73,0.27,0.28,0.725,0.275,85798.83646831418,85789.26152836428,True,0.1621928460608174,,UP,0.019298,True,FRESH_ORIGINAL
btc-updown-15m-1791233100,2026-10-05,180,HISTORICAL_PRE_V2,UP,1791233816.792523,0.72,0.73,0.27,0.28,0.725,0.275,85813.84694666858,85789.26152836428,True,0.36573364033825784,,UP,0.220239,True,FRESH_ORIGINAL
btc-updown-15m-1791237600,2026-10-05,180,HISTORICAL_PRE_V2,UP,1791238317.609925,0.32,0.33,0.61,0.65,0.325,0.63,85913.80743341471,85946.79905430495,True,0.3230307981768528,,DOWN,0.064077,True,FRESH_ORIGINAL
btc-updown-15m-1791237600,2026-10-05,60,HISTORICAL_PRE_V2,UP,1791238438.766926,0.95,0.96,0.04,0.05,0.955,0.045,85956.33018182729,85946.79905430495,True,0.7199490753391993,,NONE,0.004885,True,FRESH_ORIGINAL
btc-updown-15m-1791238500,2026-10-05,120,HISTORICAL_PRE_V2,DOWN,1791239275.406786,0.11,0.12,0.87,0.88,0.11499999999999999,0.875,85912.36323255803,85958.03633436719,True,1.565948830750647,,DOWN,-0.467665,True,FRESH_ORIGINAL
btc-updown-15m-1791238500,2026-10-05,60,HISTORICAL_PRE_V2,DOWN,1791239335.333677,0.57,0.58,0.48,0.5,0.575,0.49,85928.61613627842,85958.03633436719,True,0.10985170942236244,,DOWN,-0.467665,True,FRESH_ORIGINAL
btc-updown-15m-1791238500,2026-10-05,30,HISTORICAL_PRE_V2,DOWN,1791239367.038461,0.97,0.98,0.02,0.03,0.975,0.025,85962.3819557495,85958.03633436719,True,1.2400989939278058,,NONE,-0.467665,True,FRESH_ORIGINAL
btc-updown-15m-1791239400,2026-10-05,300,HISTORICAL_PRE_V2,DOWN,1791239996.2358642,0.35,0.36,0.64,0.65,0.355,0.645,85922.49577784282,85973.77938727722,True,0.9249180407326584,,DOWN,-0.000149,True,FRESH_ORIGINAL
btc-updown-15m-1791239400,2026-10-05,180,HISTORICAL_PRE_V2,DOWN,1791240116.0642712,0.19,0.2,0.78,0.82,0.195,0.8,85925.6207303987,85973.77938727722,True,1.1886996832685135,,DOWN,-0.470338,True,FRESH_ORIGINAL
btc-updown-15m-1791239400,2026-10-05,120,HISTORICAL_PRE_V2,DOWN,1791240178.3326359,0.1,0.11,0.89,0.9,0.10500000000000001,0.895,85928.04618172022,85973.77938727722,True,1.326295561881874,,DOWN,-0.164714,True,FRESH_ORIGINAL
btc-updown-15m-1791240300,2026-10-05,300,HISTORICAL_PRE_V2,DOWN,1791240898.906977,0.08,0.09,0.91,0.92,0.08499999999999999,0.915,85890.0443698641,85961.12940974574,True,1.3741153670145627,,DOWN,-0.527478,True,FRESH_ORIGINAL
btc-updown-15m-1791240300,2026-10-05,120,HISTORICAL_PRE_V2,DOWN,1791241077.4332108,0.12,0.13,0.87,0.88,0.125,0.875,85917.6165523277,85961.12940974574,True,1.2595678175966825,,DOWN,-0.146131,True,FRESH_ORIGINAL
btc-updown-15m-1791240300,2026-10-05,60,HISTORICAL_PRE_V2,DOWN,1791241137.215752,0.01,0.02,0.97,0.98,0.015,0.975,85922.28977382851,85961.12940974574,True,1.6039243845397844,,DOWN,-0.146131,True,FRESH_ORIGINAL
btc-updown-15m-1791241200,2026-10-05,60,HISTORICAL_PRE_V2,UP,1791242039.542701,0.1,0.11,0.89,0.9,0.10500000000000001,0.895,85945.99876138779,85922.11764611736,True,1.0718410886520457,,UP,0.200907,True,FRESH_ORIGINAL
btc-updown-15m-1791242100,2026-10-05,600,HISTORICAL_PRE_V2,UP,1791242398.419054,0.6,0.61,0.39,0.4,0.605,0.395,85878.21546674178,85863.28975429869,True,0.24720360111755968,,NONE,0.035565,True,FRESH_ORIGINAL
btc-updown-15m-1791242100,2026-10-05,180,HISTORICAL_PRE_V2,UP,1791242815.472377,0.92,0.93,0.08,0.09,0.925,0.08499999999999999,85960.27704062288,85863.28975429869,True,2.3548567729996197,,UP,0.271427,True,FRESH_ORIGINAL
btc-updown-15m-1791242100,2026-10-05,120,HISTORICAL_PRE_V2,UP,1791242879.3026502,0.67,0.68,0.32,0.36,0.675,0.33999999999999997,85930.38252264888,85863.28975429869,True,1.0818144171440287,,UP,0.527021,True,FRESH_ORIGINAL
btc-updown-15m-1791242100,2026-10-05,60,HISTORICAL_PRE_V2,UP,1791242938.285887,0.97,0.98,0.02,0.03,0.975,0.025,85906.91537110232,85863.28975429869,True,1.9511915961671822,,UP,0.527021,True,FRESH_ORIGINAL
btc-updown-15m-1791243000,2026-10-05,600,HISTORICAL_PRE_V2,DOWN,1791243298.1958048,0.31,0.32,0.68,0.69,0.315,0.685,85859.08152594946,85911.17246905263,True,0.6231119861882676,,DOWN,-0.078761,True,FRESH_ORIGINAL
btc-updown-15m-1791243000,2026-10-05,300,HISTORICAL_PRE_V2,DOWN,1791243598.9232929,0.21,0.22,0.78,0.79,0.215,0.785,85852.01529576423,85911.17246905263,True,1.102554268076104,,DOWN,-0.27177,True,FRESH_ORIGINAL
btc-updown-15m-1791243000,2026-10-05,180,HISTORICAL_PRE_V2,DOWN,1791243715.471242,0.08,0.09,0.91,0.92,0.08499999999999999,0.915,85842.75368955065,85911.17246905263,True,1.7200933872703754,,DOWN,-0.549475,True,FRESH_ORIGINAL
btc-updown-15m-1791243000,2026-10-05,120,HISTORICAL_PRE_V2,DOWN,1791243779.216671,0.03,0.04,0.96,0.97,0.035,0.965,85837.22393747783,85911.17246905263,True,2.2686854099422264,,DOWN,-0.549849,True,FRESH_ORIGINAL
btc-updown-15m-1791243000,2026-10-05,30,HISTORICAL_PRE_V2,DOWN,1791243869.376947,0.0,0.01,0.99,1.0,0.005,0.995,85818.18815686084,85911.17246905263,True,9.404723766850715,,DOWN,-0.549849,True,FRESH_ORIGINAL
btc-updown-15m-1791243900,2026-10-05,600,HISTORICAL_PRE_V2,DOWN,1791244199.7141068,0.18,0.19,0.81,0.82,0.185,0.815,85733.71597980101,85824.7904874505,True,1.3143479759285652,,DOWN,-0.443783,True,FRESH_ORIGINAL
btc-updown-15m-1791243900,2026-10-05,300,HISTORICAL_PRE_V2,DOWN,1791244499.9252338,0.37,0.38,0.62,0.63,0.375,0.625,85799.54646809847,85824.7904874505,True,0.19911742452543385,,DOWN,0.04099,True,FRESH_ORIGINAL
btc-updown-15m-1791243900,2026-10-05,180,HISTORICAL_PRE_V2,DOWN,1791244619.143757,0.42,0.43,0.57,0.58,0.425,0.575,85820.90597207447,85824.7904874505,True,0.10223000975170496,,DOWN,-0.230545,True,FRESH_ORIGINAL
btc-updown-15m-1791243900,2026-10-05,120,HISTORICAL_PRE_V2,DOWN,1791244679.451509,0.06,0.07,0.93,0.94,0.065,0.935,85809.23635173262,85824.7904874505,True,1.1834011080111018,,DOWN,-0.234883,True,FRESH_ORIGINAL
btc-updown-15m-1791243900,2026-10-05,60,HISTORICAL_PRE_V2,DOWN,1791244738.511039,0.14,0.15,0.85,0.86,0.14500000000000002,0.855,85785.27427820134,85824.7904874505,True,1.5269526366128947,,DOWN,-0.234883,True,FRESH_ORIGINAL
btc-updown-15m-1791244800,2026-10-06,300,HISTORICAL_PRE_V2,UP,1791245398.7268338,0.75,0.76,0.24,0.25,0.755,0.245,85831.17392326733,85774.23717685971,True,1.0218251968253793,,UP,0.409662,True,FRESH_ORIGINAL
btc-updown-15m-1791244800,2026-10-06,180,HISTORICAL_PRE_V2,UP,1791245518.4819221,0.95,0.96,0.04,0.05,0.955,0.045,85856.54609137055,85774.23717685971,True,2.3563440417963446,,UP,0.320832,True,FRESH_ORIGINAL
btc-updown-15m-1791244800,2026-10-06,120,HISTORICAL_PRE_V2,UP,1791245576.853497,0.95,0.96,0.04,0.05,0.955,0.045,85866.96151815103,85774.23717685971,True,2.388512873075594,,UP,0.584538,True,FRESH_ORIGINAL
btc-updown-15m-1791244800,2026-10-06,60,HISTORICAL_PRE_V2,UP,1791245639.602797,0.99,1.0,0.0,0.01,0.995,0.005,85848.22750726622,85774.23717685971,True,3.0756659941340407,,UP,0.584538,True,FRESH_ORIGINAL
btc-updown-15m-1791245700,2026-10-06,600,HISTORICAL_PRE_V2,UP,1791245997.325207,0.61,0.62,0.38,0.39,0.615,0.385,85860.49595349071,85842.55433903974,True,,,NONE,0.088191,True,FRESH_ORIGINAL
btc-updown-15m-1791246600,2026-10-06,300,HISTORICAL_PRE_V2,DOWN,1791247197.913238,0.23,0.24,0.75,0.76,0.235,0.755,85799.46741572882,85823.85435887455,True,0.659561919033969,,DOWN,-0.121804,True,FRESH_ORIGINAL
btc-updown-15m-1791246600,2026-10-06,180,HISTORICAL_PRE_V2,DOWN,1791247317.667157,0.2,0.21,0.79,0.8,0.20500000000000002,0.795,85794.8900621021,85823.85435887455,True,1.1376216406083652,,DOWN,-0.462713,True,FRESH_ORIGINAL
btc-updown-15m-1791246600,2026-10-06,30,HISTORICAL_PRE_V2,DOWN,1791247466.894679,0.0,0.01,0.99,1.0,0.005,0.995,85798.75412551357,85823.85435887455,True,2.5624353239634243,,DOWN,-0.196102,True,FRESH_ORIGINAL
btc-updown-15m-1791247500,2026-10-06,120,HISTORICAL_PRE_V2,UP,1791248277.756671,0.99,1.0,0.0,0.01,0.995,0.005,85846.78402021543,85791.45191264589,True,1.7263317900949353,,UP,0.141756,True,FRESH_ORIGINAL
btc-updown-15m-1791248400,2026-10-06,600,HISTORICAL_PRE_V2,UP,1791248698.174098,0.89,0.9,0.1,0.11,0.895,0.10500000000000001,86027.06525421326,85857.28480692412,True,1.8210147118710365,,UP,0.475617,True,FRESH_ORIGINAL
btc-updown-15m-1791248400,2026-10-06,300,HISTORICAL_PRE_V2,UP,1791248999.4676638,0.94,0.95,0.05,0.06,0.945,0.055,86025.53750693175,85857.28480692412,True,2.8931055830845622,,UP,0.250607,True,FRESH_ORIGINAL
btc-updown-15m-1791251100,2026-10-06,120,HISTORICAL_PRE_V2,DOWN,1791251878.457462,0.01,0.02,0.98,0.99,0.015,0.985,85616.7917596797,85670.683094248,True,1.8880221380254347,,DOWN,-0.461902,True,FRESH_ORIGINAL
btc-updown-15m-1791252000,2026-10-06,600,HISTORICAL_PRE_V2,DOWN,1791252298.012485,0.28,0.29,0.71,0.72,0.28500000000000003,0.715,85571.23357875389,85620.08238181753,True,0.775208719492522,,DOWN,-0.348828,True,FRESH_ORIGINAL
btc-updown-15m-1791252900,2026-10-06,300,HISTORICAL_PRE_V2,UP,1791253497.173239,0.992,0.999,0.002,0.008,0.9955,0.005,85709.82093542736,85463.81422965685,True,4.677527849794407,,UP,0.314228,True,FRESH_ORIGINAL
btc-updown-15m-1791252900,2026-10-06,180,HISTORICAL_PRE_V2,UP,1791253618.94619,0.997,0.999,0.001,0.003,0.998,0.002,85706.12036863816,85463.81422965685,True,5.821326059649692,,UP,0.363595,True,FRESH_ORIGINAL
btc-updown-15m-1791253800,2026-10-06,600,HISTORICAL_PRE_V2,DOWN,1791254095.872949,0.28,0.29,0.71,0.72,0.28500000000000003,0.715,85585.2256278392,85622.48466174347,True,0.7425112838961945,,DOWN,-0.24496,True,FRESH_ORIGINAL
btc-updown-15m-1791254700,2026-10-06,300,HISTORICAL_PRE_V2,DOWN,1791255299.748936,0.06,0.07,0.93,0.94,0.065,0.935,85532.99665876375,85607.28733503944,True,1.4185323519177098,,DOWN,-0.542323,True,FRESH_ORIGINAL
btc-updown-15m-1791254700,2026-10-06,120,HISTORICAL_PRE_V2,DOWN,1791255478.3791091,0.0,0.01,0.99,1.0,0.005,0.995,85516.80514543658,85607.28733503944,True,3.110927189325705,,DOWN,-0.606702,True,FRESH_ORIGINAL
btc-updown-15m-1791254700,2026-10-06,60,HISTORICAL_PRE_V2,DOWN,1791255539.702253,0.0,0.01,0.99,1.0,0.005,0.995,85495.80303479933,85607.28733503944,True,4.605075118507058,,DOWN,-0.606702,True,FRESH_ORIGINAL
btc-updown-15m-1791255600,2026-10-06,180,HISTORICAL_PRE_V2,UP,1791256317.7181492,0.46,0.47,0.57,0.58,0.46499999999999997,0.575,85528.25730153218,85507.10093825929,True,0.0617360590148093,,UP,-0.176404,True,FRESH_ORIGINAL
btc-updown-15m-1791255600,2026-10-06,30,HISTORICAL_PRE_V2,UP,1791256466.847353,0.96,0.97,0.03,0.04,0.965,0.035,85514.88018512086,85507.10093825929,True,0.7540647906599395,,UP,-0.06225,True,FRESH_ORIGINAL
btc-updown-15m-1791256500,2026-10-06,600,HISTORICAL_PRE_V2,DOWN,1791256799.593974,0.66,0.67,0.35,0.36,0.665,0.355,85547.05025735263,85513.86797036094,True,0.3919685530736214,,UP,0.078071,True,FRESH_ORIGINAL
btc-updown-15m-1791256500,2026-10-06,300,HISTORICAL_PRE_V2,DOWN,1791257099.510575,0.47,0.48,0.52,0.53,0.475,0.525,85526.7334616273,85513.86797036094,True,0.06078353305160439,,UP,-0.182174,True,FRESH_ORIGINAL
btc-updown-15m-1791256500,2026-10-06,180,HISTORICAL_PRE_V2,DOWN,1791257215.6622999,0.25,0.26,0.74,0.75,0.255,0.745,85495.59323052375,85513.86797036094,True,0.481817926993717,,DOWN,-0.291965,True,FRESH_ORIGINAL
btc-updown-15m-1791256500,2026-10-06,120,HISTORICAL_PRE_V2,DOWN,1791257276.187816,0.05,0.06,0.94,0.95,0.055,0.945,85486.84257236903,85513.86797036094,True,1.055158569077467,,DOWN,-0.425689,True,FRESH_ORIGINAL
btc-updown-15m-1791256500,2026-10-06,60,HISTORICAL_PRE_V2,DOWN,1791257337.620307,0.0,0.01,0.99,1.0,0.005,0.995,85461.90230947996,85513.86797036094,True,2.4812670517007493,,DOWN,-0.425689,True,FRESH_ORIGINAL
btc-updown-15m-1791257400,2026-10-06,300,HISTORICAL_PRE_V2,DOWN,1791257997.725193,0.12,0.13,0.87,0.88,0.125,0.875,85391.53937842518,85453.33818229324,True,1.0125906095857087,,DOWN,-0.333035,True,FRESH_ORIGINAL
btc-updown-15m-1791258300,2026-10-06,180,HISTORICAL_PRE_V2,UP,1791259017.243799,0.92,0.93,0.07,0.08,0.925,0.07500000000000001,85497.00942123625,85447.34465083422,True,1.1728758624028233,,UP,0.159747,True,FRESH_ORIGINAL
btc-updown-15m-1791258300,2026-10-06,120,HISTORICAL_PRE_V2,UP,1791259079.900206,0.92,0.93,0.07,0.08,0.925,0.07500000000000001,85489.17893554301,85447.34465083422,True,1.0293161543536462,,UP,0.161047,True,FRESH_ORIGINAL
btc-updown-15m-1791259200,2026-10-06,300,HISTORICAL_PRE_V2,UP,1791259797.488054,0.96,0.97,0.03,0.04,0.965,0.035,85564.500249302,85474.57433753528,True,1.9696983849970182,,UP,0.42735,True,FRESH_ORIGINAL
btc-updown-15m-1791259200,2026-10-06,180,HISTORICAL_PRE_V2,UP,1791259916.3650382,0.98,0.99,0.01,0.02,0.985,0.015,85557.88112542579,85474.57433753528,True,2.027151890794938,,UP,0.475655,True,FRESH_ORIGINAL
btc-updown-15m-1791259200,2026-10-06,120,HISTORICAL_PRE_V2,UP,1791259979.1143,0.994,0.999,0.001,0.009,0.9964999999999999,0.004999999999999999,85557.56597139314,85474.57433753528,True,2.517995735581126,,UP,0.242559,True,FRESH_ORIGINAL
btc-updown-15m-1791260100,2026-10-06,300,HISTORICAL_PRE_V2,DOWN,1791260699.5979142,0.38,0.39,0.61,0.62,0.385,0.615,85590.51076985603,85599.87515653035,True,0.18703945248179163,,DOWN,-0.005815,True,FRESH_ORIGINAL
btc-updown-15m-1791260100,2026-10-06,60,HISTORICAL_PRE_V2,DOWN,1791260938.773844,0.0,0.01,0.99,1.0,0.005,0.995,85577.97871930634,85599.87515653035,True,1.4721299261418306,,DOWN,-0.027828,True,FRESH_ORIGINAL
btc-updown-15m-1791260100,2026-10-06,30,HISTORICAL_PRE_V2,DOWN,1791260966.1257138,0.0,0.01,0.99,1.0,0.005,0.995,85565.67541984766,85599.87515653035,True,3.5846315922713723,,DOWN,-0.027828,True,FRESH_ORIGINAL
btc-updown-15m-1791261000,2026-10-06,300,HISTORICAL_PRE_V2,UP,1791261599.695152,0.73,0.74,0.26,0.27,0.735,0.265,85593.45561438992,85561.60099010637,True,0.6606318364327742,,UP,0.377855,True,FRESH_ORIGINAL
btc-updown-15m-1791261000,2026-10-06,180,HISTORICAL_PRE_V2,UP,1791261719.0105128,0.81,0.82,0.18,0.19,0.815,0.185,85592.69056882872,85561.60099010637,True,0.7388167955435596,,UP,0.413604,True,FRESH_ORIGINAL
btc-updown-15m-1791261900,2026-10-06,600,HISTORICAL_PRE_V2,UP,1791262197.0313148,0.35,0.36,0.64,0.65,0.355,0.645,85550.87697010075,85568.26081096055,True,0.22911025450791553,,DOWN,-0.096989,True,FRESH_ORIGINAL
btc-updown-15m-1791261900,2026-10-06,60,HISTORICAL_PRE_V2,UP,1791262735.638418,0.41,0.42,0.58,0.59,0.415,0.585,85570.29694960514,85568.26081096055,True,0.08327105551284072,,DOWN,0.126245,True,FRESH_ORIGINAL
btc-updown-15m-1791262800,2026-10-06,300,HISTORICAL_PRE_V2,UP,1791263397.479577,0.96,0.97,0.03,0.04,0.965,0.035,85693.05328539373,85592.57179608115,True,1.8234229765288212,,UP,0.181622,True,FRESH_ORIGINAL
btc-updown-15m-1791264600,2026-10-06,300,HISTORICAL_PRE_V2,DOWN,1791265199.7816992,0.31,0.32,0.68,0.69,0.315,0.685,85651.82974686519,85657.01899853461,True,0.19469688837026025,,DOWN,-0.293894,True,FRESH_ORIGINAL
btc-updown-15m-1791265500,2026-10-06,300,HISTORICAL_PRE_V2,DOWN,1791266095.928782,0.09,0.1,0.9,0.91,0.095,0.905,85505.19618795918,85565.56241500772,True,0.9015882136628892,,DOWN,-0.072632,True,FRESH_ORIGINAL
btc-updown-15m-1791265500,2026-10-06,180,HISTORICAL_PRE_V2,DOWN,1791266216.481597,0.08,0.09,0.91,0.92,0.08499999999999999,0.915,85526.47303342492,85565.56241500772,True,0.8736156356369018,,DOWN,-0.532192,True,FRESH_ORIGINAL
btc-updown-15m-1791265500,2026-10-06,120,HISTORICAL_PRE_V2,DOWN,1791266275.354316,0.02,0.03,0.97,0.98,0.025,0.975,85523.56287950545,85565.56241500772,True,1.2504165448570803,,DOWN,-0.533057,True,FRESH_ORIGINAL
btc-updown-15m-1791267300,2026-10-06,300,HISTORICAL_PRE_V2,UP,1791267898.204897,0.88,0.89,0.11,0.12,0.885,0.11499999999999999,85219.1852207708,85156.55027446517,True,1.3608815768887315,,UP,0.242677,True,FRESH_ORIGINAL
btc-updown-15m-1791269100,2026-10-06,600,HISTORICAL_PRE_V2,UP,1791269399.1023328,0.73,0.74,0.26,0.27,0.735,0.265,85341.78572770872,85295.47336815632,True,0.5602626394750629,,UP,0.059742,True,FRESH_ORIGINAL
btc-updown-15m-1791270000,2026-10-06,600,HISTORICAL_PRE_V2,UP,1791270297.2771132,0.58,0.59,0.41,0.42,0.585,0.415,85288.34836492389,85287.77311452378,True,0.19115158853518044,,DOWN,0.089321,True,FRESH_ORIGINAL
btc-updown-15m-1791270000,2026-10-06,60,HISTORICAL_PRE_V2,UP,1791270836.141681,0.84,0.85,0.18,0.19,0.845,0.185,85298.07777944156,85287.77311452378,True,0.6377562307846769,,UP,0.079917,True,FRESH_ORIGINAL
btc-updown-15m-1791270900,2026-10-06,300,HISTORICAL_PRE_V2,DOWN,1791271499.806684,0.28,0.29,0.71,0.72,0.28500000000000003,0.715,85312.10391554539,85332.17580327809,True,0.44641214851197736,,DOWN,-0.31177,True,FRESH_ORIGINAL
btc-updown-15m-1791273600,2026-10-06,600,HISTORICAL_PRE_V2,UP,1791273895.968504,0.76,0.77,0.23,0.24,0.765,0.235,85596.50292691159,85542.86228465258,True,0.7210319280195862,,UP,0.108948,True,FRESH_ORIGINAL
btc-updown-15m-1791275400,2026-10-06,600,HISTORICAL_PRE_V2,UP,1791275697.959924,0.41,0.42,0.58,0.59,0.415,0.585,85861.8066353674,85873.41210712916,True,0.21405061310040513,,UP,-0.07188,True,FRESH_ORIGINAL
btc-updown-15m-1791276300,2026-10-06,600,HISTORICAL_PRE_V2,UP,1791276596.198726,0.53,0.54,0.46,0.47,0.535,0.46499999999999997,85963.52530706949,85929.61110328132,True,0.13631660514076802,,UP,-0.13239,True,FRESH_ORIGINAL
btc-updown-15m-1791276300,2026-10-06,300,HISTORICAL_PRE_V2,UP,1791276899.564949,0.75,0.76,0.24,0.25,0.755,0.245,85979.91202421527,85929.61110328132,True,0.8729696376571084,,UP,0.409864,True,FRESH_ORIGINAL
btc-updown-15m-1791277200,2026-10-06,180,HISTORICAL_PRE_V2,DOWN,1791277917.546438,0.06,0.07,0.94,0.95,0.065,0.945,85874.26357572865,86014.51812503442,True,2.998465285888313,,DOWN,-0.549367,True,FRESH_ORIGINAL
btc-updown-15m-1791279000,2026-10-06,180,HISTORICAL_PRE_V2,UP,1791279719.226045,0.991,0.995,0.005,0.009,0.993,0.006999999999999999,85885.88166995675,85729.68745445427,True,4.125272057600693,,UP,0.443383,True,FRESH_ORIGINAL
btc-updown-15m-1791281700,2026-10-06,120,HISTORICAL_PRE_V2,DOWN,1791282477.4250722,0.026,0.04,0.961,0.969,0.033,0.965,86047.17006784119,86126.39317613121,True,1.9616470816010088,,DOWN,-0.27801,True,FRESH_ORIGINAL
btc-updown-15m-1791282600,2026-10-06,300,HISTORICAL_PRE_V2,UP,1791283198.51149,0.09,0.1,0.9,0.91,0.095,0.905,85999.37142492455,86093.34509939972,True,1.4061478863798345,,DOWN,-0.200506,True,FRESH_ORIGINAL
btc-updown-15m-1791282600,2026-10-06,120,HISTORICAL_PRE_V2,UP,1791283377.432338,0.64,0.66,0.34,0.35,0.65,0.345,86092.22567463545,86093.34509939972,True,0.25569043526771973,,DOWN,0.105908,True,FRESH_ORIGINAL
btc-updown-15m-1791282600,2026-10-06,60,HISTORICAL_PRE_V2,UP,1791283435.721712,0.99,1.0,0.0,0.01,0.995,0.005,86114.4436153839,86093.34509939972,True,2.294656446840327,,NONE,0.105908,True,FRESH_ORIGINAL
btc-updown-15m-1791283500,2026-10-06,60,HISTORICAL_PRE_V2,DOWN,1791284339.901891,0.0,0.01,0.99,1.0,0.005,0.995,86121.31934497022,86170.897028244,True,2.5931750992487705,,NONE,-0.291636,True,FRESH_ORIGINAL
btc-updown-15m-1791283500,2026-10-06,30,HISTORICAL_PRE_V2,DOWN,1791284367.809101,0.0,0.01,0.99,1.0,0.005,0.995,86110.85227965396,86170.897028244,True,5.616592723277447,,NONE,-0.291636,True,FRESH_ORIGINAL
btc-updown-15m-1791284400,2026-10-06,30,HISTORICAL_PRE_V2,UP,1791285268.265926,0.99,1.0,0.0,0.01,0.995,0.005,86168.65262753134,86118.08636809785,True,5.96806474476045,,NONE,-0.145867,True,FRESH_ORIGINAL
btc-updown-15m-1791285300,2026-10-06,300,HISTORICAL_PRE_V2,UP,1791285897.782357,0.81,0.82,0.18,0.19,0.815,0.185,86254.26501147836,86178.30511075805,True,1.13388873838517,,UP,0.106154,True,FRESH_ORIGINAL
btc-updown-15m-1791285300,2026-10-06,30,HISTORICAL_PRE_V2,UP,1791286169.740663,0.94,0.95,0.05,0.06,0.945,0.055,86195.45597870079,86178.30511075805,True,0.8316249280316913,,UP,0.365075,True,FRESH_ORIGINAL
btc-updown-15m-1791286200,2026-10-06,120,HISTORICAL_PRE_V2,UP,1791286978.486055,0.91,0.916,0.086,0.09,0.913,0.088,86238.2664698101,86185.8772598607,True,1.222957199746849,,UP,0.314379,True,FRESH_ORIGINAL
btc-updown-15m-1791287100,2026-10-06,60,HISTORICAL_PRE_V2,DOWN,1791287938.4441578,0.0,0.01,0.99,1.0,0.005,0.995,86244.4462242548,86284.01637303314,True,1.6768764374736032,,DOWN,-0.139452,True,FRESH_ORIGINAL
btc-updown-15m-1791287100,2026-10-06,30,HISTORICAL_PRE_V2,DOWN,1791287969.852587,0.0,0.01,0.99,1.0,0.005,0.995,86243.64094657324,86284.01637303314,True,4.761634411661759,,DOWN,-0.139452,True,FRESH_ORIGINAL
btc-updown-15m-1791288000,2026-10-06,120,HISTORICAL_PRE_V2,UP,1791288778.43101,0.93,0.94,0.06,0.07,0.935,0.065,86293.38496884346,86236.05926677122,True,1.8821274818712397,,UP,0.149778,True,FRESH_ORIGINAL
btc-updown-15m-1791304200,2026-10-06,600,NATIVE_V2,DOWN,1791304499.365677,0.2,0.21,0.79,0.8,0.20500000000000002,0.795,85639.1230018984,85727.93830773325,True,1.4078443300041854,,DOWN,-0.442512,True,
btc-updown-15m-1791304200,2026-10-06,300,NATIVE_V2,DOWN,1791304799.108507,0.06,0.07,0.93,0.94,0.065,0.935,85591.61887432195,85727.93830773325,True,2.3006426821292947,,DOWN,-0.37664,True,
btc-updown-15m-1791304200,2026-10-06,180,NATIVE_V2,DOWN,1791304918.02829,0.03,0.04,0.96,0.97,0.035,0.965,85628.98012718552,85727.93830773325,True,2.3656390345806764,,DOWN,-0.588262,True,
btc-updown-15m-1791304200,2026-10-06,120,NATIVE_V2,DOWN,1791304978.135817,0.0,0.01,0.99,1.0,0.005,0.995,85627.89473741724,85727.93830773325,True,3.2164606767628077,,DOWN,-0.588618,True,
btc-updown-15m-1791304200,2026-10-06,60,NATIVE_V2,DOWN,1791305037.4417422,0.001,0.005,0.993,0.999,0.003,0.996,85641.72354692833,85727.93830773325,True,2.769815370217221,,DOWN,-0.588618,True,
btc-updown-15m-1791305100,2026-10-06,600,NATIVE_V2,DOWN,1791305396.1843321,0.3,0.31,0.69,0.7,0.305,0.695,85651.11858310315,85686.50351237247,True,0.6485822252677808,,DOWN,-0.324246,True,
btc-updown-15m-1791305100,2026-10-06,300,NATIVE_V2,DOWN,1791305699.746374,0.3,0.31,0.69,0.7,0.305,0.695,85670.08862880045,85686.50351237247,True,0.6034279045421219,,DOWN,-0.332281,True,
btc-updown-15m-1791305100,2026-10-06,120,NATIVE_V2,DOWN,1791305879.384299,0.0,0.01,0.99,1.0,0.005,0.995,85597.3543399205,85686.50351237247,True,2.8858607085496697,,DOWN,-0.577195,True,
btc-updown-15m-1791306000,2026-10-06,600,NATIVE_V2,DOWN,1791306299.006973,0.29,0.3,0.7,0.71,0.295,0.705,85568.6039744741,85587.83272743449,True,0.7959072083965036,,DOWN,-0.351056,True,
btc-updown-15m-1791306000,2026-10-06,300,NATIVE_V2,DOWN,1791306599.399112,0.82,0.83,0.17,0.18,0.825,0.175,85609.78455713096,85587.83272743449,True,1.038641623053834,,UP,0.453403,True,
btc-updown-15m-1791306000,2026-10-06,180,NATIVE_V2,DOWN,1791306719.8437219,0.22,0.23,0.77,0.78,0.225,0.775,85570.15568091217,85587.83272743449,True,0.8554753527855951,,DOWN,-0.420148,True,
btc-updown-15m-1791306000,2026-10-06,120,NATIVE_V2,DOWN,1791306778.256983,0.0,0.01,0.98,0.99,0.005,0.985,85532.20665158163,85587.83272743449,True,2.309301216347576,,DOWN,-0.42077,True,
btc-updown-15m-1791306000,2026-10-06,60,NATIVE_V2,DOWN,1791306836.795507,0.0,0.01,0.99,1.0,0.005,0.995,85508.9225143809,85587.83272743449,True,2.6111927784698925,,DOWN,-0.42077,True,
btc-updown-15m-1791306900,2026-10-06,600,NATIVE_V2,UP,1791307199.983627,0.35,0.36,0.64,0.65,0.355,0.645,85508.01179609213,85527.89235729307,True,0.36222673740658967,,DOWN,-0.251211,True,
btc-updown-15m-1791306900,2026-10-06,300,NATIVE_V2,UP,1791307499.107511,0.58,0.59,0.41,0.42,0.585,0.415,85523.66304253516,85527.89235729307,True,0.2174290030409753,,DOWN,0.23466,True,
btc-updown-15m-1791306900,2026-10-06,180,NATIVE_V2,UP,1791307619.8262851,0.95,0.96,0.04,0.05,0.955,0.045,85591.77219824174,85527.89235729307,True,1.9360515042541617,,UP,0.592979,True,
btc-updown-15m-1791306900,2026-10-06,120,NATIVE_V2,UP,1791307678.9893708,0.97,0.98,0.02,0.03,0.975,0.025,85597.48382534497,85527.89235729307,True,2.3663520120619026,,UP,0.314703,True,
btc-updown-15m-1791306900,2026-10-06,60,NATIVE_V2,UP,1791307738.195401,0.99,1.0,0.0,0.01,0.995,0.005,85630.54749033373,85527.89235729307,True,4.805472626980203,,UP,0.314703,True,
btc-updown-15m-1791307800,2026-10-06,600,NATIVE_V2,DOWN,1791308098.921946,0.52,0.53,0.47,0.48,0.525,0.475,85610.2679082627,85628.19451872403,True,0.022772947700097527,,DOWN,0.067475,True,
btc-updown-15m-1791307800,2026-10-06,300,NATIVE_V2,DOWN,1791308399.8614469,0.15,0.16,0.84,0.85,0.155,0.845,85563.44792969787,85628.19451872403,True,1.2280874121307823,,DOWN,-0.47338,True,
btc-updown-15m-1791307800,2026-10-06,180,NATIVE_V2,DOWN,1791308519.2974489,0.02,0.03,0.97,0.98,0.025,0.975,85564.03616059232,85628.19451872403,True,1.6385613517166426,,DOWN,-0.595319,True,
btc-updown-15m-1791308700,2026-10-06,600,NATIVE_V2,UP,1791308999.548905,0.39,0.4,0.6,0.61,0.395,0.605,85546.13077287455,85585.08182378113,True,0.3719373327904065,,DOWN,-0.043095,True,
btc-updown-15m-1791308700,2026-10-06,300,NATIVE_V2,UP,1791309299.1521459,0.979,0.98,0.02,0.021,0.9795,0.0205,85724.22225788818,85585.08182378113,True,2.7261198106343505,,UP,0.53272,True,
btc-updown-15m-1791308700,2026-10-06,180,NATIVE_V2,UP,1791309417.944156,0.991,0.997,0.004,0.009,0.994,0.0065,85717.17563046463,85585.08182378113,True,2.805554032792097,,UP,0.2287,True,
btc-updown-15m-1791308700,2026-10-06,120,NATIVE_V2,UP,1791309478.540255,0.992,0.997,0.003,0.009,0.9944999999999999,0.006,85691.5692375994,85585.08182378113,True,3.017390468724547,,UP,0.440274,True,
btc-updown-15m-1791309600,2026-10-06,600,NATIVE_V2,UP,1791309898.978086,0.73,0.74,0.26,0.27,0.735,0.265,85773.84413566736,85702.51624621503,True,0.7651038165416285,,UP,0.110585,True,
btc-updown-15m-1791309600,2026-10-06,300,NATIVE_V2,UP,1791310199.441338,0.8,0.81,0.19,0.2,0.805,0.195,85753.85758814274,85702.51624621503,True,0.8076472989182449,,UP,0.241645,True,
btc-updown-15m-1791309600,2026-10-06,60,NATIVE_V2,UP,1791310435.616229,0.995,0.999,0.001,0.005,0.997,0.003,85778.2409519952,85702.51624621503,True,2.584377821706035,,UP,0.306169,True,
btc-updown-15m-1791310500,2026-10-06,600,NATIVE_V2,DOWN,1791310799.735921,0.23,0.24,0.76,0.77,0.235,0.765,85739.62342282568,85766.11750224666,True,0.7149691600386994,,DOWN,-0.380598,True,
btc-updown-15m-1791310500,2026-10-06,300,NATIVE_V2,DOWN,1791311097.2280068,0.03,0.04,0.96,0.97,0.035,0.965,85645.16280298276,85766.11750224666,True,1.9453214536264398,,DOWN,-0.542665,True,
btc-updown-15m-1791310500,2026-10-06,180,NATIVE_V2,DOWN,1791311219.1058822,0.027,0.03,0.97,0.973,0.028499999999999998,0.9715,85688.83699738422,85766.11750224666,True,1.9296998608921776,,DOWN,-0.593187,True,
btc-updown-15m-1791310500,2026-10-06,120,NATIVE_V2,DOWN,1791311279.885432,0.02,0.026,0.974,0.98,0.023,0.977,85691.88124206755,85766.11750224666,True,1.7398652228410807,,DOWN,-0.593189,True,
btc-updown-15m-1791310500,2026-10-06,60,NATIVE_V2,DOWN,1791311337.4350562,0.002,0.009,0.991,0.996,0.0055,0.9935,85706.09514664434,85766.11750224666,True,2.062128574295129,,DOWN,-0.593189,True,
btc-updown-15m-1791311400,2026-10-06,600,NATIVE_V2,DOWN,1791311698.8114848,0.07,0.08,0.92,0.93,0.07500000000000001,0.925,85612.19981701682,85716.059718924,True,1.5416022775552622,,DOWN,-0.409218,True,
btc-updown-15m-1791311400,2026-10-06,300,NATIVE_V2,DOWN,1791311998.2835531,0.02,0.03,0.97,0.98,0.025,0.975,85587.98263106245,85716.059718924,True,2.6510270893822345,,DOWN,-0.594467,True,
btc-updown-15m-1791311400,2026-10-06,120,NATIVE_V2,DOWN,1791312179.6594539,0.003,0.01,0.99,0.997,0.006500000000000001,0.9935,85595.58513309837,85716.059718924,True,3.1940278829332476,,DOWN,-0.335113,True,
btc-updown-15m-1791312300,2026-10-06,600,NATIVE_V2,DOWN,1791312599.341606,0.15,0.16,0.84,0.85,0.155,0.845,85524.9289830004,85623.1438974962,True,0.7986314380121604,,DOWN,-0.435016,True,
btc-updown-15m-1791313200,2026-10-06,600,NATIVE_V2,DOWN,1791313499.727128,0.65,0.66,0.34,0.35,0.655,0.345,85512.44928761852,85498.23600931789,True,0.319815916022954,,NONE,0.12353,True,
btc-updown-15m-1791313200,2026-10-06,300,NATIVE_V2,DOWN,1791313799.974308,0.28,0.29,0.71,0.72,0.28500000000000003,0.715,85476.04094257069,85498.23600931789,True,0.471818795021533,,DOWN,-0.347091,True,
btc-updown-15m-1791313200,2026-10-06,180,NATIVE_V2,DOWN,1791313919.949756,0.02,0.03,0.97,0.98,0.025,0.975,85432.07549302881,85498.23600931789,True,2.15303429895184,,DOWN,-0.607225,True,
btc-updown-15m-1791313200,2026-10-06,120,NATIVE_V2,DOWN,1791313977.682576,0.04,0.05,0.95,0.96,0.045,0.955,85422.1783123516,85498.23600931789,True,1.6098539265495906,,DOWN,-0.607398,True,
btc-updown-15m-1791313200,2026-10-06,60,NATIVE_V2,DOWN,1791314039.119754,0.03,0.031,0.968,0.969,0.0305,0.9684999999999999,85456.24222253748,85498.23600931789,True,1.3279984842415953,,DOWN,-0.607398,True,
btc-updown-15m-1791329400,2026-10-06,300,NATIVE_V2,UP,1791329999.1000152,0.63,0.64,0.36,0.37,0.635,0.365,85487.85162501162,85475.45928445959,True,0.36579435283420514,,DOWN,0.051843,True,
btc-updown-15m-1791329400,2026-10-06,180,NATIVE_V2,UP,1791330119.583779,0.89,0.9,0.1,0.11,0.895,0.10500000000000001,85515.0381881563,85475.45928445959,True,1.2722601294126492,,UP,0.531143,True,
btc-updown-15m-1791329400,2026-10-06,120,NATIVE_V2,UP,1791330179.0910358,0.96,0.97,0.02,0.03,0.965,0.025,85524.51118820252,85475.45928445959,True,1.7718437550240471,,UP,0.211194,True,
btc-updown-15m-1791329400,2026-10-06,60,NATIVE_V2,UP,1791330238.807887,0.99,1.0,0.0,0.01,0.995,0.005,85540.63399299062,85475.45928445959,True,2.9457362747679676,,UP,0.211194,True,
btc-updown-15m-1791330300,2026-10-06,600,NATIVE_V2,UP,1791330598.774393,0.68,0.69,0.31,0.32,0.685,0.315,85578.37252887362,85553.38242188889,True,0.46907949191783166,,UP,0.084817,True,
btc-updown-15m-1791330300,2026-10-06,300,NATIVE_V2,UP,1791330898.983479,0.66,0.67,0.33,0.34,0.665,0.335,85573.21039627623,85553.38242188889,True,0.35327097501169846,,UP,0.037395,True,
btc-updown-15m-1791330300,2026-10-06,180,NATIVE_V2,UP,1791331019.8703969,0.6,0.61,0.39,0.4,0.605,0.395,85568.72896194692,85553.38242188889,True,0.3843565009316802,,UP,0.114979,True,
btc-updown-15m-1791330300,2026-10-06,120,NATIVE_V2,UP,1791331078.955719,0.57,0.58,0.41,0.43,0.575,0.42,85569.3303068926,85553.38242188889,True,0.4259317272257126,,UP,0.051781,True,
btc-updown-15m-1791330300,2026-10-06,60,NATIVE_V2,UP,1791331138.9994361,0.17,0.18,0.81,0.82,0.175,0.815,85566.29399209263,85553.38242188889,True,0.31416643881423856,,NONE,0.051781,True,
btc-updown-15m-1791330300,2026-10-06,30,NATIVE_V2,UP,1791331169.9890409,0.02,0.03,0.97,0.98,0.025,0.975,85554.37468118334,85553.38242188889,True,0.9668096647038645,,NONE,0.051781,True,
btc-updown-15m-1791331200,2026-10-07,600,NATIVE_V2,UP,1791331499.9824262,0.25,0.26,0.74,0.75,0.255,0.745,85499.44658602175,85543.89513547276,True,0.7097740623132661,,DOWN,-0.146228,True,
btc-updown-15m-1791331200,2026-10-07,300,NATIVE_V2,UP,1791331799.473315,0.69,0.7,0.3,0.31,0.695,0.305,85493.28542003597,85543.89513547276,True,0.2347201155215196,,DOWN,0.103687,True,
btc-updown-15m-1791331200,2026-10-07,180,NATIVE_V2,UP,1791331919.231361,0.81,0.82,0.19,0.2,0.815,0.195,85570.28680519928,85543.89513547276,True,0.6746575420474337,,UP,0.110454,True,
btc-updown-15m-1791331200,2026-10-07,120,NATIVE_V2,UP,1791331979.9619699,0.92,0.93,0.07,0.08,0.925,0.07500000000000001,85567.53775918239,85543.89513547276,True,1.250010312440797,,UP,0.108409,True,
btc-updown-15m-1791331200,2026-10-07,60,NATIVE_V2,UP,1791332038.88939,0.97,0.98,0.04,0.05,0.975,0.045,85580.06058460938,85543.89513547276,True,0.8961982860824135,,UP,0.108409,True,
btc-updown-15m-1791331200,2026-10-07,30,NATIVE_V2,UP,1791332069.6902678,0.99,1.0,0.0,0.01,0.995,0.005,85570.37952698524,85543.89513547276,True,2.2695334094885604,,UP,0.108409,True,
btc-updown-15m-1791332100,2026-10-07,600,NATIVE_V2,DOWN,1791332398.6335511,0.31,0.32,0.68,0.69,0.315,0.685,85546.19113833067,85564.80143213898,True,0.4005904097700888,,DOWN,-0.27601,True,
btc-updown-15m-1791332100,2026-10-07,300,NATIVE_V2,DOWN,1791332699.33987,0.05,0.06,0.94,0.95,0.055,0.945,85456.25554779907,85564.80143213898,True,2.102427585836288,,DOWN,-0.268427,True,
btc-updown-15m-1791332100,2026-10-07,180,NATIVE_V2,DOWN,1791332818.845286,0.01,0.02,0.98,0.99,0.015,0.985,85453.6416564363,85564.80143213898,True,2.7182074624956787,,DOWN,-0.299008,True,
btc-updown-15m-1791332100,2026-10-07,60,NATIVE_V2,DOWN,1791332939.940053,0.001,0.001,0.999,0.999,0.001,0.999,85441.0500460836,85564.80143213898,True,5.249181656240034,,DOWN,-0.299345,True,
btc-updown-15m-1791333000,2026-10-07,600,NATIVE_V2,UP,1791333299.7733262,0.6,0.61,0.39,0.4,0.605,0.395,85440.15019102527,85426.53400216124,True,0.20698907752285461,,UP,0.037384,True,
btc-updown-15m-1791333000,2026-10-07,300,NATIVE_V2,UP,1791333597.5998201,0.83,0.84,0.16,0.17,0.835,0.165,85483.02473358702,85426.53400216124,True,0.9475926375022757,,UP,0.094302,True,
btc-updown-15m-1791333000,2026-10-07,180,NATIVE_V2,UP,1791333718.089737,0.96,0.97,0.03,0.04,0.965,0.035,85481.32719194943,85426.53400216124,True,1.5376398091188024,,UP,0.213731,True,
btc-updown-15m-1791333000,2026-10-07,120,NATIVE_V2,UP,1791333779.908766,0.96,0.97,0.03,0.04,0.965,0.035,85488.0707773285,85426.53400216124,True,1.8189441849604961,,UP,0.47738,True,
btc-updown-15m-1791333900,2026-10-07,600,NATIVE_V2,UP,1791334199.421941,0.7,0.71,0.32,0.33,0.705,0.325,85528.04801384665,85499.24421617501,True,0.4389238972552998,,UP,0.290967,True,
btc-updown-15m-1791333900,2026-10-07,300,NATIVE_V2,UP,1791334499.229263,0.58,0.59,0.42,0.43,0.585,0.425,85511.26717353403,85499.24421617501,True,0.1834730703457945,,UP,0.005789,True,
btc-updown-15m-1791333900,2026-10-07,180,NATIVE_V2,UP,1791334619.838503,0.6,0.61,0.39,0.4,0.605,0.395,85511.04166454579,85499.24421617501,True,0.2557928204581451,,UP,0.173584,True,
btc-updown-15m-1791333900,2026-10-07,120,NATIVE_V2,UP,1791334679.532126,0.95,0.96,0.04,0.05,0.955,0.045,85511.92663548056,85499.24421617501,True,1.1403063765958457,,UP,0.168838,True,
btc-updown-15m-1791334800,2026-10-07,600,NATIVE_V2,DOWN,1791335099.378013,0.3,0.31,0.69,0.7,0.305,0.695,85445.91718607253,85534.02494431159,True,0.9763555689440936,,DOWN,-0.041014,True,
btc-updown-15m-1791334800,2026-10-07,300,NATIVE_V2,DOWN,1791335399.40667,0.12,0.13,0.87,0.88,0.125,0.875,85466.47494650658,85534.02494431159,True,1.2911966329084894,,DOWN,-0.49617,True,
btc-updown-15m-1791334800,2026-10-07,120,NATIVE_V2,DOWN,1791335578.8813372,0.009,0.01,0.99,0.991,0.0095,0.9904999999999999,85412.21404664827,85534.02494431159,True,3.628737231649301,,DOWN,-0.344371,True,
btc-updown-15m-1791335700,2026-10-07,600,NATIVE_V2,DOWN,1791335997.285314,0.22,0.23,0.77,0.78,0.225,0.775,85379.60156381314,85441.26492301581,True,1.072101902269124,,DOWN,-0.415732,True,
btc-updown-15m-1791335700,2026-10-07,300,NATIVE_V2,DOWN,1791336299.3507462,0.05,0.06,0.94,0.95,0.055,0.945,85309.20897188445,85441.26492301581,True,2.460594641606407,,DOWN,-0.558117,True,
btc-updown-15m-1791335700,2026-10-07,180,NATIVE_V2,DOWN,1791336417.555857,0.004,0.008,0.992,0.996,0.006,0.994,85314.58845028587,85441.26492301581,True,3.358459050325852,,DOWN,-0.402261,True,
btc-updown-15m-1791336600,2026-10-07,600,NATIVE_V2,UP,1791336899.1767511,0.76,0.77,0.23,0.24,0.765,0.235,85305.63639595755,85254.73136132912,True,0.6884382636020736,,UP,0.29337,True,
btc-updown-15m-1791336600,2026-10-07,300,NATIVE_V2,UP,1791337199.990311,0.33,0.34,0.65,0.66,0.335,0.655,85221.27915698968,85254.73136132912,True,0.3599057542069045,,DOWN,-0.00161,True,
btc-updown-15m-1791336600,2026-10-07,180,NATIVE_V2,UP,1791337319.286774,0.8,0.81,0.2,0.21,0.805,0.20500000000000002,85254.45887300618,85254.73136132912,True,0.886920926511117,,DOWN,0.425651,True,
btc-updown-15m-1791336600,2026-10-07,120,NATIVE_V2,UP,1791337379.8161652,0.71,0.72,0.28,0.29,0.715,0.28500000000000003,85273.18151791692,85254.73136132912,True,0.25851817364381846,,DOWN,0.442054,True,
btc-updown-15m-1791336600,2026-10-07,60,NATIVE_V2,UP,1791337439.145889,0.77,0.78,0.22,0.23,0.775,0.225,85275.3853519437,85254.73136132912,True,0.3034924011007723,,NONE,0.442054,True,
btc-updown-15m-1791336600,2026-10-07,30,NATIVE_V2,UP,1791337469.012843,0.99,1.0,0.0,0.01,0.995,0.005,85271.09920399822,85254.73136132912,True,1.9958328065800472,,NONE,0.442054,True,
btc-updown-15m-1791337500,2026-10-07,600,NATIVE_V2,DOWN,1791337798.866848,0.66,0.68,0.32,0.33,0.67,0.325,85296.49954966767,85272.90804512188,True,0.3426742639335379,,UP,0.054972,True,
btc-updown-15m-1791337500,2026-10-07,300,NATIVE_V2,DOWN,1791338099.355358,0.01,0.02,0.98,0.99,0.015,0.985,85128.12039866042,85272.90804512188,True,4.043669508937139,,DOWN,-0.746815,True,
btc-updown-15m-1791338400,2026-10-07,600,NATIVE_V2,DOWN,1791338699.93406,0.07,0.08,0.92,0.93,0.07500000000000001,0.925,83791.43820418131,84578.21917202859,True,2.0971708219878256,,DOWN,-0.496776,True,
btc-updown-15m-1791338400,2026-10-07,300,NATIVE_V2,DOWN,1791338999.7669451,0.01,0.02,0.98,0.99,0.015,0.985,83958.22594095669,84578.21917202859,True,7.28279850441294,,DOWN,-0.690207,True,
btc-updown-15m-1791338400,2026-10-07,180,NATIVE_V2,DOWN,1791339117.6258821,0.001,0.002,0.998,0.999,0.0015,0.9984999999999999,84024.38682420095,84578.21917202859,True,14.421412648233185,,DOWN,-0.589979,True,
btc-updown-15m-1791339300,2026-10-07,600,NATIVE_V2,DOWN,1791339598.388337,0.75,0.76,0.24,0.25,0.755,0.245,84046.15980204396,83919.08175640785,True,1.0231006926495718,,UP,0.270044,True,
btc-updown-15m-1791339300,2026-10-07,300,NATIVE_V2,DOWN,1791339899.479004,0.23,0.24,0.76,0.77,0.235,0.765,83822.55849189968,83919.08175640785,True,1.3881439660775161,,DOWN,-0.380895,True,
btc-updown-15m-1791339300,2026-10-07,180,NATIVE_V2,DOWN,1791340019.708784,0.03,0.04,0.96,0.97,0.035,0.965,83764.22981690001,83919.08175640785,True,4.706157455009958,,DOWN,-0.628372,True,
btc-updown-15m-1791339300,2026-10-07,120,NATIVE_V2,DOWN,1791340079.2762508,0.01,0.02,0.98,0.99,0.015,0.985,83718.81673869914,83919.08175640785,True,5.999660275017956,,DOWN,-0.628357,True,
btc-updown-15m-1791339300,2026-10-07,60,NATIVE_V2,DOWN,1791340137.297153,0.0,0.01,0.99,1.0,0.005,0.995,83756.83158571336,83919.08175640785,True,5.202122521130828,,DOWN,-0.628357,True,
btc-updown-15m-1791339300,2026-10-07,30,NATIVE_V2,DOWN,1791340166.832705,0.0,0.01,0.99,1.0,0.005,0.995,83789.25351614677,83919.08175640785,True,9.70878382404219,,DOWN,-0.628357,True,
btc-updown-15m-1791340200,2026-10-07,600,NATIVE_V2,DOWN,1791340499.551767,0.68,0.69,0.31,0.32,0.685,0.315,83876.55796276864,83815.13691063208,True,0.6995959558191305,,UP,0.372842,True,
btc-updown-15m-1791340200,2026-10-07,300,NATIVE_V2,DOWN,1791340798.827766,0.69,0.7,0.3,0.31,0.695,0.305,83865.24679990641,83815.13691063208,True,0.724753713136995,,UP,-0.005584,True,
btc-updown-15m-1791340200,2026-10-07,180,NATIVE_V2,DOWN,1791340919.391165,0.5,0.51,0.49,0.5,0.505,0.495,83827.87519989925,83815.13691063208,True,0.18927872014561037,,UP,0.002852,True,
btc-updown-15m-1791340200,2026-10-07,120,NATIVE_V2,DOWN,1791340978.993394,0.32,0.33,0.67,0.68,0.325,0.675,83809.02634072531,83815.13691063208,True,0.8452636019234993,,UP,-0.002863,True,
btc-updown-15m-1791340200,2026-10-07,60,NATIVE_V2,DOWN,1791341039.3192792,0.12,0.14,0.87,0.89,0.13,0.88,83788.43263160402,83815.13691063208,True,0.8716590236678708,,NONE,-0.002863,True,
btc-updown-15m-1791340200,2026-10-07,30,NATIVE_V2,DOWN,1791341069.939548,0.0,0.01,0.99,1.0,0.005,0.995,83783.16764707281,83815.13691063208,True,4.043719308627939,,NONE,-0.002863,True,
btc-updown-15m-1791341100,2026-10-07,600,NATIVE_V2,UP,1791341399.881292,0.7,0.71,0.28,0.29,0.705,0.28500000000000003,83857.23657101297,83784.89704172924,True,0.7908986655719735,,UP,0.31289,True,
btc-updown-15m-1791341100,2026-10-07,300,NATIVE_V2,UP,1791341699.448569,0.73,0.74,0.26,0.27,0.735,0.265,83819.28994297294,83784.89704172924,True,1.1029286634413604,,UP,0.229188,True,
btc-updown-15m-1791341100,2026-10-07,180,NATIVE_V2,UP,1791341819.6973372,0.83,0.84,0.16,0.17,0.835,0.165,83827.1009066988,83784.89704172924,True,1.369198409017741,,UP,0.209435,True,
btc-updown-15m-1791341100,2026-10-07,120,NATIVE_V2,UP,1791341878.970207,0.84,0.85,0.15,0.16,0.845,0.155,83832.38914881098,83784.89704172924,True,1.2835967648383246,,UP,0.208268,True,
btc-updown-15m-1791341100,2026-10-07,60,NATIVE_V2,UP,1791341939.985981,0.99,1.0,0.0,0.01,0.995,0.005,83834.98582380264,83784.89704172924,True,3.0050405024571116,,UP,0.208268,True,
btc-updown-15m-1791341100,2026-10-07,30,NATIVE_V2,UP,1791341969.896821,0.99,1.0,0.0,0.01,0.995,0.005,83851.94182492928,83784.89704172924,True,7.248547347525722,,UP,0.208268,True,
btc-updown-15m-1791342000,2026-10-07,600,NATIVE_V2,UP,1791342299.936219,0.85,0.86,0.14,0.15,0.855,0.14500000000000002,84035.53791034425,83850.08166721389,True,2.24313556221344,,UP,0.173847,True,
btc-updown-15m-1791342000,2026-10-07,180,NATIVE_V2,UP,1791342718.91954,0.991,0.994,0.007,0.01,0.9924999999999999,0.0085,84038.60520762624,83850.08166721389,True,4.514953794711664,,UP,0.352072,True,
btc-updown-15m-1791342900,2026-10-07,600,NATIVE_V2,UP,1791343199.758948,0.87,0.88,0.12,0.13,0.875,0.125,84077.05629044607,83933.82554129585,True,1.951322541776274,,UP,0.262197,True,
btc-updown-15m-1791342900,2026-10-07,300,NATIVE_V2,UP,1791343498.7742321,0.87,0.88,0.12,0.13,0.875,0.125,84003.73205421297,83933.82554129585,True,1.471655307525481,,UP,0.506092,True,
btc-updown-15m-1791342900,2026-10-07,180,NATIVE_V2,UP,1791343619.938232,0.98,0.99,0.01,0.02,0.985,0.015,84039.09567429028,83933.82554129585,True,2.666930097227296,,UP,0.307711,True,
btc-updown-15m-1791342900,2026-10-07,120,NATIVE_V2,UP,1791343678.0394292,0.926,0.93,0.076,0.08,0.928,0.078,84026.43395320865,83933.82554129585,True,1.7340914455979335,,UP,0.307865,True,
btc-updown-15m-1791342900,2026-10-07,60,NATIVE_V2,UP,1791343739.568773,0.861,0.87,0.13,0.131,0.8654999999999999,0.1305,83980.88743252444,83933.82554129585,True,0.9301404486764995,,UP,0.307865,True,
btc-updown-15m-1791343800,2026-10-07,600,NATIVE_V2,UP,1791344099.7449222,0.8,0.81,0.19,0.2,0.805,0.195,84045.58952888846,83951.86367670757,True,1.32502743130481,,UP,0.201071,True,
btc-updown-15m-1791343800,2026-10-07,300,NATIVE_V2,UP,1791344398.366723,0.97,0.98,0.02,0.03,0.975,0.025,84100.84281741078,83951.86367670757,True,2.9870366212880537,,UP,0.353484,True,
btc-updown-15m-1791344700,2026-10-07,600,NATIVE_V2,UP,1791344999.736696,0.8,0.81,0.19,0.2,0.805,0.195,84196.78796902455,84124.47979807397,True,1.1489946576623151,,UP,0.443852,True,
btc-updown-15m-1791344700,2026-10-07,300,NATIVE_V2,UP,1791345299.403906,0.86,0.87,0.13,0.14,0.865,0.135,84199.98897720783,84124.47979807397,True,1.1518172238719515,,UP,0.253049,True,
btc-updown-15m-1791344700,2026-10-07,180,NATIVE_V2,UP,1791345419.547039,0.94,0.95,0.05,0.06,0.945,0.055,84190.2062599715,84124.47979807397,True,1.557588161981475,,UP,0.211554,True,
btc-updown-15m-1791344700,2026-10-07,120,NATIVE_V2,UP,1791345479.499233,0.779,0.78,0.22,0.23,0.7795000000000001,0.225,84167.50402082645,84124.47979807397,True,0.6070711978233766,,UP,0.209276,True,
btc-updown-15m-1791344700,2026-10-07,60,NATIVE_V2,UP,1791345539.2051451,0.74,0.75,0.259,0.26,0.745,0.2595,84136.42189784862,84124.47979807397,True,0.37155431812293493,,UP,0.209276,True,
btc-updown-15m-1791344700,2026-10-07,30,NATIVE_V2,UP,1791345569.166037,0.005,0.01,0.989,0.99,0.0075,0.9895,84125.30221307708,84124.47979807397,True,1.3172913612342552,,NONE,0.209276,True,
btc-updown-15m-1791345600,2026-10-07,600,NATIVE_V2,UP,1791345899.0047958,0.78,0.79,0.21,0.22,0.785,0.215,84186.02332901068,84114.33818460356,True,1.0041094388923348,,UP,0.163069,True,
btc-updown-15m-1791345600,2026-10-07,300,NATIVE_V2,UP,1791346199.8576992,0.52,0.53,0.47,0.48,0.525,0.475,84104.76083071821,84114.33818460356,True,0.0885625609539514,,DOWN,0.182984,True,
btc-updown-15m-1791345600,2026-10-07,180,NATIVE_V2,UP,1791346319.1559439,0.55,0.56,0.44,0.45,0.555,0.445,84117.04318629917,84114.33818460356,True,0.06553555570726019,,DOWN,0.00821,True,
btc-updown-15m-1791345600,2026-10-07,120,NATIVE_V2,UP,1791346379.7748291,0.33,0.34,0.62,0.63,0.335,0.625,84119.50754869635,84114.33818460356,True,0.16109082265166355,,DOWN,0.008254,True,
btc-updown-15m-1791345600,2026-10-07,60,NATIVE_V2,UP,1791346438.6174111,0.82,0.83,0.16,0.17,0.825,0.165,84118.51593449869,84114.33818460356,True,0.4151858661025704,,NONE,0.008254,True,
btc-updown-15m-1791345600,2026-10-07,30,NATIVE_V2,UP,1791346469.9597151,0.91,0.92,0.09,0.14,0.915,0.115,84123.62481372099,84114.33818460356,True,0.9546534135839744,,NONE,0.008254,True,
btc-updown-15m-1791346500,2026-10-07,600,NATIVE_V2,UP,1791346798.390694,0.24,0.25,0.75,0.76,0.245,0.755,84074.61991396158,84121.23052162453,True,0.6923686646147437,,DOWN,-0.332718,True,
btc-updown-15m-1791346500,2026-10-07,300,NATIVE_V2,UP,1791347098.3675442,0.19,0.2,0.8,0.81,0.195,0.805,84084.04241339427,84121.23052162453,True,0.9196236960457066,,DOWN,-0.138028,True,
btc-updown-15m-1791346500,2026-10-07,180,NATIVE_V2,UP,1791347218.5294201,0.79,0.8,0.2,0.21,0.795,0.20500000000000002,84125.22758436705,84121.23052162453,True,0.7031137909426358,,DOWN,0.419458,True,
btc-updown-15m-1791346500,2026-10-07,120,NATIVE_V2,UP,1791347279.956578,0.72,0.73,0.27,0.28,0.725,0.275,84130.29325206271,84121.23052162453,True,0.08668596623587084,,DOWN,0.13972,True,
btc-updown-15m-1791346500,2026-10-07,60,NATIVE_V2,UP,1791347339.940783,0.29,0.3,0.69,0.71,0.295,0.7,84135.81368650867,84121.23052162453,True,0.3605543666123539,,NONE,0.13972,True,
btc-updown-15m-1791346500,2026-10-07,30,NATIVE_V2,UP,1791347368.944033,0.05,0.06,0.95,0.96,0.055,0.955,84121.76850491055,84121.23052162453,True,0.8107706045803282,,NONE,0.13972,True,
btc-updown-15m-1791347400,2026-10-07,600,NATIVE_V2,DOWN,1791347697.704201,0.27,0.28,0.72,0.73,0.275,0.725,84052.74890948538,84114.82192065073,True,0.7198745398420061,,DOWN,-0.078983,True,
btc-updown-15m-1791347400,2026-10-07,300,NATIVE_V2,DOWN,1791347999.088809,0.25,0.26,0.74,0.75,0.255,0.745,84091.18981504053,84114.82192065073,True,0.5137951736488546,,DOWN,-0.046263,True,
btc-updown-15m-1791347400,2026-10-07,180,NATIVE_V2,DOWN,1791348118.242527,0.22,0.23,0.77,0.78,0.225,0.775,84068.20296436688,84114.82192065073,True,0.7680022596608362,,DOWN,-0.06883,True,
btc-updown-15m-1791347400,2026-10-07,120,NATIVE_V2,DOWN,1791348179.907824,0.09,0.1,0.93,0.94,0.095,0.935,84085.51033712499,84114.82192065073,True,1.5840587679344234,,DOWN,-0.070518,True,
btc-updown-15m-1791347400,2026-10-07,60,NATIVE_V2,DOWN,1791348239.698368,0.0,0.01,0.99,1.0,0.005,0.995,84030.4670511399,84114.82192065073,True,4.203495090813987,,DOWN,-0.070518,True,
btc-updown-15m-1791347400,2026-10-07,30,NATIVE_V2,DOWN,1791348269.718888,0.0,0.01,0.99,1.0,0.005,0.995,84019.11361195217,84114.82192065073,True,9.626051610561982,,DOWN,-0.070518,True,
btc-updown-15m-1791348300,2026-10-07,600,NATIVE_V2,UP,1791348599.711909,0.78,0.79,0.21,0.22,0.785,0.215,84105.94857378014,84038.00997140074,True,0.9956103651943767,,UP,0.399393,True,
btc-updown-15m-1791348300,2026-10-07,300,NATIVE_V2,UP,1791348899.694153,0.87,0.88,0.12,0.13,0.875,0.125,84109.73178909364,84038.00997140074,True,1.3249953428867396,,UP,0.155022,True,
btc-updown-15m-1791348300,2026-10-07,180,NATIVE_V2,UP,1791349018.644468,0.74,0.75,0.25,0.26,0.745,0.255,84069.52830800666,84038.00997140074,True,0.797152719328602,,UP,0.112542,True,
btc-updown-15m-1791348300,2026-10-07,120,NATIVE_V2,UP,1791349078.973931,0.91,0.92,0.08,0.09,0.915,0.08499999999999999,84076.67321145168,84038.00997140074,True,1.2685285669453037,,UP,0.109976,True,
btc-updown-15m-1791348300,2026-10-07,60,NATIVE_V2,UP,1791349139.363414,0.97,0.98,0.02,0.03,0.975,0.025,84074.81725423883,84038.00997140074,True,1.6210618393843284,,UP,0.109976,True,
btc-updown-15m-1791348300,2026-10-07,30,NATIVE_V2,UP,1791349169.093218,0.99,1.0,0.0,0.01,0.995,0.005,84075.65693662465,84038.00997140074,True,4.371104635251369,,UP,0.109976,True,
btc-updown-15m-1791349200,2026-10-07,600,NATIVE_V2,UP,1791349499.489915,0.49,0.5,0.5,0.51,0.495,0.505,84099.10314058619,84078.69277692914,True,0.2584474029031692,,UP,0.006284,True,
btc-updown-15m-1791349200,2026-10-07,300,NATIVE_V2,UP,1791349799.313237,0.95,0.96,0.04,0.05,0.955,0.045,84147.50361877542,84078.69277692914,True,1.8316934783391496,,UP,0.282203,True,
btc-updown-15m-1791349200,2026-10-07,180,NATIVE_V2,UP,1791349919.686622,0.97,0.98,0.02,0.03,0.975,0.025,84177.22788038329,84078.69277692914,True,2.6175993141333107,,UP,0.304635,True,
btc-updown-15m-1791349200,2026-10-07,120,NATIVE_V2,UP,1791349979.719594,0.96,0.97,0.03,0.04,0.965,0.035,84176.94298187374,84078.69277692914,True,1.8641040303757177,,UP,0.312798,True,
btc-updown-15m-1791349200,2026-10-07,60,NATIVE_V2,UP,1791350039.6646552,0.991,0.992,0.008,0.009,0.9915,0.0085,84150.66750660936,84078.69277692914,True,3.303690088847798,,UP,0.312798,True,
btc-updown-15m-1791350100,2026-10-07,600,NATIVE_V2,UP,1791350396.201817,0.58,0.59,0.41,0.42,0.585,0.415,84166.29980539858,84156.5392613043,True,0.15734222908093706,,NONE,0.031347,True,
btc-updown-15m-1791350100,2026-10-07,300,NATIVE_V2,UP,1791350699.8677409,0.85,0.86,0.14,0.15,0.855,0.14500000000000002,84203.81901844808,84156.5392613043,True,0.9593385977330751,,UP,0.377206,True,
btc-updown-15m-1791350100,2026-10-07,180,NATIVE_V2,UP,1791350818.830771,0.96,0.97,0.03,0.04,0.965,0.035,84199.9645142706,84156.5392613043,True,1.1262397994154782,,UP,0.15726,True,
btc-updown-15m-1791350100,2026-10-07,120,NATIVE_V2,UP,1791350879.847184,0.98,0.99,0.01,0.02,0.985,0.015,84208.1771970782,84156.5392613043,True,1.592124702104402,,UP,0.165588,True,
btc-updown-15m-1791350100,2026-10-07,60,NATIVE_V2,UP,1791350939.701953,0.99,1.0,0.0,0.01,0.995,0.005,84203.47456755416,84156.5392613043,True,1.9711207711857206,,UP,0.165588,True,
btc-updown-15m-1791350100,2026-10-07,30,NATIVE_V2,UP,1791350967.789284,0.99,1.0,0.0,0.01,0.995,0.005,84198.7572613833,84156.5392613043,True,2.518482977325772,,UP,0.165588,True,
btc-updown-15m-1791351000,2026-10-07,600,NATIVE_V2,UP,1791351299.712543,0.6,0.61,0.39,0.4,0.605,0.395,84208.2896765811,84181.92819110614,True,0.22242445821759543,,UP,0.003937,True,
btc-updown-15m-1791351000,2026-10-07,300,NATIVE_V2,UP,1791351599.386971,0.38,0.39,0.46,0.57,0.385,0.515,84167.71518822969,84181.92819110614,True,0.26058795706308663,,DOWN,-0.031762,True,
btc-updown-15m-1791351000,2026-10-07,180,NATIVE_V2,UP,1791351719.187257,0.91,0.92,0.08,0.09,0.915,0.08499999999999999,84201.99208087566,84181.92819110614,True,0.948067394930493,,DOWN,0.158346,True,
btc-updown-15m-1791351000,2026-10-07,120,NATIVE_V2,UP,1791351779.225186,0.95,0.96,0.06,0.07,0.955,0.065,84215.4240839533,84181.92819110614,True,1.0122665644044022,,DOWN,0.532251,True,
btc-updown-15m-1791351000,2026-10-07,60,NATIVE_V2,UP,1791351839.564399,0.64,0.65,0.35,0.36,0.645,0.355,84209.51321124317,84181.92819110614,True,0.3586330203877192,,NONE,0.532251,True,
btc-updown-15m-1791351000,2026-10-07,30,NATIVE_V2,UP,1791351867.791602,0.98,0.99,0.01,0.02,0.985,0.015,84197.5723979128,84181.92819110614,True,0.8916066186284953,,NONE,0.532251,True,
btc-updown-15m-1791351900,2026-10-07,600,NATIVE_V2,UP,1791352199.3121212,0.85,0.86,0.15,0.16,0.855,0.155,84246.03339300587,84194.77342353691,True,0.8815931190560724,,UP,0.171171,True,
btc-updown-15m-1791351900,2026-10-07,300,NATIVE_V2,UP,1791352499.566536,0.96,0.97,0.03,0.04,0.965,0.035,84279.1662628605,84194.77342353691,True,2.0279125270054656,,UP,0.300033,True,
btc-updown-15m-1791351900,2026-10-07,180,NATIVE_V2,UP,1791352619.4821372,0.94,0.95,0.05,0.06,0.945,0.055,84279.3696164286,84194.77342353691,True,1.7854872631879433,,UP,0.172779,True,
btc-updown-15m-1791351900,2026-10-07,120,NATIVE_V2,UP,1791352679.286243,0.95,0.96,0.04,0.05,0.955,0.045,84265.72194839407,84194.77342353691,True,1.8158799904398168,,UP,0.169586,True,
btc-updown-15m-1791351900,2026-10-07,60,NATIVE_V2,UP,1791352737.754046,0.99,1.0,0.0,0.01,0.995,0.005,84262.48549746459,84194.77342353691,True,4.25143890566791,,UP,0.169586,True,
btc-updown-15m-1791351900,2026-10-07,30,NATIVE_V2,UP,1791352769.409724,0.99,1.0,0.0,0.01,0.995,0.005,84289.12337277032,84194.77342353691,True,12.94268220975915,,UP,0.169586,True,
btc-updown-15m-1791352800,2026-10-07,600,NATIVE_V2,DOWN,1791353099.524111,0.42,0.43,0.57,0.58,0.425,0.575,84305.41142944105,84310.29564817586,True,0.1491475268657612,,DOWN,-0.019456,True,
btc-updown-15m-1791352800,2026-10-07,300,NATIVE_V2,DOWN,1791353399.244695,0.42,0.43,0.57,0.59,0.425,0.58,84293.42576028487,84310.29564817586,True,0.01748475039244279,,DOWN,0.08143,True,
btc-updown-15m-1791352800,2026-10-07,180,NATIVE_V2,DOWN,1791353519.8021781,0.23,0.24,0.77,0.78,0.235,0.775,84289.72751971465,84310.29564817586,True,0.633662544587283,,DOWN,-0.089622,True,
btc-updown-15m-1791352800,2026-10-07,120,NATIVE_V2,DOWN,1791353579.906682,0.08,0.09,0.91,0.92,0.08499999999999999,0.915,84278.7755232515,84310.29564817586,True,0.9838734471048229,,DOWN,-0.089713,True,
btc-updown-15m-1791352800,2026-10-07,60,NATIVE_V2,DOWN,1791353639.583593,0.0,0.01,0.99,1.0,0.005,0.995,84276.95777733589,84310.29564817586,True,1.4683656399686513,,DOWN,-0.089713,True,
btc-updown-15m-1791352800,2026-10-07,30,NATIVE_V2,DOWN,1791353667.5065548,0.0,0.01,0.99,1.0,0.005,0.995,84277.05796887717,84310.29564817586,True,3.3031616212317694,,DOWN,-0.089713,True,
btc-updown-15m-1791353700,2026-10-07,600,NATIVE_V2,DOWN,1791353999.665459,0.06,0.07,0.93,0.94,0.065,0.935,84169.78463774963,84277.87906967501,True,1.728908433259351,,DOWN,-0.302713,True,
btc-updown-15m-1791353700,2026-10-07,300,NATIVE_V2,DOWN,1791354299.548265,0.04,0.05,0.95,0.96,0.045,0.955,84175.68761086096,84277.87906967501,True,1.872538488230056,,DOWN,-0.223399,True,
btc-updown-15m-1791353700,2026-10-07,180,NATIVE_V2,DOWN,1791354419.0892549,0.006,0.009,0.991,0.997,0.0075,0.994,84152.15014804777,84277.87906967501,True,3.302359279634023,,DOWN,-0.381901,True,
btc-updown-15m-1791353700,2026-10-07,120,NATIVE_V2,DOWN,1791354479.283882,0.004,0.009,0.99,0.992,0.0065,0.991,84161.0321556841,84277.87906967501,True,2.847283692625109,,DOWN,-0.380207,True,
btc-updown-15m-1791354600,2026-10-07,600,NATIVE_V2,UP,1791354895.875938,0.79,0.8,0.2,0.21,0.795,0.20500000000000002,84244.39335773878,84196.7768468017,True,0.870190764771038,,DOWN,0.194941,True,
btc-updown-15m-1791354600,2026-10-07,300,NATIVE_V2,UP,1791355199.5841432,0.93,0.94,0.06,0.07,0.935,0.065,84246.74300645814,84196.7768468017,True,1.4165616767222717,,UP,0.278308,True,
btc-updown-15m-1791354600,2026-10-07,180,NATIVE_V2,UP,1791355318.9882638,0.98,0.99,0.01,0.02,0.985,0.015,84310.06712002093,84196.7768468017,True,2.685314019386661,,UP,0.317718,True,
btc-updown-15m-1791355500,2026-10-07,600,NATIVE_V2,DOWN,1791355799.589507,0.25,0.26,0.74,0.75,0.255,0.745,84251.01367515457,84321.64893263613,True,0.7558278740016634,,DOWN,-0.051574,True,
btc-updown-15m-1791355500,2026-10-07,300,NATIVE_V2,DOWN,1791356098.984603,0.05,0.06,0.94,0.95,0.055,0.945,84245.13639900954,84321.64893263613,True,1.452843787263984,,DOWN,-0.398768,True,
btc-updown-15m-1791355500,2026-10-07,180,NATIVE_V2,DOWN,1791356219.015875,0.0,0.01,0.99,1.0,0.005,0.995,84239.3454100981,84321.64893263613,True,2.074899303283703,,DOWN,-0.248006,True,
btc-updown-15m-1791355500,2026-10-07,120,NATIVE_V2,DOWN,1791356277.148939,0.002,0.009,0.991,0.998,0.0055,0.9944999999999999,84238.57391493133,84321.64893263613,True,2.5061389688494495,,DOWN,-0.248964,True,
btc-updown-15m-1791356400,2026-10-07,600,NATIVE_V2,DOWN,1791356697.293996,0.21,0.22,0.78,0.79,0.215,0.785,84184.21720754971,84219.45751600133,True,0.6423929422843722,,DOWN,-0.145821,True,
btc-updown-15m-1791356400,2026-10-07,300,NATIVE_V2,DOWN,1791356999.690845,0.03,0.04,0.96,0.97,0.035,0.965,84132.42451097528,84219.45751600133,True,1.7463277551583176,,DOWN,-0.231532,True,
btc-updown-15m-1791356400,2026-10-07,180,NATIVE_V2,DOWN,1791357119.1999109,0.339,0.34,0.661,0.669,0.3395,0.665,84210.54768704386,84219.45751600133,True,0.6287074885457082,,DOWN,-0.263203,True,
btc-updown-15m-1791356400,2026-10-07,120,NATIVE_V2,DOWN,1791357179.845834,0.309,0.31,0.63,0.64,0.3095,0.635,84209.38795451728,84219.45751600133,True,0.3859570611155079,,DOWN,-0.151344,True,
btc-updown-15m-1791356400,2026-10-07,60,NATIVE_V2,DOWN,1791357239.278116,0.879,0.88,0.12,0.121,0.8795,0.1205,84222.33437418964,84219.45751600133,True,0.6136548907435938,,NONE,-0.151344,True,
btc-updown-15m-1791356400,2026-10-07,30,NATIVE_V2,DOWN,1791357267.76245,0.996,0.998,0.002,0.004,0.997,0.003,84233.24096286998,84219.45751600133,True,1.6718848350753621,,NONE,-0.151344,True,
btc-updown-15m-1791357300,2026-10-07,600,NATIVE_V2,DOWN,1791357599.9544902,0.12,0.13,0.87,0.88,0.125,0.875,84159.00907473678,84237.21593800467,True,1.181313408149193,,DOWN,-0.178622,True,
btc-updown-15m-1791357300,2026-10-07,300,NATIVE_V2,DOWN,1791357899.365098,0.27,0.28,0.72,0.73,0.275,0.725,84212.33684461954,84237.21593800467,True,0.4856511274318903,,DOWN,-0.072889,True,
btc-updown-15m-1791357300,2026-10-07,180,NATIVE_V2,DOWN,1791358019.5389671,0.15,0.16,0.84,0.85,0.155,0.845,84193.14507499721,84237.21593800467,True,0.9145489632195348,,DOWN,-0.479394,True,
btc-updown-15m-1791357300,2026-10-07,120,NATIVE_V2,DOWN,1791358079.052307,0.17,0.18,0.82,0.83,0.175,0.825,84203.31108904566,84237.21593800467,True,0.611709682867124,,DOWN,-0.117276,True,
btc-updown-15m-1791357300,2026-10-07,60,NATIVE_V2,DOWN,1791358138.73607,0.0,0.01,0.99,1.0,0.005,0.995,84211.0651800476,84237.21593800467,True,1.6860795546255638,,DOWN,-0.117276,True,
btc-updown-15m-1791357300,2026-10-07,30,NATIVE_V2,DOWN,1791358169.226372,0.0,0.01,0.99,1.0,0.005,0.995,84201.22692876647,84237.21593800467,True,4.168027407255947,,DOWN,-0.117276,True,
btc-updown-15m-1791358200,2026-10-07,600,NATIVE_V2,UP,1791358499.803722,0.75,0.76,0.24,0.25,0.755,0.245,84230.09004571298,84199.3944083935,True,0.36791605261232674,,UP,0.100391,True,
btc-updown-15m-1791358200,2026-10-07,300,NATIVE_V2,UP,1791358799.405556,0.61,0.62,0.38,0.39,0.615,0.385,84214.96285148866,84199.3944083935,True,0.1533623995684725,,UP,-0.056532,True,
btc-updown-15m-1791358200,2026-10-07,180,NATIVE_V2,UP,1791358919.062521,0.9,0.91,0.09,0.1,0.905,0.095,84235.8956848364,84199.3944083935,True,1.037205395034502,,UP,0.522961,True,
btc-updown-15m-1791358200,2026-10-07,120,NATIVE_V2,UP,1791358979.98882,0.98,0.99,0.01,0.02,0.985,0.015,84250.95255561621,84199.3944083935,True,2.133839508395586,,UP,0.107318,True,
btc-updown-15m-1791359100,2026-10-07,600,NATIVE_V2,DOWN,1791359398.857516,0.2,0.21,0.79,0.8,0.20500000000000002,0.795,84229.25767861815,84281.94908075217,True,0.9153268842090518,,DOWN,-0.397996,True,
btc-updown-15m-1791359100,2026-10-07,300,NATIVE_V2,DOWN,1791359699.00669,0.01,0.02,0.98,0.99,0.015,0.985,84122.67528951202,84281.94908075217,True,3.0948612518720093,,DOWN,-0.322343,True,
btc-updown-15m-1791359100,2026-10-07,180,NATIVE_V2,DOWN,1791359818.8422122,0.0,0.01,0.99,1.0,0.005,0.995,84097.13268465314,84281.94908075217,True,5.213626296671995,,DOWN,-0.528061,True,
btc-updown-15m-1791359100,2026-10-07,120,NATIVE_V2,DOWN,1791359876.405876,0.0,0.01,0.99,1.0,0.005,0.995,84085.9676554947,84281.94908075217,True,5.791370349469892,,DOWN,-0.511805,True,
btc-updown-15m-1791359100,2026-10-07,60,NATIVE_V2,DOWN,1791359939.1346529,0.0,0.01,0.99,1.0,0.005,0.995,84109.85018845387,84281.94908075217,True,6.110016573986813,,DOWN,-0.511805,True,
btc-updown-15m-1791359100,2026-10-07,30,NATIVE_V2,DOWN,1791359968.12819,0.001,0.01,0.99,1.0,0.0055,0.995,84136.2362540409,84281.94908075217,True,13.974913924120264,,DOWN,-0.511805,True,
btc-updown-15m-1791360000,2026-10-07,600,NATIVE_V2,DOWN,1791360299.8753972,0.27,0.28,0.71,0.72,0.275,0.715,84088.31305795259,84141.3073093369,True,0.9314207036595049,,DOWN,-0.201275,True,
btc-updown-15m-1791360000,2026-10-07,300,NATIVE_V2,DOWN,1791360598.893693,0.11,0.12,0.88,0.89,0.11499999999999999,0.885,84026.19850590665,84141.3073093369,True,1.8212399108899848,,DOWN,-0.478727,True,
btc-updown-15m-1791360000,2026-10-07,180,NATIVE_V2,DOWN,1791360719.951663,0.01,0.02,0.98,0.99,0.015,0.985,84032.33575584293,84141.3073093369,True,2.8838137353887645,,DOWN,-0.352956,True,
btc-updown-15m-1791360000,2026-10-07,120,NATIVE_V2,DOWN,1791360779.800535,0.0,0.01,0.99,1.0,0.005,0.995,84014.70244484945,84141.3073093369,True,4.331883978217396,,DOWN,-0.612804,True,
btc-updown-15m-1791360000,2026-10-07,60,NATIVE_V2,DOWN,1791360838.864636,0.001,0.007,0.992,0.999,0.004,0.9955,84007.9165254709,84141.3073093369,True,5.479523466670482,,DOWN,-0.612804,True,
btc-updown-15m-1791360900,2026-10-07,600,NATIVE_V2,UP,1791361199.6793091,0.32,0.33,0.67,0.68,0.325,0.675,83953.58256992526,84010.44881462224,True,0.5842757694352991,,DOWN,-0.261333,True,
btc-updown-15m-1791360900,2026-10-07,300,NATIVE_V2,UP,1791361499.432725,0.25,0.26,0.74,0.75,0.255,0.745,83974.2230927517,84010.44881462224,True,0.6725326884755555,,DOWN,-0.383956,True,
btc-updown-15m-1791360900,2026-10-07,120,NATIVE_V2,UP,1791361679.336715,0.71,0.72,0.26,0.27,0.715,0.265,84022.0331566623,84010.44881462224,True,0.6150740576671565,,NONE,0.0,True,
btc-updown-15m-1791360900,2026-10-07,60,NATIVE_V2,UP,1791361739.8401148,0.33,0.34,0.64,0.65,0.335,0.645,84022.02905108272,84010.44881462224,True,0.14042760798483914,,NONE,0.0,True,
btc-updown-15m-1791360900,2026-10-07,30,NATIVE_V2,UP,1791361769.091703,0.94,0.95,0.05,0.06,0.945,0.055,84011.75694113687,84010.44881462224,True,0.8283213239752382,,NONE,0.0,True,
btc-updown-15m-1791361800,2026-10-07,600,NATIVE_V2,DOWN,1791362099.6139789,0.71,0.72,0.28,0.29,0.715,0.28500000000000003,84047.20897242519,84018.44512865522,True,0.5577363923740631,,UP,0.312502,True,
btc-updown-15m-1791361800,2026-10-07,300,NATIVE_V2,DOWN,1791362398.842992,0.55,0.56,0.44,0.45,0.555,0.445,84019.48947037257,84018.44512865522,True,0.038227751614075135,,UP,0.080862,True,
btc-updown-15m-1791361800,2026-10-07,180,NATIVE_V2,DOWN,1791362519.136925,0.09,0.1,0.9,0.91,0.095,0.905,83970.38783191732,84018.44512865522,True,1.6423452910571985,,DOWN,-0.544444,True,
btc-updown-15m-1791361800,2026-10-07,120,NATIVE_V2,DOWN,1791362579.9856372,0.1,0.11,0.89,0.9,0.10500000000000001,0.895,83970.29223449952,84018.44512865522,True,1.1797011070021233,,DOWN,-0.543914,True,
btc-updown-15m-1791361800,2026-10-07,60,NATIVE_V2,DOWN,1791362639.6099389,0.0,0.01,0.99,1.0,0.005,0.995,83983.35414855009,84018.44512865522,True,2.533040766805847,,DOWN,-0.543914,True,
btc-updown-15m-1791361800,2026-10-07,30,NATIVE_V2,DOWN,1791362668.438159,0.0,0.01,0.99,1.0,0.005,0.995,83967.65938853988,84018.44512865522,True,6.721425170002558,,DOWN,-0.543914,True,
btc-updown-15m-1791362700,2026-10-07,600,NATIVE_V2,DOWN,1791362999.548028,0.59,0.6,0.4,0.41,0.595,0.405,83984.42838385458,83964.37291756923,True,0.2571158254108849,,UP,0.011806,True,
btc-updown-15m-1791362700,2026-10-07,300,NATIVE_V2,DOWN,1791363299.9968681,0.49,0.5,0.5,0.51,0.495,0.505,83964.26576018924,83964.37291756923,True,0.009321649217402535,,DOWN,0.148854,True,
btc-updown-15m-1791362700,2026-10-07,180,NATIVE_V2,DOWN,1791363418.984225,0.44,0.45,0.55,0.56,0.445,0.555,83968.08055702748,83964.37291756923,True,0.1447847832058537,,UP,-0.066592,True,
btc-updown-15m-1791362700,2026-10-07,120,NATIVE_V2,DOWN,1791363479.0255702,0.19,0.2,0.81,0.82,0.195,0.815,83959.56604573056,83964.37291756923,True,0.14704604028102977,,UP,-0.227958,True,
btc-updown-15m-1791362700,2026-10-07,60,NATIVE_V2,DOWN,1791363539.494237,0.01,0.02,0.98,0.99,0.015,0.985,83938.33155389117,83964.37291756923,True,1.6146148619144787,,NONE,-0.227958,True,
btc-updown-15m-1791362700,2026-10-07,30,NATIVE_V2,DOWN,1791363568.166105,0.0,0.01,0.99,1.0,0.005,0.995,83928.77328604792,83964.37291756923,True,3.817671368417372,,NONE,-0.227958,True,
btc-updown-15m-1791363600,2026-10-07,600,NATIVE_V2,DOWN,1791363899.6658509,0.62,0.63,0.34,0.38,0.625,0.36,83935.92082584774,83926.3632338363,True,0.3083722834448294,,UP,0.120521,True,
btc-updown-15m-1791363600,2026-10-07,300,NATIVE_V2,DOWN,1791364199.026432,0.28,0.29,0.71,0.72,0.28500000000000003,0.715,83887.81048837872,83926.3632338363,True,0.6322811142132085,,DOWN,-0.352295,True,
btc-updown-15m-1791363600,2026-10-07,180,NATIVE_V2,DOWN,1791364319.7495081,0.12,0.13,0.87,0.88,0.125,0.875,83891.76483913271,83926.3632338363,True,1.0664552919358041,,DOWN,-0.167938,True,
btc-updown-15m-1791363600,2026-10-07,120,NATIVE_V2,DOWN,1791364379.554216,0.63,0.64,0.35,0.36,0.635,0.355,83926.13241428777,83926.3632338363,True,0.6675727697967908,,DOWN,-0.508389,True,
btc-updown-15m-1791363600,2026-10-07,60,NATIVE_V2,DOWN,1791364439.056705,0.21,0.22,0.78,0.79,0.215,0.785,83925.522231727,83926.3632338363,True,0.014815465254885406,,DOWN,-0.508389,True,
btc-updown-15m-1791363600,2026-10-07,30,NATIVE_V2,DOWN,1791364469.941906,0.0,0.01,0.99,1.0,0.005,0.995,83919.85764325611,83926.3632338363,True,1.7357526520960758,,DOWN,-0.508389,True,
btc-updown-15m-1791364500,2026-10-07,600,NATIVE_V2,DOWN,1791364799.57601,0.1,0.11,0.89,0.9,0.10500000000000001,0.895,83793.6687636174,83909.65374630947,True,1.5195426260296074,,DOWN,-0.305041,True,
btc-updown-15m-1791364500,2026-10-07,300,NATIVE_V2,DOWN,1791365099.76123,0.11,0.12,0.88,0.89,0.11499999999999999,0.885,83782.65687079179,83909.65374630947,True,1.5961079093951063,,DOWN,-0.023964,True,
btc-updown-15m-1791364500,2026-10-07,180,NATIVE_V2,DOWN,1791365219.456532,0.04,0.05,0.95,0.96,0.045,0.955,83819.43449210505,83909.65374630947,True,2.0558463489911944,,DOWN,-0.214531,True,
btc-updown-15m-1791364500,2026-10-07,60,NATIVE_V2,DOWN,1791365339.824918,0.0,0.01,0.99,1.0,0.005,0.995,83810.03727114499,83909.65374630947,True,5.131652024141954,,DOWN,-0.573321,True,
btc-updown-15m-1791364500,2026-10-07,30,NATIVE_V2,DOWN,1791365367.6873422,0.001,0.001,0.999,0.999,0.001,0.999,83794.85375151114,83909.65374630947,True,13.09037980543758,,DOWN,-0.573321,True,
btc-updown-15m-1791365400,2026-10-07,600,NATIVE_V2,DOWN,1791365699.2119522,0.23,0.24,0.76,0.77,0.235,0.765,83698.4371963715,83795.32705822377,True,0.574508614254105,,DOWN,-0.101394,True,
btc-updown-15m-1791365400,2026-10-07,300,NATIVE_V2,DOWN,1791365997.833962,0.05,0.06,0.94,0.95,0.055,0.945,83706.48188646688,83795.32705822377,True,2.3205186876489874,,DOWN,-0.592513,True,
btc-updown-15m-1791365400,2026-10-07,180,NATIVE_V2,DOWN,1791366119.517438,0.039,0.04,0.965,0.971,0.0395,0.968,83650.11607479388,83795.32705822377,True,2.636799697640956,,DOWN,-0.227606,True,
btc-updown-15m-1791365400,2026-10-07,120,NATIVE_V2,DOWN,1791366178.561973,0.06,0.062,0.938,0.94,0.061,0.939,83714.31959521878,83795.32705822377,True,1.8978157531413116,,DOWN,-0.160004,True,
btc-updown-15m-1791365400,2026-10-07,60,NATIVE_V2,DOWN,1791366239.509056,0.04,0.047,0.96,0.969,0.0435,0.9644999999999999,83769.38394511896,83795.32705822377,True,1.3476843425923344,,DOWN,-0.160004,True,
btc-updown-15m-1791365400,2026-10-07,30,NATIVE_V2,DOWN,1791366267.385816,0.001,0.005,0.999,0.999,0.003,0.999,83768.92552863153,83795.32705822377,True,3.7356170276836176,,DOWN,-0.160004,True,
btc-updown-15m-1791366300,2026-10-07,600,NATIVE_V2,DOWN,1791366599.922067,0.72,0.73,0.27,0.28,0.725,0.275,83789.4674738271,83757.11526718126,True,0.6665984852104074,,UP,0.346642,True,
btc-updown-15m-1791366300,2026-10-07,300,NATIVE_V2,DOWN,1791366899.309991,0.29,0.3,0.7,0.71,0.295,0.705,83709.72760430237,83757.11526718126,True,1.0503058591657233,,DOWN,-0.13292,True,
btc-updown-15m-1791366300,2026-10-07,180,NATIVE_V2,DOWN,1791367019.517452,0.07,0.08,0.92,0.93,0.07500000000000001,0.925,83703.67838425374,83757.11526718126,True,1.887793462482072,,DOWN,-0.56467,True,
btc-updown-15m-1791366300,2026-10-07,120,NATIVE_V2,DOWN,1791367079.0020428,0.07,0.08,0.92,0.93,0.07500000000000001,0.925,83689.99585009081,83757.11526718126,True,1.6249970173607136,,DOWN,-0.277168,True,
btc-updown-15m-1791366300,2026-10-07,60,NATIVE_V2,DOWN,1791367139.172569,0.13,0.14,0.86,0.87,0.135,0.865,83721.32131137452,83757.11526718126,True,1.0266024970963417,,DOWN,-0.277168,True,
btc-updown-15m-1791366300,2026-10-07,30,NATIVE_V2,DOWN,1791367169.795331,0.97,0.98,0.02,0.03,0.975,0.025,83739.91129871504,83757.11526718126,True,1.16399898278285,,DOWN,-0.277168,True,
btc-updown-15m-1791367200,2026-10-07,600,NATIVE_V2,UP,1791367499.00716,0.42,0.43,0.56,0.57,0.425,0.565,83714.92891104441,83769.90805672827,True,0.24942280224092456,,DOWN,0.07695,True,
btc-updown-15m-1791367200,2026-10-07,300,NATIVE_V2,UP,1791367799.6695411,0.41,0.42,0.58,0.59,0.415,0.585,83722.46218534977,83769.90805672827,True,0.3535051131824722,,DOWN,0.01196,True,
btc-updown-15m-1791367200,2026-10-07,180,NATIVE_V2,UP,1791367918.7115462,0.81,0.82,0.18,0.19,0.815,0.185,83844.1988054422,83769.90805672827,True,1.7504072334804672,,UP,0.462948,True,
btc-updown-15m-1791367200,2026-10-07,120,NATIVE_V2,UP,1791367978.9882722,0.61,0.62,0.38,0.39,0.615,0.385,83818.35531340732,83769.90805672827,True,0.869446470219416,,UP,0.463309,True,
btc-updown-15m-1791367200,2026-10-07,60,NATIVE_V2,UP,1791368038.696429,0.76,0.77,0.23,0.24,0.765,0.235,83782.8156931561,83769.90805672827,True,1.372401309736923,,UP,0.463309,True,
btc-updown-15m-1791367200,2026-10-07,30,NATIVE_V2,UP,1791368067.551362,0.98,0.99,0.01,0.02,0.985,0.015,83783.62906776859,83769.90805672827,True,2.5068245137790757,,UP,0.463309,True,
btc-updown-15m-1791368100,2026-10-07,600,NATIVE_V2,UP,1791368399.8554182,0.73,0.74,0.26,0.27,0.735,0.265,83887.9413274258,83793.22550860496,True,0.743251514930644,,UP,0.143239,True,
btc-updown-15m-1791368100,2026-10-07,300,NATIVE_V2,UP,1791368698.1864152,0.88,0.89,0.11,0.12,0.885,0.11499999999999999,83886.70986520384,83793.22550860496,True,1.769452718712342,,UP,0.434067,True,
btc-updown-15m-1791368100,2026-10-07,180,NATIVE_V2,UP,1791368818.997967,0.93,0.94,0.06,0.07,0.935,0.065,83870.00545338615,83793.22550860496,True,1.945634880813099,,UP,0.233071,True,
btc-updown-15m-1791368100,2026-10-07,120,NATIVE_V2,UP,1791368877.615299,0.97,0.98,0.02,0.03,0.975,0.025,83872.99539796928,83793.22550860496,True,2.346007065211234,,UP,0.563308,True,
btc-updown-15m-1791368100,2026-10-07,60,NATIVE_V2,UP,1791368937.968652,0.99,1.0,0.0,0.01,0.995,0.005,83875.21156698016,83793.22550860496,True,3.400060884056112,,UP,0.563308,True,
btc-updown-15m-1791369000,2026-10-07,600,NATIVE_V2,DOWN,1791369299.495926,0.11,0.12,0.88,0.89,0.11499999999999999,0.885,83693.11011370586,83852.96017578765,True,2.118503586686469,,DOWN,-0.522675,True,
btc-updown-15m-1791369000,2026-10-07,300,NATIVE_V2,DOWN,1791369599.253261,0.06,0.07,0.93,0.94,0.065,0.935,83694.59095491866,83852.96017578765,True,2.802780405854974,,DOWN,-0.38671,True,
btc-updown-15m-1791369000,2026-10-07,180,NATIVE_V2,DOWN,1791369719.568594,0.0,0.01,0.99,1.0,0.005,0.995,83674.90658118263,83852.96017578765,True,3.92435445734513,,DOWN,-0.24348,True,
btc-updown-15m-1791369900,2026-10-07,600,NATIVE_V2,UP,1791370199.213921,0.8,0.81,0.19,0.2,0.805,0.195,83709.56152441307,83626.26472655707,True,1.0570642916127433,,UP,0.136129,True,
btc-updown-15m-1791369900,2026-10-07,300,NATIVE_V2,UP,1791370499.668973,0.97,0.974,0.026,0.03,0.972,0.027999999999999997,83760.7656793674,83626.26472655707,True,2.731072380599935,,UP,0.316974,True,
btc-updown-15m-1791369900,2026-10-07,180,NATIVE_V2,UP,1791370616.7716181,0.95,0.954,0.046,0.05,0.952,0.048,83712.51749226275,83626.26472655707,True,1.9813288084598657,,UP,0.357199,True,
btc-updown-15m-1791369900,2026-10-07,120,NATIVE_V2,UP,1791370679.190884,0.99,0.992,0.008,0.01,0.991,0.009000000000000001,83711.34427095117,83626.26472655707,True,2.8169516976119113,,UP,0.371052,True,
btc-updown-15m-1791369900,2026-10-07,60,NATIVE_V2,UP,1791370739.7312572,0.999,0.999,0.001,0.001,0.999,0.001,83726.4891229613,83626.26472655707,True,4.268600759664324,,UP,0.371052,True,
btc-updown-15m-1791370800,2026-10-07,600,NATIVE_V2,UP,1791371098.899076,0.59,0.6,0.4,0.41,0.595,0.405,83698.4865592336,83722.874293231,True,0.22540498258405217,,DOWN,0.252621,True,
btc-updown-15m-1791370800,2026-10-07,300,NATIVE_V2,UP,1791371399.81662,0.84,0.85,0.15,0.16,0.845,0.155,83789.91029411771,83722.874293231,True,1.2858696507466887,,UP,0.443414,True,
btc-updown-15m-1791370800,2026-10-07,180,NATIVE_V2,UP,1791371519.299723,0.95,0.96,0.04,0.05,0.955,0.045,83793.08242770165,83722.874293231,True,1.8283350160221365,,UP,0.238297,True,
btc-updown-15m-1791370800,2026-10-07,120,NATIVE_V2,UP,1791371578.928041,0.97,0.98,0.02,0.03,0.975,0.025,83796.37581713672,83722.874293231,True,2.1691192813967985,,UP,0.238451,True,
btc-updown-15m-1791371700,2026-10-07,600,NATIVE_V2,DOWN,1791371997.395404,0.06,0.07,0.93,0.94,0.065,0.935,83675.01383995141,83806.75581138565,True,2.225766062654631,,DOWN,-0.583245,True,
btc-updown-15m-1791371700,2026-10-07,300,NATIVE_V2,DOWN,1791372299.321744,0.032,0.039,0.961,0.968,0.035500000000000004,0.9644999999999999,83698.2728187493,83806.75581138565,True,2.457242979546573,,DOWN,-0.592479,True,
btc-updown-15m-1791372600,2026-10-07,600,NATIVE_V2,DOWN,1791372899.251371,0.3,0.31,0.69,0.7,0.305,0.695,83673.66740434452,83705.58921029027,True,0.7779008994804539,,DOWN,-0.345148,True,
btc-updown-15m-1791372600,2026-10-07,300,NATIVE_V2,DOWN,1791373199.876856,0.04,0.05,0.95,0.96,0.045,0.955,83595.90649249856,83705.58921029027,True,2.2807413286079616,,DOWN,-0.570123,True,
btc-updown-15m-1791372600,2026-10-07,180,NATIVE_V2,DOWN,1791373319.988953,0.02,0.03,0.97,0.98,0.025,0.975,83585.28280933514,83705.58921029027,True,2.794982934930502,,DOWN,-0.26791,True,
btc-updown-15m-1791372600,2026-10-07,120,NATIVE_V2,DOWN,1791373376.22827,0.011,0.012,0.988,0.989,0.0115,0.9884999999999999,83601.89907220606,83705.58921029027,True,2.8064112573868543,,DOWN,-0.589486,True,
btc-updown-15m-1791373500,2026-10-07,600,NATIVE_V2,UP,1791373799.299478,0.32,0.33,0.67,0.68,0.325,0.675,83579.90994434782,83623.33738424927,True,0.4343644061582184,,DOWN,-0.272371,True,
btc-updown-15m-1791373500,2026-10-07,300,NATIVE_V2,UP,1791374099.178473,0.56,0.57,0.43,0.44,0.565,0.435,83614.85843543695,83623.33738424927,True,0.08574298373753676,,DOWN,0.051815,True,
btc-updown-15m-1791373500,2026-10-07,180,NATIVE_V2,UP,1791374218.579189,0.9,0.91,0.09,0.1,0.905,0.095,83643.16296885992,83623.33738424927,True,1.4560730387709915,,UP,0.302775,True,
btc-updown-15m-1791373500,2026-10-07,120,NATIVE_V2,UP,1791374278.8516622,0.94,0.95,0.05,0.06,0.945,0.055,83669.88813164453,83623.33738424927,True,1.4938429991502482,,UP,0.542674,True,
btc-updown-15m-1791373500,2026-10-07,60,NATIVE_V2,UP,1791374338.8471072,0.99,1.0,0.0,0.01,0.995,0.005,83692.74658460394,83623.33738424927,True,3.528301848577263,,UP,0.542674,True,
btc-updown-15m-1791374400,2026-10-07,600,NATIVE_V2,DOWN,1791374699.352502,0.2,0.21,0.79,0.8,0.20500000000000002,0.795,83614.5292865345,83710.08818999212,True,1.260516494846055,,DOWN,-0.157767,True,
btc-updown-15m-1791374400,2026-10-07,300,NATIVE_V2,DOWN,1791374998.478362,0.08,0.09,0.92,0.93,0.08499999999999999,0.925,83634.94398726837,83710.08818999212,True,1.7304911714372089,,DOWN,-0.555512,True,
btc-updown-15m-1791374400,2026-10-07,180,NATIVE_V2,DOWN,1791375118.940491,0.03,0.04,0.96,0.97,0.035,0.965,83603.6535237557,83710.08818999212,True,2.413904257695887,,DOWN,-0.579295,True,
btc-updown-15m-1791375300,2026-10-07,600,NATIVE_V2,DOWN,1791375599.390021,0.16,0.17,0.84,0.85,0.165,0.845,83528.02109620105,83622.07676999057,True,1.4782461304413337,,DOWN,-0.230261,True,
btc-updown-15m-1791375300,2026-10-07,300,NATIVE_V2,DOWN,1791375899.083157,0.05,0.06,0.94,0.95,0.055,0.945,83541.54765336524,83622.07676999057,True,2.2067594822787284,,DOWN,-0.591624,True,
btc-updown-15m-1791375300,2026-10-07,180,NATIVE_V2,DOWN,1791376019.829236,0.001,0.01,0.991,0.999,0.0055,0.995,83467.0778453805,83622.07676999057,True,4.530482549949385,,DOWN,-0.485967,True,
btc-updown-15m-1791376200,2026-10-07,600,NATIVE_V2,UP,1791376499.791135,0.78,0.79,0.21,0.22,0.785,0.215,83527.10930339078,83440.81449369928,True,0.9852322903855952,,UP,0.231191,True,
btc-updown-15m-1791376200,2026-10-07,300,NATIVE_V2,UP,1791376799.300291,0.97,0.971,0.029,0.03,0.9704999999999999,0.0295,83608.35397626708,83440.81449369928,True,3.2417021801058996,,UP,0.307408,True,
btc-updown-15m-1791376200,2026-10-07,180,NATIVE_V2,UP,1791376918.815019,0.779,0.78,0.229,0.23,0.7795000000000001,0.2295,83513.06062836341,83440.81449369928,True,1.4606843118002708,,UP,0.141335,True,
btc-updown-15m-1791376200,2026-10-07,120,NATIVE_V2,UP,1791376979.103008,0.78,0.782,0.212,0.218,0.781,0.215,83475.4162466415,83440.81449369928,True,0.8905449503353713,,UP,0.130766,True,
btc-updown-15m-1791376200,2026-10-07,60,NATIVE_V2,UP,1791377039.1582131,0.984,0.985,0.014,0.015,0.9844999999999999,0.014499999999999999,83493.48291208589,83440.81449369928,True,2.3526281945267646,,UP,0.130766,True,
btc-updown-15m-1791378900,2026-10-07,180,NATIVE_V2,DOWN,1791379619.121469,0.42,0.43,0.57,0.58,0.425,0.575,83280.37266511815,83347.16106487777,True,0.771078978265906,,DOWN,-0.231986,True,
btc-updown-15m-1791378900,2026-10-07,120,NATIVE_V2,DOWN,1791379679.069078,0.05,0.06,0.94,0.95,0.055,0.945,83310.47077087963,83347.16106487777,True,2.8925086116161114,,DOWN,-0.263733,True,
btc-updown-15m-1791378900,2026-10-07,60,NATIVE_V2,DOWN,1791379739.678922,0.0,0.01,0.99,1.0,0.005,0.995,83263.28418133793,83347.16106487777,True,3.7580428077701806,,DOWN,-0.263733,True,
btc-updown-15m-1791378900,2026-10-07,30,NATIVE_V2,DOWN,1791379769.165211,0.0,0.01,0.99,1.0,0.005,0.995,83274.98596070665,83347.16106487777,True,3.9971281417163125,,DOWN,-0.263733,True,
btc-updown-15m-1791379800,2026-10-07,600,NATIVE_V2,DOWN,1791380099.608007,0.49,0.5,0.5,0.51,0.495,0.505,83368.40257405487,83301.53431794536,True,0.18296251456938725,,UP,-0.144326,True,
btc-updown-15m-1791379800,2026-10-07,300,NATIVE_V2,DOWN,1791380399.3164191,0.08,0.09,0.91,0.92,0.08499999999999999,0.915,83087.85582377206,83301.53431794536,True,4.160211766797092,,DOWN,-0.523351,True,
btc-updown-15m-1791379800,2026-10-07,180,NATIVE_V2,DOWN,1791380519.377099,0.06,0.07,0.93,0.94,0.065,0.935,83136.71723886949,83301.53431794536,True,4.025134196014103,,DOWN,-0.565116,True,
btc-updown-15m-1791379800,2026-10-07,120,NATIVE_V2,DOWN,1791380577.824192,0.0,0.01,0.99,1.0,0.005,0.995,83134.03111718138,83301.53431794536,True,5.720274818800135,,DOWN,-0.565215,True,
btc-updown-15m-1791379800,2026-10-07,60,NATIVE_V2,DOWN,1791380639.46485,0.0,0.01,0.99,1.0,0.005,0.995,83070.73392092745,83301.53431794536,True,10.63034903014898,,DOWN,-0.565215,True,
btc-updown-15m-1791379800,2026-10-07,30,NATIVE_V2,DOWN,1791380668.991491,0.0,0.01,0.99,1.0,0.005,0.995,83068.45728349502,83301.53431794536,True,24.016561045421845,,DOWN,-0.565215,True,
btc-updown-15m-1791380700,2026-10-07,600,NATIVE_V2,UP,1791380999.644667,0.24,0.25,0.75,0.76,0.245,0.755,82920.23754164192,83077.33917391491,True,0.7057649132578163,,DOWN,-0.448715,True,
btc-updown-15m-1791380700,2026-10-07,300,NATIVE_V2,UP,1791381299.6671932,0.93,0.94,0.06,0.07,0.935,0.065,83286.85076732011,83077.33917391491,True,4.597404303814099,,UP,0.515998,True,
btc-updown-15m-1791380700,2026-10-07,180,NATIVE_V2,UP,1791381419.9756181,0.991,0.995,0.005,0.009,0.993,0.006999999999999999,83323.82668967915,83077.33917391491,True,6.8190612911010335,,UP,0.562736,True,
btc-updown-15m-1791380700,2026-10-07,120,NATIVE_V2,UP,1791381479.649492,0.99,0.991,0.009,0.01,0.9904999999999999,0.0095,83312.91921011668,83077.33917391491,True,5.847176721939128,,UP,0.529065,True,
btc-updown-15m-1791380700,2026-10-07,60,NATIVE_V2,UP,1791381537.932409,0.992,0.998,0.002,0.005,0.995,0.0035,83233.3493832485,83077.33917391491,True,5.468640477997517,,UP,0.529065,True,
btc-updown-15m-1791380700,2026-10-07,30,NATIVE_V2,UP,1791381568.707124,0.999,0.999,0.001,0.001,0.999,0.001,83209.95735632443,83077.33917391491,True,11.96647229835666,,UP,0.529065,True,
btc-updown-15m-1791381600,2026-10-07,600,NATIVE_V2,UP,1791381898.968288,0.29,0.3,0.7,0.71,0.295,0.705,83137.64824523179,83186.8186589798,True,0.7375973500073412,,DOWN,-0.404094,True,
btc-updown-15m-1791381600,2026-10-07,300,NATIVE_V2,UP,1791382199.1875992,0.62,0.63,0.37,0.38,0.625,0.375,83209.05520138417,83186.8186589798,True,0.7447739691098422,,UP,0.169302,True,
btc-updown-15m-1791381600,2026-10-07,180,NATIVE_V2,UP,1791382319.688834,0.76,0.78,0.26,0.27,0.77,0.265,83174.536915251,83186.8186589798,True,1.4158490207503964,,DOWN,0.342699,True,
btc-updown-15m-1791381600,2026-10-07,120,NATIVE_V2,UP,1791382379.31424,0.76,0.77,0.22,0.23,0.765,0.225,83240.11794065489,83186.8186589798,True,1.1941561482352714,,DOWN,0.343601,True,
btc-updown-15m-1791381600,2026-10-07,60,NATIVE_V2,UP,1791382438.762141,0.15,0.16,0.84,0.85,0.155,0.845,83199.42956812661,83186.8186589798,True,1.0397698770571415,,NONE,0.343601,True,
btc-updown-15m-1791381600,2026-10-07,30,NATIVE_V2,UP,1791382468.0241349,0.0,0.01,0.99,1.0,0.005,0.995,83168.98662073171,83186.8186589798,True,4.737176225455039,,NONE,0.343601,True,
btc-updown-15m-1791384300,2026-10-07,180,NATIVE_V2,DOWN,1791385019.2057118,0.19,0.2,0.8,0.81,0.195,0.805,82936.52256428431,82965.21556923346,True,1.6007273599536367,,DOWN,-0.244396,True,
btc-updown-15m-1791384300,2026-10-07,120,NATIVE_V2,DOWN,1791385079.527927,0.16,0.17,0.83,0.84,0.165,0.835,82908.52790634018,82965.21556923346,True,1.3087462265932326,,DOWN,-0.256259,True,
btc-updown-15m-1791384300,2026-10-07,60,NATIVE_V2,DOWN,1791385139.2142909,0.24,0.25,0.75,0.76,0.245,0.755,82937.92563846447,82965.21556923346,True,1.0101716991559813,,DOWN,-0.256259,True,
btc-updown-15m-1791384300,2026-10-07,30,NATIVE_V2,DOWN,1791385168.360971,0.01,0.02,0.98,0.99,0.015,0.985,82941.30317382838,82965.21556923346,True,1.8696533380592855,,DOWN,-0.256259,True,
btc-updown-15m-1791385200,2026-10-07,600,NATIVE_V2,UP,1791385499.193342,0.28,0.29,0.71,0.72,0.28500000000000003,0.715,82885.60917349537,82954.17699795177,True,0.7517786650436594,,DOWN,-0.233006,True,
btc-updown-15m-1791385200,2026-10-07,300,NATIVE_V2,UP,1791385799.901995,0.22,0.23,0.77,0.78,0.225,0.775,82876.45594028984,82954.17699795177,True,1.5299856269756744,,DOWN,-0.154129,True,
btc-updown-15m-1791385200,2026-10-07,180,NATIVE_V2,UP,1791385919.687158,0.58,0.59,0.41,0.42,0.585,0.415,82959.7445830314,82954.17699795177,True,0.7583210036886966,,DOWN,0.183786,True,
btc-updown-15m-1791385200,2026-10-07,120,NATIVE_V2,UP,1791385978.9609752,0.48,0.49,0.51,0.52,0.485,0.515,82967.36981865106,82954.17699795177,True,0.2233143736765776,,DOWN,0.181016,True,
btc-updown-15m-1791385200,2026-10-07,60,NATIVE_V2,UP,1791386038.75424,0.99,1.0,0.0,0.01,0.995,0.005,83038.96321378206,82954.17699795177,True,6.246029422345494,,NONE,0.181016,True,
btc-updown-15m-1791385200,2026-10-07,30,NATIVE_V2,UP,1791386069.4861498,0.99,1.0,0.0,0.01,0.995,0.005,83082.9692923724,82954.17699795177,True,12.824492552813505,,NONE,0.181016,True,
btc-updown-15m-1791471600,2026-10-08,600,NATIVE_V2,DOWN,1791471898.812033,0.08,0.09,0.91,0.92,0.08499999999999999,0.915,82473.27578355154,82670.71626038224,True,2.2198841090292545,2.294574741771173,DOWN,-0.551206,True,
btc-updown-15m-1791471600,2026-10-08,300,NATIVE_V2,DOWN,1791472199.89989,0.005,0.009,0.991,0.994,0.006999999999999999,0.9924999999999999,82355.6783191436,82670.71626038224,True,6.553086978669377,3.9099010248641086,DOWN,-0.52993,True,
btc-updown-15m-1791472500,2026-10-08,600,NATIVE_V2,DOWN,1791472799.467226,0.14,0.15,0.85,0.86,0.14500000000000002,0.855,81880.49109533239,82171.43447581469,True,0.9394366882380191,0.9709196100263179,DOWN,-0.364963,True,
btc-updown-15m-1791472500,2026-10-08,300,NATIVE_V2,DOWN,1791473097.905835,0.013,0.018,0.982,0.984,0.0155,0.983,81586.68067733319,82171.43447581469,True,4.679382816209551,2.519546748931538,DOWN,-0.644637,True,
btc-updown-15m-1791473400,2026-10-08,600,NATIVE_V2,DOWN,1791473699.2875369,0.32,0.33,0.67,0.68,0.325,0.675,81259.48572828372,81302.23039372238,True,0.5995019684904924,0.6199768119835569,DOWN,-0.519231,True,
btc-updown-15m-1791473400,2026-10-08,300,NATIVE_V2,DOWN,1791473999.7687922,0.36,0.37,0.63,0.64,0.365,0.635,81170.49720434687,81302.23039372238,True,0.6008291975937987,0.3228142188826946,DOWN,0.114117,True,
btc-updown-15m-1791473400,2026-10-08,180,NATIVE_V2,DOWN,1791474118.427661,0.09,0.1,0.9,0.91,0.095,0.905,81137.30243032092,81302.23039372238,True,4.693985842408197,1.7746581391745535,DOWN,-0.572442,True,
btc-updown-15m-1791473400,2026-10-08,120,NATIVE_V2,DOWN,1791474176.206035,0.02,0.03,0.97,0.98,0.025,0.975,81137.95245057633,81302.23039372238,True,6.3957965631336435,2.6111287640921073,DOWN,-0.54706,True,
btc-updown-15m-1791473400,2026-10-08,60,NATIVE_V2,DOWN,1791474239.508833,0.0,0.01,0.99,1.0,0.005,0.995,81137.73027827,81302.23039372238,True,6.841756335852801,4.407798165790897,DOWN,-0.54706,True,
btc-updown-15m-1791473400,2026-10-08,30,NATIVE_V2,DOWN,1791474266.67216,0.0,0.01,0.99,1.0,0.005,0.995,81154.72876380489,81302.23039372238,True,12.830960112418511,10.80281562586902,DOWN,-0.54706,True,
btc-updown-15m-1791477000,2026-10-08,600,NATIVE_V2,UP,1791477295.7868311,0.39,0.4,0.61,0.62,0.395,0.615,81122.24567190626,81268.26232981068,True,0.392611913051624,0.40614555284777626,DOWN,0.170697,True,
btc-updown-15m-1791477000,2026-10-08,300,NATIVE_V2,UP,1791477599.698936,0.62,0.63,0.37,0.38,0.625,0.375,81273.05443272325,81268.26232981068,True,0.9073079655986119,0.9044336516923276,DOWN,0.305361,True,
btc-updown-15m-1791477000,2026-10-08,180,NATIVE_V2,UP,1791477718.238702,0.72,0.73,0.27,0.28,0.725,0.275,81337.96712093549,81268.26232981068,True,1.4137517923165572,1.2046960421939832,UP,0.119387,True,
btc-updown-15m-1791477000,2026-10-08,120,NATIVE_V2,UP,1791477779.707856,0.55,0.56,0.42,0.43,0.555,0.425,81317.82931097203,81268.26232981068,True,0.9768800706349136,1.0110145381637508,UP,0.112862,True,
btc-updown-15m-1791477000,2026-10-08,60,NATIVE_V2,UP,1791477836.951912,0.05,0.06,0.95,0.96,0.055,0.955,81260.82083146385,81268.26232981068,True,2.651017439976839,3.4134152437991316,NONE,0.112862,True,
btc-updown-15m-1791477900,2026-10-08,600,NATIVE_V2,DOWN,1791478198.353322,0.12,0.13,0.87,0.88,0.125,0.875,81027.33265241446,81210.36002838117,True,1.9027421405032459,1.9666808485168183,DOWN,-0.589024,True,
btc-updown-15m-1791477900,2026-10-08,300,NATIVE_V2,DOWN,1791478499.2169049,0.06,0.07,0.93,0.94,0.065,0.935,80987.22108335518,81210.36002838117,True,4.1321799069672505,2.6903252019617385,DOWN,-0.525026,True,
btc-updown-15m-1791477900,2026-10-08,180,NATIVE_V2,DOWN,1791478618.7346501,0.0,0.01,0.99,1.0,0.005,0.995,80940.6720174007,81210.36002838117,True,9.418778384498882,3.443675727271287,DOWN,-0.930987,True,
btc-updown-15m-1791477900,2026-10-08,120,NATIVE_V2,DOWN,1791478678.947569,0.001,0.007,0.992,0.999,0.004,0.9955,80908.26442889054,81210.36002838117,True,8.870492918526715,3.2455423649209156,DOWN,-0.913022,True,
btc-updown-15m-1791478800,2026-10-08,600,NATIVE_V2,DOWN,1791479095.0366652,0.3,0.31,0.69,0.7,0.305,0.695,80754.72339449647,80883.51341270335,True,0.7048642501418657,0.7287929308753203,DOWN,-0.338428,True,
btc-updown-15m-1791478800,2026-10-08,300,NATIVE_V2,DOWN,1791479399.825919,0.16,0.17,0.83,0.84,0.165,0.835,80752.91713646254,80883.51341270335,True,2.349377920542921,1.2615560649845665,DOWN,-0.47998,True,
btc-updown-15m-1791478800,2026-10-08,180,NATIVE_V2,DOWN,1791479518.658605,0.04,0.05,0.95,0.96,0.045,0.955,80704.17082255073,80883.51341270335,True,5.490208549596121,2.432833863913449,DOWN,-0.602278,True,
btc-updown-15m-1791478800,2026-10-08,120,NATIVE_V2,DOWN,1791479578.763215,0.21,0.22,0.78,0.79,0.215,0.785,80763.14232681533,80883.51341270335,True,2.0819511927628334,0.9828906387848897,DOWN,-0.596651,True,
btc-updown-15m-1791478800,2026-10-08,60,NATIVE_V2,DOWN,1791479637.817846,0.3,0.31,0.69,0.7,0.305,0.695,80855.8060531853,80883.51341270335,True,1.1342897370131901,0.8896709315421866,DOWN,-0.596651,True,
btc-updown-15m-1791478800,2026-10-08,30,NATIVE_V2,DOWN,1791479669.119516,0.47,0.48,0.53,0.54,0.475,0.535,80874.72989538456,80883.51341270335,True,0.1427905646686258,0.12831933672141901,DOWN,-0.596651,True,
