slug,lifecycle_time,day_type,hour_block,abs_distance_bps,safety_sigma,volatility_source,prior_return_count,remaining_volatility_usd,future_data_used_for_features
btc-updown-15m-1785135600,T+1m,weekday,00-06,2.2578311735408594,0.1116550726977018,VOLATILITY_PROXY_PRIOR_60M,60,132.28239114574583,False
btc-updown-15m-1785135600,T+2m,weekday,00-06,1.291717902261911,0.06600960550362688,VOLATILITY_PROXY_PRIOR_60M,60,128.0116724759521,False
btc-updown-15m-1785135600,T+3m,weekday,00-06,0.8025466256659608,0.04295167972218361,VOLATILITY_PROXY_PRIOR_60M,60,122.23037687833403,False
btc-updown-15m-1785135600,T+5m,weekday,00-06,2.023946156917274,0.11937894634253525,VOLATILITY_PROXY_PRIOR_60M,60,110.90732834924086,False
btc-updown-15m-1785135600,T+10m,weekday,00-06,3.5526063962810084,0.4173521790344029,VOLATILITY_PROXY_PRIOR_60M,60,55.68438639464311,False
btc-updown-15m-1785135600,T-5m,weekday,00-06,2.023946156917274,0.11937894634253525,VOLATILITY_PROXY_PRIOR_60M,60,110.90732834924086,False
btc-updown-15m-1785135600,T-3m,weekday,00-06,9.792597493364843,1.1582068177947396,VOLATILITY_PROXY_PRIOR_60M,60,55.30963815424356,False
btc-updown-15m-1785135600,T-2m,weekday,00-06,3.2377023869724346,0.42849691218445096,VOLATILITY_PROXY_PRIOR_60M,60,49.428594227262806,False
btc-updown-15m-1785135600,T-1m,weekday,00-06,0.726113613697774,0.13742917556816672,VOLATILITY_PROXY_PRIOR_60M,60,34.56325762242484,False
btc-updown-15m-1785157200,T+1m,weekday,06-12,2.372245951510667,0.13474375837418415,VOLATILITY_PROXY_PRIOR_60M,60,114.58786801185525,False
btc-updown-15m-1785157200,T+2m,weekday,06-12,5.838429155271487,0.3428346838742725,VOLATILITY_PROXY_PRIOR_60M,60,110.84059398708827,False
btc-updown-15m-1785157200,T+3m,weekday,06-12,4.00546968626121,0.24061405990087312,VOLATILITY_PROXY_PRIOR_60M,60,108.34778321241862,False
btc-updown-15m-1785157200,T+5m,weekday,06-12,0.616107918753962,0.041582336416732264,VOLATILITY_PROXY_PRIOR_60M,60,96.43517766328442,False
btc-updown-15m-1785157200,T+10m,weekday,06-12,5.223857665242909,0.5138421349443902,VOLATILITY_PROXY_PRIOR_60M,60,66.16818218630435,False
btc-updown-15m-1785157200,T-5m,weekday,06-12,0.616107918753962,0.041582336416732264,VOLATILITY_PROXY_PRIOR_60M,60,96.43517766328442,False
btc-updown-15m-1785157200,T-3m,weekday,06-12,3.380143195157177,0.3032875901649188,VOLATILITY_PROXY_PRIOR_60M,60,72.53841143990445,False
btc-updown-15m-1785157200,T-2m,weekday,06-12,8.312079402636288,0.9119863585063015,VOLATILITY_PROXY_PRIOR_60M,60,59.3210627498928,False
btc-updown-15m-1785157200,T-1m,weekday,06-12,4.7060811848934305,0.7293294490989295,VOLATILITY_PROXY_PRIOR_60M,60,41.99748143701049,False
btc-updown-15m-1785243600,T+1m,weekday,06-12,0.5460555355791633,0.03629220366319257,VOLATILITY_PROXY_PRIOR_60M,60,95.61282175654785,False
btc-updown-15m-1785243600,T+2m,weekday,06-12,0.5381873001957229,0.03740937293642928,VOLATILITY_PROXY_PRIOR_60M,60,91.42093896655122,False
btc-updown-15m-1785243600,T+3m,weekday,06-12,3.9907689862487765,0.2876966815946075,VOLATILITY_PROXY_PRIOR_60M,60,88.14839246472533,False
btc-updown-15m-1785243600,T+5m,weekday,06-12,3.3518682731509704,0.29236149525190147,VOLATILITY_PROXY_PRIOR_60M,60,72.85501116229628,False
btc-updown-15m-1785243600,T+10m,weekday,06-12,5.765842888649428,0.649634661936467,VOLATILITY_PROXY_PRIOR_60M,60,56.40093139547215,False
btc-updown-15m-1785243600,T-5m,weekday,06-12,3.3518682731509704,0.29236149525190147,VOLATILITY_PROXY_PRIOR_60M,60,72.85501116229628,False
btc-updown-15m-1785243600,T-3m,weekday,06-12,6.082145951045642,0.6748899246653614,VOLATILITY_PROXY_PRIOR_60M,60,57.26859831129608,False
btc-updown-15m-1785243600,T-2m,weekday,06-12,9.293959634379616,1.1648833213500374,VOLATILITY_PROXY_PRIOR_60M,60,50.70035678041778,False
btc-updown-15m-1785243600,T-1m,weekday,06-12,8.286825505357637,1.4717601657210633,VOLATILITY_PROXY_PRIOR_60M,60,35.78028623583764,False
btc-updown-15m-1785265200,T+1m,weekday,12-18,7.5469341639038054,0.6149977174709864,VOLATILITY_PROXY_PRIOR_60M,60,78.21167239091054,False
btc-updown-15m-1785265200,T+2m,weekday,12-18,6.511388103992045,0.5501977519232673,VOLATILITY_PROXY_PRIOR_60M,60,75.42742560276355,False
btc-updown-15m-1785265200,T+3m,weekday,12-18,15.611641357764062,1.2968214164060925,VOLATILITY_PROXY_PRIOR_60M,60,76.72606169301736,False
btc-updown-15m-1785265200,T+5m,weekday,12-18,14.045770194443241,1.2989488705241985,VOLATILITY_PROXY_PRIOR_60M,60,68.91726228136889,False
btc-updown-15m-1785265200,T+10m,weekday,12-18,7.454362622184949,0.9081486584687762,VOLATILITY_PROXY_PRIOR_60M,60,52.315223457036595,False
btc-updown-15m-1785265200,T-5m,weekday,12-18,14.045770194443241,1.2989488705241985,VOLATILITY_PROXY_PRIOR_60M,60,68.91726228136889,False
btc-updown-15m-1785265200,T-3m,weekday,12-18,2.2013198819036344,0.24901221906406798,VOLATILITY_PROXY_PRIOR_60M,60,56.34261665042661,False
btc-updown-15m-1785265200,T-2m,weekday,12-18,6.828327958693021,0.9364049688297935,VOLATILITY_PROXY_PRIOR_60M,60,46.475618400861485,False
btc-updown-15m-1785265200,T-1m,weekday,12-18,6.51295711317405,1.2672641584956754,VOLATILITY_PROXY_PRIOR_60M,60,32.75560168077119,False
btc-updown-15m-1785286800,T+1m,weekday,18-24,4.994215372644467,0.2213153791188406,VOLATILITY_PROXY_PRIOR_60M,60,144.3189358424301,False
btc-updown-15m-1785286800,T+2m,weekday,18-24,1.888857911758398,0.08616962742652612,VOLATILITY_PROXY_PRIOR_60M,60,140.18860659809567,False
btc-updown-15m-1785286800,T+3m,weekday,18-24,4.514182774210432,0.21428956611504124,VOLATILITY_PROXY_PRIOR_60M,60,134.72424497095568,False
btc-updown-15m-1785286800,T+5m,weekday,18-24,5.005160741339522,0.26016326070539597,VOLATILITY_PROXY_PRIOR_60M,60,123.03812580304937,False
btc-updown-15m-1785286800,T+10m,weekday,18-24,6.254496396550082,0.49681798918721615,VOLATILITY_PROXY_PRIOR_60M,60,80.51238254363366,False
btc-updown-15m-1785286800,T-5m,weekday,18-24,5.005160741339522,0.26016326070539597,VOLATILITY_PROXY_PRIOR_60M,60,123.03812580304937,False
btc-updown-15m-1785286800,T-3m,weekday,18-24,4.062295409558642,0.2942966015972517,VOLATILITY_PROXY_PRIOR_60M,60,88.27828747934322,False
btc-updown-15m-1785286800,T-2m,weekday,18-24,11.569254709518196,1.027156121235088,VOLATILITY_PROXY_PRIOR_60M,60,72.03384029978795,False
btc-updown-15m-1785286800,T-1m,weekday,18-24,15.634677367275751,1.8943239326484982,VOLATILITY_PROXY_PRIOR_60M,60,52.78400292404036,False
btc-updown-15m-1785351600,T+1m,weekday,12-18,2.7131143576151384,0.07477279546996922,VOLATILITY_PROXY_PRIOR_60M,60,234.04233973074437,False
btc-updown-15m-1785351600,T+2m,weekday,12-18,11.215239578850822,0.3166881187812277,VOLATILITY_PROXY_PRIOR_60M,60,228.42663083921124,False
btc-updown-15m-1785351600,T+3m,weekday,12-18,7.832373562670163,0.23209066345407503,VOLATILITY_PROXY_PRIOR_60M,60,217.67355587744584,False
btc-updown-15m-1785351600,T+5m,weekday,12-18,5.816917182726361,0.19052766524268575,VOLATILITY_PROXY_PRIOR_60M,60,196.92678200935006,False
btc-updown-15m-1785351600,T+10m,weekday,12-18,42.375745563824616,2.040577095906425,VOLATILITY_PROXY_PRIOR_60M,60,133.9474017170526,False
btc-updown-15m-1785351600,T-5m,weekday,12-18,5.816917182726361,0.19052766524268575,VOLATILITY_PROXY_PRIOR_60M,60,196.92678200935006,False
btc-updown-15m-1785351600,T-3m,weekday,12-18,36.12938113706369,1.5855583782615155,VOLATILITY_PROXY_PRIOR_60M,60,146.9766129049819,False
btc-updown-15m-1785351600,T-2m,weekday,12-18,43.70129572140275,2.352982739184905,VOLATILITY_PROXY_PRIOR_60M,60,119.7968838894429,False
btc-updown-15m-1785351600,T-1m,weekday,12-18,27.1466470867661,2.071202193096428,VOLATILITY_PROXY_PRIOR_60M,60,84.54027355881931,False
btc-updown-15m-1785373200,T+1m,weekday,18-24,0.756710863604862,0.0417782952011033,VOLATILITY_PROXY_PRIOR_60M,60,115.3709115414652,False
btc-updown-15m-1785373200,T+2m,weekday,18-24,1.9090464940731982,0.108944499630014,VOLATILITY_PROXY_PRIOR_60M,60,111.61646564344915,False
btc-updown-15m-1785373200,T+3m,weekday,18-24,9.934577479028565,0.5743195837734762,VOLATILITY_PROXY_PRIOR_60M,60,110.18255652058315,False
btc-updown-15m-1785373200,T+5m,weekday,18-24,20.862926693870488,1.290254499347795,VOLATILITY_PROXY_PRIOR_60M,60,102.99518433547289,False
btc-updown-15m-1785373200,T+10m,weekday,18-24,17.17827856756176,1.4226765704478634,VOLATILITY_PROXY_PRIOR_60M,60,76.91136711807411,False
btc-updown-15m-1785373200,T-5m,weekday,18-24,20.862926693870488,1.290254499347795,VOLATILITY_PROXY_PRIOR_60M,60,102.99518433547289,False
btc-updown-15m-1785373200,T-3m,weekday,18-24,24.06560337800767,1.839503405126466,VOLATILITY_PROXY_PRIOR_60M,60,83.33227303238516,False
btc-updown-15m-1785373200,T-2m,weekday,18-24,13.170222893737607,1.2167991439893058,VOLATILITY_PROXY_PRIOR_60M,60,68.94317802111858,False
btc-updown-15m-1785373200,T-1m,weekday,18-24,11.81693500073423,1.5569059921076684,VOLATILITY_PROXY_PRIOR_60M,60,48.34588625232259,False
btc-updown-15m-1785394800,T+1m,weekday,00-06,7.185712946470105,0.7023230132449189,VOLATILITY_PROXY_PRIOR_60M,60,65.48268977761664,False
btc-updown-15m-1785394800,T+2m,weekday,00-06,18.650979656886133,1.6636688500385441,VOLATILITY_PROXY_PRIOR_60M,60,71.751057908692,False
btc-updown-15m-1785394800,T+3m,weekday,00-06,18.92128370988384,1.760086662093275,VOLATILITY_PROXY_PRIOR_60M,60,68.80343031289951,False
btc-updown-15m-1785394800,T+5m,weekday,00-06,15.312021499328146,1.5226106111385513,VOLATILITY_PROXY_PRIOR_60M,60,64.36314004584486,False
btc-updown-15m-1785394800,T+10m,weekday,00-06,10.623105527951934,1.441747627735464,VOLATILITY_PROXY_PRIOR_60M,60,47.15804534167263,False
btc-updown-15m-1785394800,T-5m,weekday,00-06,15.312021499328146,1.5226106111385513,VOLATILITY_PROXY_PRIOR_60M,60,64.36314004584486,False
btc-updown-15m-1785394800,T-3m,weekday,00-06,2.7827255398265165,0.3560506347546448,VOLATILITY_PROXY_PRIOR_60M,60,50.020975281424725,False
btc-updown-15m-1785394800,T-2m,weekday,00-06,9.06377925689854,1.373319297784148,VOLATILITY_PROXY_PRIOR_60M,60,42.240722964864204,False
btc-updown-15m-1785394800,T-1m,weekday,00-06,14.08705977938244,3.0108731335310797,VOLATILITY_PROXY_PRIOR_60M,60,29.944802056228127,False
btc-updown-15m-1785416400,T+1m,weekday,06-12,2.9249133615707295,0.2135623816906829,VOLATILITY_PROXY_PRIOR_60M,60,88.92015461553753,False
btc-updown-15m-1785416400,T+2m,weekday,06-12,2.9942241047365927,0.22707234118845274,VOLATILITY_PROXY_PRIOR_60M,60,85.61148353981434,False
btc-updown-15m-1785416400,T+3m,weekday,06-12,7.547169811320754,0.6009263449990799,VOLATILITY_PROXY_PRIOR_60M,60,81.54077518447794,False
btc-updown-15m-1785416400,T+5m,weekday,06-12,8.023103581054526,0.729083969496172,VOLATILITY_PROXY_PRIOR_60M,60,71.4458171889212,False
btc-updown-15m-1785416400,T+10m,weekday,06-12,7.239122063919908,0.9084373193366964,VOLATILITY_PROXY_PRIOR_60M,60,51.73719639162058,False
btc-updown-15m-1785416400,T-5m,weekday,06-12,8.023103581054526,0.729083969496172,VOLATILITY_PROXY_PRIOR_60M,60,71.4458171889212,False
btc-updown-15m-1785416400,T-3m,weekday,06-12,7.239122063919908,0.828939799432053,VOLATILITY_PROXY_PRIOR_60M,60,56.69893040749399,False
btc-updown-15m-1785416400,T-2m,weekday,06-12,10.31959953792838,1.4407897539140109,VOLATILITY_PROXY_PRIOR_60M,60,46.50227406045163,False
btc-updown-15m-1785416400,T-1m,weekday,06-12,10.492106276473256,2.1198075394843787,VOLATILITY_PROXY_PRIOR_60M,60,32.134992791172024,False
btc-updown-15m-1785459600,T+1m,weekday,18-24,16.23795228143207,1.1334701088594172,VOLATILITY_PROXY_PRIOR_60M,60,92.72410377522708,False
btc-updown-15m-1785459600,T+2m,weekday,18-24,23.327958277577824,1.6502754912869781,VOLATILITY_PROXY_PRIOR_60M,60,91.493814697719,False
btc-updown-15m-1785459600,T+3m,weekday,18-24,32.336854543327384,2.2914166204693656,VOLATILITY_PROXY_PRIOR_60M,60,91.34087539136527,False
btc-updown-15m-1785459600,T+5m,weekday,18-24,35.65706000981594,2.7471773477054025,VOLATILITY_PROXY_PRIOR_60M,60,84.00986568732537,False
btc-updown-15m-1785459600,T+10m,weekday,18-24,94.93562833845483,6.774228087606231,VOLATILITY_PROXY_PRIOR_60M,60,90.70701370746517,False
btc-updown-15m-1785459600,T-5m,weekday,18-24,35.65706000981594,2.7471773477054025,VOLATILITY_PROXY_PRIOR_60M,60,84.00986568732537,False
btc-updown-15m-1785459600,T-3m,weekday,18-24,60.71387353029829,5.38695506145565,VOLATILITY_PROXY_PRIOR_60M,60,72.94844592481276,False
btc-updown-15m-1785459600,T-2m,weekday,18-24,99.97387404632845,7.960119845010095,VOLATILITY_PROXY_PRIOR_60M,60,81.29023338833585,False
btc-updown-15m-1785459600,T-1m,weekday,18-24,89.46941757045263,9.645887245456251,VOLATILITY_PROXY_PRIOR_60M,60,60.034912835289475,False
btc-updown-15m-1785481200,T+1m,weekday,00-06,3.1557493877276492,0.252925838228435,VOLATILITY_PROXY_PRIOR_60M,60,80.14206908230871,False
btc-updown-15m-1785481200,T+2m,weekday,00-06,1.7187702634686237,0.14262347140899892,VOLATILITY_PROXY_PRIOR_60M,60,77.40661400914617,False
btc-updown-15m-1785481200,T+3m,weekday,00-06,6.5325724868782835,0.556095232950148,VOLATILITY_PROXY_PRIOR_60M,60,75.45470184557524,False
btc-updown-15m-1785481200,T+5m,weekday,00-06,17.147224349494405,1.5396608124049864,VOLATILITY_PROXY_PRIOR_60M,60,71.53523627581204,False
btc-updown-15m-1785481200,T+10m,weekday,00-06,17.312251204502115,1.8893298868612427,VOLATILITY_PROXY_PRIOR_60M,60,58.85684695579644,False
btc-updown-15m-1785481200,T-5m,weekday,00-06,17.147224349494405,1.5396608124049864,VOLATILITY_PROXY_PRIOR_60M,60,71.53523627581204,False
btc-updown-15m-1785481200,T-3m,weekday,00-06,12.34899069731159,1.2379547272676557,VOLATILITY_PROXY_PRIOR_60M,60,64.07342550811238,False
btc-updown-15m-1785481200,T-2m,weekday,00-06,19.30035775019841,2.353409125780504,VOLATILITY_PROXY_PRIOR_60M,60,52.67677372453748,False
btc-updown-15m-1785481200,T-1m,weekday,00-06,24.59522882452511,4.110836283343986,VOLATILITY_PROXY_PRIOR_60M,60,38.43013662210195,False
btc-updown-15m-1785524400,T+1m,weekday,12-18,9.575646098573726,0.6942750933183444,VOLATILITY_PROXY_PRIOR_60M,60,87.02602265510626,False
btc-updown-15m-1785524400,T+2m,weekday,12-18,4.294935605285361,0.3197131216642253,VOLATILITY_PROXY_PRIOR_60M,60,84.7634900279757,False
btc-updown-15m-1785524400,T+3m,weekday,12-18,2.9145337926641894,0.22700108543606948,VOLATILITY_PROXY_PRIOR_60M,60,81.01282848349467,False
btc-updown-15m-1785524400,T+5m,weekday,12-18,7.220563327557254,0.5934085940755287,VOLATILITY_PROXY_PRIOR_60M,60,76.77677818430587,False
btc-updown-15m-1785524400,T+10m,weekday,12-18,6.27282476963879,0.7570977397823955,VOLATILITY_PROXY_PRIOR_60M,60,52.27858692508817,False
btc-updown-15m-1785524400,T-5m,weekday,12-18,7.220563327557254,0.5934085940755287,VOLATILITY_PROXY_PRIOR_60M,60,76.77677818430587,False
btc-updown-15m-1785524400,T-3m,weekday,12-18,4.687977682817539,0.5161874878699971,VOLATILITY_PROXY_PRIOR_60M,60,57.30475979195282,False
btc-updown-15m-1785524400,T-2m,weekday,12-18,6.016079541573333,0.81583667290757,VOLATILITY_PROXY_PRIOR_60M,60,46.528920874214975,False
btc-updown-15m-1785524400,T-1m,weekday,12-18,5.003362253094646,0.9554854223117405,VOLATILITY_PROXY_PRIOR_60M,60,33.0407971307589,False
btc-updown-15m-1785562200,T+1m,weekend,00-06,0.7939149037321983,0.12194548327537866,VOLATILITY_PROXY_PRIOR_60M,60,41.08393247077794,False
btc-updown-15m-1785562200,T+2m,weekend,00-06,0.7923302432453847,0.12634830413547724,VOLATILITY_PROXY_PRIOR_60M,60,39.57314689905722,False
btc-updown-15m-1785562200,T+3m,weekend,00-06,0.7939149037321983,0.13188081599642096,VOLATILITY_PROXY_PRIOR_60M,60,37.9888459299342,False
btc-updown-15m-1785562200,T+5m,weekend,00-06,1.9031772442757369,0.34273566639119424,VOLATILITY_PROXY_PRIOR_60M,60,35.04158212204846,False
btc-updown-15m-1785562200,T+10m,weekend,00-06,12.544172411061483,2.463178823421911,VOLATILITY_PROXY_PRIOR_60M,60,32.1373337766977,False
btc-updown-15m-1785562200,T-5m,weekend,00-06,1.9031772442757369,0.34273566639119424,VOLATILITY_PROXY_PRIOR_60M,60,35.04158212204846,False
btc-updown-15m-1785562200,T-3m,weekend,00-06,1.3786546232465082,0.3203850166066451,VOLATILITY_PROXY_PRIOR_60M,60,27.154827938406914,False
btc-updown-15m-1785562200,T-2m,weekend,00-06,12.54258775057467,2.7543115334768093,VOLATILITY_PROXY_PRIOR_60M,60,28.736763811205194,False
btc-updown-15m-1785562200,T-1m,weekend,00-06,14.009983361065446,4.354268190437068,VOLATILITY_PROXY_PRIOR_60M,60,20.304215572704347,False
btc-updown-15m-1785573000,T+1m,weekend,00-06,0.6324097140030825,0.17791384827200174,VOLATILITY_PROXY_PRIOR_60M,60,22.426584769825745,False
btc-updown-15m-1785573000,T+2m,weekend,00-06,1.664236089482646,0.4818209813355584,VOLATILITY_PROXY_PRIOR_60M,60,21.79232620981983,False
btc-updown-15m-1785573000,T+3m,weekend,00-06,2.217396465891317,0.964948864186284,VOLATILITY_PROXY_PRIOR_60M,60,14.498177591820227,False
btc-updown-15m-1785573000,T+5m,weekend,00-06,2.217396465891317,1.0762901662826985,VOLATILITY_PROXY_PRIOR_60M,60,12.998353453620004,False
btc-updown-15m-1785573000,T+10m,weekend,00-06,1.664236089482646,1.1283845124458864,VOLATILITY_PROXY_PRIOR_60M,60,9.305338636064933,False
btc-updown-15m-1785573000,T-5m,weekend,00-06,2.217396465891317,1.0762901662826985,VOLATILITY_PROXY_PRIOR_60M,60,12.998353453620004,False
btc-updown-15m-1785573000,T-3m,weekend,00-06,1.664236089482646,1.0235928424797576,VOLATILITY_PROXY_PRIOR_60M,60,10.257984976294562,False
btc-updown-15m-1785573000,T-2m,weekend,00-06,1.664236089482646,1.2814677312345581,VOLATILITY_PROXY_PRIOR_60M,60,8.193729536899353,False
btc-updown-15m-1785573000,T-1m,weekend,00-06,1.664236089482646,1.882908389234502,VOLATILITY_PROXY_PRIOR_60M,60,5.5764794825035455,False
btc-updown-15m-1785583800,T+1m,weekend,06-12,1.5931667256105013,0.33902865608043337,VOLATILITY_PROXY_PRIOR_60M,60,29.64351189715157,False
btc-updown-15m-1785583800,T+2m,weekend,06-12,0.5342260562489853,0.11720803698443512,VOLATILITY_PROXY_PRIOR_60M,60,28.752294524332573,False
btc-updown-15m-1785583800,T+3m,weekend,06-12,0.5326408157256661,0.12163184133091688,VOLATILITY_PROXY_PRIOR_60M,60,27.624345428200368,False
btc-updown-15m-1785583800,T+5m,weekend,06-12,0.5373965372967772,0.13458630356927348,VOLATILITY_PROXY_PRIOR_60M,60,25.188298586875245,False
btc-updown-15m-1785583800,T+10m,weekend,06-12,1.804003715170428,0.6874438522770439,VOLATILITY_PROXY_PRIOR_60M,60,16.554079234704467,False
btc-updown-15m-1785583800,T-5m,weekend,06-12,0.5373965372967772,0.13458630356927348,VOLATILITY_PROXY_PRIOR_60M,60,25.188298586875245,False
btc-updown-15m-1785583800,T-3m,weekend,06-12,0.535811296773458,0.18263880537588933,VOLATILITY_PROXY_PRIOR_60M,60,18.50647234057555,False
btc-updown-15m-1785583800,T-2m,weekend,06-12,1.2523400131672382,0.532856235183386,VOLATILITY_PROXY_PRIOR_60M,60,14.825762519758483,False
btc-updown-15m-1785583800,T-1m,weekend,06-12,1.804003715170428,1.139863099650504,VOLATILITY_PROXY_PRIOR_60M,60,9.983655057781856,False
btc-updown-15m-1785594600,T+1m,weekend,06-12,0.8952003949658136,0.2465607508049273,VOLATILITY_PROXY_PRIOR_60M,60,22.915244951016533,False
btc-updown-15m-1785594600,T+2m,weekend,06-12,1.0552273682254707,0.2910755893890895,VOLATILITY_PROXY_PRIOR_60M,60,22.880654519953133,False
btc-updown-15m-1785594600,T+3m,weekend,06-12,1.0980068561259737,0.317655845420407,VOLATILITY_PROXY_PRIOR_60M,60,21.816063201445782,False
btc-updown-15m-1785594600,T+5m,weekend,06-12,1.3736968892654942,0.4363108252970202,VOLATILITY_PROXY_PRIOR_60M,60,19.871154913692823,False
btc-updown-15m-1785594600,T+10m,weekend,06-12,3.076954277916825,1.3826752593003626,VOLATILITY_PROXY_PRIOR_60M,60,14.045235762607646,False
btc-updown-15m-1785594600,T-5m,weekend,06-12,1.3736968892654942,0.4363108252970202,VOLATILITY_PROXY_PRIOR_60M,60,19.871154913692823,False
btc-updown-15m-1785594600,T-3m,weekend,06-12,2.5287430625929073,1.0390704921734562,VOLATILITY_PROXY_PRIOR_60M,60,15.359881856153088,False
btc-updown-15m-1785594600,T-2m,weekend,06-12,3.076954277916825,1.5458779353013796,VOLATILITY_PROXY_PRIOR_60M,60,12.562440770080718,False
btc-updown-15m-1785594600,T-1m,weekend,06-12,4.282702066534278,3.015627377494346,VOLATILITY_PROXY_PRIOR_60M,60,8.963308995575504,False
btc-updown-15m-1785605400,T+1m,weekend,12-18,3.8116336789262957,0.40019937042894377,VOLATILITY_PROXY_PRIOR_60M,60,59.84517160615939,False
btc-updown-15m-1785605400,T+2m,weekend,12-18,5.368117076834407,0.5870051495642152,VOLATILITY_PROXY_PRIOR_60M,60,57.46116541743565,False
btc-updown-15m-1785605400,T+3m,weekend,12-18,4.446640709360951,0.5070933502447829,VOLATILITY_PROXY_PRIOR_60M,60,55.09833640395388,False
btc-updown-15m-1785605400,T+5m,weekend,12-18,11.832775115999956,1.4228714618172418,VOLATILITY_PROXY_PRIOR_60M,60,52.2534902098896,False
btc-updown-15m-1785605400,T+10m,weekend,12-18,10.815808969513954,1.6713371114352706,VOLATILITY_PROXY_PRIOR_60M,60,40.662054073362896,False
btc-updown-15m-1785605400,T-5m,weekend,12-18,11.832775115999956,1.4228714618172418,VOLATILITY_PROXY_PRIOR_60M,60,52.2534902098896,False
btc-updown-15m-1785605400,T-3m,weekend,12-18,12.089006023017673,1.7110691706484615,VOLATILITY_PROXY_PRIOR_60M,60,44.39329590118895,False
btc-updown-15m-1785605400,T-2m,weekend,12-18,7.312925576061523,1.2426828870756061,VOLATILITY_PROXY_PRIOR_60M,60,36.976448680427865,False
btc-updown-15m-1785605400,T-1m,weekend,12-18,2.2201373620466467,0.5291044875273485,VOLATILITY_PROXY_PRIOR_60M,60,26.365302749914854,False
btc-updown-15m-1785627000,T+1m,weekend,18-24,0.0,0.0,VOLATILITY_PROXY_PRIOR_60M,60,24.97228534104952,False
btc-updown-15m-1785627000,T+2m,weekend,18-24,1.6966338942848058,0.4312826337066888,VOLATILITY_PROXY_PRIOR_60M,60,24.69378353695646,False
btc-updown-15m-1785627000,T+3m,weekend,18-24,1.0594005067600833,0.279957493797633,VOLATILITY_PROXY_PRIOR_60M,60,23.75360598422988,False
btc-updown-15m-1785627000,T+5m,weekend,18-24,1.0609935902292196,0.30880665737650637,VOLATILITY_PROXY_PRIOR_60M,60,21.566892555309842,False
btc-updown-15m-1785627000,T+10m,weekend,18-24,8.068967769532032,2.936582091721808,VOLATILITY_PROXY_PRIOR_60M,60,17.247942818551962,False
btc-updown-15m-1785627000,T-5m,weekend,18-24,1.0609935902292196,0.30880665737650637,VOLATILITY_PROXY_PRIOR_60M,60,21.566892555309842,False
btc-updown-15m-1785627000,T-3m,weekend,18-24,8.070560853001169,2.6812460286828976,VOLATILITY_PROXY_PRIOR_60M,60,18.894200479203725,False
btc-updown-15m-1785627000,T-2m,weekend,18-24,8.068967769532032,3.2832026389026323,VOLATILITY_PROXY_PRIOR_60M,60,15.427010017551204,False
btc-updown-15m-1785627000,T-1m,weekend,18-24,5.8386509131955036,3.286658528661255,VOLATILITY_PROXY_PRIOR_60M,60,11.151143229634505,False
btc-updown-15m-1785648600,T+1m,weekend,00-06,0.7591169233778103,0.0897107191566708,VOLATILITY_PROXY_PRIOR_60M,60,53.72825059603035,False
btc-updown-15m-1785648600,T+2m,weekend,00-06,3.6711650381621537,0.44480816316782845,VOLATILITY_PROXY_PRIOR_60M,60,52.40461378675275,False
btc-updown-15m-1785648600,T+3m,weekend,00-06,3.9089796759830224,0.49899824326340764,VOLATILITY_PROXY_PRIOR_60M,60,49.73965406707435,False
btc-updown-15m-1785648600,T+5m,weekend,00-06,1.40956358179152,0.19676252993411228,VOLATILITY_PROXY_PRIOR_60M,60,45.48630271729762,False
btc-updown-15m-1785648600,T+10m,weekend,00-06,8.951909942904608,1.7753517841808397,VOLATILITY_PROXY_PRIOR_60M,60,32.016189977937344,False
btc-updown-15m-1785648600,T-5m,weekend,00-06,1.40956358179152,0.19676252993411228,VOLATILITY_PROXY_PRIOR_60M,60,45.48630271729762,False
btc-updown-15m-1785648600,T-3m,weekend,00-06,8.369185333671956,1.4889840013640503,VOLATILITY_PROXY_PRIOR_60M,60,35.68876492381258,False
btc-updown-15m-1785648600,T-2m,weekend,00-06,7.797485244074522,1.7315511503028647,VOLATILITY_PROXY_PRIOR_60M,60,28.592860217465866,False
btc-updown-15m-1785648600,T-1m,weekend,00-06,12.100197764133195,3.7189588682077312,VOLATILITY_PROXY_PRIOR_60M,60,20.65900772842595,False
btc-updown-15m-1785670200,T+1m,weekend,06-12,5.778973119225281,0.6904430271152676,VOLATILITY_PROXY_PRIOR_60M,60,52.86460803652439,False
btc-updown-15m-1785670200,T+2m,weekend,06-12,6.000632362154701,0.7440508130829845,VOLATILITY_PROXY_PRIOR_60M,60,50.93738133685023,False
btc-updown-15m-1785670200,T+3m,weekend,06-12,4.436351419197697,0.5798772998690238,VOLATILITY_PROXY_PRIOR_60M,60,48.320567137794356,False
btc-updown-15m-1785670200,T+5m,weekend,06-12,0.28024061427540536,0.03819783405557445,VOLATILITY_PROXY_PRIOR_60M,60,46.33770588743022,False
btc-updown-15m-1785670200,T+10m,weekend,06-12,1.896769807350557,0.36458336386946927,VOLATILITY_PROXY_PRIOR_60M,60,32.85942581923483,False
btc-updown-15m-1785670200,T-5m,weekend,06-12,0.28024061427540536,0.03819783405557445,VOLATILITY_PROXY_PRIOR_60M,60,46.33770588743022,False
btc-updown-15m-1785670200,T-3m,weekend,06-12,1.581697026330104,0.2775940741173114,VOLATILITY_PROXY_PRIOR_60M,60,35.98779992607545,False
btc-updown-15m-1785670200,T-2m,weekend,06-12,1.2792904877618718,0.2750941477931723,VOLATILITY_PROXY_PRIOR_60M,60,29.371762594053305,False
btc-updown-15m-1785670200,T-1m,weekend,06-12,2.0582643986281823,0.6208934069127052,VOLATILITY_PROXY_PRIOR_60M,60,20.9375713371486,False
btc-updown-15m-1785691800,T+1m,weekend,12-18,4.276061655562391,0.31340493886292453,VOLATILITY_PROXY_PRIOR_60M,60,86.34197054511971,False
btc-updown-15m-1785691800,T+2m,weekend,12-18,5.4343592141463715,0.4173401342744913,VOLATILITY_PROXY_PRIOR_60M,60,82.40281050319633,False
btc-updown-15m-1785691800,T+3m,weekend,12-18,3.5997296568261157,0.2885514310866144,VOLATILITY_PROXY_PRIOR_60M,60,78.94606488075594,False
btc-updown-15m-1785691800,T+5m,weekend,12-18,1.5470304363622747,0.13616540345004757,VOLATILITY_PROXY_PRIOR_60M,60,71.897851818082,False
btc-updown-15m-1785691800,T+10m,weekend,12-18,4.656893458589782,0.5850342621761864,VOLATILITY_PROXY_PRIOR_60M,60,50.37311813222677,False
btc-updown-15m-1785691800,T-5m,weekend,12-18,1.5470304363622747,0.13616540345004757,VOLATILITY_PROXY_PRIOR_60M,60,71.897851818082,False
btc-updown-15m-1785691800,T-3m,weekend,12-18,4.93659150479571,0.5631824539669595,VOLATILITY_PROXY_PRIOR_60M,60,55.470478137145115,False
btc-updown-15m-1785691800,T-2m,weekend,12-18,4.656893458589782,0.6553426527656556,VOLATILITY_PROXY_PRIOR_60M,60,44.96884168248905,False
btc-updown-15m-1785691800,T-1m,weekend,12-18,2.1980789958940474,0.44825546760891133,VOLATILITY_PROXY_PRIOR_60M,60,31.03141178445039,False
btc-updown-15m-1785702600,T+1m,weekend,12-18,0.0,0.0,VOLATILITY_PROXY_PRIOR_60M,60,48.41768120540756,False
btc-updown-15m-1785702600,T+2m,weekend,12-18,2.603720244690096,0.3498800998301521,VOLATILITY_PROXY_PRIOR_60M,60,47.187593715723615,False
btc-updown-15m-1785702600,T+3m,weekend,12-18,5.948657033900748,0.819137133026063,VOLATILITY_PROXY_PRIOR_60M,60,46.04845572151715,False
btc-updown-15m-1785702600,T+5m,weekend,12-18,7.071521246026611,1.0653994386017063,VOLATILITY_PROXY_PRIOR_60M,60,42.087501058621235,False
btc-updown-15m-1785702600,T+10m,weekend,12-18,2.081714550570345,0.43850913931799596,VOLATILITY_PROXY_PRIOR_60M,60,30.101995184260122,False
btc-updown-15m-1785702600,T-5m,weekend,12-18,7.071521246026611,1.0653994386017063,VOLATILITY_PROXY_PRIOR_60M,60,42.087501058621235,False
btc-updown-15m-1785702600,T-3m,weekend,12-18,2.382932337811267,0.4569511666602473,VOLATILITY_PROXY_PRIOR_60M,60,33.06699074747123,False
btc-updown-15m-1785702600,T-2m,weekend,12-18,2.0832916070483707,0.4921969627042321,VOLATILITY_PROXY_PRIOR_60M,60,26.838849080717456,False
btc-updown-15m-1785702600,T-1m,weekend,12-18,2.382932337811267,0.7974659129949955,VOLATILITY_PROXY_PRIOR_60M,60,18.947518324956174,False
btc-updown-15m-1785713400,T+1m,weekend,18-24,0.6656946161351354,0.04175366015046838,VOLATILITY_PROXY_PRIOR_60M,60,101.3084837293833,False
btc-updown-15m-1785713400,T+2m,weekend,18-24,2.412552828690926,0.15756783817338013,VOLATILITY_PROXY_PRIOR_60M,60,97.29142810941752,False
btc-updown-15m-1785713400,T+3m,weekend,18-24,0.21088198241598477,0.014459134059831086,VOLATILITY_PROXY_PRIOR_60M,60,92.67498277916663,False
btc-updown-15m-1785713400,T+5m,weekend,18-24,5.346015628873074,0.4186951661570975,VOLATILITY_PROXY_PRIOR_60M,60,81.13301214290917,False
btc-updown-15m-1785713400,T+10m,weekend,18-24,2.6202873188325406,0.29530139644161607,VOLATILITY_PROXY_PRIOR_60M,60,56.38307234789294,False
btc-updown-15m-1785713400,T-5m,weekend,18-24,5.346015628873074,0.4186951661570975,VOLATILITY_PROXY_PRIOR_60M,60,81.13301214290917,False
btc-updown-15m-1785713400,T-3m,weekend,18-24,2.732023294590418,0.2762000732941546,VOLATILITY_PROXY_PRIOR_60M,60,62.85298838973185,False
btc-updown-15m-1785713400,T-2m,weekend,18-24,5.769353339843946,0.72281117155773,VOLATILITY_PROXY_PRIOR_60M,60,50.718640555869584,False
btc-updown-15m-1785713400,T-1m,weekend,18-24,5.453030366218824,0.9666171981715866,VOLATILITY_PROXY_PRIOR_60M,60,35.8466620142327,False
btc-updown-15m-1785724200,T+1m,weekend,18-24,3.168166265365606,0.2614667618427702,VOLATILITY_PROXY_PRIOR_60M,60,76.49155808196666,False
btc-updown-15m-1785724200,T+2m,weekend,18-24,0.950449879609682,0.08121681419122988,VOLATILITY_PROXY_PRIOR_60M,60,73.87632794697707,False
btc-updown-15m-1785724200,T+3m,weekend,18-24,2.1812824737037126,0.19410482399289478,VOLATILITY_PROXY_PRIOR_60M,60,70.94104987571484,False
btc-updown-15m-1785724200,T+5m,weekend,18-24,6.334748447598208,0.6126129036309732,VOLATILITY_PROXY_PRIOR_60M,60,65.27776310778985,False
btc-updown-15m-1785724200,T+10m,weekend,18-24,11.403814472183177,1.527101433552444,VOLATILITY_PROXY_PRIOR_60M,60,47.141596765140925,False
btc-updown-15m-1785724200,T-5m,weekend,18-24,6.334748447598208,0.6126129036309732,VOLATILITY_PROXY_PRIOR_60M,60,65.27776310778985,False
btc-updown-15m-1785724200,T-3m,weekend,18-24,11.547966037257867,1.4098186992046822,VOLATILITY_PROXY_PRIOR_60M,60,51.70877648390277,False
btc-updown-15m-1785724200,T-2m,weekend,18-24,14.063490051957743,2.09841307574812,VOLATILITY_PROXY_PRIOR_60M,60,42.308161832411024,False
btc-updown-15m-1785724200,T-1m,weekend,18-24,11.535293372196126,2.5013562172968817,VOLATILITY_PROXY_PRIOR_60M,60,29.11220700852174,False
btc-updown-15m-1785762000,T+1m,weekday,06-12,1.912280701754061,0.13621138364553456,VOLATILITY_PROXY_PRIOR_60M,60,88.02494827598085,False
btc-updown-15m-1785762000,T+2m,weekday,06-12,5.102073365230935,0.37760201272062927,VOLATILITY_PROXY_PRIOR_60M,60,84.71882808438822,False
btc-updown-15m-1785762000,T+3m,weekday,06-12,3.827751196172249,0.2951003295348841,VOLATILITY_PROXY_PRIOR_60M,60,81.328272448313,False
btc-updown-15m-1785762000,T+5m,weekday,06-12,0.8118022328543074,0.07160313846330373,VOLATILITY_PROXY_PRIOR_60M,60,71.08626953000264,False
btc-updown-15m-1785762000,T+10m,weekday,06-12,2.553429027113563,0.3251322836697333,VOLATILITY_PROXY_PRIOR_60M,60,49.24149585915887,False
btc-updown-15m-1785762000,T-5m,weekday,06-12,0.8118022328543074,0.07160313846330373,VOLATILITY_PROXY_PRIOR_60M,60,71.08626953000264,False
btc-updown-15m-1785762000,T-3m,weekday,06-12,2.2344497607658753,0.25953886244382196,VOLATILITY_PROXY_PRIOR_60M,60,53.98035526581129,False
btc-updown-15m-1785762000,T-2m,weekday,06-12,2.711323763955343,0.38663452932892606,VOLATILITY_PROXY_PRIOR_60M,60,43.96917168651896,False
btc-updown-15m-1785762000,T-1m,weekday,06-12,9.999999999999536,2.005916742038955,VOLATILITY_PROXY_PRIOR_60M,60,31.257528633149747,False
btc-updown-15m-1785783600,T+1m,weekday,12-18,2.5128826333500127,0.20444173823525474,VOLATILITY_PROXY_PRIOR_60M,60,78.50647396436541,False
btc-updown-15m-1785783600,T+2m,weekday,12-18,2.872984194515989,0.243444710872507,VOLATILITY_PROXY_PRIOR_60M,60,75.37645789975086,False
btc-updown-15m-1785783600,T+3m,weekday,12-18,2.2185387485716497,0.19962386384760566,VOLATILITY_PROXY_PRIOR_60M,60,70.98349729777667,False
btc-updown-15m-1785783600,T+5m,weekday,12-18,2.996671252481674,0.2978599715821026,VOLATILITY_PROXY_PRIOR_60M,60,64.25838254914235,False
btc-updown-15m-1785783600,T+10m,weekday,12-18,5.323240469403345,0.73120273263707,VOLATILITY_PROXY_PRIOR_60M,60,46.498732133261576,False
btc-updown-15m-1785783600,T-5m,weekday,12-18,2.996671252481674,0.2978599715821026,VOLATILITY_PROXY_PRIOR_60M,60,64.25838254914235,False
btc-updown-15m-1785783600,T-3m,weekday,12-18,0.7734355270254387,0.09968350011183412,VOLATILITY_PROXY_PRIOR_60M,60,49.55684736651685,False
btc-updown-15m-1785783600,T-2m,weekday,12-18,2.096417349567873,0.3201460564203242,VOLATILITY_PROXY_PRIOR_60M,60,41.82466012456359,False
btc-updown-15m-1785783600,T-1m,weekday,12-18,9.569307573232578,2.02772386800886,VOLATILITY_PROXY_PRIOR_60M,60,30.142171211907975,False
btc-updown-15m-1785805200,T+1m,weekday,18-24,5.604306304142599,0.35404347788578744,VOLATILITY_PROXY_PRIOR_60M,60,100.29841592353065,False
btc-updown-15m-1785805200,T+2m,weekday,18-24,15.884917755897732,0.9911611590227307,VOLATILITY_PROXY_PRIOR_60M,60,101.54756275885626,False
btc-updown-15m-1785805200,T+3m,weekday,18-24,11.865157644196513,0.7774232491060704,VOLATILITY_PROXY_PRIOR_60M,60,96.70407990299613,False
btc-updown-15m-1785805200,T+5m,weekday,18-24,10.635713935120949,0.7696041163849425,VOLATILITY_PROXY_PRIOR_60M,60,87.56450045583192,False
btc-updown-15m-1785805200,T+10m,weekday,18-24,14.838549104913541,1.4413523770624612,VOLATILITY_PROXY_PRIOR_60M,60,65.2304054832316,False
btc-updown-15m-1785805200,T-5m,weekday,18-24,10.635713935120949,0.7696041163849425,VOLATILITY_PROXY_PRIOR_60M,60,87.56450045583192,False
btc-updown-15m-1785805200,T-3m,weekday,18-24,13.964207879203796,1.237326546042263,VOLATILITY_PROXY_PRIOR_60M,60,71.50901294651526,False
btc-updown-15m-1785805200,T-2m,weekday,18-24,17.991859157201343,1.9461492572911059,VOLATILITY_PROXY_PRIOR_60M,60,58.5772132188255,False
btc-updown-15m-1785805200,T-1m,weekday,18-24,15.727094429957369,2.4897302944630333,VOLATILITY_PROXY_PRIOR_60M,60,40.024415584939184,False
btc-updown-15m-1785826800,T+1m,weekday,00-06,0.9407884403954708,0.10739240857051632,VOLATILITY_PROXY_PRIOR_60M,60,55.77675442547497,False
btc-updown-15m-1785826800,T+2m,weekday,00-06,1.242343332810349,0.14809021998435837,VOLATILITY_PROXY_PRIOR_60M,60,53.41338544057106,False
btc-updown-15m-1785826800,T+3m,weekday,00-06,0.6549395319614031,0.08199943099740063,VOLATILITY_PROXY_PRIOR_60M,60,50.85401141540167,False
btc-updown-15m-1785826800,T+5m,weekday,00-06,0.48374430658108153,0.06865738323471723,VOLATILITY_PROXY_PRIOR_60M,60,44.86043386582663,False
btc-updown-15m-1785826800,T+10m,weekday,00-06,4.476205434270457,0.9495064965849684,VOLATILITY_PROXY_PRIOR_60M,60,30.015592418276437,False
btc-updown-15m-1785826800,T-5m,weekday,00-06,0.48374430658108153,0.06865738323471723,VOLATILITY_PROXY_PRIOR_60M,60,44.86043386582663,False
btc-updown-15m-1785826800,T-3m,weekday,00-06,2.8726244699231778,0.5573142601729124,VOLATILITY_PROXY_PRIOR_60M,60,32.81810875308702,False
btc-updown-15m-1785826800,T-2m,weekday,00-06,8.481231349144023,1.9801494968240505,VOLATILITY_PROXY_PRIOR_60M,60,27.270668243286813,False
btc-updown-15m-1785826800,T-1m,weekday,00-06,11.693105073032367,4.167760704624308,VOLATILITY_PROXY_PRIOR_60M,60,17.863309646686684,False
btc-updown-15m-1785870000,T+1m,weekday,12-18,0.6220260352107168,0.040025801315684145,VOLATILITY_PROXY_PRIOR_60M,60,99.93553829071242,False
btc-updown-15m-1785870000,T+2m,weekday,12-18,0.8832769699992631,0.05993220474620442,VOLATILITY_PROXY_PRIOR_60M,60,94.77375351121239,False
btc-updown-15m-1785870000,T+3m,weekday,12-18,2.990390164274887,0.2105688468998072,VOLATILITY_PROXY_PRIOR_60M,60,91.32405046196571,False
btc-updown-15m-1785870000,T+5m,weekday,12-18,3.865891808834695,0.3017511432389529,VOLATILITY_PROXY_PRIOR_60M,60,82.3857690584266,False
btc-updown-15m-1785870000,T+10m,weekday,12-18,6.531273369712526,0.7634946774285722,VOLATILITY_PROXY_PRIOR_60M,60,55.01020667420338,False
btc-updown-15m-1785870000,T-5m,weekday,12-18,3.865891808834695,0.3017511432389529,VOLATILITY_PROXY_PRIOR_60M,60,82.3857690584266,False
btc-updown-15m-1785870000,T-3m,weekday,12-18,3.864336743746352,0.41268781515955616,VOLATILITY_PROXY_PRIOR_60M,60,60.21500777867859,False
btc-updown-15m-1785870000,T-2m,weekday,12-18,5.004199453270262,0.6528420616401241,VOLATILITY_PROXY_PRIOR_60M,60,49.292167111835624,False
btc-updown-15m-1785870000,T-1m,weekday,12-18,2.180201253414196,0.4015085146303491,VOLATILITY_PROXY_PRIOR_60M,60,34.918313034809884,False
btc-updown-15m-1785913200,T+1m,weekday,00-06,2.0138955681527864,0.18307188195082186,VOLATILITY_PROXY_PRIOR_60M,60,70.68261855455822,False
btc-updown-15m-1785913200,T+2m,weekday,00-06,3.6698344279029658,0.33692794389244346,VOLATILITY_PROXY_PRIOR_60M,60,69.98529040835248,False
btc-updown-15m-1785913200,T+3m,weekday,00-06,0.46067472038120316,0.043545070148878824,VOLATILITY_PROXY_PRIOR_60M,60,67.97554786061906,False
btc-updown-15m-1785913200,T+5m,weekday,00-06,4.729697551482644,0.4945426370214071,VOLATILITY_PROXY_PRIOR_60M,60,61.45071774404749,False
btc-updown-15m-1785913200,T+10m,weekday,00-06,8.026011935832946,1.195043746082759,VOLATILITY_PROXY_PRIOR_60M,60,43.153231979198516,False
btc-updown-15m-1785913200,T-5m,weekday,00-06,4.729697551482644,0.4945426370214071,VOLATILITY_PROXY_PRIOR_60M,60,61.45071774404749,False
btc-updown-15m-1785913200,T-3m,weekday,00-06,3.1546880345039257,0.4373795709476783,VOLATILITY_PROXY_PRIOR_60M,60,46.344185568806274,False
btc-updown-15m-1785913200,T-2m,weekday,00-06,10.444554217835112,1.7424143731506254,VOLATILITY_PROXY_PRIOR_60M,60,38.51552250378456,False
btc-updown-15m-1785913200,T-1m,weekday,00-06,12.010225733725381,2.863477349167054,VOLATILITY_PROXY_PRIOR_60M,60,26.94975045723548,False
btc-updown-15m-1785934800,T+1m,weekday,06-12,2.0456245784596496,0.11511476307720162,VOLATILITY_PROXY_PRIOR_60M,60,114.32069743459186,False
btc-updown-15m-1785934800,T+2m,weekday,06-12,0.8766962479109554,0.05120275332162071,VOLATILITY_PROXY_PRIOR_60M,60,110.15032657663527,False
btc-updown-15m-1785934800,T+3m,weekday,06-12,1.3197076497806723,0.0800621292464129,VOLATILITY_PROXY_PRIOR_60M,60,106.04264562921736,False
btc-updown-15m-1785934800,T+5m,weekday,06-12,8.603747752105516,0.5625609717655142,VOLATILITY_PROXY_PRIOR_60M,60,98.38933516182392,False
btc-updown-15m-1785934800,T+10m,weekday,06-12,15.679494774253454,1.4401056769353908,VOLATILITY_PROXY_PRIOR_60M,60,70.04347084768007,False
btc-updown-15m-1785934800,T-5m,weekday,06-12,8.603747752105516,0.5625609717655142,VOLATILITY_PROXY_PRIOR_60M,60,98.38933516182392,False
btc-updown-15m-1785934800,T-3m,weekday,06-12,9.873713770799082,0.830823562112914,VOLATILITY_PROXY_PRIOR_60M,60,76.45425923941724,False
btc-updown-15m-1785934800,T-2m,weekday,06-12,26.46410216433609,2.665451290724669,VOLATILITY_PROXY_PRIOR_60M,60,63.87286107701234,False
btc-updown-15m-1785934800,T-1m,weekday,06-12,28.89833323566411,4.065298505849409,VOLATILITY_PROXY_PRIOR_60M,60,45.730959173724735,False
btc-updown-15m-1785978000,T+1m,weekday,18-24,2.0821412455936845,0.22245066997571714,VOLATILITY_PROXY_PRIOR_60M,60,60.50779708358905,False
btc-updown-15m-1785978000,T+2m,weekday,18-24,4.303504416970242,0.49942741920608175,VOLATILITY_PROXY_PRIOR_60M,60,55.703789840421585,False
btc-updown-15m-1785978000,T+3m,weekday,18-24,0.270709300132926,0.03204372702614537,VOLATILITY_PROXY_PRIOR_60M,60,54.61287317084327,False
btc-updown-15m-1785978000,T+5m,weekday,18-24,2.012530282702811,0.25270161147391984,VOLATILITY_PROXY_PRIOR_60M,60,51.48364477820015,False
btc-updown-15m-1785978000,T+10m,weekday,18-24,2.3203654297107943,0.4090372863330406,VOLATILITY_PROXY_PRIOR_60M,60,36.67147348466152,False
btc-updown-15m-1785978000,T-5m,weekday,18-24,2.012530282702811,0.25270161147391984,VOLATILITY_PROXY_PRIOR_60M,60,51.48364477820015,False
btc-updown-15m-1785978000,T-3m,weekday,18-24,4.885142684683604,0.7557490425570152,VOLATILITY_PROXY_PRIOR_60M,60,41.786357933244766,False
btc-updown-15m-1785978000,T-2m,weekday,18-24,2.9375826340135505,0.5786658529282072,VOLATILITY_PROXY_PRIOR_60M,60,32.81686642455811,False
btc-updown-15m-1785978000,T-1m,weekday,18-24,8.58535208992994,2.299366210338427,VOLATILITY_PROXY_PRIOR_60M,60,24.137086015468306,False
btc-updown-15m-1785999600,T+1m,weekday,00-06,2.4637681159425227,0.32115727214903705,VOLATILITY_PROXY_PRIOR_60M,60,49.75755303024084,False
btc-updown-15m-1785999600,T+2m,weekday,00-06,6.167129201356768,0.8216894586604405,VOLATILITY_PROXY_PRIOR_60M,60,48.68019125523408,False
btc-updown-15m-1785999600,T+3m,weekday,00-06,2.4776441566450367,0.3352032858261879,VOLATILITY_PROXY_PRIOR_60M,60,47.9410575000522,False
btc-updown-15m-1785999600,T+5m,weekday,00-06,5.829478877582126,0.8566470044817107,VOLATILITY_PROXY_PRIOR_60M,60,44.13719980597318,False
btc-updown-15m-1785999600,T+10m,weekday,00-06,0.3931544865869427,0.08060695721328964,VOLATILITY_PROXY_PRIOR_60M,60,31.63498645973567,False
btc-updown-15m-1785999600,T-5m,weekday,00-06,5.829478877582126,0.8566470044817107,VOLATILITY_PROXY_PRIOR_60M,60,44.13719980597318,False
btc-updown-15m-1785999600,T-3m,weekday,00-06,1.7514646931854119,0.32888590719269917,VOLATILITY_PROXY_PRIOR_60M,60,34.540853686821514,False
btc-updown-15m-1785999600,T-2m,weekday,00-06,0.3977798334877808,0.09164605595064429,VOLATILITY_PROXY_PRIOR_60M,60,28.151784310185672,False
btc-updown-15m-1785999600,T-1m,weekday,00-06,3.5615171137833093,1.1709767277700973,VOLATILITY_PROXY_PRIOR_60M,60,19.727121344237222,False
btc-updown-15m-1786021200,T+1m,weekday,06-12,0.003104433130013439,0.00031954573072997926,VOLATILITY_PROXY_PRIOR_60M,60,62.588850588333685,False
btc-updown-15m-1786021200,T+2m,weekday,06-12,3.9038246616170147,0.43649167000077466,VOLATILITY_PROXY_PRIOR_60M,60,57.61851079530755,False
btc-updown-15m-1786021200,T+3m,weekday,06-12,3.7253197566124423,0.433348350626336,VOLATILITY_PROXY_PRIOR_60M,60,55.38269608113617,False
btc-updown-15m-1786021200,T+5m,weekday,06-12,7.669502048926408,0.9538210391006855,VOLATILITY_PROXY_PRIOR_60M,60,51.80217040147273,False
btc-updown-15m-1786021200,T+10m,weekday,06-12,32.782813858189044,4.924127900968187,VOLATILITY_PROXY_PRIOR_60M,60,42.890843667661585,False
btc-updown-15m-1786021200,T-5m,weekday,06-12,7.669502048926408,0.9538210391006855,VOLATILITY_PROXY_PRIOR_60M,60,51.80217040147273,False
btc-updown-15m-1786021200,T-3m,weekday,06-12,31.961691295170045,4.374488974198385,VOLATILITY_PROXY_PRIOR_60M,60,47.070640985610446,False
btc-updown-15m-1786021200,T-2m,weekday,06-12,33.74053147895235,5.690377135615951,VOLATILITY_PROXY_PRIOR_60M,60,38.19957707890543,False
btc-updown-15m-1786021200,T-1m,weekday,06-12,29.249968955669058,6.858586238345961,VOLATILITY_PROXY_PRIOR_60M,60,27.475050025097758,False
btc-updown-15m-1786107600,T+1m,weekday,06-12,4.830583443810983,0.22664745163556899,VOLATILITY_PROXY_PRIOR_60M,60,139.15885562532014,False
btc-updown-15m-1786107600,T+2m,weekday,06-12,11.687438890209089,0.5619166472688222,VOLATILITY_PROXY_PRIOR_60M,60,135.80305970805452,False
btc-updown-15m-1786107600,T+3m,weekday,06-12,12.61097783016387,0.6337303293508725,VOLATILITY_PROXY_PRIOR_60M,60,129.92908211342362,False
btc-updown-15m-1786107600,T+5m,weekday,06-12,0.18225727007438675,0.00988525026498163,VOLATILITY_PROXY_PRIOR_60M,60,120.38137306628317,False
btc-updown-15m-1786107600,T+10m,weekday,06-12,5.703580451728161,0.43015283185672387,VOLATILITY_PROXY_PRIOR_60M,60,86.57388082104254,False
btc-updown-15m-1786107600,T-5m,weekday,06-12,0.18225727007438675,0.00988525026498163,VOLATILITY_PROXY_PRIOR_60M,60,120.38137306628317,False
btc-updown-15m-1786107600,T-3m,weekday,06-12,4.489042509133949,0.3029534310422046,VOLATILITY_PROXY_PRIOR_60M,60,96.74754268062564,False
btc-updown-15m-1786107600,T-2m,weekday,06-12,10.462179931728214,0.8978790940198645,VOLATILITY_PROXY_PRIOR_60M,60,76.07928556858279,False
btc-updown-15m-1786107600,T-1m,weekday,06-12,9.85108202618619,1.1983350911024138,VOLATILITY_PROXY_PRIOR_60M,60,53.67446925119103,False
btc-updown-15m-1786129200,T+1m,weekday,12-18,6.65013684143303,0.6797621592485855,VOLATILITY_PROXY_PRIOR_60M,60,63.33097453907032,False
btc-updown-15m-1786129200,T+2m,weekday,12-18,15.520075457813055,1.504218083800476,VOLATILITY_PROXY_PRIOR_60M,60,66.79217666773364,False
btc-updown-15m-1786129200,T+3m,weekday,12-18,8.686113695558422,0.8402566071497023,VOLATILITY_PROXY_PRIOR_60M,60,66.92003314408672,False
btc-updown-15m-1786129200,T+5m,weekday,12-18,7.48121085320874,0.7955144920814016,VOLATILITY_PROXY_PRIOR_60M,60,60.87884065227646,False
btc-updown-15m-1786129200,T+10m,weekday,12-18,17.905165186772486,2.60322647558479,VOLATILITY_PROXY_PRIOR_60M,60,44.52551519704337,False
btc-updown-15m-1786129200,T-5m,weekday,12-18,7.48121085320874,0.7955144920814016,VOLATILITY_PROXY_PRIOR_60M,60,60.87884065227646,False
btc-updown-15m-1786129200,T-3m,weekday,12-18,10.834857097750433,1.5072036036599619,VOLATILITY_PROXY_PRIOR_60M,60,46.53651293672438,False
btc-updown-15m-1786129200,T-2m,weekday,12-18,17.905165186772486,2.922157801567822,VOLATILITY_PROXY_PRIOR_60M,60,39.665893449630666,False
btc-updown-15m-1786129200,T-1m,weekday,12-18,17.82792782508336,4.102081901796494,VOLATILITY_PROXY_PRIOR_60M,60,28.134494328222157,False
btc-updown-15m-1786150800,T+1m,weekday,18-24,1.5524647611293851,0.22079402771366835,VOLATILITY_PROXY_PRIOR_60M,60,45.65340876463272,False
btc-updown-15m-1786150800,T+2m,weekday,18-24,1.5524647611293851,0.22917065859882732,VOLATILITY_PROXY_PRIOR_60M,60,43.98468836120597,False
btc-updown-15m-1786150800,T+3m,weekday,18-24,1.55400490474193,0.2387650561297001,VOLATILITY_PROXY_PRIOR_60M,60,42.25911514674397,False
btc-updown-15m-1786150800,T+5m,weekday,18-24,1.55400490474193,0.2638601700698159,VOLATILITY_PROXY_PRIOR_60M,60,38.23995109733321,False
btc-updown-15m-1786150800,T+10m,weekday,18-24,2.236288524960426,0.6642287681029209,VOLATILITY_PROXY_PRIOR_60M,60,21.859938468901472,False
btc-updown-15m-1786150800,T-5m,weekday,18-24,1.55400490474193,0.2638601700698159,VOLATILITY_PROXY_PRIOR_60M,60,38.23995109733321,False
btc-updown-15m-1786150800,T-3m,weekday,18-24,2.9247327196279813,0.6544196931468111,VOLATILITY_PROXY_PRIOR_60M,60,29.018075401568122,False
btc-updown-15m-1786150800,T-2m,weekday,18-24,2.6182441407931525,0.8689471203761779,VOLATILITY_PROXY_PRIOR_60M,60,19.563906250866555,False
btc-updown-15m-1786150800,T-1m,weekday,18-24,4.335504268431238,1.729365225366676,VOLATILITY_PROXY_PRIOR_60M,60,16.277648924062778,False
btc-updown-15m-1786167000,T+1m,weekend,00-06,0.47063433972657864,0.11274252454097008,VOLATILITY_PROXY_PRIOR_60M,60,27.141489091684146,False
btc-updown-15m-1786167000,T+2m,weekend,00-06,0.47063433972657864,0.11742741046630943,VOLATILITY_PROXY_PRIOR_60M,60,26.058651790465927,False
btc-updown-15m-1786167000,T+3m,weekend,00-06,0.9751051352506978,0.294426810533125,VOLATILITY_PROXY_PRIOR_60M,60,21.53336507812088,False
btc-updown-15m-1786167000,T+5m,weekend,00-06,0.1384218646246744,0.047772331776266025,VOLATILITY_PROXY_PRIOR_60M,60,18.83935672659194,False
btc-updown-15m-1786167000,T+10m,weekend,00-06,0.1384218646246744,0.07039228514921014,VOLATILITY_PROXY_PRIOR_60M,60,12.785492019281007,False
btc-updown-15m-1786167000,T-5m,weekend,00-06,0.1384218646246744,0.047772331776266025,VOLATILITY_PROXY_PRIOR_60M,60,18.83935672659194,False
btc-updown-15m-1786167000,T-3m,weekend,00-06,0.1384218646246744,0.06340102222332188,VOLATILITY_PROXY_PRIOR_60M,60,14.195354718793745,False
btc-updown-15m-1786167000,T-2m,weekend,00-06,0.13688384390741823,0.09059608271201919,VOLATILITY_PROXY_PRIOR_60M,60,9.823824312895413,False
btc-updown-15m-1786167000,T-1m,weekend,00-06,0.1384218646246744,0.13203414975000155,VOLATILITY_PROXY_PRIOR_60M,60,6.816418340999455,False
btc-updown-15m-1786177800,T+1m,weekend,00-06,0.0015390300327916926,0.0005520535653566214,VOLATILITY_PROXY_PRIOR_60M,60,18.114184255974077,False
btc-updown-15m-1786177800,T+2m,weekend,00-06,0.617151043024052,0.22820349921954938,VOLATILITY_PROXY_PRIOR_60M,60,17.57203554597604,False
btc-updown-15m-1786177800,T+3m,weekend,00-06,0.6156120129912603,0.2369298863771315,VOLATILITY_PROXY_PRIOR_60M,60,16.882631655987154,False
btc-updown-15m-1786177800,T+5m,weekend,00-06,4.618629127467244,1.7386066195318794,VOLATILITY_PROXY_PRIOR_60M,60,17.260948890256866,False
btc-updown-15m-1786177800,T+10m,weekend,00-06,4.28158155035417,3.3812088311795936,VOLATILITY_PROXY_PRIOR_60M,60,8.22782661143536,False
btc-updown-15m-1786177800,T-5m,weekend,00-06,4.618629127467244,1.7386066195318794,VOLATILITY_PROXY_PRIOR_60M,60,17.260948890256866,False
btc-updown-15m-1786177800,T-3m,weekend,00-06,4.280042520322499,3.0854982522407846,VOLATILITY_PROXY_PRIOR_60M,60,9.013131016946279,False
btc-updown-15m-1786177800,T-2m,weekend,00-06,4.28158155035417,3.8544264921960645,VOLATILITY_PROXY_PRIOR_60M,60,7.217675588398426,False
btc-updown-15m-1786177800,T-1m,weekend,00-06,4.5601459862334774,6.274760647420553,VOLATILITY_PROXY_PRIOR_60M,60,4.72209246932551,False
btc-updown-15m-1786188600,T+1m,weekend,06-12,0.001539077643394674,0.0006047957278217773,VOLATILITY_PROXY_PRIOR_60M,60,16.53450833400082,False
btc-updown-15m-1786188600,T+2m,weekend,06-12,0.5386771750783929,0.2190651852472294,VOLATILITY_PROXY_PRIOR_60M,60,15.976979619331209,False
btc-updown-15m-1786188600,T+3m,weekend,06-12,0.5402162527217875,0.2286617683033299,VOLATILITY_PROXY_PRIOR_60M,60,15.350183050040389,False
btc-updown-15m-1786188600,T+5m,weekend,06-12,0.4586451376386672,0.2125554358413621,VOLATILITY_PROXY_PRIOR_60M,60,14.019871984018721,False
btc-updown-15m-1786188600,T+10m,weekend,06-12,0.46018421528206194,0.31333632881988854,VOLATILITY_PROXY_PRIOR_60M,60,9.542461964963996,False
btc-updown-15m-1786188600,T-5m,weekend,06-12,0.4586451376386672,0.2125554358413621,VOLATILITY_PROXY_PRIOR_60M,60,14.019871984018721,False
btc-updown-15m-1786188600,T-3m,weekend,06-12,0.4617232929243368,0.2792134891200315,VOLATILITY_PROXY_PRIOR_60M,60,10.744466570919592,False
btc-updown-15m-1786188600,T-2m,weekend,06-12,0.46018421528206194,0.3503206655307487,VOLATILITY_PROXY_PRIOR_60M,60,8.535037450546284,False
btc-updown-15m-1786188600,T-1m,weekend,06-12,0.4617232929243368,0.5316310576606897,VOLATILITY_PROXY_PRIOR_60M,60,5.643011176210724,False
btc-updown-15m-1786210200,T+1m,weekend,12-18,0.0,0.0,VOLATILITY_PROXY_PRIOR_60M,60,19.215848398268506,False
btc-updown-15m-1786210200,T+2m,weekend,12-18,0.0015359093300558976,0.0005432125905111305,VOLATILITY_PROXY_PRIOR_60M,60,18.40899893838592,False
btc-updown-15m-1786210200,T+3m,weekend,12-18,1.2256556451342815,0.4440729548771403,VOLATILITY_PROXY_PRIOR_60M,60,17.970020268862616,False
btc-updown-15m-1786210200,T+5m,weekend,12-18,3.448116445272569,1.336050590598093,VOLATILITY_PROXY_PRIOR_60M,60,16.80325592307637,False
btc-updown-15m-1786210200,T+10m,weekend,12-18,4.300546123280377,2.440586417819828,VOLATILITY_PROXY_PRIOR_60M,60,11.472652554139982,False
btc-updown-15m-1786210200,T-5m,weekend,12-18,3.448116445272569,1.336050590598093,VOLATILITY_PROXY_PRIOR_60M,60,16.80325592307637,False
btc-updown-15m-1786210200,T-3m,weekend,12-18,4.299010213950321,2.226135263380262,VOLATILITY_PROXY_PRIOR_60M,60,12.573359966229866,False
btc-updown-15m-1786210200,T-2m,weekend,12-18,2.177919429575607,1.3700327809803725,VOLATILITY_PROXY_PRIOR_60M,60,10.350117308764919,False
btc-updown-15m-1786210200,T-1m,weekend,12-18,2.176383520245551,1.9361277895623654,VOLATILITY_PROXY_PRIOR_60M,60,7.31873178846381,False
btc-updown-15m-1786221000,T+1m,weekend,12-18,0.0,0.0,VOLATILITY_PROXY_PRIOR_60M,60,15.163886760799757,False
btc-updown-15m-1786221000,T+2m,weekend,12-18,0.8592068859508927,0.37809999007142536,VOLATILITY_PROXY_PRIOR_60M,60,14.78444894679982,False
btc-updown-15m-1786221000,T+3m,weekend,12-18,2.7221026744542156,1.174783515323853,VOLATILITY_PROXY_PRIOR_60M,60,15.075117899587656,False
btc-updown-15m-1786221000,T+5m,weekend,12-18,2.7651398708880977,1.3609050937530924,VOLATILITY_PROXY_PRIOR_60M,60,13.219143702655483,False
btc-updown-15m-1786221000,T+10m,weekend,12-18,0.08453735013878119,0.05605339211431608,VOLATILITY_PROXY_PRIOR_60M,60,9.812073440287657,False
btc-updown-15m-1786221000,T-5m,weekend,12-18,2.7651398708880977,1.3609050937530924,VOLATILITY_PROXY_PRIOR_60M,60,13.219143702655483,False
btc-updown-15m-1786221000,T-3m,weekend,12-18,1.2588379956966382,0.7749087931637538,VOLATILITY_PROXY_PRIOR_60M,60,10.568985759684903,False
btc-updown-15m-1786221000,T-2m,weekend,12-18,0.08607439286776386,0.06380903488649138,VOLATILITY_PROXY_PRIOR_60M,60,8.77618664807961,False
btc-updown-15m-1786221000,T-1m,weekend,12-18,0.08607439286776386,0.09023589907418744,VOLATILITY_PROXY_PRIOR_60M,60,6.2059557863691,False
btc-updown-15m-1786231800,T+1m,weekend,18-24,0.0,0.0,VOLATILITY_PROXY_PRIOR_60M,60,18.01536639660305,False
btc-updown-15m-1786231800,T+2m,weekend,18-24,0.0015399301583213388,0.0005760436676251678,VOLATILITY_PROXY_PRIOR_60M,60,17.359795036483725,False
btc-updown-15m-1786231800,T+3m,weekend,18-24,0.0,0.0,VOLATILITY_PROXY_PRIOR_60M,60,16.08747047391677,False
btc-updown-15m-1786231800,T+5m,weekend,18-24,1.5830482024316477,0.6820394759540492,VOLATILITY_PROXY_PRIOR_60M,60,15.072441350435009,False
btc-updown-15m-1786231800,T+10m,weekend,18-24,5.847114809955088,3.1174476838740244,VOLATILITY_PROXY_PRIOR_60M,60,12.179835509802745,False
btc-updown-15m-1786231800,T-5m,weekend,18-24,1.5830482024316477,0.6820394759540492,VOLATILITY_PROXY_PRIOR_60M,60,15.072441350435009,False
btc-updown-15m-1786231800,T-3m,weekend,18-24,5.847114809955088,2.8458311240196816,VOLATILITY_PROXY_PRIOR_60M,60,13.342323681655877,False
btc-updown-15m-1786231800,T-2m,weekend,18-24,5.8486547401122895,3.486327273420034,VOLATILITY_PROXY_PRIOR_60M,60,10.893985854270682,False
btc-updown-15m-1786231800,T-1m,weekend,18-24,5.8486547401122895,4.968197272472575,VOLATILITY_PROXY_PRIOR_60M,60,7.644623978687951,False
btc-updown-15m-1786242600,T+1m,weekend,18-24,2.3580173592643594,0.45633380637189475,VOLATILITY_PROXY_PRIOR_60M,60,33.50617417886437,False
btc-updown-15m-1786242600,T+2m,weekend,18-24,2.3549329676896216,0.47596462416683183,VOLATILITY_PROXY_PRIOR_60M,60,32.082216250281114,False
btc-updown-15m-1786242600,T+3m,weekend,18-24,2.246979262555858,0.4725963978088185,VOLATILITY_PROXY_PRIOR_60M,60,30.82968906989802,False
btc-updown-15m-1786242600,T+5m,weekend,18-24,0.40251310056775663,0.09087178952434512,VOLATILITY_PROXY_PRIOR_60M,60,28.72178498588219,False
btc-updown-15m-1786242600,T+10m,weekend,18-24,1.278480307933452,0.4110084713304872,VOLATILITY_PROXY_PRIOR_60M,60,20.169900569604025,False
btc-updown-15m-1786242600,T-5m,weekend,18-24,0.40251310056775663,0.09087178952434512,VOLATILITY_PROXY_PRIOR_60M,60,28.72178498588219,False
btc-updown-15m-1786242600,T-3m,weekend,18-24,0.5629014624799118,0.16541476870588329,VOLATILITY_PROXY_PRIOR_60M,60,22.06574436223019,False
btc-updown-15m-1786242600,T-2m,weekend,18-24,1.2800225037213817,0.4635387435595233,VOLATILITY_PROXY_PRIOR_60M,60,17.905730891590732,False
btc-updown-15m-1786242600,T-1m,weekend,18-24,1.278480307933452,0.6547528655108085,VOLATILITY_PROXY_PRIOR_60M,60,12.661265702950978,False
btc-updown-15m-1786253400,T+1m,weekend,00-06,0.1296479564081138,0.07569450657525688,VOLATILITY_PROXY_PRIOR_60M,60,11.097238597643331,False
btc-updown-15m-1786253400,T+2m,weekend,00-06,0.1296479564081138,0.08337462556232687,VOLATILITY_PROXY_PRIOR_60M,60,10.075007765624852,False
btc-updown-15m-1786253400,T+3m,weekend,00-06,0.1296479564081138,0.08677994406062188,VOLATILITY_PROXY_PRIOR_60M,60,9.67965592844481,False
btc-updown-15m-1786253400,T+5m,weekend,00-06,0.1281045283553154,0.09391004314452367,VOLATILITY_PROXY_PRIOR_60M,60,8.838245327149245,False
btc-updown-15m-1786253400,T+10m,weekend,00-06,0.22534049566252373,0.23645417318793166,VOLATILITY_PROXY_PRIOR_60M,60,6.17455797169937,False
btc-updown-15m-1786253400,T-5m,weekend,00-06,0.1281045283553154,0.09391004314452367,VOLATILITY_PROXY_PRIOR_60M,60,8.838245327149245,False
btc-updown-15m-1786253400,T-3m,weekend,00-06,0.1296479564081138,0.12417396296651813,VOLATILITY_PROXY_PRIOR_60M,60,6.764703162634847,False
btc-updown-15m-1786253400,T-2m,weekend,00-06,0.22688392371419916,0.2661793097519673,VOLATILITY_PROXY_PRIOR_60M,60,5.52259302709768,False
btc-updown-15m-1786253400,T-1m,weekend,00-06,0.22534049566252373,0.37387017145780244,VOLATILITY_PROXY_PRIOR_60M,60,3.9050989125617166,False
btc-updown-15m-1786275000,T+1m,weekend,06-12,0.0015389824251342405,0.0004972717200444765,VOLATILITY_PROXY_PRIOR_60M,60,20.109729950343564,False
btc-updown-15m-1786275000,T+2m,weekend,06-12,0.0,0.0,VOLATILITY_PROXY_PRIOR_60M,60,18.45498302024375,False
btc-updown-15m-1786275000,T+3m,weekend,06-12,0.0,0.0,VOLATILITY_PROXY_PRIOR_60M,60,16.48839515293259,False
btc-updown-15m-1786275000,T+5m,weekend,06-12,0.6140539875031491,0.264457264464628,VOLATILITY_PROXY_PRIOR_60M,60,15.087503865985267,False
btc-updown-15m-1786275000,T+10m,weekend,06-12,1.9160331189013342,1.1125084341913793,VOLATILITY_PROXY_PRIOR_60M,60,11.190926394231163,False
btc-updown-15m-1786275000,T-5m,weekend,06-12,0.6140539875031491,0.264457264464628,VOLATILITY_PROXY_PRIOR_60M,60,15.087503865985267,False
btc-updown-15m-1786275000,T-3m,weekend,06-12,2.602419280372356,1.3921326023779397,VOLATILITY_PROXY_PRIOR_60M,60,12.146831394594926,False
btc-updown-15m-1786275000,T-2m,weekend,06-12,1.9175721013264686,1.2448211000622464,VOLATILITY_PROXY_PRIOR_60M,60,10.009470436656379,False
btc-updown-15m-1786275000,T-1m,weekend,06-12,1.9160331189013342,1.7590302842664831,VOLATILITY_PROXY_PRIOR_60M,60,7.077763305927816,False
btc-updown-15m-1786285800,T+1m,weekend,06-12,2.7905197193406535,0.29151225857971624,VOLATILITY_PROXY_PRIOR_60M,60,62.39874813027163,False
btc-updown-15m-1786285800,T+2m,weekend,06-12,4.142057857184607,0.44833745534269176,VOLATILITY_PROXY_PRIOR_60M,60,60.222494637130524,False
btc-updown-15m-1786285800,T+3m,weekend,06-12,4.438138289198218,0.5139049050476908,VOLATILITY_PROXY_PRIOR_60M,60,56.294461710412286,False
btc-updown-15m-1786285800,T+5m,weekend,06-12,2.890235927013839,0.3641234045671839,VOLATILITY_PROXY_PRIOR_60M,60,51.74070044302149,False
btc-updown-15m-1786285800,T+10m,weekend,06-12,1.8317100301764335,0.33685740630629407,VOLATILITY_PROXY_PRIOR_60M,60,35.44526489982642,False
btc-updown-15m-1786285800,T-5m,weekend,06-12,2.890235927013839,0.3641234045671839,VOLATILITY_PROXY_PRIOR_60M,60,51.74070044302149,False
btc-updown-15m-1786285800,T-3m,weekend,06-12,0.1104548761917681,0.01788798700418597,VOLATILITY_PROXY_PRIOR_60M,60,40.25047646963724,False
btc-updown-15m-1786285800,T-2m,weekend,06-12,3.3090439992396576,1.132860923866143,VOLATILITY_PROXY_PRIOR_60M,60,19.0402895409149,False
btc-updown-15m-1786285800,T-1m,weekend,06-12,3.700238352417534,1.8634260818204627,VOLATILITY_PROXY_PRIOR_60M,60,12.94389953822663,False
btc-updown-15m-1786296600,T+1m,weekend,12-18,0.0,0.0,VOLATILITY_PROXY_PRIOR_60M,60,19.455395672753667,False
btc-updown-15m-1786296600,T+2m,weekend,12-18,0.0030656438663094992,0.0010886804465580348,VOLATILITY_PROXY_PRIOR_60M,60,18.37086361503636,False
btc-updown-15m-1786296600,T+3m,weekend,12-18,0.0030656438663094992,0.0011331368990207438,VOLATILITY_PROXY_PRIOR_60M,60,17.650118023125472,False
btc-updown-15m-1786296600,T+5m,weekend,12-18,1.52209217931262,0.603754363600789,VOLATILITY_PROXY_PRIOR_60M,60,16.447086097693447,False
btc-updown-15m-1786296600,T+10m,weekend,12-18,1.5205593573794653,1.2190979412765963,VOLATILITY_PROXY_PRIOR_60M,60,8.137164098243312,False
btc-updown-15m-1786296600,T-5m,weekend,12-18,1.52209217931262,0.603754363600789,VOLATILITY_PROXY_PRIOR_60M,60,16.447086097693447,False
btc-updown-15m-1786296600,T-3m,weekend,12-18,1.52209217931262,1.0345357606984387,VOLATILITY_PROXY_PRIOR_60M,60,9.598508217150775,False
btc-updown-15m-1786296600,T-2m,weekend,12-18,1.5205593573794653,1.3629478500270342,VOLATILITY_PROXY_PRIOR_60M,60,7.2783415739652035,False
btc-updown-15m-1786296600,T-1m,weekend,12-18,1.5205593573794653,2.056588751546448,VOLATILITY_PROXY_PRIOR_60M,60,4.823521470949858,False
btc-updown-15m-1786318200,T+1m,weekend,18-24,5.4871036888518505,0.4078010932508304,VOLATILITY_PROXY_PRIOR_60M,60,87.34650443442088,False
btc-updown-15m-1786318200,T+2m,weekend,18-24,4.2901695040577215,0.33500381304182525,VOLATILITY_PROXY_PRIOR_60M,60,83.13338211622526,False
btc-updown-15m-1786318200,T+3m,weekend,18-24,9.527719347431875,0.8038455780591965,VOLATILITY_PROXY_PRIOR_60M,60,76.94263884529798,False
btc-updown-15m-1786318200,T+5m,weekend,18-24,7.250925621400585,0.6824545865423604,VOLATILITY_PROXY_PRIOR_60M,60,68.97162232944865,False
btc-updown-15m-1786318200,T+10m,weekend,18-24,6.097124200022298,0.7762397666055123,VOLATILITY_PROXY_PRIOR_60M,60,50.989400057516555,False
btc-updown-15m-1786318200,T-5m,weekend,18-24,7.250925621400585,0.6824545865423604,VOLATILITY_PROXY_PRIOR_60M,60,68.97162232944865,False
btc-updown-15m-1786318200,T-3m,weekend,18-24,4.2901695040577215,0.4925750673321633,VOLATILITY_PROXY_PRIOR_60M,60,56.539605528223305,False
btc-updown-15m-1786318200,T-2m,weekend,18-24,4.108395715375869,0.583925322136361,VOLATILITY_PROXY_PRIOR_60M,60,45.67364864812311,False
btc-updown-15m-1786318200,T-1m,weekend,18-24,5.21290254999303,1.0463258867618483,VOLATILITY_PROXY_PRIOR_60M,60,32.341740205552945,False
btc-updown-15m-1786329000,T+1m,weekend,18-24,4.249044503814525,0.2525481417371125,VOLATILITY_PROXY_PRIOR_60M,60,109.28609416864566,False
btc-updown-15m-1786329000,T+2m,weekend,18-24,6.231931938928792,0.38739277113072784,VOLATILITY_PROXY_PRIOR_60M,60,104.49343151615754,False
btc-updown-15m-1786329000,T+3m,weekend,18-24,6.807708259372941,0.4414820721528355,VOLATILITY_PROXY_PRIOR_60M,60,100.16261766727587,False
btc-updown-15m-1786329000,T+5m,weekend,18-24,3.2206525731810554,0.22737062304874048,VOLATILITY_PROXY_PRIOR_60M,60,92.00836818533818,False
btc-updown-15m-1786329000,T+10m,weekend,18-24,8.963020688844189,0.9029276399447912,VOLATILITY_PROXY_PRIOR_60M,60,64.47914254076991,False
btc-updown-15m-1786329000,T-5m,weekend,18-24,3.2206525731810554,0.22737062304874048,VOLATILITY_PROXY_PRIOR_60M,60,92.00836818533818,False
btc-updown-15m-1786329000,T-3m,weekend,18-24,5.88400293245669,0.5389534351748315,VOLATILITY_PROXY_PRIOR_60M,60,70.91521735565699,False
btc-updown-15m-1786329000,T-2m,weekend,18-24,13.055035287083447,1.460271459467501,VOLATILITY_PROXY_PRIOR_60M,60,58.07139450011977,False
btc-updown-15m-1786329000,T-1m,weekend,18-24,17.21632778484097,2.7436421441363086,VOLATILITY_PROXY_PRIOR_60M,60,40.75968880963721,False
btc-updown-15m-1786388400,T+1m,weekday,12-18,5.104133878880449,0.36679693863113577,VOLATILITY_PROXY_PRIOR_60M,60,88.9047769092598,False
btc-updown-15m-1786388400,T+2m,weekday,12-18,2.5982404903221874,0.19688067647703175,VOLATILITY_PROXY_PRIOR_60M,60,84.31502927071217,False
btc-updown-15m-1786388400,T+3m,weekday,12-18,2.285199467391776,0.18106825511004268,VOLATILITY_PROXY_PRIOR_60M,60,80.63257687619246,False
btc-updown-15m-1786388400,T+5m,weekday,12-18,3.0411935377689927,0.27212026664374445,VOLATILITY_PROXY_PRIOR_60M,60,71.40225253945432,False
btc-updown-15m-1786388400,T+10m,weekday,12-18,5.2590891852306845,0.6793775252053494,VOLATILITY_PROXY_PRIOR_60M,60,49.4570378816146,False
btc-updown-15m-1786388400,T-5m,weekday,12-18,3.0411935377689927,0.27212026664374445,VOLATILITY_PROXY_PRIOR_60M,60,71.40225253945432,False
btc-updown-15m-1786388400,T-3m,weekday,12-18,5.662912104811189,0.6669220254823063,VOLATILITY_PROXY_PRIOR_60M,60,54.24922047496565,False
btc-updown-15m-1786388400,T-2m,weekday,12-18,5.2575239801168525,0.7797401309608135,VOLATILITY_PROXY_PRIOR_60M,60,43.07845481623912,False
btc-updown-15m-1786388400,T-1m,weekday,12-18,4.290227219261836,0.90934871262506,VOLATILITY_PROXY_PRIOR_60M,60,30.142452086260448,False
btc-updown-15m-1786410000,T+1m,weekday,18-24,0.08744534665797497,0.009037183168436758,VOLATILITY_PROXY_PRIOR_60M,60,61.96621110364634,False
btc-updown-15m-1786410000,T+2m,weekday,18-24,4.370705808869138,0.4620857122920249,VOLATILITY_PROXY_PRIOR_60M,60,60.57317777942696,False
btc-updown-15m-1786410000,T+3m,weekday,18-24,8.118363522797933,0.8780634632992729,VOLATILITY_PROXY_PRIOR_60M,60,59.209843220954134,False
btc-updown-15m-1786410000,T+5m,weekday,18-24,4.372267332916927,0.5164560251775221,VOLATILITY_PROXY_PRIOR_60M,60,54.215651739904715,False
btc-updown-15m-1786410000,T+10m,weekday,18-24,5.621486570893192,0.9766858087985051,VOLATILITY_PROXY_PRIOR_60M,60,36.85934583639166,False
btc-updown-15m-1786410000,T-5m,weekday,18-24,4.372267332916927,0.5164560251775221,VOLATILITY_PROXY_PRIOR_60M,60,54.215651739904715,False
btc-updown-15m-1786410000,T-3m,weekday,18-24,7.99031855090541,1.270470179408179,VOLATILITY_PROXY_PRIOR_60M,60,40.27642744344829,False
btc-updown-15m-1786410000,T-2m,weekday,18-24,1.5599625234225425,0.2856111110313182,VOLATILITY_PROXY_PRIOR_60M,60,34.97763082089102,False
btc-updown-15m-1786410000,T-1m,weekday,18-24,4.801686445971268,1.2529797981496082,VOLATILITY_PROXY_PRIOR_60M,60,24.54149703403948,False
btc-updown-15m-1786431600,T+1m,weekday,00-06,2.193240255322373,0.25996481848023123,VOLATILITY_PROXY_PRIOR_60M,60,53.96884117635223,False
btc-updown-15m-1786431600,T+2m,weekday,00-06,3.5501415679524806,0.43538077710026213,VOLATILITY_PROXY_PRIOR_60M,60,52.16123723066747,False
btc-updown-15m-1786431600,T+3m,weekday,00-06,3.8643548903475486,0.504514754862979,VOLATILITY_PROXY_PRIOR_60M,60,48.99757591175874,False
btc-updown-15m-1786431600,T+5m,weekday,00-06,3.973782415559196,0.5678145571402331,VOLATILITY_PROXY_PRIOR_60M,60,44.76813720314726,False
btc-updown-15m-1786431600,T+10m,weekday,00-06,2.302667780535157,0.45963380496587425,VOLATILITY_PROXY_PRIOR_60M,60,32.0472511831388,False
btc-updown-15m-1786431600,T-5m,weekday,00-06,3.973782415559196,0.5678145571402331,VOLATILITY_PROXY_PRIOR_60M,60,44.76813720314726,False
btc-updown-15m-1786431600,T-3m,weekday,00-06,2.0509844725472317,0.37381637969104575,VOLATILITY_PROXY_PRIOR_60M,60,35.097445464658676,False
btc-updown-15m-1786431600,T-2m,weekday,00-06,2.301104530174666,0.5143281891039654,VOLATILITY_PROXY_PRIOR_60M,60,28.61985851027444,False
btc-updown-15m-1786431600,T-1m,weekday,00-06,0.40175534256438544,0.12723777674324438,VOLATILITY_PROXY_PRIOR_60M,60,20.198403852857023,False
btc-updown-15m-1786453200,T+1m,weekday,06-12,0.40416595613750794,0.057156487280439816,VOLATILITY_PROXY_PRIOR_60M,60,45.48914959104425,False
btc-updown-15m-1786453200,T+2m,weekday,06-12,0.4057204405845082,0.06169870840670807,VOLATILITY_PROXY_PRIOR_60M,60,42.302344204612474,False
btc-updown-15m-1786453200,T+3m,weekday,06-12,0.6482200142679179,0.10447001903650394,VOLATILITY_PROXY_PRIOR_60M,60,39.91575801808218,False
btc-updown-15m-1786453200,T+5m,weekday,06-12,5.146898002969467,0.8058968108792871,VOLATILITY_PROXY_PRIOR_60M,60,41.08466438013989,False
btc-updown-15m-1786453200,T+10m,weekday,06-12,5.579044679147325,1.1627406011954464,VOLATILITY_PROXY_PRIOR_60M,60,30.866729830453924,False
btc-updown-15m-1786453200,T-5m,weekday,06-12,5.146898002969467,0.8058968108792871,VOLATILITY_PROXY_PRIOR_60M,60,41.08466438013989,False
btc-updown-15m-1786453200,T-3m,weekday,06-12,5.8199897683826025,1.083174276614525,VOLATILITY_PROXY_PRIOR_60M,60,34.56507489913281,False
btc-updown-15m-1786453200,T-2m,weekday,06-12,5.905486412950652,1.3824474954929304,VOLATILITY_PROXY_PRIOR_60M,60,27.48024798327123,False
btc-updown-15m-1786453200,T-1m,weekday,06-12,2.0938905496829805,0.655450993397857,VOLATILITY_PROXY_PRIOR_60M,60,20.55073550224206,False
btc-updown-15m-1786496400,T+1m,weekday,18-24,2.190076349889347,0.28983728415592175,VOLATILITY_PROXY_PRIOR_60M,60,48.16495586706216,False
btc-updown-15m-1786496400,T+2m,weekday,18-24,3.0592040704043657,0.4212412779097926,VOLATILITY_PROXY_PRIOR_60M,60,46.29175966980107,False
btc-updown-15m-1786496400,T+3m,weekday,18-24,1.8935688784502465,0.25712012862084244,VOLATILITY_PROXY_PRIOR_60M,60,46.943038122847696,False
btc-updown-15m-1786496400,T+5m,weekday,18-24,1.087194061943751,0.1614504686901379,VOLATILITY_PROXY_PRIOR_60M,60,42.923381122544896,False
btc-updown-15m-1786496400,T+10m,weekday,18-24,1.578235535808246,0.3125860581880075,VOLATILITY_PROXY_PRIOR_60M,60,32.183137208080474,False
btc-updown-15m-1786496400,T-5m,weekday,18-24,1.087194061943751,0.1614504686901379,VOLATILITY_PROXY_PRIOR_60M,60,42.923381122544896,False
btc-updown-15m-1786496400,T-3m,weekday,18-24,1.6974660534243253,0.3142125134338994,VOLATILITY_PROXY_PRIOR_60M,60,34.435293113416705,False
btc-updown-15m-1786496400,T-2m,weekday,18-24,2.080258767875288,0.4613390680372183,VOLATILITY_PROXY_PRIOR_60M,60,28.74241727763731,False
btc-updown-15m-1786496400,T-1m,weekday,18-24,4.066388179737221,1.29672785329277,VOLATILITY_PROXY_PRIOR_60M,60,19.98877400078962,False
btc-updown-15m-1786518000,T+1m,weekday,00-06,0.30763449945106497,0.03544878566866279,VOLATILITY_PROXY_PRIOR_60M,60,55.29103361449681,False
btc-updown-15m-1786518000,T+2m,weekday,00-06,1.175603265759631,0.14047663754850664,VOLATILITY_PROXY_PRIOR_60M,60,53.31847437914125,False
btc-updown-15m-1786518000,T+3m,weekday,00-06,2.0278763943413227,0.25178596223768857,VOLATILITY_PROXY_PRIOR_60M,60,51.313424645181925,False
btc-updown-15m-1786518000,T+5m,weekday,00-06,8.767583234359348,1.1550883186167844,VOLATILITY_PROXY_PRIOR_60M,60,48.359938456388164,False
btc-updown-15m-1786518000,T+10m,weekday,00-06,12.24887568223065,2.2704388390404686,VOLATILITY_PROXY_PRIOR_60M,60,34.37220974998036,False
btc-updown-15m-1786518000,T-5m,weekday,00-06,8.767583234359348,1.1550883186167844,VOLATILITY_PROXY_PRIOR_60M,60,48.359938456388164,False
btc-updown-15m-1786518000,T-3m,weekday,00-06,13.292635591083172,2.233208081787081,VOLATILITY_PROXY_PRIOR_60M,60,37.92302235098075,False
btc-updown-15m-1786518000,T-2m,weekday,00-06,10.31831224179663,2.1261553942269797,VOLATILITY_PROXY_PRIOR_60M,60,30.919659107936223,False
btc-updown-15m-1786518000,T-1m,weekday,00-06,6.9123588550159205,1.9938400648386032,VOLATILITY_PROXY_PRIOR_60M,60,22.08803041760815,False
btc-updown-15m-1786561200,T+1m,weekday,12-18,2.7450601144503053,0.2758735843768188,VOLATILITY_PROXY_PRIOR_60M,60,63.07236714710097,False
btc-updown-15m-1786561200,T+2m,weekday,12-18,2.590453280418702,0.27253678223782246,VOLATILITY_PROXY_PRIOR_60M,60,60.248748316390646,False
btc-updown-15m-1786561200,T+3m,weekday,12-18,0.5427015398686581,0.06265137285025145,VOLATILITY_PROXY_PRIOR_60M,60,54.907017093217966,False
btc-updown-15m-1786561200,T+5m,weekday,12-18,4.324258490637136,0.5733616756857068,VOLATILITY_PROXY_PRIOR_60M,60,47.80577628810427,False
btc-updown-15m-1786561200,T+10m,weekday,12-18,4.682378402119485,0.8795825812008939,VOLATILITY_PROXY_PRIOR_60M,60,33.743278498623965,False
btc-updown-15m-1786561200,T-5m,weekday,12-18,4.324258490637136,0.5733616756857068,VOLATILITY_PROXY_PRIOR_60M,60,47.80577628810427,False
btc-updown-15m-1786561200,T-3m,weekday,12-18,5.335513394869007,0.9127473388553417,VOLATILITY_PROXY_PRIOR_60M,60,37.05297025836304,False
btc-updown-15m-1786561200,T-2m,weekday,12-18,6.182695740534761,1.2936537200278149,VOLATILITY_PROXY_PRIOR_60M,60,30.294041901073577,False
btc-updown-15m-1786561200,T-1m,weekday,12-18,3.4045055902205412,1.050797765857553,VOLATILITY_PROXY_PRIOR_60M,60,20.53677758097475,False
btc-updown-15m-1786626000,T+1m,weekday,06-12,5.2607815408257315,0.404403070465982,VOLATILITY_PROXY_PRIOR_60M,60,82.86287233522276,False
btc-updown-15m-1786626000,T+2m,weekday,06-12,10.399109796011347,0.82025192029247,VOLATILITY_PROXY_PRIOR_60M,60,80.75567805605301,False
btc-updown-15m-1786626000,T+3m,weekday,06-12,11.877968707219251,0.9779569983655403,VOLATILITY_PROXY_PRIOR_60M,60,77.36536486414718,False
btc-updown-15m-1786626000,T+5m,weekday,06-12,5.984511857245113,0.5253158838650919,VOLATILITY_PROXY_PRIOR_60M,60,72.56586212379801,False
btc-updown-15m-1786626000,T+10m,weekday,06-12,11.027075363403354,1.3308262351009825,VOLATILITY_PROXY_PRIOR_60M,60,52.779242058350455,False
btc-updown-15m-1786626000,T-5m,weekday,06-12,5.984511857245113,0.5253158838650919,VOLATILITY_PROXY_PRIOR_60M,60,72.56586212379801,False
btc-updown-15m-1786626000,T-3m,weekday,06-12,14.480885984059402,1.6087131245223465,VOLATILITY_PROXY_PRIOR_60M,60,57.337755622143966,False
btc-updown-15m-1786626000,T-2m,weekday,06-12,10.08669692623414,1.3659560881796335,VOLATILITY_PROXY_PRIOR_60M,60,47.036651145663065,False
btc-updown-15m-1786626000,T-1m,weekday,06-12,8.581149478411206,1.6472048245321942,VOLATILITY_PROXY_PRIOR_60M,60,33.183487072119064,False
btc-updown-15m-1786647600,T+1m,weekday,12-18,3.790870320644448,0.283718431866793,VOLATILITY_PROXY_PRIOR_60M,60,84.59090881789484,False
btc-updown-15m-1786647600,T+2m,weekday,12-18,4.113094297899364,0.36687413860455537,VOLATILITY_PROXY_PRIOR_60M,60,70.97802014349327,False
btc-updown-15m-1786647600,T+3m,weekday,12-18,4.997630706049506,0.4655540401460519,VOLATILITY_PROXY_PRIOR_60M,60,67.96203506272533,False
btc-updown-15m-1786647600,T+5m,weekday,12-18,1.355236139630666,0.14885131794161627,VOLATILITY_PROXY_PRIOR_60M,60,57.64141103115437,False
btc-updown-15m-1786647600,T+10m,weekday,12-18,26.760385405148988,3.5372561855439715,VOLATILITY_PROXY_PRIOR_60M,60,47.89588062419185,False
btc-updown-15m-1786647600,T-5m,weekday,12-18,1.355236139630666,0.14885131794161627,VOLATILITY_PROXY_PRIOR_60M,60,57.64141103115437,False
btc-updown-15m-1786647600,T-3m,weekday,12-18,30.65866371821174,3.7268398522006327,VOLATILITY_PROXY_PRIOR_60M,60,52.08165837482551,False
btc-updown-15m-1786647600,T-2m,weekday,12-18,24.323171694834617,3.571585039238329,VOLATILITY_PROXY_PRIOR_60M,60,43.115311075677944,False
btc-updown-15m-1786647600,T-1m,weekday,12-18,20.217975043437058,4.060434425003804,VOLATILITY_PROXY_PRIOR_60M,60,31.523720519111716,False
btc-updown-15m-1786669200,T+1m,weekday,18-24,2.6360745623526065,0.23450868915246112,VOLATILITY_PROXY_PRIOR_60M,60,71.42592481556333,False
btc-updown-15m-1786669200,T+2m,weekday,18-24,0.3100338440500121,0.028684340830830737,VOLATILITY_PROXY_PRIOR_60M,60,68.67858709459179,False
btc-updown-15m-1786669200,T+3m,weekday,18-24,3.383618094960062,0.32986951446259966,VOLATILITY_PROXY_PRIOR_60M,60,65.17728694943604,False
btc-updown-15m-1786669200,T+5m,weekday,18-24,5.365001900334945,0.5699612131529455,VOLATILITY_PROXY_PRIOR_60M,60,59.81108751492525,False
btc-updown-15m-1786669200,T+10m,weekday,18-24,3.207355198850102,0.46395874314348734,VOLATILITY_PROXY_PRIOR_60M,60,43.926319529869296,False
btc-updown-15m-1786669200,T-5m,weekday,18-24,5.365001900334945,0.5699612131529455,VOLATILITY_PROXY_PRIOR_60M,60,59.81108751492525,False
btc-updown-15m-1786669200,T-3m,weekday,18-24,2.686435389812431,0.35191775610556764,VOLATILITY_PROXY_PRIOR_60M,60,48.50565140248019,False
btc-updown-15m-1786669200,T-2m,weekday,18-24,3.586635180656658,0.5801992720269241,VOLATILITY_PROXY_PRIOR_60M,60,39.279608056688545,False
btc-updown-15m-1786669200,T-1m,weekday,18-24,4.677261850334528,1.0445473743760585,VOLATILITY_PROXY_PRIOR_60M,60,28.452515155424706,False
btc-updown-15m-1786690800,T+1m,weekday,00-06,0.9892949709191623,0.06729424326907463,VOLATILITY_PROXY_PRIOR_60M,60,92.57849850670586,False
btc-updown-15m-1786690800,T+2m,weekday,00-06,1.173497565826134,0.08236350517212176,VOLATILITY_PROXY_PRIOR_60M,60,89.72420472581794,False
btc-updown-15m-1786690800,T+3m,weekday,00-06,8.552717035913565,0.6023217855535581,VOLATILITY_PROXY_PRIOR_60M,60,89.4206407468743,False
btc-updown-15m-1786690800,T+5m,weekday,00-06,9.735742322165523,0.7528438823779428,VOLATILITY_PROXY_PRIOR_60M,60,81.43786704667518,False
btc-updown-15m-1786690800,T+10m,weekday,00-06,13.9358790767134,1.4836654934717466,VOLATILITY_PROXY_PRIOR_60M,60,59.15079941277427,False
btc-updown-15m-1786690800,T-5m,weekday,00-06,9.735742322165523,0.7528438823779428,VOLATILITY_PROXY_PRIOR_60M,60,81.43786704667518,False
btc-updown-15m-1786690800,T-3m,weekday,00-06,12.944996152389548,1.2596749942927135,VOLATILITY_PROXY_PRIOR_60M,60,64.7151053798414,False
btc-updown-15m-1786690800,T-2m,weekday,00-06,13.93746703011809,1.6739483924378815,VOLATILITY_PROXY_PRIOR_60M,60,52.432918718706034,False
btc-updown-15m-1786690800,T-1m,weekday,00-06,15.750909817903402,2.680638147509487,VOLATILITY_PROXY_PRIOR_60M,60,37.00238321690574,False
btc-updown-15m-1786734000,T+1m,weekday,12-18,8.018431905540636,0.7482006390487713,VOLATILITY_PROXY_PRIOR_60M,60,67.44180286206613,False
btc-updown-15m-1786734000,T+2m,weekday,12-18,3.014460032661867,0.29541926913740796,VOLATILITY_PROXY_PRIOR_60M,60,64.21382076867056,False
btc-updown-15m-1786734000,T+3m,weekday,12-18,3.910693800938627,0.4230362746962885,VOLATILITY_PROXY_PRIOR_60M,60,58.17468021547065,False
btc-updown-15m-1786734000,T+5m,weekday,12-18,8.93373447739817,1.0613215622490895,VOLATILITY_PROXY_PRIOR_60M,60,52.97169302851351,False
btc-updown-15m-1786734000,T+10m,weekday,12-18,5.722230141072921,0.9507563686922477,VOLATILITY_PROXY_PRIOR_60M,60,37.87510784653833,False
btc-updown-15m-1786734000,T-5m,weekday,12-18,8.93373447739817,1.0613215622490895,VOLATILITY_PROXY_PRIOR_60M,60,52.97169302851351,False
btc-updown-15m-1786734000,T-3m,weekday,12-18,7.970759896590432,1.2159543427405093,VOLATILITY_PROXY_PRIOR_60M,60,41.25154887555502,False
btc-updown-15m-1786734000,T-2m,weekday,12-18,9.419988968696943,1.7782001129284148,VOLATILITY_PROXY_PRIOR_60M,60,33.33708032577618,False
btc-updown-15m-1786734000,T-1m,weekday,12-18,8.809787254126023,2.372901215787637,VOLATILITY_PROXY_PRIOR_60M,60,23.363804456394167,False
btc-updown-15m-1786771800,T+1m,weekend,00-06,0.5592119958416862,0.18665853719286085,VOLATILITY_PROXY_PRIOR_60M,60,18.911537897415002,False
btc-updown-15m-1786771800,T+2m,weekend,00-06,0.5592119958416862,0.19370471840043638,VOLATILITY_PROXY_PRIOR_60M,60,18.223613906510206,False
btc-updown-15m-1786771800,T+3m,weekend,00-06,0.16000116594941322,0.057588918954665724,VOLATILITY_PROXY_PRIOR_60M,60,17.538096188211384,False
btc-updown-15m-1786771800,T+5m,weekend,00-06,0.16000116594941322,0.06308971829509286,VOLATILITY_PROXY_PRIOR_60M,60,16.008947690619113,False
btc-updown-15m-1786771800,T+10m,weekend,00-06,9.272146775247604,4.719849861587546,VOLATILITY_PROXY_PRIOR_60M,60,12.400818186261537,False
btc-updown-15m-1786771800,T-5m,weekend,00-06,0.16000116594941322,0.06308971829509286,VOLATILITY_PROXY_PRIOR_60M,60,16.008947690619113,False
btc-updown-15m-1786771800,T-3m,weekend,00-06,8.058672585970942,3.689863624462579,VOLATILITY_PROXY_PRIOR_60M,60,13.786417379425975,False
btc-updown-15m-1786771800,T-2m,weekend,00-06,10.496710154244616,5.912529455800044,VOLATILITY_PROXY_PRIOR_60M,60,11.206709496390353,False
btc-updown-15m-1786771800,T-1m,weekend,00-06,9.59214910714643,7.542006059201473,VOLATILITY_PROXY_PRIOR_60M,60,8.028367986542532,False
btc-updown-15m-1786782600,T+1m,weekend,00-06,0.0,0.0,VOLATILITY_PROXY_PRIOR_60M,60,26.972318876743586,False
btc-updown-15m-1786782600,T+2m,weekend,00-06,0.0,0.0,VOLATILITY_PROXY_PRIOR_60M,60,25.316078894943637,False
btc-updown-15m-1786782600,T+3m,weekend,00-06,0.0,0.0,VOLATILITY_PROXY_PRIOR_60M,60,24.32293460403543,False
btc-updown-15m-1786782600,T+5m,weekend,00-06,2.014187812069789,0.5579988119534959,VOLATILITY_PROXY_PRIOR_60M,60,22.75990508928811,False
btc-updown-15m-1786782600,T+10m,weekend,00-06,3.389227838106026,1.4307291542299312,VOLATILITY_PROXY_PRIOR_60M,60,14.936439882295337,False
btc-updown-15m-1786782600,T-5m,weekend,00-06,2.014187812069789,0.5579988119534959,VOLATILITY_PROXY_PRIOR_60M,60,22.75990508928811,False
btc-updown-15m-1786782600,T-3m,weekend,00-06,3.389227838106026,1.3060710524200354,VOLATILITY_PROXY_PRIOR_60M,60,16.362050104705926,False
btc-updown-15m-1786782600,T-2m,weekend,00-06,4.518441792588766,2.1180601097159446,VOLATILITY_PROXY_PRIOR_60M,60,13.450987471653383,False
btc-updown-15m-1786782600,T-1m,weekend,00-06,5.18613712241664,3.4326537844428717,VOLATILITY_PROXY_PRIOR_60M,60,9.526157327079341,False
btc-updown-15m-1786793400,T+1m,weekend,06-12,1.0137620981162139,0.33821960842747556,VOLATILITY_PROXY_PRIOR_60M,60,18.893050079825947,False
btc-updown-15m-1786793400,T+2m,weekend,06-12,1.0137620981162139,0.37740582584126864,VOLATILITY_PROXY_PRIOR_60M,60,16.931376153920205,False
btc-updown-15m-1786793400,T+3m,weekend,06-12,1.0121756159592141,0.3954310904881277,VOLATILITY_PROXY_PRIOR_60M,60,16.13429028082184,False
btc-updown-15m-1786793400,T+5m,weekend,06-12,0.391861092699289,0.16664997733843476,VOLATILITY_PROXY_PRIOR_60M,60,14.821484163691537,False
btc-updown-15m-1786793400,T+10m,weekend,06-12,0.39027461054228924,0.2408675366106007,VOLATILITY_PROXY_PRIOR_60M,60,10.21308240460853,False
btc-updown-15m-1786793400,T-5m,weekend,06-12,0.391861092699289,0.16664997733843476,VOLATILITY_PROXY_PRIOR_60M,60,14.821484163691537,False
btc-updown-15m-1786793400,T-3m,weekend,06-12,0.391861092699289,0.21773434796731977,VOLATILITY_PROXY_PRIOR_60M,60,11.34409900440647,False
btc-updown-15m-1786793400,T-2m,weekend,06-12,0.39027461054228924,0.2692980670081626,VOLATILITY_PROXY_PRIOR_60M,60,9.134859478677813,False
btc-updown-15m-1786793400,T-1m,weekend,06-12,0.391861092699289,0.38239317293839,VOLATILITY_PROXY_PRIOR_60M,60,6.459320340426483,False
btc-updown-15m-1786804200,T+1m,weekend,06-12,0.0015862944165668256,0.00038469156750398455,VOLATILITY_PROXY_PRIOR_60M,60,25.994851061906083,False
btc-updown-15m-1786804200,T+2m,weekend,06-12,0.8232868020308263,0.20642621049053708,VOLATILITY_PROXY_PRIOR_60M,60,25.142156064722442,False
btc-updown-15m-1786804200,T+3m,weekend,06-12,0.8232868020308263,0.21491728684719602,VOLATILITY_PROXY_PRIOR_60M,60,24.14882523476283,False
btc-updown-15m-1786804200,T+5m,weekend,06-12,0.8217005076142594,0.23595390892786097,VOLATILITY_PROXY_PRIOR_60M,60,21.953440074535873,False
btc-updown-15m-1786804200,T+10m,weekend,06-12,1.6037436548224275,0.6557248976364133,VOLATILITY_PROXY_PRIOR_60M,60,15.418051131568259,False
btc-updown-15m-1786804200,T-5m,weekend,06-12,0.8217005076142594,0.23595390892786097,VOLATILITY_PROXY_PRIOR_60M,60,21.953440074535873,False
btc-updown-15m-1786804200,T-3m,weekend,06-12,1.6021573604058605,0.5890152114519442,VOLATILITY_PROXY_PRIOR_60M,60,17.147265136161206,False
btc-updown-15m-1786804200,T-2m,weekend,06-12,0.01269035533022624,0.005694100767053923,VOLATILITY_PROXY_PRIOR_60M,60,14.049628426779234,False
btc-updown-15m-1786804200,T-1m,weekend,06-12,0.0015862944165668256,0.0010198710707881662,VOLATILITY_PROXY_PRIOR_60M,60,9.805160954618676,False
btc-updown-15m-1786815000,T+1m,weekend,12-18,0.0,0.0,VOLATILITY_PROXY_PRIOR_60M,60,16.75400906657798,False
btc-updown-15m-1786815000,T+2m,weekend,12-18,0.0015855273070670547,0.0006248987423600127,VOLATILITY_PROXY_PRIOR_60M,60,16.002592618879255,False
btc-updown-15m-1786815000,T+3m,weekend,12-18,0.0,0.0,VOLATILITY_PROXY_PRIOR_60M,60,15.326568106255104,False
btc-updown-15m-1786815000,T+5m,weekend,12-18,0.0,0.0,VOLATILITY_PROXY_PRIOR_60M,60,12.25652177409959,False
btc-updown-15m-1786815000,T+10m,weekend,12-18,0.0015855273070670547,0.0011619685993467517,VOLATILITY_PROXY_PRIOR_60M,60,8.606084542782979,False
btc-updown-15m-1786815000,T-5m,weekend,12-18,0.0,0.0,VOLATILITY_PROXY_PRIOR_60M,60,12.25652177409959,False
btc-updown-15m-1786815000,T-3m,weekend,12-18,0.0015855273070670547,0.0010607273549581644,VOLATILITY_PROXY_PRIOR_60M,60,9.427493271757541,False
btc-updown-15m-1786815000,T-2m,weekend,12-18,0.0015855273070670547,0.001299113991445493,VOLATILITY_PROXY_PRIOR_60M,60,7.69755392358642,False
btc-updown-15m-1786815000,T-1m,weekend,12-18,0.0,0.0,VOLATILITY_PROXY_PRIOR_60M,60,5.442993452406214,False
btc-updown-15m-1786825800,T+1m,weekend,12-18,0.001585322952442263,0.0006248775880347724,VOLATILITY_PROXY_PRIOR_60M,60,16.00313435181939,False
btc-updown-15m-1786825800,T+2m,weekend,12-18,0.001585322952442263,0.0006484661191786568,VOLATILITY_PROXY_PRIOR_60M,60,15.421006123538493,False
btc-updown-15m-1786825800,T+3m,weekend,12-18,0.001585322952442263,0.0006749449360499816,VOLATILITY_PROXY_PRIOR_60M,60,14.816023442274975,False
btc-updown-15m-1786825800,T+5m,weekend,12-18,0.001585322952442263,0.0007393677571583715,VOLATILITY_PROXY_PRIOR_60M,60,13.525069084963256,False
btc-updown-15m-1786825800,T+10m,weekend,12-18,0.001585322952442263,0.001472216748496108,VOLATILITY_PROXY_PRIOR_60M,60,6.792478081081787,False
btc-updown-15m-1786825800,T-5m,weekend,12-18,0.001585322952442263,0.0007393677571583715,VOLATILITY_PROXY_PRIOR_60M,60,13.525069084963256,False
btc-updown-15m-1786825800,T-3m,weekend,12-18,0.001585322952442263,0.0012242001405584578,VOLATILITY_PROXY_PRIOR_60M,60,8.168598959806925,False
btc-updown-15m-1786825800,T-2m,weekend,12-18,0.001585322952442263,0.0016459883636255042,VOLATILITY_PROXY_PRIOR_60M,60,6.075377089990481,False
btc-updown-15m-1786825800,T-1m,weekend,12-18,0.0,0.0,VOLATILITY_PROXY_PRIOR_60M,60,4.297477463155985,False
btc-updown-15m-1786858200,T+1m,weekend,00-06,0.23307432486552074,0.07093476759950387,VOLATILITY_PROXY_PRIOR_60M,60,20.723265187823714,False
btc-updown-15m-1786858200,T+2m,weekend,00-06,0.23307432486552074,0.07565339977525364,VOLATILITY_PROXY_PRIOR_60M,60,19.430719628835554,False
btc-updown-15m-1786858200,T+3m,weekend,00-06,0.23307432486552074,0.08553992273403024,VOLATILITY_PROXY_PRIOR_60M,60,17.18495823957947,False
btc-updown-15m-1786858200,T+5m,weekend,00-06,0.23307432486552074,0.09370490023269315,VOLATILITY_PROXY_PRIOR_60M,60,15.687546716882249,False
btc-updown-15m-1786858200,T+10m,weekend,00-06,0.7895987332166151,0.44080319395376777,VOLATILITY_PROXY_PRIOR_60M,60,11.29755879336536,False
btc-updown-15m-1786858200,T-5m,weekend,00-06,0.23307432486552074,0.09370490023269315,VOLATILITY_PROXY_PRIOR_60M,60,15.687546716882249,False
btc-updown-15m-1786858200,T-3m,weekend,00-06,0.7911842728418725,0.4032043805604066,VOLATILITY_PROXY_PRIOR_60M,60,12.375857606166011,False
btc-updown-15m-1786858200,T-2m,weekend,00-06,0.7895987332166151,0.492835662455288,VOLATILITY_PROXY_PRIOR_60M,60,10.10478822734897,False
btc-updown-15m-1786858200,T-1m,weekend,00-06,0.7895987332166151,0.6969748315878239,VOLATILITY_PROXY_PRIOR_60M,60,7.14516475243541,False
btc-updown-15m-1786879800,T+1m,weekend,06-12,0.0,0.0,VOLATILITY_PROXY_PRIOR_60M,60,7.458361631862996,False
btc-updown-15m-1786879800,T+2m,weekend,06-12,0.0,0.0,VOLATILITY_PROXY_PRIOR_60M,60,7.187057101938767,False
btc-updown-15m-1786879800,T+3m,weekend,06-12,0.009526538953612529,0.008688168506344247,VOLATILITY_PROXY_PRIOR_60M,60,6.90594340580925,False
btc-updown-15m-1786879800,T+5m,weekend,06-12,0.9002579310430258,0.8376482930832106,VOLATILITY_PROXY_PRIOR_60M,60,6.7689507002222005,False
btc-updown-15m-1786879800,T+10m,weekend,06-12,2.6674309067920112,3.1490636185475847,VOLATILITY_PROXY_PRIOR_60M,60,5.334919212509091,False
btc-updown-15m-1786879800,T-5m,weekend,06-12,0.9002579310430258,0.8376482930832106,VOLATILITY_PROXY_PRIOR_60M,60,6.7689507002222005,False
btc-updown-15m-1786879800,T-3m,weekend,06-12,2.072022222240326,2.28661115938196,VOLATILITY_PROXY_PRIOR_60M,60,5.707135621401476,False
btc-updown-15m-1786879800,T-2m,weekend,06-12,3.4216152405574793,4.3642603396094195,VOLATILITY_PROXY_PRIOR_60M,60,4.937835583367497,False
btc-updown-15m-1786879800,T-1m,weekend,06-12,3.4216152405574793,6.171994445832821,VOLATILITY_PROXY_PRIOR_60M,60,3.491577996242842,False
btc-updown-15m-1786890600,T+1m,weekend,06-12,0.6357005967503869,0.1988185444589095,VOLATILITY_PROXY_PRIOR_60M,60,20.16914473906531,False
btc-updown-15m-1786890600,T+2m,weekend,06-12,1.000316899125043,0.31551780052772216,VOLATILITY_PROXY_PRIOR_60M,60,19.99887166253005,False
btc-updown-15m-1786890600,T+3m,weekend,06-12,2.282815110524151,0.7376439161638226,VOLATILITY_PROXY_PRIOR_60M,60,19.521614270052996,False
btc-updown-15m-1786890600,T+5m,weekend,06-12,2.309765011134226,0.8272313881823398,VOLATILITY_PROXY_PRIOR_60M,60,17.612968037895783,False
btc-updown-15m-1786890600,T+10m,weekend,06-12,2.813886681374971,1.4231216890112133,VOLATILITY_PROXY_PRIOR_60M,60,12.472580621220608,False
btc-updown-15m-1786890600,T-5m,weekend,06-12,2.309765011134226,0.8272313881823398,VOLATILITY_PROXY_PRIOR_60M,60,17.612968037895783,False
btc-updown-15m-1786890600,T-3m,weekend,06-12,2.8154719696453374,1.2998617807413957,VOLATILITY_PROXY_PRIOR_60M,60,13.662991145000877,False
btc-updown-15m-1786890600,T-2m,weekend,06-12,3.1674059658512936,1.7896568502765404,VOLATILITY_PROXY_PRIOR_60M,60,11.164151382936112,False
btc-updown-15m-1786890600,T-1m,weekend,06-12,3.3100819102592687,2.6450519893606304,VOLATILITY_PROXY_PRIOR_60M,60,7.8939847246800445,False
btc-updown-15m-1786901400,T+1m,weekend,12-18,0.0015825288814744845,0.0001731430221957142,VOLATILITY_PROXY_PRIOR_60M,60,57.75572053220633,False
btc-updown-15m-1786901400,T+2m,weekend,12-18,0.0,0.0,VOLATILITY_PROXY_PRIOR_60M,60,53.22590875800363,False
btc-updown-15m-1786901400,T+3m,weekend,12-18,0.0,0.0,VOLATILITY_PROXY_PRIOR_60M,60,50.70683496464868,False
btc-updown-15m-1786901400,T+5m,weekend,12-18,6.9552144326629355,0.9364494600513763,VOLATILITY_PROXY_PRIOR_60M,60,46.93259153311474,False
btc-updown-15m-1786901400,T+10m,weekend,12-18,0.0015825288814744845,0.0003031875279664011,VOLATILITY_PROXY_PRIOR_60M,60,32.98288709008326,False
btc-updown-15m-1786901400,T-5m,weekend,12-18,6.9552144326629355,0.9364494600513763,VOLATILITY_PROXY_PRIOR_60M,60,46.93259153311474,False
btc-updown-15m-1786901400,T-3m,weekend,12-18,0.0,0.0,VOLATILITY_PROXY_PRIOR_60M,60,36.41227342114709,False
btc-updown-15m-1786901400,T-2m,weekend,12-18,0.0,0.0,VOLATILITY_PROXY_PRIOR_60M,60,29.045437684039843,False
btc-updown-15m-1786901400,T-1m,weekend,12-18,3.1634752334226874,0.9685303101107984,VOLATILITY_PROXY_PRIOR_60M,60,20.639519270915887,False
btc-updown-15m-1786923000,T+1m,weekend,18-24,0.3214206154722335,0.024663525910020957,VOLATILITY_PROXY_PRIOR_60M,60,81.90232034812423,False
btc-updown-15m-1786923000,T+2m,weekend,18-24,0.9531235082579579,0.07643033698190242,VOLATILITY_PROXY_PRIOR_60M,60,78.3720213272945,False
btc-updown-15m-1786923000,T+3m,weekend,18-24,0.2705024981696671,0.02259507291994606,VOLATILITY_PROXY_PRIOR_60M,60,75.23764167613706,False
btc-updown-15m-1786923000,T+5m,weekend,18-24,0.8067339210132242,0.07445797783844882,VOLATILITY_PROXY_PRIOR_60M,60,68.09209902262009,False
btc-updown-15m-1786923000,T+10m,weekend,18-24,4.283486618082019,0.5718969105838126,VOLATILITY_PROXY_PRIOR_60M,60,47.07142056864298,False
btc-updown-15m-1786923000,T-5m,weekend,18-24,0.8067339210132242,0.07445797783844882,VOLATILITY_PROXY_PRIOR_60M,60,68.09209902262009,False
btc-updown-15m-1786923000,T-3m,weekend,18-24,5.172962479712636,0.6301413373521255,VOLATILITY_PROXY_PRIOR_60M,60,51.591600285437735,False
btc-updown-15m-1786923000,T-2m,weekend,18-24,3.0248544060086617,0.45634250726650344,VOLATILITY_PROXY_PRIOR_60M,60,41.65730717016073,False
btc-updown-15m-1786923000,T-1m,weekend,18-24,5.410049963402603,1.1903210089337894,VOLATILITY_PROXY_PRIOR_60M,60,28.563723352623125,False
btc-updown-15m-1786933800,T+1m,weekend,18-24,4.915645092957278,0.4164813894622671,VOLATILITY_PROXY_PRIOR_60M,60,74.57716187536624,False
btc-updown-15m-1786933800,T+2m,weekend,18-24,7.21203950051597,0.6337383920549698,VOLATILITY_PROXY_PRIOR_60M,60,71.90664250627728,False
btc-updown-15m-1786933800,T+3m,weekend,18-24,20.887535073032133,1.2541632332452384,VOLATILITY_PROXY_PRIOR_60M,60,105.23351067985632,False
btc-updown-15m-1786933800,T+5m,weekend,18-24,17.090808550816543,1.1216277745443606,VOLATILITY_PROXY_PRIOR_60M,60,96.27971279854121,False
btc-updown-15m-1786933800,T+10m,weekend,18-24,12.773397149147277,1.2312633264406172,VOLATILITY_PROXY_PRIOR_60M,60,65.55055954871868,False
btc-updown-15m-1786933800,T-5m,weekend,18-24,17.090808550816543,1.1216277745443606,VOLATILITY_PROXY_PRIOR_60M,60,96.27971279854121,False
btc-updown-15m-1786933800,T-3m,weekend,18-24,12.290695361203566,1.08157054888444,VOLATILITY_PROXY_PRIOR_60M,60,71.80299064180026,False
btc-updown-15m-1786933800,T-2m,weekend,18-24,11.904533930849752,1.2949354124625683,VOLATILITY_PROXY_PRIOR_60M,60,58.08783918956691,False
btc-updown-15m-1786933800,T-1m,weekend,18-24,14.851388780522223,2.276501540070421,VOLATILITY_PROXY_PRIOR_60M,60,41.221144966628785,False
btc-updown-15m-1786950000,T+1m,weekday,00-06,4.685242929766508,0.532752847656329,VOLATILITY_PROXY_PRIOR_60M,60,55.99219249830714,False
btc-updown-15m-1786950000,T+2m,weekday,00-06,9.734876191316221,1.1036450599152998,VOLATILITY_PROXY_PRIOR_60M,60,56.15935978977936,False
btc-updown-15m-1786950000,T+3m,weekday,00-06,10.999247816681326,1.3011399418682539,VOLATILITY_PROXY_PRIOR_60M,60,53.822035391093756,False
btc-updown-15m-1786950000,T+5m,weekday,00-06,14.288184690611587,1.8503759043233814,VOLATILITY_PROXY_PRIOR_60M,60,49.16298347133187,False
btc-updown-15m-1786950000,T+10m,weekday,00-06,12.562042558591205,2.4227499237958066,VOLATILITY_PROXY_PRIOR_60M,60,33.01207409582268,False
btc-updown-15m-1786950000,T-5m,weekday,00-06,14.288184690611587,1.8503759043233814,VOLATILITY_PROXY_PRIOR_60M,60,49.16298347133187,False
btc-updown-15m-1786950000,T-3m,weekday,00-06,11.410757587918429,2.0052161156045494,VOLATILITY_PROXY_PRIOR_60M,60,36.23050873900359,False
btc-updown-15m-1786950000,T-2m,weekday,00-06,10.457374262952932,2.2646048162935237,VOLATILITY_PROXY_PRIOR_60M,60,29.40027307235259,False
btc-updown-15m-1786950000,T-1m,weekday,00-06,15.904381463902782,4.862840348341324,VOLATILITY_PROXY_PRIOR_60M,60,20.823221151920755,False
btc-updown-15m-1786971600,T+1m,weekday,06-12,0.489342328630756,0.03872381736320117,VOLATILITY_PROXY_PRIOR_60M,60,80.31233002756545,False
btc-updown-15m-1786971600,T+2m,weekday,06-12,3.4757466364801375,0.2839226835755854,VOLATILITY_PROXY_PRIOR_60M,60,77.80287126696949,False
btc-updown-15m-1786971600,T+3m,weekday,06-12,4.1664903093702765,0.3634239595862547,VOLATILITY_PROXY_PRIOR_60M,60,72.8625598327357,False
btc-updown-15m-1786971600,T+5m,weekday,06-12,5.096398078568146,0.5056232309988685,VOLATILITY_PROXY_PRIOR_60M,60,64.05955663075912,False
btc-updown-15m-1786971600,T+10m,weekday,06-12,0.03776275204834808,0.005288791539988192,VOLATILITY_PROXY_PRIOR_60M,60,45.37898651957429,False
btc-updown-15m-1786971600,T-5m,weekday,06-12,5.096398078568146,0.5056232309988685,VOLATILITY_PROXY_PRIOR_60M,60,64.05955663075912,False
btc-updown-15m-1786971600,T-3m,weekday,06-12,2.183945826815402,0.28043455115262844,VOLATILITY_PROXY_PRIOR_60M,60,49.49461449366976,False
btc-updown-15m-1786971600,T-2m,weekday,06-12,0.5192378406685069,0.08128733406541402,VOLATILITY_PROXY_PRIOR_60M,60,40.59673057231818,False
btc-updown-15m-1786971600,T-1m,weekday,06-12,3.055636019937829,0.7265224939655284,VOLATILITY_PROXY_PRIOR_60M,60,26.730073963710865,False
btc-updown-15m-1787014800,T+1m,weekday,18-24,3.0597801835273377,0.36333347276233074,VOLATILITY_PROXY_PRIOR_60M,60,54.22016267926835,False
btc-updown-15m-1787014800,T+2m,weekday,18-24,3.6826085356061538,0.468405546275366,VOLATILITY_PROXY_PRIOR_60M,60,50.61852958090403,False
btc-updown-15m-1787014800,T+3m,weekday,18-24,4.790031515735348,0.6390841785704806,VOLATILITY_PROXY_PRIOR_60M,60,48.25655372814922,False
btc-updown-15m-1787014800,T+5m,weekday,18-24,6.787431168535813,1.005396916897703,VOLATILITY_PROXY_PRIOR_60M,60,43.46542073635926,False
btc-updown-15m-1787014800,T+10m,weekday,18-24,12.2950354988857,2.7659571681075814,VOLATILITY_PROXY_PRIOR_60M,60,28.61938749910436,False
btc-updown-15m-1787014800,T-5m,weekday,18-24,6.787431168535813,1.005396916897703,VOLATILITY_PROXY_PRIOR_60M,60,43.46542073635926,False
btc-updown-15m-1787014800,T-3m,weekday,18-24,10.515082153544288,2.1685846495992385,VOLATILITY_PROXY_PRIOR_60M,60,31.218518498924297,False
btc-updown-15m-1787014800,T-2m,weekday,18-24,12.361822579033813,3.109030196412687,VOLATILITY_PROXY_PRIOR_60M,60,25.59962270287061,False
btc-updown-15m-1787014800,T-1m,weekday,18-24,3.7540551794853467,1.2362632716372326,VOLATILITY_PROXY_PRIOR_60M,60,19.55085179226344,False
btc-updown-15m-1787036400,T+1m,weekday,00-06,0.049752767614261346,0.004853861344920562,VOLATILITY_PROXY_PRIOR_60M,60,65.92689351017012,False
btc-updown-15m-1787036400,T+2m,weekday,00-06,0.4928633541789532,0.04989794508092367,VOLATILITY_PROXY_PRIOR_60M,60,63.529670307208036,False
btc-updown-15m-1787036400,T+3m,weekday,00-06,0.2565377080114946,0.02702688760917701,VOLATILITY_PROXY_PRIOR_60M,60,61.05031492568888,False
btc-updown-15m-1787036400,T+5m,weekday,00-06,3.594637460132928,0.39952814701410055,VOLATILITY_PROXY_PRIOR_60M,60,57.86826328203447,False
btc-updown-15m-1787036400,T+10m,weekday,00-06,3.7765460167235956,0.6062344410049996,VOLATILITY_PROXY_PRIOR_60M,60,40.06700767401725,False
btc-updown-15m-1787036400,T-5m,weekday,00-06,3.594637460132928,0.39952814701410055,VOLATILITY_PROXY_PRIOR_60M,60,57.86826328203447,False
btc-updown-15m-1787036400,T-3m,weekday,00-06,1.7304634485858252,0.2496946403536991,VOLATILITY_PROXY_PRIOR_60M,60,44.574444946990916,False
btc-updown-15m-1787036400,T-2m,weekday,00-06,3.6179590699534914,0.6573094679494318,VOLATILITY_PROXY_PRIOR_60M,60,35.401893833353824,False
btc-updown-15m-1787036400,T-1m,weekday,00-06,0.4990824501308773,0.13454260534925755,VOLATILITY_PROXY_PRIOR_60M,60,23.858613349030414,False
btc-updown-15m-1787058000,T+1m,weekday,06-12,7.521405099982481,0.9823592252032459,VOLATILITY_PROXY_PRIOR_60M,60,49.17752972697186,False
btc-updown-15m-1787058000,T+2m,weekday,06-12,9.078309488304328,1.2278332777292273,VOLATILITY_PROXY_PRIOR_60M,60,47.49016096699792,False
btc-updown-15m-1787058000,T+3m,weekday,06-12,9.07675258391569,1.277746601713488,VOLATILITY_PROXY_PRIOR_60M,60,45.62720019901753,False
btc-updown-15m-1787058000,T+5m,weekday,06-12,7.110382341465604,1.1713279405924957,VOLATILITY_PROXY_PRIOR_60M,60,38.989934771723185,False
btc-updown-15m-1787058000,T+10m,weekday,06-12,8.56920175332245,2.133320544931367,VOLATILITY_PROXY_PRIOR_60M,60,25.800154660660404,False
btc-updown-15m-1787058000,T-5m,weekday,06-12,7.110382341465604,1.1713279405924957,VOLATILITY_PROXY_PRIOR_60M,60,38.989934771723185,False
btc-updown-15m-1787058000,T-3m,weekday,06-12,6.3459422867990325,1.4381201041517897,VOLATILITY_PROXY_PRIOR_60M,60,28.342556287421633,False
btc-updown-15m-1787058000,T-2m,weekday,06-12,8.450877019810806,2.3617094312446825,VOLATILITY_PROXY_PRIOR_60M,60,22.983352347198725,False
btc-updown-15m-1787058000,T-1m,weekday,06-12,7.2442761188613725,2.870515587851023,VOLATILITY_PROXY_PRIOR_60M,60,16.209631536902037,False
btc-updown-15m-1787144400,T+1m,weekday,06-12,13.694059151862037,0.7304659901570818,VOLATILITY_PROXY_PRIOR_60M,60,121.63468415674213,False
btc-updown-15m-1787144400,T+2m,weekday,06-12,7.701656002460024,0.42244810708442293,VOLATILITY_PROXY_PRIOR_60M,60,118.2867177341028,False
btc-updown-15m-1787144400,T+3m,weekday,06-12,13.692517895908779,0.7709579034359575,VOLATILITY_PROXY_PRIOR_60M,60,115.2332696818687,False
btc-updown-15m-1787144400,T+5m,weekday,06-12,12.513457091049283,0.7749219235618864,VOLATILITY_PROXY_PRIOR_60M,60,104.77184543549487,False
btc-updown-15m-1787144400,T+10m,weekday,06-12,1.9080748711324542,0.16654667808057172,VOLATILITY_PROXY_PRIOR_60M,60,74.33351504024282,False
btc-updown-15m-1787144400,T-5m,weekday,06-12,12.513457091049283,0.7749219235618864,VOLATILITY_PROXY_PRIOR_60M,60,104.77184543549487,False
btc-updown-15m-1787144400,T-3m,weekday,06-12,4.337094254737153,0.3450964338716176,VOLATILITY_PROXY_PRIOR_60M,60,81.54242477761457,False
btc-updown-15m-1787144400,T-2m,weekday,06-12,3.9841466412562694,0.385721047301173,VOLATILITY_PROXY_PRIOR_60M,60,67.01734370179372,False
btc-updown-15m-1787144400,T-1m,weekday,06-12,14.301313997763772,1.9110395902783124,VOLATILITY_PROXY_PRIOR_60M,60,48.55472407376317,False
btc-updown-15m-1787166000,T+1m,weekday,12-18,2.412422131765327,0.16370143317569985,VOLATILITY_PROXY_PRIOR_60M,60,100.79325317995622,False
btc-updown-15m-1787166000,T+2m,weekday,12-18,0.15351777201972783,0.010799165869640892,VOLATILITY_PROXY_PRIOR_60M,60,97.22973169068237,False
btc-updown-15m-1787166000,T+3m,weekday,12-18,0.019006962248825508,0.0014009915114366386,VOLATILITY_PROXY_PRIOR_60M,60,92.79142587866001,False
btc-updown-15m-1787166000,T+5m,weekday,12-18,4.077724439692943,0.33579007893318397,VOLATILITY_PROXY_PRIOR_60M,60,83.05784402149956,False
btc-updown-15m-1787166000,T+10m,weekday,12-18,2.756009526290331,0.3201619374322118,VOLATILITY_PROXY_PRIOR_60M,60,58.876455306299334,False
btc-updown-15m-1787166000,T-5m,weekday,12-18,4.077724439692943,0.33579007893318397,VOLATILITY_PROXY_PRIOR_60M,60,83.05784402149956,False
btc-updown-15m-1787166000,T-3m,weekday,12-18,4.98421033162858,0.5182641479610891,VOLATILITY_PROXY_PRIOR_60M,60,65.77726847228483,False
btc-updown-15m-1787166000,T-2m,weekday,12-18,0.900637595859566,0.11720755499568221,VOLATILITY_PROXY_PRIOR_60M,60,52.55633905365929,False
btc-updown-15m-1787166000,T-1m,weekday,12-18,4.968127517416726,0.9439796947746557,VOLATILITY_PROXY_PRIOR_60M,60,35.99653698918549,False
btc-updown-15m-1787187600,T+1m,weekday,18-24,9.50014405070543,0.3258289855317165,VOLATILITY_PROXY_PRIOR_60M,60,202.40679291430766,False
btc-updown-15m-1787187600,T+2m,weekday,18-24,8.065399020455954,0.28807639510330113,VOLATILITY_PROXY_PRIOR_60M,60,194.35816662426583,False
btc-updown-15m-1787187600,T+3m,weekday,18-24,12.964563526361278,0.4869778700634118,VOLATILITY_PROXY_PRIOR_60M,60,184.81332629813477,False
btc-updown-15m-1787187600,T+5m,weekday,18-24,0.6727167963120503,0.02764822824773911,VOLATILITY_PROXY_PRIOR_60M,60,168.90774910251747,False
btc-updown-15m-1787187600,T+10m,weekday,18-24,12.966004033419008,0.7915259142268594,VOLATILITY_PROXY_PRIOR_60M,60,113.71706015199015,False
btc-updown-15m-1787187600,T-5m,weekday,18-24,0.6727167963120503,0.02764822824773911,VOLATILITY_PROXY_PRIOR_60M,60,168.90774910251747,False
btc-updown-15m-1787187600,T-3m,weekday,18-24,11.235955056179776,0.6042591811260591,VOLATILITY_PROXY_PRIOR_60M,60,129.08368202969484,False
btc-updown-15m-1787187600,T-2m,weekday,18-24,16.87698069720592,1.1520320599439935,VOLATILITY_PROXY_PRIOR_60M,60,101.69855863707411,False
btc-updown-15m-1787187600,T-1m,weekday,18-24,8.64160184384979,0.8224623534614312,VOLATILITY_PROXY_PRIOR_60M,60,72.93950871736578,False
btc-updown-15m-1787252400,T+1m,weekday,12-18,4.88186332549887,0.20691276866290287,VOLATILITY_PROXY_PRIOR_60M,60,170.89327173234153,False
btc-updown-15m-1787252400,T+2m,weekday,12-18,10.129590276918083,0.4518358923922942,VOLATILITY_PROXY_PRIOR_60M,60,162.38196485792642,False
btc-updown-15m-1787252400,T+3m,weekday,12-18,6.262480781805089,0.3225672974944004,VOLATILITY_PROXY_PRIOR_60M,60,140.6218186168981,False
btc-updown-15m-1787252400,T+5m,weekday,12-18,4.88186332549887,0.2786664360712293,VOLATILITY_PROXY_PRIOR_60M,60,126.89005715407467,False
btc-updown-15m-1787252400,T+10m,weekday,12-18,5.347131408273422,0.43788964751876314,VOLATILITY_PROXY_PRIOR_60M,60,88.44694141424384,False
btc-updown-15m-1787252400,T-5m,weekday,12-18,4.88186332549887,0.2786664360712293,VOLATILITY_PROXY_PRIOR_60M,60,126.89005715407467,False
btc-updown-15m-1787252400,T-3m,weekday,12-18,1.0147538303858743,0.07684078288908587,VOLATILITY_PROXY_PRIOR_60M,60,95.65233101040909,False
btc-updown-15m-1787252400,T-2m,weekday,12-18,8.55154452436104,0.7802657950479344,VOLATILITY_PROXY_PRIOR_60M,60,79.38320556035286,False
btc-updown-15m-1787252400,T-1m,weekday,12-18,5.058582359905905,0.6604737977915105,VOLATILITY_PROXY_PRIOR_60M,60,55.47532714017739,False
btc-updown-15m-1787274000,T+1m,weekday,18-24,1.7270847867044152,0.0446446621986391,VOLATILITY_PROXY_PRIOR_60M,60,285.14047084442996,False
btc-updown-15m-1787274000,T+2m,weekday,18-24,7.322134009297924,0.19725527284435324,VOLATILITY_PROXY_PRIOR_60M,60,273.60485335460146,False
btc-updown-15m-1787274000,T+3m,weekday,18-24,15.340257410250938,0.42837500333037926,VOLATILITY_PROXY_PRIOR_60M,60,263.9509754792777,False
btc-updown-15m-1787274000,T+5m,weekday,18-24,17.907142262129778,0.5448856607065422,VOLATILITY_PROXY_PRIOR_60M,60,242.23430623746262,False
btc-updown-15m-1787274000,T+10m,weekday,18-24,30.0984886040883,1.3306072696512599,VOLATILITY_PROXY_PRIOR_60M,60,166.72838414458397,False
btc-updown-15m-1787274000,T-5m,weekday,18-24,17.907142262129778,0.5448856607065422,VOLATILITY_PROXY_PRIOR_60M,60,242.23430623746262,False
btc-updown-15m-1787274000,T-3m,weekday,18-24,23.602587615296294,0.9496165610892997,VOLATILITY_PROXY_PRIOR_60M,60,183.20025906081628,False
btc-updown-15m-1787274000,T-2m,weekday,18-24,32.82953469649516,1.6257852855695152,VOLATILITY_PROXY_PRIOR_60M,60,148.83884246450782,False
btc-updown-15m-1787274000,T-1m,weekday,18-24,30.22873223293716,2.128856980993222,VOLATILITY_PROXY_PRIOR_60M,60,104.66179832148482,False
btc-updown-15m-1787295600,T+1m,weekday,00-06,8.237028662770767,0.25007845457101274,VOLATILITY_PROXY_PRIOR_60M,60,249.16180846880596,False
btc-updown-15m-1787295600,T+2m,weekday,00-06,2.5804333092152962,0.08099516009517142,VOLATILITY_PROXY_PRIOR_60M,60,241.00205465429062,False
btc-updown-15m-1787295600,T+3m,weekday,00-06,25.617939087760455,0.7984398875375901,VOLATILITY_PROXY_PRIOR_60M,60,242.71082021922416,False
btc-updown-15m-1787295600,T+5m,weekday,00-06,11.553784386553426,0.3973792636351587,VOLATILITY_PROXY_PRIOR_60M,60,219.9410185636605,False
btc-updown-15m-1787295600,T+10m,weekday,00-06,29.356394722219715,1.3953512141828968,VOLATILITY_PROXY_PRIOR_60M,60,159.14989555517343,False
btc-updown-15m-1787295600,T-5m,weekday,00-06,11.553784386553426,0.3973792636351587,VOLATILITY_PROXY_PRIOR_60M,60,219.9410185636605,False
btc-updown-15m-1787295600,T-3m,weekday,00-06,31.856189490523835,1.3829824020700545,VOLATILITY_PROXY_PRIOR_60M,60,174.2466134343401,False
btc-updown-15m-1787295600,T-2m,weekday,00-06,40.92075465512262,2.2063862132296395,VOLATILITY_PROXY_PRIOR_60M,60,140.2972870950271,False
btc-updown-15m-1787295600,T-1m,weekday,00-06,37.43082435987132,2.8310813794008194,VOLATILITY_PROXY_PRIOR_60M,60,100.01478659716985,False
btc-updown-15m-1787317200,T+1m,weekday,06-12,6.839872650429542,0.19030227355176885,VOLATILITY_PROXY_PRIOR_60M,60,277.55842856831714,False
btc-updown-15m-1787317200,T+2m,weekday,06-12,14.716992175715154,0.42313309341264255,VOLATILITY_PROXY_PRIOR_60M,60,268.5916128265969,False
btc-updown-15m-1787317200,T+3m,weekday,06-12,12.388690201940475,0.3721077148092172,VOLATILITY_PROXY_PRIOR_60M,60,257.1029736619384,False
btc-updown-15m-1787317200,T+5m,weekday,06-12,10.144559322880642,0.3344441018621374,VOLATILITY_PROXY_PRIOR_60M,60,234.2394425968659,False
btc-updown-15m-1787317200,T+10m,weekday,06-12,3.269723294648298,0.15743983431594963,VOLATILITY_PROXY_PRIOR_60M,60,160.37872568722602,False
btc-updown-15m-1787317200,T-5m,weekday,06-12,10.144559322880642,0.3344441018621374,VOLATILITY_PROXY_PRIOR_60M,60,234.2394425968659,False
btc-updown-15m-1787317200,T-3m,weekday,06-12,0.27064244300211976,0.011841071680838868,VOLATILITY_PROXY_PRIOR_60M,60,176.5042942336486,False
btc-updown-15m-1787317200,T-2m,weekday,06-12,6.561460567913804,0.3510779573011654,VOLATILITY_PROXY_PRIOR_60M,60,144.3269192674833,False
btc-updown-15m-1787317200,T-1m,weekday,06-12,9.538527440942774,0.7307133287785698,VOLATILITY_PROXY_PRIOR_60M,60,100.80560610975922,False
btc-updown-15m-1787360400,T+1m,weekday,18-24,0.42076473991464575,0.010979291807014502,VOLATILITY_PROXY_PRIOR_60M,60,298.7442230020058,False
btc-updown-15m-1787360400,T+2m,weekday,18-24,6.966991775844983,0.19364601568588702,VOLATILITY_PROXY_PRIOR_60M,60,280.4601985103265,False
btc-updown-15m-1787360400,T+3m,weekday,18-24,4.451383071659197,0.12882921700835842,VOLATILITY_PROXY_PRIOR_60M,60,269.34883876338205,False
btc-updown-15m-1787360400,T+5m,weekday,18-24,16.29821957505364,0.566710391097379,VOLATILITY_PROXY_PRIOR_60M,60,224.18858379141957,False
btc-updown-15m-1787360400,T+10m,weekday,18-24,16.00060549072277,0.8667414109208765,VOLATILITY_PROXY_PRIOR_60M,60,143.90681976008912,False
btc-updown-15m-1787360400,T-5m,weekday,18-24,16.29821957505364,0.566710391097379,VOLATILITY_PROXY_PRIOR_60M,60,224.18858379141957,False
btc-updown-15m-1787360400,T-3m,weekday,18-24,19.588651153959756,0.97023548451979,VOLATILITY_PROXY_PRIOR_60M,60,157.3844725701562,False
btc-updown-15m-1787360400,T-2m,weekday,18-24,29.139241058427825,1.771504065801562,VOLATILITY_PROXY_PRIOR_60M,60,128.2243740700727,False
btc-updown-15m-1787360400,T-1m,weekday,18-24,19.33208728815805,1.685527426426405,VOLATILITY_PROXY_PRIOR_60M,60,89.40821587193383,False
btc-updown-15m-1787376600,T+1m,weekend,00-06,33.132333356832,0.36638556510965425,VOLATILITY_PROXY_PRIOR_60M,60,699.0723008515192,False
btc-updown-15m-1787376600,T+2m,weekend,00-06,31.60332785073151,0.3630821079688411,VOLATILITY_PROXY_PRIOR_60M,60,672.8781028806956,False
btc-updown-15m-1787376600,T+3m,weekend,00-06,10.585323228787113,0.1254825816984474,VOLATILITY_PROXY_PRIOR_60M,60,652.1223813886488,False
btc-updown-15m-1787376600,T+5m,weekend,00-06,5.801683328989831,0.07512547701489751,VOLATILITY_PROXY_PRIOR_60M,60,597.001200952268,False
btc-updown-15m-1787376600,T+10m,weekend,00-06,22.57417520048726,0.4082868746737633,VOLATILITY_PROXY_PRIOR_60M,60,427.42005884816865,False
btc-updown-15m-1787376600,T-5m,weekend,00-06,5.801683328989831,0.07512547701489751,VOLATILITY_PROXY_PRIOR_60M,60,597.001200952268,False
btc-updown-15m-1787376600,T-3m,weekend,00-06,7.735577771983931,0.12768635948221096,VOLATILITY_PROXY_PRIOR_60M,60,468.3350691686028,False
btc-updown-15m-1787376600,T-2m,weekend,00-06,23.069614378860464,0.466682581299441,VOLATILITY_PROXY_PRIOR_60M,60,382.14411067887465,False
btc-updown-15m-1787376600,T-1m,weekend,00-06,30.571055097879924,0.8775964234499943,VOLATILITY_PROXY_PRIOR_60M,60,269.29234632808794,False
btc-updown-15m-1787387400,T+1m,weekend,00-06,8.547639396057644,0.4759618142358618,VOLATILITY_PROXY_PRIOR_60M,60,138.68759641142904,False
btc-updown-15m-1787387400,T+2m,weekend,00-06,12.170771501826488,0.7017874323985938,VOLATILITY_PROXY_PRIOR_60M,60,133.92944310610253,False
btc-updown-15m-1787387400,T+3m,weekend,00-06,12.561831507522696,0.7539596116897954,VOLATILITY_PROXY_PRIOR_60M,60,128.66736957245394,False
btc-updown-15m-1787387400,T+5m,weekend,00-06,13.121228601766472,0.8625129209026642,VOLATILITY_PROXY_PRIOR_60M,60,117.48229799729225,False
btc-updown-15m-1787387400,T+10m,weekend,00-06,10.043249682749032,0.9174326274615229,VOLATILITY_PROXY_PRIOR_60M,60,84.54026778467778,False
btc-updown-15m-1787387400,T-5m,weekend,00-06,13.121228601766472,0.8625129209026642,VOLATILITY_PROXY_PRIOR_60M,60,117.48229799729225,False
btc-updown-15m-1787387400,T-3m,weekend,00-06,12.95807111594631,1.0855852148208776,VOLATILITY_PROXY_PRIOR_60M,60,92.18069538329021,False
btc-updown-15m-1787387400,T-2m,weekend,00-06,11.652811229379385,1.2071791936655971,VOLATILITY_PROXY_PRIOR_60M,60,74.54568507493141,False
btc-updown-15m-1787387400,T-1m,weekend,00-06,12.494496672105926,1.8615619364047447,VOLATILITY_PROXY_PRIOR_60M,60,51.832817438434226,False
btc-updown-15m-1787398200,T+1m,weekend,06-12,2.3003815048277296,0.11021316679838435,VOLATILITY_PROXY_PRIOR_60M,60,160.68860476887656,False
btc-updown-15m-1787398200,T+2m,weekend,06-12,13.209983006272223,0.6177850039767616,VOLATILITY_PROXY_PRIOR_60M,60,164.62037657978277,False
btc-updown-15m-1787398200,T+3m,weekend,06-12,7.880527718687665,0.382893719697428,VOLATILITY_PROXY_PRIOR_60M,60,158.45128002606356,False
btc-updown-15m-1787398200,T+5m,weekend,06-12,13.549000269265134,0.7238957398775127,VOLATILITY_PROXY_PRIOR_60M,60,144.09533618425152,False
btc-updown-15m-1787398200,T+10m,weekend,06-12,18.609579796546008,1.4168081767958067,VOLATILITY_PROXY_PRIOR_60M,60,101.12166371316223,False
btc-updown-15m-1787398200,T-5m,weekend,06-12,13.549000269265134,0.7238957398775127,VOLATILITY_PROXY_PRIOR_60M,60,144.09533618425152,False
btc-updown-15m-1787398200,T-3m,weekend,06-12,19.46426699596879,1.347705060663601,VOLATILITY_PROXY_PRIOR_60M,60,111.18901633137794,False
btc-updown-15m-1787398200,T-2m,weekend,06-12,22.699868536640338,1.9575295058412367,VOLATILITY_PROXY_PRIOR_60M,60,89.27579353390499,False
btc-updown-15m-1787398200,T-1m,weekend,06-12,18.013377023696993,2.210384653424879,VOLATILITY_PROXY_PRIOR_60M,60,62.74021120492758,False
btc-updown-15m-1787419800,T+1m,weekend,12-18,8.18058624680744,0.48108572508352815,VOLATILITY_PROXY_PRIOR_60M,60,131.07850994549656,False
btc-updown-15m-1787419800,T+2m,weekend,12-18,13.108915956865621,0.7946999274673677,VOLATILITY_PROXY_PRIOR_60M,60,127.15491282607707,False
btc-updown-15m-1787419800,T+3m,weekend,12-18,13.629121330314023,0.863052936864202,VOLATILITY_PROXY_PRIOR_60M,60,121.73065580625959,False
btc-updown-15m-1787419800,T+5m,weekend,12-18,10.668750601607872,0.7389241354818137,VOLATILITY_PROXY_PRIOR_60M,60,111.29694653479723,False
btc-updown-15m-1787419800,T+10m,weekend,12-18,4.807683576065269,0.4813523495132815,VOLATILITY_PROXY_PRIOR_60M,60,76.99141811080972,False
btc-updown-15m-1787419800,T-5m,weekend,12-18,10.668750601607872,0.7389241354818137,VOLATILITY_PROXY_PRIOR_60M,60,111.29694653479723,False
btc-updown-15m-1787419800,T-3m,weekend,12-18,10.56107717019738,0.9734105638227162,VOLATILITY_PROXY_PRIOR_60M,60,83.63377492051792,False
btc-updown-15m-1787419800,T-2m,weekend,12-18,12.545900664901842,1.4182272013714605,VOLATILITY_PROXY_PRIOR_60M,60,68.1907665474692,False
btc-updown-15m-1787419800,T-1m,weekend,12-18,15.641187500436846,2.5435947101811576,VOLATILITY_PROXY_PRIOR_60M,60,47.401419541167904,False
btc-updown-15m-1787430600,T+1m,weekend,12-18,2.059557699636124,0.2367619167203431,VOLATILITY_PROXY_PRIOR_60M,60,67.24054366740529,False
btc-updown-15m-1787430600,T+2m,weekend,12-18,2.34675732860352,0.27437488695542933,VOLATILITY_PROXY_PRIOR_60M,60,66.11392245583379,False
btc-updown-15m-1787430600,T+3m,weekend,12-18,2.348051020625226,0.2897480326526215,VOLATILITY_PROXY_PRIOR_60M,60,62.64063239302194,False
btc-updown-15m-1787430600,T+5m,weekend,12-18,2.608083117123624,0.350718097359158,VOLATILITY_PROXY_PRIOR_60M,60,57.482063662497,False
btc-updown-15m-1787430600,T+10m,weekend,12-18,9.29517718082591,1.7005571589545807,VOLATILITY_PROXY_PRIOR_60M,60,42.250858562246556,False
btc-updown-15m-1787430600,T-5m,weekend,12-18,2.608083117123624,0.350718097359158,VOLATILITY_PROXY_PRIOR_60M,60,57.482063662497,False
btc-updown-15m-1787430600,T-3m,weekend,12-18,1.97158664211307,0.35066681534219557,VOLATILITY_PROXY_PRIOR_60M,60,43.46005761946251,False
btc-updown-15m-1787430600,T-2m,weekend,12-18,6.7608345089771635,1.3806684570412238,VOLATILITY_PROXY_PRIOR_60M,60,37.85123049164362,False
btc-updown-15m-1787430600,T-1m,weekend,12-18,5.487841558952292,1.5739752122858284,VOLATILITY_PROXY_PRIOR_60M,60,26.950869155307565,False
btc-updown-15m-1787441400,T+1m,weekend,18-24,0.775929396403764,0.051942467784090326,VOLATILITY_PROXY_PRIOR_60M,60,114.93485494021407,False
btc-updown-15m-1787441400,T+2m,weekend,18-24,3.5690152806091926,0.24728784691054498,VOLATILITY_PROXY_PRIOR_60M,60,111.04468069522784,False
btc-updown-15m-1787441400,T+3m,weekend,18-24,1.302313660294149,0.09465181911747406,VOLATILITY_PROXY_PRIOR_60M,60,105.86167379998817,False
btc-updown-15m-1787441400,T+5m,weekend,18-24,4.582792381440303,0.40106639510242625,VOLATILITY_PROXY_PRIOR_60M,60,87.91561803876499,False
btc-updown-15m-1787441400,T+10m,weekend,18-24,5.6433591946136525,0.7216751575971891,VOLATILITY_PROXY_PRIOR_60M,60,60.165573863682305,False
btc-updown-15m-1787441400,T-5m,weekend,18-24,4.582792381440303,0.40106639510242625,VOLATILITY_PROXY_PRIOR_60M,60,87.91561803876499,False
btc-updown-15m-1787441400,T-3m,weekend,18-24,4.159085541861911,0.4736271189172325,VOLATILITY_PROXY_PRIOR_60M,60,67.56369878725647,False
btc-updown-15m-1787441400,T-2m,weekend,18-24,7.5383425446247125,1.0778436334429935,VOLATILITY_PROXY_PRIOR_60M,60,53.81114495683254,False
btc-updown-15m-1787441400,T-1m,weekend,18-24,12.218613493450512,2.4837609554233917,VOLATILITY_PROXY_PRIOR_60M,60,37.84985821389943,False
btc-updown-15m-1787452200,T+1m,weekend,18-24,1.5885475190324203,0.1228720808935199,VOLATILITY_PROXY_PRIOR_60M,60,99.69718027820954,False
btc-updown-15m-1787452200,T+2m,weekend,18-24,6.8352930390355855,0.5455237005988528,VOLATILITY_PROXY_PRIOR_60M,60,96.62274973961543,False
btc-updown-15m-1787452200,T+3m,weekend,18-24,10.571297449104438,0.8827771239836103,VOLATILITY_PROXY_PRIOR_60M,60,92.34493937964525,False
btc-updown-15m-1787452200,T+5m,weekend,18-24,12.03794826055366,1.1186016027055414,VOLATILITY_PROXY_PRIOR_60M,60,82.98754424763519,False
btc-updown-15m-1787452200,T+10m,weekend,18-24,9.799717225572897,1.2865495494772843,VOLATILITY_PROXY_PRIOR_60M,60,58.73850721932627,False
btc-updown-15m-1787452200,T-5m,weekend,18-24,12.03794826055366,1.1186016027055414,VOLATILITY_PROXY_PRIOR_60M,60,82.98754424763519,False
btc-updown-15m-1787452200,T-3m,weekend,18-24,9.799717225572897,1.1719898278416205,VOLATILITY_PROXY_PRIOR_60M,60,64.48008182730128,False
btc-updown-15m-1787452200,T-2m,weekend,18-24,10.57518776955906,1.551323232687066,VOLATILITY_PROXY_PRIOR_60M,60,52.56802598047162,False
btc-updown-15m-1787452200,T-1m,weekend,18-24,6.0585257215670625,1.27715410254652,VOLATILITY_PROXY_PRIOR_60M,60,36.581333377738886,False
btc-updown-15m-1787463000,T+1m,weekend,00-06,0.15742232487285712,0.0038607705418530875,VOLATILITY_PROXY_PRIOR_60M,60,310.8187826726204,False
btc-updown-15m-1787463000,T+2m,weekend,00-06,0.532612199156062,0.013555944332532611,VOLATILITY_PROXY_PRIOR_60M,60,299.4996069929794,False
btc-updown-15m-1787463000,T+3m,weekend,00-06,8.911415440531684,0.23396437035213968,VOLATILITY_PROXY_PRIOR_60M,60,290.3433539805723,False
btc-updown-15m-1787463000,T+5m,weekend,00-06,2.550241662944867,0.07332961685754653,VOLATILITY_PROXY_PRIOR_60M,60,265.104344370881,False
btc-updown-15m-1787463000,T+10m,weekend,00-06,0.20596087504149493,0.008269988760567963,VOLATILITY_PROXY_PRIOR_60M,60,189.84306332776794,False
btc-updown-15m-1787463000,T-5m,weekend,00-06,2.550241662944867,0.07332961685754653,VOLATILITY_PROXY_PRIOR_60M,60,265.104344370881,False
btc-updown-15m-1787463000,T-3m,weekend,00-06,2.1068354478884515,0.07730507561423919,VOLATILITY_PROXY_PRIOR_60M,60,207.74832535127948,False
btc-updown-15m-1787463000,T-2m,weekend,00-06,4.057560423608726,0.18250860339342276,VOLATILITY_PROXY_PRIOR_60M,60,169.4714628511711,False
btc-updown-15m-1787463000,T-1m,weekend,00-06,7.888170328857159,0.4992202939354184,VOLATILITY_PROXY_PRIOR_60M,60,120.44782780361764,False
btc-updown-15m-1787473800,T+1m,weekend,00-06,1.8560699718696103,0.11043191407685207,VOLATILITY_PROXY_PRIOR_60M,60,128.1332495074465,False
btc-updown-15m-1787473800,T+2m,weekend,00-06,5.519676637193044,0.34392781659984717,VOLATILITY_PROXY_PRIOR_60M,60,122.3512550278723,False
btc-updown-15m-1787473800,T+3m,weekend,00-06,6.570356529397919,0.4261716714861633,VOLATILITY_PROXY_PRIOR_60M,60,117.53479489924942,False
btc-updown-15m-1787473800,T+5m,weekend,00-06,8.350347308074026,0.6195972937235582,VOLATILITY_PROXY_PRIOR_60M,60,102.7441543803639,False
btc-updown-15m-1787473800,T+10m,weekend,00-06,25.663610600454266,2.4550739739349696,VOLATILITY_PROXY_PRIOR_60M,60,79.69209974003682,False
btc-updown-15m-1787473800,T-5m,weekend,00-06,8.350347308074026,0.6195972937235582,VOLATILITY_PROXY_PRIOR_60M,60,102.7441543803639,False
btc-updown-15m-1787473800,T-3m,weekend,00-06,32.43859392533724,2.8775179282235195,VOLATILITY_PROXY_PRIOR_60M,60,85.94212309657541,False
btc-updown-15m-1787473800,T-2m,weekend,00-06,33.974606601705716,3.6066218983259977,VOLATILITY_PROXY_PRIOR_60M,60,71.8151243190237,False
btc-updown-15m-1787473800,T-1m,weekend,00-06,38.732179596740764,5.798039269497665,VOLATILITY_PROXY_PRIOR_60M,60,50.927561245300346,False
btc-updown-15m-1787484600,T+1m,weekend,06-12,3.373072437475552,0.16898170694376413,VOLATILITY_PROXY_PRIOR_60M,60,154.0403424180194,False
btc-updown-15m-1787484600,T+2m,weekend,06-12,7.51457820396595,0.3907835170412541,VOLATILITY_PROXY_PRIOR_60M,60,148.3941811033022,False
btc-updown-15m-1787484600,T+3m,weekend,06-12,5.183361409874304,0.28064050366463134,VOLATILITY_PROXY_PRIOR_60M,60,142.5311010979387,False
btc-updown-15m-1787484600,T+5m,weekend,06-12,3.8888168977575175,0.2352980948921523,VOLATILITY_PROXY_PRIOR_60M,60,127.54034414834379,False
btc-updown-15m-1787484600,T+10m,weekend,06-12,28.822081119605837,2.387467608469034,VOLATILITY_PROXY_PRIOR_60M,60,93.1614733582188,False
btc-updown-15m-1787484600,T-5m,weekend,06-12,3.8888168977575175,0.2352980948921523,VOLATILITY_PROXY_PRIOR_60M,60,127.54034414834379,False
btc-updown-15m-1787484600,T-3m,weekend,06-12,16.845924582091488,1.3186778819095772,VOLATILITY_PROXY_PRIOR_60M,60,98.58359026371704,False
btc-updown-15m-1787484600,T-2m,weekend,06-12,19.22767914992933,1.7262015410624276,VOLATILITY_PROXY_PRIOR_60M,60,85.9575179782779,False
btc-updown-15m-1787484600,T-1m,weekend,06-12,19.15252040948593,2.430367905706861,VOLATILITY_PROXY_PRIOR_60M,60,60.81383795965491,False
btc-updown-15m-1787506200,T+1m,weekend,12-18,0.9682847896434854,0.05211318968516685,VOLATILITY_PROXY_PRIOR_60M,60,143.53372044937373,False
btc-updown-15m-1787506200,T+2m,weekend,12-18,11.416181229773764,0.6172682041929453,VOLATILITY_PROXY_PRIOR_60M,60,142.8714445373181,False
btc-updown-15m-1787506200,T+3m,weekend,12-18,2.37540453074509,0.13098192907791248,VOLATILITY_PROXY_PRIOR_60M,60,140.09566150984554,False
btc-updown-15m-1787506200,T+5m,weekend,12-18,1.0343042071204192,0.06343275002110632,VOLATILITY_PROXY_PRIOR_60M,60,125.96017037487233,False
btc-updown-15m-1787506200,T+10m,weekend,12-18,0.45048543689267645,0.039766394402810955,VOLATILITY_PROXY_PRIOR_60M,60,87.51107693459721,False
btc-updown-15m-1787506200,T-5m,weekend,12-18,1.0343042071204192,0.06343275002110632,VOLATILITY_PROXY_PRIOR_60M,60,125.96017037487233,False
btc-updown-15m-1787506200,T-3m,weekend,12-18,5.438187702264694,0.4415661534998082,VOLATILITY_PROXY_PRIOR_60M,60,95.13863249487714,False
btc-updown-15m-1787506200,T-2m,weekend,12-18,0.2588996763754045,0.025549605819168014,VOLATILITY_PROXY_PRIOR_60M,60,78.27909417293418,False
btc-updown-15m-1787506200,T-1m,weekend,12-18,0.3974110032371502,0.055881821750323156,VOLATILITY_PROXY_PRIOR_60M,60,54.93736431363266,False
btc-updown-15m-1787527800,T+1m,weekend,18-24,13.156080322390608,0.7005895528244208,VOLATILITY_PROXY_PRIOR_60M,60,145.84859221504198,False
btc-updown-15m-1787527800,T+2m,weekend,18-24,17.92255217143071,0.9848851484102981,VOLATILITY_PROXY_PRIOR_60M,60,141.33627684882262,False
btc-updown-15m-1787527800,T+3m,weekend,18-24,10.40847067197224,0.5854953547749243,VOLATILITY_PROXY_PRIOR_60M,60,138.07112104431215,False
btc-updown-15m-1787527800,T+5m,weekend,18-24,1.3519166508621174,0.08229157930135728,VOLATILITY_PROXY_PRIOR_60M,60,127.59507217072961,False
btc-updown-15m-1787527800,T+10m,weekend,18-24,16.074932748583194,1.3943096773640227,VOLATILITY_PROXY_PRIOR_60M,60,89.54251844254809,False
btc-updown-15m-1787527800,T-5m,weekend,18-24,1.3519166508621174,0.08229157930135728,VOLATILITY_PROXY_PRIOR_60M,60,127.59507217072961,False
btc-updown-15m-1787527800,T-3m,weekend,18-24,13.861652060171487,1.0821841788654627,VOLATILITY_PROXY_PRIOR_60M,60,99.48398997373741,False
btc-updown-15m-1787527800,T-2m,weekend,18-24,13.172818338066675,1.281827719812516,VOLATILITY_PROXY_PRIOR_60M,60,79.81571814889588,False
btc-updown-15m-1787527800,T-1m,weekend,18-24,24.675697727401612,3.374085811498839,VOLATILITY_PROXY_PRIOR_60M,60,56.80057079368093,False
btc-updown-15m-1787538600,T+1m,weekend,18-24,1.1336649023432115,0.04599093732822198,VOLATILITY_PROXY_PRIOR_60M,60,190.90717671947968,False
btc-updown-15m-1787538600,T+2m,weekend,18-24,0.3796098875706267,0.016185386273606273,VOLATILITY_PROXY_PRIOR_60M,60,181.6453404502353,False
btc-updown-15m-1787538600,T+3m,weekend,18-24,5.713516164989819,0.25541468916144083,VOLATILITY_PROXY_PRIOR_60M,60,173.2476708574531,False
btc-updown-15m-1787538600,T+5m,weekend,18-24,7.23970285584224,0.35444501853234917,VOLATILITY_PROXY_PRIOR_60M,60,158.19096635121602,False
btc-updown-15m-1787538600,T+10m,weekend,18-24,1.0639406372759979,0.07561912974938076,VOLATILITY_PROXY_PRIOR_60M,60,108.96713605803119,False
btc-updown-15m-1787538600,T-5m,weekend,18-24,7.23970285584224,0.35444501853234917,VOLATILITY_PROXY_PRIOR_60M,60,158.19096635121602,False
btc-updown-15m-1787538600,T-3m,weekend,18-24,3.0911090845149483,0.19812179395544835,VOLATILITY_PROXY_PRIOR_60M,60,120.83476291039018,False
btc-updown-15m-1787538600,T-2m,weekend,18-24,6.499850932105101,0.5118763580282258,VOLATILITY_PROXY_PRIOR_60M,60,98.34406143296661,False
btc-updown-15m-1787538600,T-1m,weekend,18-24,2.117551753805264,0.2351032153151507,VOLATILITY_PROXY_PRIOR_60M,60,69.75659596158603,False
btc-updown-15m-1787554800,T+1m,weekday,00-06,6.710185191041596,0.3984939265943292,VOLATILITY_PROXY_PRIOR_60M,60,130.44113481034827,False
btc-updown-15m-1787554800,T+2m,weekday,00-06,3.6636216953021674,0.22950264064084744,VOLATILITY_PROXY_PRIOR_60M,60,123.65870789442026,False
btc-updown-15m-1787554800,T+3m,weekday,00-06,1.2483164832121125,0.08107129630783588,VOLATILITY_PROXY_PRIOR_60M,60,119.27772763470179,False
btc-updown-15m-1787554800,T+5m,weekday,00-06,5.1055756888367725,0.36378895044289006,VOLATILITY_PROXY_PRIOR_60M,60,108.7168809054076,False
btc-updown-15m-1787554800,T+10m,weekday,00-06,11.576941283813209,1.1960624634158235,VOLATILITY_PROXY_PRIOR_60M,60,74.97936164962218,False
btc-updown-15m-1787554800,T-5m,weekday,00-06,5.1055756888367725,0.36378895044289006,VOLATILITY_PROXY_PRIOR_60M,60,108.7168809054076,False
btc-updown-15m-1787554800,T-3m,weekday,00-06,5.895616730951943,0.5582630967571088,VOLATILITY_PROXY_PRIOR_60M,60,81.80730602701566,False
btc-updown-15m-1787554800,T-2m,weekday,00-06,17.395103010637282,1.9962434165719416,VOLATILITY_PROXY_PRIOR_60M,60,67.50178804917492,False
btc-updown-15m-1787554800,T-1m,weekday,00-06,41.10666160799338,6.624972514873759,VOLATILITY_PROXY_PRIOR_60M,60,48.065105067996015,False
btc-updown-15m-1787598000,T+1m,weekday,12-18,8.862468301946903,0.42561523599057466,VOLATILITY_PROXY_PRIOR_60M,60,164.35031945507268,False
btc-updown-15m-1787598000,T+2m,weekday,12-18,5.431508450385108,0.2702420477200935,VOLATILITY_PROXY_PRIOR_60M,60,158.63556527072524,False
btc-updown-15m-1787598000,T+3m,weekday,12-18,2.237472340418739,0.11614690696581466,VOLATILITY_PROXY_PRIOR_60M,60,152.04881870153272,False
btc-updown-15m-1787598000,T+5m,weekday,12-18,4.3393786896596716,0.24564431747885274,VOLATILITY_PROXY_PRIOR_60M,60,139.42923797921173,False
btc-updown-15m-1787598000,T+10m,weekday,12-18,2.578287776192689,0.2020664235931054,VOLATILITY_PROXY_PRIOR_60M,60,100.7094579997316,False
btc-updown-15m-1787598000,T-5m,weekday,12-18,4.3393786896596716,0.24564431747885274,VOLATILITY_PROXY_PRIOR_60M,60,139.42923797921173,False
btc-updown-15m-1787598000,T-3m,weekday,12-18,2.3248934001541675,0.16626156109777449,VOLATILITY_PROXY_PRIOR_60M,60,110.36826479221267,False
btc-updown-15m-1787598000,T-2m,weekday,12-18,2.7417271487367234,0.24169155923540867,VOLATILITY_PROXY_PRIOR_60M,60,89.53560508466893,False
btc-updown-15m-1787598000,T-1m,weekday,12-18,20.22213817975424,2.4458549631588915,VOLATILITY_PROXY_PRIOR_60M,60,65.25734452948089,False
btc-updown-15m-1787662800,T+1m,weekday,06-12,2.7842491770075006,0.09356660639010157,VOLATILITY_PROXY_PRIOR_60M,60,235.0197452745445,False
btc-updown-15m-1787662800,T+2m,weekday,06-12,1.737148645226787,0.06071345683429865,VOLATILITY_PROXY_PRIOR_60M,60,225.97955569300365,False
btc-updown-15m-1787662800,T+3m,weekday,06-12,2.025829323879463,0.07600610244105474,VOLATILITY_PROXY_PRIOR_60M,60,210.50941287784798,False
btc-updown-15m-1787662800,T+5m,weekday,06-12,10.129146619397314,0.4186286694884032,VOLATILITY_PROXY_PRIOR_60M,60,191.10014633676718,False
btc-updown-15m-1787662800,T+10m,weekday,06-12,14.687262598126107,0.8732953758265469,VOLATILITY_PROXY_PRIOR_60M,60,132.83020065256798,False
btc-updown-15m-1787662800,T-5m,weekday,06-12,10.129146619397314,0.4186286694884032,VOLATILITY_PROXY_PRIOR_60M,60,191.10014633676718,False
btc-updown-15m-1787662800,T-3m,weekday,06-12,19.751835907824766,1.0743120484551438,VOLATILITY_PROXY_PRIOR_60M,60,145.2092064166341,False
btc-updown-15m-1787662800,T-2m,weekday,06-12,11.37756394023811,0.7551814844023814,VOLATILITY_PROXY_PRIOR_60M,60,118.99126482306697,False
btc-updown-15m-1787662800,T-1m,weekday,06-12,32.657634844263484,3.248504350285375,VOLATILITY_PROXY_PRIOR_60M,60,79.39961661967125,False
btc-updown-15m-1787684400,T+1m,weekday,12-18,3.811545849762852,0.2960446285511907,VOLATILITY_PROXY_PRIOR_60M,60,101.87653174997014,False
btc-updown-15m-1787684400,T+2m,weekday,12-18,5.860125366494205,0.4712792488853171,VOLATILITY_PROXY_PRIOR_60M,60,98.39177114135828,False
btc-updown-15m-1787684400,T+3m,weekday,12-18,7.583914669901269,0.6417757101246917,VOLATILITY_PROXY_PRIOR_60M,60,93.50618768095059,False
btc-updown-15m-1787684400,T+5m,weekday,12-18,12.904408047720224,1.0708071597573805,VOLATILITY_PROXY_PRIOR_60M,60,95.35797278674929,False
btc-updown-15m-1787684400,T+10m,weekday,12-18,6.1179354969168305,0.6535504272400215,VOLATILITY_PROXY_PRIOR_60M,60,74.07232553491168,False
btc-updown-15m-1787684400,T-5m,weekday,12-18,12.904408047720224,1.0708071597573805,VOLATILITY_PROXY_PRIOR_60M,60,95.35797278674929,False
btc-updown-15m-1787684400,T-3m,weekday,12-18,7.836669699726362,0.7528756475324166,VOLATILITY_PROXY_PRIOR_60M,60,82.36419945742074,False
btc-updown-15m-1787684400,T-2m,weekday,12-18,4.083257506824092,0.4883745400089074,VOLATILITY_PROXY_PRIOR_60M,60,66.15823994307397,False
btc-updown-15m-1787684400,T-1m,weekday,12-18,7.583914669901269,1.3305965034748828,VOLATILITY_PROXY_PRIOR_60M,60,45.10007342066306,False
btc-updown-15m-1787706000,T+1m,weekday,18-24,2.061507184308841,0.07765792339908135,VOLATILITY_PROXY_PRIOR_60M,60,208.7359446466754,False
btc-updown-15m-1787706000,T+2m,weekday,18-24,9.424941235599569,0.36601036751773147,VOLATILITY_PROXY_PRIOR_60M,60,202.48060322064595,False
btc-updown-15m-1787706000,T+3m,weekday,18-24,12.262216083344002,0.4959048674606593,VOLATILITY_PROXY_PRIOR_60M,60,194.43245333271892,False
btc-updown-15m-1787706000,T+5m,weekday,18-24,22.638426519351693,1.010139053254659,VOLATILITY_PROXY_PRIOR_60M,60,176.22326295222692,False
btc-updown-15m-1787706000,T+10m,weekday,18-24,22.646057020958953,1.5115583714507452,VOLATILITY_PROXY_PRIOR_60M,60,117.80557295256888,False
btc-updown-15m-1787706000,T-5m,weekday,18-24,22.638426519351693,1.010139053254659,VOLATILITY_PROXY_PRIOR_60M,60,176.22326295222692,False
btc-updown-15m-1787706000,T-3m,weekday,18-24,25.793638934075773,1.5664342936918938,VOLATILITY_PROXY_PRIOR_60M,60,129.47877917176154,False
btc-updown-15m-1787706000,T-2m,weekday,18-24,21.899539613686994,1.6556843390910672,VOLATILITY_PROXY_PRIOR_60M,60,104.00533237787675,False
btc-updown-15m-1787706000,T-1m,weekday,18-24,18.849882471199138,2.1841545251970134,VOLATILITY_PROXY_PRIOR_60M,60,67.86149894162435,False
btc-updown-15m-1787727600,T+1m,weekday,00-06,4.670167371096711,0.24910000671603563,VOLATILITY_PROXY_PRIOR_60M,60,148.0128422558644,False
btc-updown-15m-1787727600,T+2m,weekday,00-06,7.58728032353407,0.42081581910174715,VOLATILITY_PROXY_PRIOR_60M,60,142.3425576725081,False
btc-updown-15m-1787727600,T+3m,weekday,00-06,0.8549940264417353,0.048478167577369315,VOLATILITY_PROXY_PRIOR_60M,60,139.23793611273067,False
btc-updown-15m-1787727600,T+5m,weekday,00-06,9.128802886764717,0.5708754128327262,VOLATILITY_PROXY_PRIOR_60M,60,126.2447083548235,False
btc-updown-15m-1787727600,T+10m,weekday,00-06,2.471249400870189,0.2155215757206655,VOLATILITY_PROXY_PRIOR_60M,60,90.52457942902849,False
btc-updown-15m-1787727600,T-5m,weekday,00-06,9.128802886764717,0.5708754128327262,VOLATILITY_PROXY_PRIOR_60M,60,126.2447083548235,False
btc-updown-15m-1787727600,T-3m,weekday,00-06,6.614487120116802,0.5390318411574146,VOLATILITY_PROXY_PRIOR_60M,60,96.87739389916902,False
btc-updown-15m-1787727600,T-2m,weekday,00-06,6.435888367926308,0.615999158519935,VOLATILITY_PROXY_PRIOR_60M,60,82.48387890996341,False
btc-updown-15m-1787727600,T-1m,weekday,00-06,2.3914499584035473,0.34207145613880435,VOLATILITY_PROXY_PRIOR_60M,60,55.19314652299901,False
btc-updown-15m-1787770800,T+1m,weekday,12-18,4.096981346691681,0.2859466265861147,VOLATILITY_PROXY_PRIOR_60M,60,112.43356980227216,False
btc-updown-15m-1787770800,T+2m,weekday,12-18,0.8155732696381736,0.05846008669674521,VOLATILITY_PROXY_PRIOR_60M,60,109.47640281835322,False
btc-updown-15m-1787770800,T+3m,weekday,12-18,3.2597444120808503,0.24740391786830887,VOLATILITY_PROXY_PRIOR_60M,60,103.39367387713632,False
btc-updown-15m-1787770800,T+5m,weekday,12-18,2.746188118856412,0.22592336059036197,VOLATILITY_PROXY_PRIOR_60M,60,95.38632899090403,False
btc-updown-15m-1787770800,T+10m,weekday,12-18,9.210880613963408,1.0829055630181221,VOLATILITY_PROXY_PRIOR_60M,60,66.74635579352847,False
btc-updown-15m-1787770800,T-5m,weekday,12-18,2.746188118856412,0.22592336059036197,VOLATILITY_PROXY_PRIOR_60M,60,95.38632899090403,False
btc-updown-15m-1787770800,T-3m,weekday,12-18,7.904689049310303,0.8462212766488133,VOLATILITY_PROXY_PRIOR_60M,60,73.30234031180197,False
btc-updown-15m-1787770800,T-2m,weekday,12-18,2.89910810691299,0.3717005362070249,VOLATILITY_PROXY_PRIOR_60M,60,61.20518477629798,False
btc-updown-15m-1787770800,T-1m,weekday,12-18,8.57753699676073,1.6528616965241054,VOLATILITY_PROXY_PRIOR_60M,60,40.723310450927386,False
btc-updown-15m-1787814000,T+1m,weekday,00-06,5.2665975534122325,0.34562983756265664,VOLATILITY_PROXY_PRIOR_60M,60,120.09958484120827,False
btc-updown-15m-1787814000,T+2m,weekday,00-06,2.8952964627529982,0.19681480008669577,VOLATILITY_PROXY_PRIOR_60M,60,115.94656494305768,False
btc-updown-15m-1787814000,T+3m,weekday,00-06,5.479748213245857,0.3867785282172292,VOLATILITY_PROXY_PRIOR_60M,60,111.66597121892252,False
btc-updown-15m-1787814000,T+5m,weekday,00-06,3.7009552067692404,0.2875788614676291,VOLATILITY_PROXY_PRIOR_60M,60,101.43304640380089,False
btc-updown-15m-1787814000,T+10m,weekday,00-06,4.122181510728804,0.4589991003996433,VOLATILITY_PROXY_PRIOR_60M,60,70.78445245691485,False
btc-updown-15m-1787814000,T-5m,weekday,00-06,3.7009552067692404,0.2875788614676291,VOLATILITY_PROXY_PRIOR_60M,60,101.43304640380089,False
btc-updown-15m-1787814000,T-3m,weekday,00-06,3.4560856987459556,0.3513440741498784,VOLATILITY_PROXY_PRIOR_60M,60,77.53083659064374,False
btc-updown-15m-1787814000,T-2m,weekday,00-06,3.733942808887668,0.4666426055323784,VOLATILITY_PROXY_PRIOR_60M,60,63.067537449632944,False
btc-updown-15m-1787814000,T-1m,weekday,00-06,2.8343962742293694,0.5068792037403378,VOLATILITY_PROXY_PRIOR_60M,60,44.0736172152277,False
btc-updown-15m-1787835600,T+1m,weekday,06-12,1.895757073677449,0.1350011733354107,VOLATILITY_PROXY_PRIOR_60M,60,111.33236570216148,False
btc-updown-15m-1787835600,T+2m,weekday,06-12,4.396945548130546,0.3234020567083334,VOLATILITY_PROXY_PRIOR_60M,60,107.79152227668041,False
btc-updown-15m-1787835600,T+3m,weekday,06-12,3.763765208152551,0.28821366038415636,VOLATILITY_PROXY_PRIOR_60M,60,103.53430146309911,False
btc-updown-15m-1787835600,T+5m,weekday,06-12,0.047929985895297025,0.0040744604891136725,VOLATILITY_PROXY_PRIOR_60M,60,93.26388144392558,False
btc-updown-15m-1787835600,T+10m,weekday,06-12,0.2043330977610697,0.024372016009031054,VOLATILITY_PROXY_PRIOR_60M,60,66.46967568850489,False
btc-updown-15m-1787835600,T-5m,weekday,06-12,0.047929985895297025,0.0040744604891136725,VOLATILITY_PROXY_PRIOR_60M,60,93.26388144392558,False
btc-updown-15m-1787835600,T-3m,weekday,06-12,8.875876598448675,0.965274222424985,VOLATILITY_PROXY_PRIOR_60M,60,72.90156347821052,False
btc-updown-15m-1787835600,T-2m,weekday,06-12,2.9275130858329432,0.3907394643109492,VOLATILITY_PROXY_PRIOR_60M,60,59.4001940421763,False
btc-updown-15m-1787835600,T-1m,weekday,06-12,7.116341589945885,1.3959841410159777,VOLATILITY_PROXY_PRIOR_60M,60,40.415931916630925,False
btc-updown-15m-1787878800,T+1m,weekday,18-24,9.13671564733858,0.4526661756965233,VOLATILITY_PROXY_PRIOR_60M,60,162.63640614789762,False
btc-updown-15m-1787878800,T+2m,weekday,18-24,21.34506552819763,1.0852336703709082,VOLATILITY_PROXY_PRIOR_60M,60,158.4819976523793,False
btc-updown-15m-1787878800,T+3m,weekday,18-24,16.533459094519603,0.8696179640740302,VOLATILITY_PROXY_PRIOR_60M,60,153.1937074711352,False
btc-updown-15m-1787878800,T+5m,weekday,18-24,26.06359213661571,1.4764895271922123,VOLATILITY_PROXY_PRIOR_60M,60,142.23602411820917,False
btc-updown-15m-1787878800,T+10m,weekday,18-24,27.015488482922088,2.126169135281554,VOLATILITY_PROXY_PRIOR_60M,60,102.38131877084517,False
btc-updown-15m-1787878800,T-5m,weekday,18-24,26.06359213661571,1.4764895271922123,VOLATILITY_PROXY_PRIOR_60M,60,142.23602411820917,False
btc-updown-15m-1787878800,T-3m,weekday,18-24,21.593278395552677,1.559348530610498,VOLATILITY_PROXY_PRIOR_60M,60,111.57864748292462,False
btc-updown-15m-1787878800,T-2m,weekday,18-24,28.530828038125424,2.513232093119392,VOLATILITY_PROXY_PRIOR_60M,60,91.4718543621106,False
btc-updown-15m-1787878800,T-1m,weekday,18-24,21.098093725178714,2.575366365790031,VOLATILITY_PROXY_PRIOR_60M,60,66.01002570282851,False
btc-updown-15m-1787900400,T+1m,weekday,00-06,2.5292784948385574,0.2645790382161723,VOLATILITY_PROXY_PRIOR_60M,60,76.38549197345701,False
btc-updown-15m-1787900400,T+2m,weekday,00-06,3.0824408375985013,0.34898700804295063,VOLATILITY_PROXY_PRIOR_60M,60,70.57569317014055,False
btc-updown-15m-1787900400,T+3m,weekday,00-06,6.087288767387777,0.7097229126350076,VOLATILITY_PROXY_PRIOR_60M,60,68.53378851672177,False
btc-updown-15m-1787900400,T+5m,weekday,00-06,16.763822582065654,1.8374512521139368,VOLATILITY_PROXY_PRIOR_60M,60,72.89989317861134,False
btc-updown-15m-1787900400,T+10m,weekday,00-06,26.784571175912266,4.313224954931037,VOLATILITY_PROXY_PRIOR_60M,60,49.61948477909286,False
btc-updown-15m-1787900400,T-5m,weekday,00-06,16.763822582065654,1.8374512521139368,VOLATILITY_PROXY_PRIOR_60M,60,72.89989317861134,False
btc-updown-15m-1787900400,T-3m,weekday,00-06,27.8095484580858,4.083041067409904,VOLATILITY_PROXY_PRIOR_60M,60,54.422670830731164,False
btc-updown-15m-1787900400,T-2m,weekday,00-06,24.804700528296525,4.469102333350399,VOLATILITY_PROXY_PRIOR_60M,60,44.348950911451816,False
btc-updown-15m-1787900400,T-1m,weekday,00-06,26.306498743934974,6.757134261329496,VOLATILITY_PROXY_PRIOR_60M,60,31.107861982700026,False
btc-updown-15m-1787922000,T+1m,weekday,06-12,3.895692640679307,0.3080151739707221,VOLATILITY_PROXY_PRIOR_60M,60,100.44959669078928,False
btc-updown-15m-1787922000,T+2m,weekday,06-12,3.140225418828173,0.25116244719309355,VOLATILITY_PROXY_PRIOR_60M,60,99.29828395416322,False
btc-updown-15m-1787922000,T+3m,weekday,06-12,7.127833238165522,0.5873739990789634,VOLATILITY_PROXY_PRIOR_60M,60,96.37811698980268,False
btc-updown-15m-1787922000,T+5m,weekday,06-12,4.361564094153807,0.37780172542526963,VOLATILITY_PROXY_PRIOR_60M,60,91.68830544912723,False
btc-updown-15m-1787922000,T+10m,weekday,06-12,14.026508085703819,1.7237505996341398,VOLATILITY_PROXY_PRIOR_60M,60,64.62651849035063,False
btc-updown-15m-1787922000,T-5m,weekday,06-12,4.361564094153807,0.37780172542526963,VOLATILITY_PROXY_PRIOR_60M,60,91.68830544912723,False
btc-updown-15m-1787922000,T-3m,weekday,06-12,10.542545080932062,1.1888459194403154,VOLATILITY_PROXY_PRIOR_60M,60,70.42964830918906,False
btc-updown-15m-1787922000,T-2m,weekday,06-12,10.628164699409476,1.4496065733719978,VOLATILITY_PROXY_PRIOR_60M,60,58.229592463597506,False
btc-updown-15m-1787922000,T-1m,weekday,06-12,7.18449327980399,1.3840468396758079,VOLATILITY_PROXY_PRIOR_60M,60,41.226928427771355,False
btc-updown-15m-1787981400,T+1m,weekend,00-06,0.0,0.0,VOLATILITY_PROXY_PRIOR_60M,60,57.42839661699181,False
btc-updown-15m-1787981400,T+2m,weekend,00-06,0.0038629920339742227,0.0005436577167325802,VOLATILITY_PROXY_PRIOR_60M,60,55.18177904130173,False
btc-updown-15m-1787981400,T+3m,weekend,00-06,0.7043522142221157,0.10303764923210723,VOLATILITY_PROXY_PRIOR_60M,60,53.087391266848456,False
btc-updown-15m-1787981400,T+5m,weekend,00-06,0.9541590324272352,0.1538844234918046,VOLATILITY_PROXY_PRIOR_60M,60,48.153021805898206,False
btc-updown-15m-1787981400,T+10m,weekend,00-06,5.808652355311387,1.3324907827046495,VOLATILITY_PROXY_PRIOR_60M,60,33.853892713942585,False
btc-updown-15m-1787981400,T-5m,weekend,00-06,0.9541590324272352,0.1538844234918046,VOLATILITY_PROXY_PRIOR_60M,60,48.153021805898206,False
btc-updown-15m-1787981400,T-3m,weekend,00-06,3.9389642107966583,0.8303933383920553,VOLATILITY_PROXY_PRIOR_60M,60,36.83796411378307,False
btc-updown-15m-1787981400,T-2m,weekend,00-06,6.952097997412728,1.7791457505856052,VOLATILITY_PROXY_PRIOR_60M,60,30.34602419854273,False
btc-updown-15m-1787981400,T-1m,weekend,00-06,1.6533605906065503,0.6036744474521724,VOLATILITY_PROXY_PRIOR_60M,60,21.26974241530795,False
btc-updown-15m-1788003000,T+1m,weekend,06-12,2.6036032685190036,0.3538049427794291,VOLATILITY_PROXY_PRIOR_60M,60,57.17839847310391,False
btc-updown-15m-1788003000,T+2m,weekend,06-12,2.894465521946611,0.4081064757136368,VOLATILITY_PROXY_PRIOR_60M,60,55.1081674473885,False
btc-updown-15m-1788003000,T+3m,weekend,06-12,2.5752892438488444,0.3778426859438784,VOLATILITY_PROXY_PRIOR_60M,60,52.95854794703339,False
btc-updown-15m-1788003000,T+5m,weekend,06-12,2.5752892438488444,0.4166517171904467,VOLATILITY_PROXY_PRIOR_60M,60,48.025723102560555,False
btc-updown-15m-1788003000,T+10m,weekend,06-12,1.3976832178014629,0.3380975223616369,VOLATILITY_PROXY_PRIOR_60M,60,32.12090974267618,False
btc-updown-15m-1788003000,T-5m,weekend,06-12,2.5752892438488444,0.4166517171904467,VOLATILITY_PROXY_PRIOR_60M,60,48.025723102560555,False
btc-updown-15m-1788003000,T-3m,weekend,06-12,3.6692401970083095,0.8158968572360157,VOLATILITY_PROXY_PRIOR_60M,60,34.943142318965485,False
btc-updown-15m-1788003000,T-2m,weekend,06-12,4.119690589485737,1.0959176519222307,VOLATILITY_PROXY_PRIOR_60M,60,29.20839895575136,False
btc-updown-15m-1788003000,T-1m,weekend,06-12,6.629342776145687,2.4578517879438118,VOLATILITY_PROXY_PRIOR_60M,60,20.95732552005789,False
btc-updown-15m-1788013800,T+1m,weekend,06-12,0.635823478927771,0.08711181020136616,VOLATILITY_PROXY_PRIOR_60M,60,56.708728570593465,False
btc-updown-15m-1788013800,T+2m,weekend,06-12,0.635823478927771,0.09118226652221562,VOLATILITY_PROXY_PRIOR_60M,60,54.177201208293596,False
btc-updown-15m-1788013800,T+3m,weekend,06-12,0.25227004426976973,0.037639036882880506,VOLATILITY_PROXY_PRIOR_60M,60,52.07359598734378,False
btc-updown-15m-1788013800,T+5m,weekend,06-12,0.25227004426976973,0.04163794302571695,VOLATILITY_PROXY_PRIOR_60M,60,47.072450211608455,False
btc-updown-15m-1788013800,T+10m,weekend,06-12,6.882081258755594,1.7902846739191292,VOLATILITY_PROXY_PRIOR_60M,60,29.866758498775216,False
btc-updown-15m-1788013800,T-5m,weekend,06-12,0.25227004426976973,0.04163794302571695,VOLATILITY_PROXY_PRIOR_60M,60,47.072450211608455,False
btc-updown-15m-1788013800,T-3m,weekend,06-12,5.094310383795633,1.14783090736055,VOLATILITY_PROXY_PRIOR_60M,60,34.482430945352746,False
btc-updown-15m-1788013800,T-2m,weekend,06-12,15.509459354404918,3.8075107396171997,VOLATILITY_PROXY_PRIOR_60M,60,31.647973765693134,False
btc-updown-15m-1788013800,T-1m,weekend,06-12,30.249237655369967,8.738777702518217,VOLATILITY_PROXY_PRIOR_60M,60,26.893921324061694,False
btc-updown-15m-1788024600,T+1m,weekend,12-18,2.4169526727318202,0.2213693293565822,VOLATILITY_PROXY_PRIOR_60M,60,85.15181418663309,False
btc-updown-15m-1788024600,T+2m,weekend,12-18,1.9258689201285641,0.1907855360676929,VOLATILITY_PROXY_PRIOR_60M,60,78.72714205473235,False
btc-updown-15m-1788024600,T+3m,weekend,12-18,0.1602753761759244,0.019476008901343256,VOLATILITY_PROXY_PRIOR_60M,60,64.18152745420997,False
btc-updown-15m-1788024600,T+5m,weekend,12-18,5.867360971049434,0.7716471457961066,VOLATILITY_PROXY_PRIOR_60M,60,59.30171613969858,False
btc-updown-15m-1788024600,T+10m,weekend,12-18,5.540399203650176,1.0046575157056217,VOLATILITY_PROXY_PRIOR_60M,60,43.009681731846534,False
btc-updown-15m-1788024600,T-5m,weekend,12-18,5.867360971049434,0.7716471457961066,VOLATILITY_PROXY_PRIOR_60M,60,59.30171613969858,False
btc-updown-15m-1788024600,T-3m,weekend,12-18,7.02134367951609,1.1554448156645747,VOLATILITY_PROXY_PRIOR_60M,60,47.39300333310434,False
btc-updown-15m-1788024600,T-2m,weekend,12-18,1.6591706941734679,0.31748311705266036,VOLATILITY_PROXY_PRIOR_60M,60,40.758072807556545,False
btc-updown-15m-1788024600,T-1m,weekend,12-18,0.8590760163025816,0.233020504806064,VOLATILITY_PROXY_PRIOR_60M,60,28.752834457951668,False
btc-updown-15m-1788035400,T+1m,weekend,12-18,2.856155783152895,0.3359217121380639,VOLATILITY_PROXY_PRIOR_60M,60,66.47382170648176,False
btc-updown-15m-1788035400,T+2m,weekend,12-18,6.084519955421002,0.7512073155428642,VOLATILITY_PROXY_PRIOR_60M,60,63.324729426544124,False
btc-updown-15m-1788035400,T+3m,weekend,12-18,7.5157955135708026,0.9635784849512726,VOLATILITY_PROXY_PRIOR_60M,60,60.98102118061115,False
btc-updown-15m-1788035400,T+5m,weekend,12-18,7.568237245371186,1.0647370958425966,VOLATILITY_PROXY_PRIOR_60M,60,55.57240395871916,False
btc-updown-15m-1788035400,T+10m,weekend,12-18,4.997313320544257,0.9754874768316878,VOLATILITY_PROXY_PRIOR_60M,60,40.051769938542876,False
btc-updown-15m-1788035400,T-5m,weekend,12-18,7.568237245371186,1.0647370958425966,VOLATILITY_PROXY_PRIOR_60M,60,55.57240395871916,False
btc-updown-15m-1788035400,T-3m,weekend,12-18,4.998592387174715,0.8887105872137407,VOLATILITY_PROXY_PRIOR_60M,60,43.97382068162844,False
btc-updown-15m-1788035400,T-2m,weekend,12-18,6.578239674318046,1.4386612006518045,VOLATILITY_PROXY_PRIOR_60M,60,35.74851394942185,False
btc-updown-15m-1788035400,T-1m,weekend,12-18,5.675218634056012,1.7819241282785359,VOLATILITY_PROXY_PRIOR_60M,60,24.900050061536508,False
btc-updown-15m-1788046200,T+1m,weekend,18-24,1.704543349132652,0.25822220566584064,VOLATILITY_PROXY_PRIOR_60M,60,51.660932744390095,False
btc-updown-15m-1788046200,T+2m,weekend,18-24,0.5852180314110982,0.09208656957270292,VOLATILITY_PROXY_PRIOR_60M,60,49.73580861198014,False
btc-updown-15m-1788046200,T+3m,weekend,18-24,0.5839402627842329,0.09592337042700064,VOLATILITY_PROXY_PRIOR_60M,60,47.64219584511821,False
btc-updown-15m-1788046200,T+5m,weekend,18-24,3.50364157669982,0.6052502529273422,VOLATILITY_PROXY_PRIOR_60M,60,45.303574624511405,False
btc-updown-15m-1788046200,T+10m,weekend,18-24,0.3948305059077642,0.09539548744088248,VOLATILITY_PROXY_PRIOR_60M,60,32.39146927061315,False
btc-updown-15m-1788046200,T-5m,weekend,18-24,3.50364157669982,0.6052502529273422,VOLATILITY_PROXY_PRIOR_60M,60,45.303574624511405,False
btc-updown-15m-1788046200,T-3m,weekend,18-24,0.7002172078903335,0.15285420570160685,VOLATILITY_PROXY_PRIOR_60M,60,35.851156171052416,False
btc-updown-15m-1788046200,T-2m,weekend,18-24,0.26194256864311816,0.07101859926702883,VOLATILITY_PROXY_PRIOR_60M,60,28.865677740001466,False
btc-updown-15m-1788046200,T-1m,weekend,18-24,1.933263933458679,0.7267302077589483,VOLATILITY_PROXY_PRIOR_60M,60,20.819280440601457,False
btc-updown-15m-1788067800,T+1m,weekend,00-06,0.0,0.0,VOLATILITY_PROXY_PRIOR_60M,60,52.902223742638185,False
btc-updown-15m-1788067800,T+2m,weekend,00-06,0.0,0.0,VOLATILITY_PROXY_PRIOR_60M,60,50.59600508819319,False
btc-updown-15m-1788067800,T+3m,weekend,00-06,0.39928333759858503,0.06436377236551724,VOLATILITY_PROXY_PRIOR_60M,60,48.47447384340817,False
btc-updown-15m-1788067800,T+5m,weekend,00-06,0.3980035833120786,0.07109188384594015,VOLATILITY_PROXY_PRIOR_60M,60,43.7462032478998,False
btc-updown-15m-1788067800,T+10m,weekend,00-06,2.302277962631845,0.6304693008506779,VOLATILITY_PROXY_PRIOR_60M,60,28.53429972836384,False
btc-updown-15m-1788067800,T-5m,weekend,00-06,0.3980035833120786,0.07109188384594015,VOLATILITY_PROXY_PRIOR_60M,60,43.7462032478998,False
btc-updown-15m-1788067800,T-3m,weekend,00-06,2.302277962631845,0.5325686462745265,VOLATILITY_PROXY_PRIOR_60M,60,33.7796829119599,False
btc-updown-15m-1788067800,T-2m,weekend,00-06,0.9751727668281729,0.30234106897427276,VOLATILITY_PROXY_PRIOR_60M,60,25.203324265033128,False
btc-updown-15m-1788067800,T-1m,weekend,00-06,2.275403122600312,1.0088767850207865,VOLATILITY_PROXY_PRIOR_60M,60,17.62355945144729,False
btc-updown-15m-1788089400,T+1m,weekend,06-12,4.601125031961805,0.8382063549695024,VOLATILITY_PROXY_PRIOR_60M,60,42.936920946292176,False
btc-updown-15m-1788089400,T+2m,weekend,06-12,2.381743799540355,0.4634137097468395,VOLATILITY_PROXY_PRIOR_60M,60,40.201659139912216,False
btc-updown-15m-1788089400,T+3m,weekend,06-12,2.095372027614346,0.42434913479554015,VOLATILITY_PROXY_PRIOR_60M,60,38.6238562920517,False
btc-updown-15m-1788089400,T+5m,weekend,06-12,0.6775760675022898,0.13751944353675258,VOLATILITY_PROXY_PRIOR_60M,60,38.54000469821903,False
btc-updown-15m-1788089400,T+10m,weekend,06-12,6.234978266428544,1.6428311872428927,VOLATILITY_PROXY_PRIOR_60M,60,29.686555976486602,False
btc-updown-15m-1788089400,T-5m,weekend,06-12,0.6775760675022898,0.13751944353675258,VOLATILITY_PROXY_PRIOR_60M,60,38.54000469821903,False
btc-updown-15m-1788089400,T-3m,weekend,06-12,8.54257223216658,2.083077324834012,VOLATILITY_PROXY_PRIOR_60M,60,32.077541819208015,False
btc-updown-15m-1788089400,T-2m,weekend,06-12,5.434671439528862,1.599353300323863,VOLATILITY_PROXY_PRIOR_60M,60,26.57949309348138,False
btc-updown-15m-1788089400,T-1m,weekend,06-12,0.5062643825116854,0.21092344339315652,VOLATILITY_PROXY_PRIOR_60M,60,18.7745844478039,False
btc-updown-15m-1788100200,T+1m,weekend,06-12,3.0671213968934117,0.21469652022956048,VOLATILITY_PROXY_PRIOR_60M,60,112.67066636262942,False
btc-updown-15m-1788100200,T+2m,weekend,06-12,5.230209079034355,0.3689713265176951,VOLATILITY_PROXY_PRIOR_60M,60,111.7973051979738,False
btc-updown-15m-1788100200,T+3m,weekend,06-12,7.127031571696448,0.5233931024233924,VOLATILITY_PROXY_PRIOR_60M,60,107.39537785219312,False
btc-updown-15m-1788100200,T+5m,weekend,06-12,4.104287706385305,0.32333973704442004,VOLATILITY_PROXY_PRIOR_60M,60,100.11141932599192,False
btc-updown-15m-1788100200,T+10m,weekend,06-12,17.255252207656802,1.830885460655299,VOLATILITY_PROXY_PRIOR_60M,60,74.33015495753764,False
btc-updown-15m-1788100200,T-5m,weekend,06-12,4.104287706385305,0.32333973704442004,VOLATILITY_PROXY_PRIOR_60M,60,100.11141932599192,False
btc-updown-15m-1788100200,T-3m,weekend,06-12,18.232825831882554,1.7645855699204427,VOLATILITY_PROXY_PRIOR_60M,60,81.49222256560004,False
btc-updown-15m-1788100200,T-2m,weekend,06-12,15.647517634997527,1.8540404939317927,VOLATILITY_PROXY_PRIOR_60M,60,66.56273172237604,False
btc-updown-15m-1788100200,T-1m,weekend,06-12,11.420240769664506,1.9519623164906483,VOLATILITY_PROXY_PRIOR_60M,60,46.14330883289801,False
btc-updown-15m-1788111000,T+1m,weekend,12-18,5.966510017275171,0.3163174729818047,VOLATILITY_PROXY_PRIOR_60M,60,148.90103779597584,False
btc-updown-15m-1788111000,T+2m,weekend,12-18,1.892561776180923,0.10198336774251258,VOLATILITY_PROXY_PRIOR_60M,60,146.4944758220067,False
btc-updown-15m-1788111000,T+3m,weekend,12-18,2.5702863747470124,0.14696857774551553,VOLATILITY_PROXY_PRIOR_60M,60,138.05672145199256,False
btc-updown-15m-1788111000,T+5m,weekend,12-18,7.230751417964763,0.4580916711116972,VOLATILITY_PROXY_PRIOR_60M,60,124.60388083782436,False
btc-updown-15m-1788111000,T+10m,weekend,12-18,9.565417651902065,0.8764489928530448,VOLATILITY_PROXY_PRIOR_60M,60,86.15447175563149,False
btc-updown-15m-1788111000,T-5m,weekend,12-18,7.230751417964763,0.4580916711116972,VOLATILITY_PROXY_PRIOR_60M,60,124.60388083782436,False
btc-updown-15m-1788111000,T-3m,weekend,12-18,8.742013934018926,0.7314200249897745,VOLATILITY_PROXY_PRIOR_60M,60,94.3507118238581,False
btc-updown-15m-1788111000,T-2m,weekend,12-18,9.486877604964267,1.0148809256305433,VOLATILITY_PROXY_PRIOR_60M,60,73.79190810337718,False
btc-updown-15m-1788111000,T-1m,weekend,12-18,13.631765243293072,2.0638247772815332,VOLATILITY_PROXY_PRIOR_60M,60,52.14105440760543,False
btc-updown-15m-1788121800,T+1m,weekend,12-18,6.340529159585657,0.6333429672807912,VOLATILITY_PROXY_PRIOR_60M,60,78.93037829824402,False
btc-updown-15m-1788121800,T+2m,weekend,12-18,10.030186956191084,1.0287593331375597,VOLATILITY_PROXY_PRIOR_60M,60,76.86929046740188,False
btc-updown-15m-1788121800,T+3m,weekend,12-18,9.994672890084335,1.1187318276850615,VOLATILITY_PROXY_PRIOR_60M,60,70.43689832536542,False
btc-updown-15m-1788121800,T+5m,weekend,12-18,4.312422312980392,0.5231649388223385,VOLATILITY_PROXY_PRIOR_60M,60,64.98906458933413,False
btc-updown-15m-1788121800,T+10m,weekend,12-18,17.02392126024215,2.2394086848588404,VOLATILITY_PROXY_PRIOR_60M,60,59.93546461951925,False
btc-updown-15m-1788121800,T-5m,weekend,12-18,4.312422312980392,0.5231649388223385,VOLATILITY_PROXY_PRIOR_60M,60,64.98906458933413,False
btc-updown-15m-1788121800,T-3m,weekend,12-18,9.638263869511839,1.1988002809172664,VOLATILITY_PROXY_PRIOR_60M,60,63.38837353446498,False
btc-updown-15m-1788121800,T-2m,weekend,12-18,16.235001648867357,2.403816482430971,VOLATILITY_PROXY_PRIOR_60M,60,53.24865726461533,False
btc-updown-15m-1788121800,T-1m,weekend,12-18,23.843890312270776,4.806199694297007,VOLATILITY_PROXY_PRIOR_60M,60,39.114063492424684,False
btc-updown-15m-1788132600,T+1m,weekend,18-24,18.334642368266042,0.5687334638351504,VOLATILITY_PROXY_PRIOR_60M,60,250.41607194979338,False
btc-updown-15m-1788132600,T+2m,weekend,18-24,23.417156626792544,0.7556917543413645,VOLATILITY_PROXY_PRIOR_60M,60,240.70660948066936,False
btc-updown-15m-1788132600,T+3m,weekend,18-24,10.031142629794099,0.3320133304524827,VOLATILITY_PROXY_PRIOR_60M,60,234.68937194119695,False
btc-updown-15m-1788132600,T+5m,weekend,18-24,10.463697034775036,0.3790299280049744,VOLATILITY_PROXY_PRIOR_60M,60,214.4421693237166,False
btc-updown-15m-1788132600,T+10m,weekend,18-24,19.064577926671024,0.9565254567441824,VOLATILITY_PROXY_PRIOR_60M,60,154.8207619105765,False
btc-updown-15m-1788132600,T-5m,weekend,18-24,10.463697034775036,0.3790299280049744,VOLATILITY_PROXY_PRIOR_60M,60,214.4421693237166,False
btc-updown-15m-1788132600,T-3m,weekend,18-24,14.32192784348843,0.6548062748564122,VOLATILITY_PROXY_PRIOR_60M,60,169.897577759766,False
btc-updown-15m-1788132600,T-2m,weekend,18-24,22.92538346398602,1.294787063210037,VOLATILITY_PROXY_PRIOR_60M,60,137.53612857275982,False
btc-updown-15m-1788132600,T-1m,weekend,18-24,41.37717598360149,3.283807063574389,VOLATILITY_PROXY_PRIOR_60M,60,97.87724850379978,False
btc-updown-15m-1788181200,T+1m,weekday,06-12,7.731258627090151,0.2966130260883389,VOLATILITY_PROXY_PRIOR_60M,60,203.1266151543055,False
btc-updown-15m-1788181200,T+2m,weekday,06-12,23.81869255370021,0.9364431987008281,VOLATILITY_PROXY_PRIOR_60M,60,198.21810896540734,False
btc-updown-15m-1788181200,T+3m,weekday,06-12,29.005372615226694,1.1894498960711857,VOLATILITY_PROXY_PRIOR_60M,60,190.03742885397307,False
btc-updown-15m-1788181200,T+5m,weekday,06-12,8.933613703202992,0.3923598930123151,VOLATILITY_PROXY_PRIOR_60M,60,177.43913493678662,False
btc-updown-15m-1788181200,T+10m,weekday,06-12,13.553120932667648,0.8532834613225704,VOLATILITY_PROXY_PRIOR_60M,60,123.78067170818791,False
btc-updown-15m-1788181200,T-5m,weekday,06-12,8.933613703202992,0.3923598930123151,VOLATILITY_PROXY_PRIOR_60M,60,177.43913493678662,False
btc-updown-15m-1788181200,T-3m,weekday,06-12,14.470606396298551,0.8211360402969236,VOLATILITY_PROXY_PRIOR_60M,60,137.33412548696114,False
btc-updown-15m-1788181200,T-2m,weekday,06-12,14.063833120815362,0.9896069820036544,VOLATILITY_PROXY_PRIOR_60M,60,110.75103752612883,False
btc-updown-15m-1788181200,T-1m,weekday,06-12,16.768811242957668,1.6909379576837784,VOLATILITY_PROXY_PRIOR_60M,60,77.28255161946396,False
btc-updown-15m-1788202800,T+1m,weekday,12-18,6.368330464716891,0.35645650026222203,VOLATILITY_PROXY_PRIOR_60M,60,141.16729520429507,False
btc-updown-15m-1788202800,T+2m,weekday,12-18,6.515136174951393,0.37867587651805434,VOLATILITY_PROXY_PRIOR_60M,60,135.9473977411959,False
btc-updown-15m-1788202800,T+3m,weekday,12-18,7.166902905741199,0.4346003552791338,VOLATILITY_PROXY_PRIOR_60M,60,130.30362104428679,False
btc-updown-15m-1788202800,T+5m,weekday,12-18,7.087172218284905,0.47351987703044895,VOLATILITY_PROXY_PRIOR_60M,60,118.26325085060581,False
btc-updown-15m-1788202800,T+10m,weekday,12-18,25.05821605750734,2.3916566971163205,VOLATILITY_PROXY_PRIOR_60M,60,82.78780154306155,False
btc-updown-15m-1788202800,T-5m,weekday,12-18,7.087172218284905,0.47351987703044895,VOLATILITY_PROXY_PRIOR_60M,60,118.26325085060581,False
btc-updown-15m-1788202800,T-3m,weekday,12-18,22.780196415915764,1.986966549891407,VOLATILITY_PROXY_PRIOR_60M,60,90.59035241928832,False
btc-updown-15m-1788202800,T-2m,weekday,12-18,20.91728257568073,2.2132019439127,VOLATILITY_PROXY_PRIOR_60M,60,74.67913194934295,False
btc-updown-15m-1788202800,T-1m,weekday,12-18,20.2503290472809,3.006427537883509,VOLATILITY_PROXY_PRIOR_60M,60,53.222636495885745,False
btc-updown-15m-1788224400,T+1m,weekday,18-24,9.408533794436252,0.6398116438700158,VOLATILITY_PROXY_PRIOR_60M,60,115.65903920159641,False
btc-updown-15m-1788224400,T+2m,weekday,18-24,6.102832731526217,0.42895379427066066,VOLATILITY_PROXY_PRIOR_60M,60,111.90016416946071,False
btc-updown-15m-1788224400,T+3m,weekday,18-24,3.8142704572038855,0.27963210542445605,VOLATILITY_PROXY_PRIOR_60M,60,107.28381833860863,False
btc-updown-15m-1788224400,T+5m,weekday,18-24,6.968672125311203,0.5576236782276246,VOLATILITY_PROXY_PRIOR_60M,60,98.29209579874399,False
btc-updown-15m-1788224400,T+10m,weekday,18-24,6.073589991354839,0.6269944236042401,VOLATILITY_PROXY_PRIOR_60M,60,76.18887537372514,False
btc-updown-15m-1788224400,T-5m,weekday,18-24,6.968672125311203,0.5576236782276246,VOLATILITY_PROXY_PRIOR_60M,60,98.29209579874399,False
btc-updown-15m-1788224400,T-3m,weekday,18-24,6.947057926053937,0.6487399453706441,VOLATILITY_PROXY_PRIOR_60M,60,84.22481209906381,False
btc-updown-15m-1788224400,T-2m,weekday,18-24,4.869551950363997,0.5662077006555543,VOLATILITY_PROXY_PRIOR_60M,60,67.6430220847566,False
btc-updown-15m-1788224400,T-1m,weekday,18-24,6.458831307532283,1.0359131305189677,VOLATILITY_PROXY_PRIOR_60M,60,49.038860984948926,False
btc-updown-15m-1788289200,T+1m,weekday,12-18,6.663305419428375,0.1990336888282413,VOLATILITY_PROXY_PRIOR_60M,60,258.2979811240318,False
btc-updown-15m-1788289200,T+2m,weekday,12-18,5.197404149369743,0.1621882436928181,VOLATILITY_PROXY_PRIOR_60M,60,247.24356764078766,False
btc-updown-15m-1788289200,T+3m,weekday,12-18,5.005579756823096,0.16355551342227656,VOLATILITY_PROXY_PRIOR_60M,60,236.12777821976638,False
btc-updown-15m-1788289200,T+5m,weekday,12-18,18.675659947197882,0.6477560284864342,VOLATILITY_PROXY_PRIOR_60M,60,222.44486143447554,False
btc-updown-15m-1788289200,T+10m,weekday,12-18,3.9609144839097215,0.1962925341626694,VOLATILITY_PROXY_PRIOR_60M,60,155.68600268152264,False
btc-updown-15m-1788289200,T-5m,weekday,12-18,18.675659947197882,0.6477560284864342,VOLATILITY_PROXY_PRIOR_60M,60,222.44486143447554,False
btc-updown-15m-1788289200,T-3m,weekday,12-18,3.3258202112924287,0.15018473880511332,VOLATILITY_PROXY_PRIOR_60M,60,170.85624148070795,False
btc-updown-15m-1788289200,T-2m,weekday,12-18,7.994411170401959,0.442381683107079,VOLATILITY_PROXY_PRIOR_60M,60,139.42711092104113,False
btc-updown-15m-1788289200,T-1m,weekday,12-18,2.9927197458600356,0.23498808340032717,VOLATILITY_PROXY_PRIOR_60M,60,98.2603018242197,False
btc-updown-15m-1788310800,T+1m,weekday,18-24,2.932139237760283,0.18149305339321392,VOLATILITY_PROXY_PRIOR_60M,60,124.7430663417663,False
btc-updown-15m-1788310800,T+2m,weekday,18-24,0.7770687025866674,0.0500820467357589,VOLATILITY_PROXY_PRIOR_60M,60,119.80341042483715,False
btc-updown-15m-1788310800,T+3m,weekday,18-24,0.14505282448224152,0.009743650317284325,VOLATILITY_PROXY_PRIOR_60M,60,114.94665382321531,False
btc-updown-15m-1788310800,T+5m,weekday,18-24,0.834053740776658,0.061204435114561015,VOLATILITY_PROXY_PRIOR_60M,60,105.22113287947333,False
btc-updown-15m-1788310800,T+10m,weekday,18-24,2.0436906878027847,0.20042259831933018,VOLATILITY_PROXY_PRIOR_60M,60,78.73363648772185,False
btc-updown-15m-1788310800,T-5m,weekday,18-24,0.834053740776658,0.061204435114561015,VOLATILITY_PROXY_PRIOR_60M,60,105.22113287947333,False
btc-updown-15m-1788310800,T-3m,weekday,18-24,7.059669162999196,0.657499927905584,VOLATILITY_PROXY_PRIOR_60M,60,82.90495205624163,False
btc-updown-15m-1788310800,T-2m,weekday,18-24,10.941127332419748,1.1595459367445762,VOLATILITY_PROXY_PRIOR_60M,60,72.85610455172947,False
btc-updown-15m-1788310800,T-1m,weekday,18-24,20.23227878634835,2.8277099961813494,VOLATILITY_PROXY_PRIOR_60M,60,55.246117957982534,False
btc-updown-15m-1788332400,T+1m,weekday,00-06,4.4954654939200305,0.2809240012332078,VOLATILITY_PROXY_PRIOR_60M,60,124.1972912490152,False
btc-updown-15m-1788332400,T+2m,weekday,00-06,3.2585360372965346,0.21254435062439705,VOLATILITY_PROXY_PRIOR_60M,60,118.98693108385643,False
btc-updown-15m-1788332400,T+3m,weekday,00-06,2.4403587404659577,0.1661672247244695,VOLATILITY_PROXY_PRIOR_60M,60,113.98156303932817,False
btc-updown-15m-1788332400,T+5m,weekday,00-06,1.2420833293604814,0.0920318124899358,VOLATILITY_PROXY_PRIOR_60M,60,104.74638865830885,False
btc-updown-15m-1788332400,T+10m,weekday,00-06,4.44006136200962,0.4682079919295927,VOLATILITY_PROXY_PRIOR_60M,60,73.59976889328357,False
btc-updown-15m-1788332400,T-5m,weekday,00-06,1.2420833293604814,0.0920318124899358,VOLATILITY_PROXY_PRIOR_60M,60,104.74638865830885,False
btc-updown-15m-1788332400,T-3m,weekday,00-06,0.47931016444031554,0.04671636014368967,VOLATILITY_PROXY_PRIOR_60M,60,79.62949143607672,False
btc-updown-15m-1788332400,T-2m,weekday,00-06,7.5323850035711715,0.8843978656301624,VOLATILITY_PROXY_PRIOR_60M,60,66.10147114992384,False
btc-updown-15m-1788332400,T-1m,weekday,00-06,14.49011319708466,2.3741476466507274,VOLATILITY_PROXY_PRIOR_60M,60,47.36857884919528,False
btc-updown-15m-1788354000,T+1m,weekday,06-12,3.440629817991281,0.24510570682217625,VOLATILITY_PROXY_PRIOR_60M,60,107.54543556639713,False
btc-updown-15m-1788354000,T+2m,weekday,06-12,13.531490638510704,0.9590578818496155,VOLATILITY_PROXY_PRIOR_60M,60,108.09566550880416,False
btc-updown-15m-1788354000,T+3m,weekday,06-12,17.571228607661606,1.3206318918639937,VOLATILITY_PROXY_PRIOR_60M,60,101.93605108989696,False
btc-updown-15m-1788354000,T+5m,weekday,06-12,23.217725038855896,1.9322500375963576,VOLATILITY_PROXY_PRIOR_60M,60,92.0584792541993,False
btc-updown-15m-1788354000,T+10m,weekday,06-12,20.115154068688412,2.106897267305341,VOLATILITY_PROXY_PRIOR_60M,60,73.14547433871927,False
btc-updown-15m-1788354000,T-5m,weekday,06-12,23.217725038855896,1.9322500375963576,VOLATILITY_PROXY_PRIOR_60M,60,92.0584792541993,False
btc-updown-15m-1788354000,T-3m,weekday,06-12,18.330882080375297,1.7450301956165535,VOLATILITY_PROXY_PRIOR_60M,60,80.47998272624854,False
btc-updown-15m-1788354000,T-2m,weekday,06-12,20.387950590675874,2.387580647428664,VOLATILITY_PROXY_PRIOR_60M,60,65.4218738823414,False
btc-updown-15m-1788354000,T-1m,weekday,06-12,21.785869610048326,3.549836860357728,VOLATILITY_PROXY_PRIOR_60M,60,47.01906216139997,False
btc-updown-15m-1788397200,T+1m,weekday,18-24,3.8744999384310796,0.2808287731872136,VOLATILITY_PROXY_PRIOR_60M,60,106.32813604215158,False
btc-updown-15m-1788397200,T+2m,weekday,18-24,7.089841816338507,0.5459794359902591,VOLATILITY_PROXY_PRIOR_60M,60,100.07702927656466,False
btc-updown-15m-1788397200,T+3m,weekday,18-24,6.634399928064143,0.4718057195009337,VOLATILITY_PROXY_PRIOR_60M,60,108.37087785643826,False
btc-updown-15m-1788397200,T+5m,weekday,18-24,5.9505883180324215,0.46455432323568374,VOLATILITY_PROXY_PRIOR_60M,60,98.71827191399161,False
btc-updown-15m-1788397200,T+10m,weekday,18-24,26.21061579246694,2.8879637643856726,VOLATILITY_PROXY_PRIOR_60M,60,69.94547594088993,False
btc-updown-15m-1788397200,T-5m,weekday,18-24,5.9505883180324215,0.46455432323568374,VOLATILITY_PROXY_PRIOR_60M,60,98.71827191399161,False
btc-updown-15m-1788397200,T-3m,weekday,18-24,28.025895569381543,2.8240838285735,VOLATILITY_PROXY_PRIOR_60M,60,76.4814407471417,False
btc-updown-15m-1788397200,T-2m,weekday,18-24,24.807958580999085,3.053625580519319,VOLATILITY_PROXY_PRIOR_60M,60,62.61081948609015,False
btc-updown-15m-1788397200,T-1m,weekday,18-24,43.076238766254704,6.862567181202127,VOLATILITY_PROXY_PRIOR_60M,60,48.37548270702058,False
btc-updown-15m-1788418800,T+1m,weekday,00-06,1.1318787813067164,0.11381752356112454,VOLATILITY_PROXY_PRIOR_60M,60,77.40460101705122,False
btc-updown-15m-1788418800,T+2m,weekday,00-06,3.558801616594896,0.37103050165936086,VOLATILITY_PROXY_PRIOR_60M,60,74.65693487762945,False
btc-updown-15m-1788418800,T+3m,weekday,00-06,4.727938609773152,0.5144732862639372,VOLATILITY_PROXY_PRIOR_60M,60,71.5294670929204,False
btc-updown-15m-1788418800,T+5m,weekday,00-06,39.16351973959359,2.3742286586578594,VOLATILITY_PROXY_PRIOR_60M,60,128.39117196585468,False
btc-updown-15m-1788418800,T+10m,weekday,00-06,21.94765632357315,1.7739234501706047,VOLATILITY_PROXY_PRIOR_60M,60,96.30066054066336,False
btc-updown-15m-1788418800,T-5m,weekday,00-06,39.16351973959359,2.3742286586578594,VOLATILITY_PROXY_PRIOR_60M,60,128.39117196585468,False
btc-updown-15m-1788418800,T-3m,weekday,00-06,23.008872978918212,1.698264994576619,VOLATILITY_PROXY_PRIOR_60M,60,105.45468497078927,False
btc-updown-15m-1788418800,T-2m,weekday,00-06,22.685111965422376,2.0512237577985974,VOLATILITY_PROXY_PRIOR_60M,60,86.0803212368649,False
btc-updown-15m-1788418800,T-1m,weekday,00-06,34.53450810616675,4.349539674154159,VOLATILITY_PROXY_PRIOR_60M,60,61.799643212192464,False
btc-updown-15m-1788462000,T+1m,weekday,12-18,2.4244864765358494,0.12971057815695697,VOLATILITY_PROXY_PRIOR_60M,60,151.87658770723812,False
btc-updown-15m-1788462000,T+2m,weekday,12-18,1.9605111457449909,0.10846608120795406,VOLATILITY_PROXY_PRIOR_60M,60,146.86618915872506,False
btc-updown-15m-1788462000,T+3m,weekday,12-18,1.2713170204367896,0.07383169511394866,VOLATILITY_PROXY_PRIOR_60M,60,139.91281094195207,False
btc-updown-15m-1788462000,T+5m,weekday,12-18,21.793302805313882,1.1986235197150081,VOLATILITY_PROXY_PRIOR_60M,60,147.73612989180356,False
btc-updown-15m-1788462000,T+10m,weekday,12-18,2.1746536061095894,0.15967002303257194,VOLATILITY_PROXY_PRIOR_60M,60,110.66573214180383,False
btc-updown-15m-1788462000,T-5m,weekday,12-18,21.793302805313882,1.1986235197150081,VOLATILITY_PROXY_PRIOR_60M,60,147.73612989180356,False
btc-updown-15m-1788462000,T-3m,weekday,12-18,4.748055241863048,0.31435702492835316,VOLATILITY_PROXY_PRIOR_60M,60,122.72669907343324,False
btc-updown-15m-1788462000,T-2m,weekday,12-18,4.143779678421806,0.34823940227246913,VOLATILITY_PROXY_PRIOR_60M,60,96.68635938461152,False
btc-updown-15m-1788462000,T-1m,weekday,12-18,4.222544721316014,0.5023541435187142,VOLATILITY_PROXY_PRIOR_60M,60,68.29843138087716,False
btc-updown-15m-1788526800,T+1m,weekday,06-12,4.022455268435507,0.049307240715274724,VOLATILITY_PROXY_PRIOR_60M,60,648.1806634558973,False
btc-updown-15m-1788526800,T+2m,weekday,06-12,10.355682712353019,0.13091736981553173,VOLATILITY_PROXY_PRIOR_60M,60,628.4880311599212,False
btc-updown-15m-1788526800,T+3m,weekday,06-12,11.333607538250876,0.14920163099644265,VOLATILITY_PROXY_PRIOR_60M,60,603.5456810933614,False
btc-updown-15m-1788526800,T+5m,weekday,06-12,4.436531546067685,0.06412346024198079,VOLATILITY_PROXY_PRIOR_60M,60,549.7208021366615,False
btc-updown-15m-1788526800,T+10m,weekday,06-12,20.184016001217547,0.40611580837420125,VOLATILITY_PROXY_PRIOR_60M,60,394.8873614204216,False
btc-updown-15m-1788526800,T-5m,weekday,06-12,4.436531546067685,0.06412346024198079,VOLATILITY_PROXY_PRIOR_60M,60,549.7208021366615,False
btc-updown-15m-1788526800,T-3m,weekday,06-12,6.480482533533285,0.11904095324830828,VOLATILITY_PROXY_PRIOR_60M,60,432.54021910091666,False
btc-updown-15m-1788526800,T-2m,weekday,06-12,25.029589462880125,0.5634344595818244,VOLATILITY_PROXY_PRIOR_60M,60,352.9603073046141,False
btc-updown-15m-1788526800,T-1m,weekday,06-12,19.54213484136021,0.62012502881128,VOLATILITY_PROXY_PRIOR_60M,60,250.38499139059383,False
btc-updown-15m-1788548400,T+1m,weekday,12-18,5.636905655306568,0.5220354218447253,VOLATILITY_PROXY_PRIOR_60M,60,85.97117766723846,False
btc-updown-15m-1788548400,T+2m,weekday,12-18,10.68098166058972,1.0091174030756505,VOLATILITY_PROXY_PRIOR_60M,60,84.27166129611676,False
btc-updown-15m-1788548400,T+3m,weekday,12-18,12.288655287771828,1.217723903608671,VOLATILITY_PROXY_PRIOR_60M,60,80.34662020681908,False
btc-updown-15m-1788548400,T+5m,weekday,12-18,12.487102501127294,1.363348992568159,VOLATILITY_PROXY_PRIOR_60M,60,72.92336778181352,False
btc-updown-15m-1788548400,T+10m,weekday,12-18,13.377602971182993,2.1755002934109413,VOLATILITY_PROXY_PRIOR_60M,60,48.95885342907196,False
btc-updown-15m-1788548400,T-5m,weekday,12-18,12.487102501127294,1.363348992568159,VOLATILITY_PROXY_PRIOR_60M,60,72.92336778181352,False
btc-updown-15m-1788548400,T-3m,weekday,12-18,13.486874538029918,1.9592626203334167,VOLATILITY_PROXY_PRIOR_60M,60,54.8063332018917,False
btc-updown-15m-1788548400,T-2m,weekday,12-18,9.275523231826641,1.6527173144159406,VOLATILITY_PROXY_PRIOR_60M,60,44.68398760988592,False
btc-updown-15m-1788548400,T-1m,weekday,12-18,9.57068206181777,2.428801904409529,VOLATILITY_PROXY_PRIOR_60M,60,31.373493186772173,False
btc-updown-15m-1788570000,T+1m,weekday,18-24,0.9299594738734395,0.09929937894690676,VOLATILITY_PROXY_PRIOR_60M,60,74.52211764537621,False
btc-updown-15m-1788570000,T+2m,weekday,18-24,0.9877677654934494,0.11045598639244106,VOLATILITY_PROXY_PRIOR_60M,60,71.15956551304197,False
btc-updown-15m-1788570000,T+3m,weekday,18-24,1.3119968793579067,0.1518845313104676,VOLATILITY_PROXY_PRIOR_60M,60,68.73642700757915,False
btc-updown-15m-1788570000,T+5m,weekday,18-24,3.8505349026356837,0.47521291098909896,VOLATILITY_PROXY_PRIOR_60M,60,64.47636268178387,False
btc-updown-15m-1788570000,T+10m,weekday,18-24,8.703917994664893,1.5129652576429469,VOLATILITY_PROXY_PRIOR_60M,60,45.77765394817798,False
btc-updown-15m-1788570000,T-5m,weekday,18-24,3.8505349026356837,0.47521291098909896,VOLATILITY_PROXY_PRIOR_60M,60,64.47636268178387,False
btc-updown-15m-1788570000,T-3m,weekday,18-24,7.619384175810178,1.1845753334918014,VOLATILITY_PROXY_PRIOR_60M,60,51.18289929377825,False
btc-updown-15m-1788570000,T-2m,weekday,18-24,12.50292811564137,2.636488343113967,VOLATILITY_PROXY_PRIOR_60M,60,37.735801206880055,False
btc-updown-15m-1788570000,T-1m,weekday,18-24,12.299342392981186,3.67480988747741,VOLATILITY_PROXY_PRIOR_60M,60,26.632670259624955,False
btc-updown-15m-1788586200,T+1m,weekend,00-06,0.9386068209953862,0.12078495346256572,VOLATILITY_PROXY_PRIOR_60M,60,61.84545165483964,False
btc-updown-15m-1788586200,T+2m,weekend,00-06,1.0001754076476732,0.13356753950778733,VOLATILITY_PROXY_PRIOR_60M,60,59.5953180641043,False
btc-updown-15m-1788586200,T+3m,weekend,00-06,0.9989189058799309,0.13884674949831904,VOLATILITY_PROXY_PRIOR_60M,60,57.25737209359654,False
btc-updown-15m-1788586200,T+5m,weekend,00-06,0.9989189058799309,0.1522070057731442,VOLATILITY_PROXY_PRIOR_60M,60,52.23149854127385,False
btc-updown-15m-1788586200,T+10m,weekend,00-06,0.8870902484905232,0.1928078307089349,VOLATILITY_PROXY_PRIOR_60M,60,36.61677004527651,False
btc-updown-15m-1788586200,T-5m,weekend,00-06,0.9989189058799309,0.1522070057731442,VOLATILITY_PROXY_PRIOR_60M,60,52.23149854127385,False
btc-updown-15m-1788586200,T-3m,weekend,00-06,0.8858337467209525,0.17575942869002473,VOLATILITY_PROXY_PRIOR_60M,60,40.11164608654923,False
btc-updown-15m-1788586200,T-2m,weekend,00-06,0.8870902484905232,0.21556582002898877,VOLATILITY_PROXY_PRIOR_60M,60,32.75101775897617,False
btc-updown-15m-1788586200,T-1m,weekend,00-06,3.0206302512342114,1.0271798064557023,VOLATILITY_PROXY_PRIOR_60M,60,23.40388688417069,False
btc-updown-15m-1788597000,T+1m,weekend,00-06,1.1564623202340665,0.14488031624650669,VOLATILITY_PROXY_PRIOR_60M,60,63.56971215000313,False
btc-updown-15m-1788597000,T+2m,weekend,00-06,1.74536658537036,0.22686899683316844,VOLATILITY_PROXY_PRIOR_60M,60,61.26883881897602,False
btc-updown-15m-1788597000,T+3m,weekend,00-06,5.788589898244032,0.7634167941788642,VOLATILITY_PROXY_PRIOR_60M,60,60.38641061017882,False
btc-updown-15m-1788597000,T+5m,weekend,00-06,8.967919534330953,1.3212637627672956,VOLATILITY_PROXY_PRIOR_60M,60,54.05430922468803,False
btc-updown-15m-1788597000,T+10m,weekend,00-06,3.1931418896384636,0.6447746109965277,VOLATILITY_PROXY_PRIOR_60M,60,39.44013856359795,False
btc-updown-15m-1788597000,T-5m,weekend,00-06,8.967919534330953,1.3212637627672956,VOLATILITY_PROXY_PRIOR_60M,60,54.05430922468803,False
btc-updown-15m-1788597000,T-3m,weekend,00-06,2.31292464046996,0.4265703616381734,VOLATILITY_PROXY_PRIOR_60M,60,43.18162173588261,False
btc-updown-15m-1788597000,T-2m,weekend,00-06,3.191886230225186,0.7205326112210162,VOLATILITY_PROXY_PRIOR_60M,60,35.279458006656306,False
btc-updown-15m-1788597000,T-1m,weekend,00-06,3.2056984837785554,1.0234061034135595,VOLATILITY_PROXY_PRIOR_60M,60,24.94610879771364,False
btc-updown-15m-1788607800,T+1m,weekend,06-12,0.0,0.0,VOLATILITY_PROXY_PRIOR_60M,60,48.95649871356414,False
btc-updown-15m-1788607800,T+2m,weekend,06-12,1.0097464393575237,0.17036130491224227,VOLATILITY_PROXY_PRIOR_60M,60,47.19381554484905,False
btc-updown-15m-1788607800,T+3m,weekend,06-12,1.0110023428884036,0.17767130676170975,VOLATILITY_PROXY_PRIOR_60M,60,45.30838516767064,False
btc-updown-15m-1788607800,T+5m,weekend,06-12,1.5133637555035777,0.29222292560015056,VOLATILITY_PROXY_PRIOR_60M,60,41.23564219082167,False
btc-updown-15m-1788607800,T+10m,weekend,06-12,1.504572430781935,0.46929916037304165,VOLATILITY_PROXY_PRIOR_60M,60,25.52742687728896,False
btc-updown-15m-1788607800,T-5m,weekend,06-12,1.5133637555035777,0.29222292560015056,VOLATILITY_PROXY_PRIOR_60M,60,41.23564219082167,False
btc-updown-15m-1788607800,T-3m,weekend,06-12,1.5121078519726978,0.43055607914999194,VOLATILITY_PROXY_PRIOR_60M,60,27.963836961209875,False
btc-updown-15m-1788607800,T-2m,weekend,06-12,0.8916915073926652,0.3149796287354783,VOLATILITY_PROXY_PRIOR_60M,60,22.54114029059461,False
btc-updown-15m-1788607800,T-1m,weekend,06-12,0.7598216365808166,0.39768222834069566,VOLATILITY_PROXY_PRIOR_60M,60,15.213151528661863,False
btc-updown-15m-1788629400,T+1m,weekend,12-18,2.0867359937857306,0.13196742844172188,VOLATILITY_PROXY_PRIOR_60M,60,126.54637736906821,False
btc-updown-15m-1788629400,T+2m,weekend,12-18,3.712390800918814,0.24508655065700768,VOLATILITY_PROXY_PRIOR_60M,60,121.22248210014911,False
btc-updown-15m-1788629400,T+3m,weekend,12-18,9.517765308178145,0.6442699454129442,VOLATILITY_PROXY_PRIOR_60M,60,118.22684038317465,False
btc-updown-15m-1788629400,T+5m,weekend,12-18,5.338045608051898,0.41643546000194215,VOLATILITY_PROXY_PRIOR_60M,60,102.58492396349227,False
btc-updown-15m-1788629400,T+10m,weekend,12-18,4.9219479518060725,0.5455407173426784,VOLATILITY_PROXY_PRIOR_60M,60,72.20359314675463,False
btc-updown-15m-1788629400,T-5m,weekend,12-18,5.338045608051898,0.41643546000194215,VOLATILITY_PROXY_PRIOR_60M,60,102.58492396349227,False
btc-updown-15m-1788629400,T-3m,weekend,12-18,2.8776964034041583,0.2917686223438092,VOLATILITY_PROXY_PRIOR_60M,60,78.93240820413222,False
btc-updown-15m-1788629400,T-2m,weekend,12-18,3.828598254464012,0.4742289075891226,VOLATILITY_PROXY_PRIOR_60M,60,64.61014819987791,False
btc-updown-15m-1788629400,T-1m,weekend,12-18,3.4162492257517854,0.6000237216886106,VOLATILITY_PROXY_PRIOR_60M,60,45.56486520742079,False
btc-updown-15m-1788640200,T+1m,weekend,12-18,0.3035625067186102,0.018746021120054725,VOLATILITY_PROXY_PRIOR_60M,60,129.09406132106125,False
btc-updown-15m-1788640200,T+2m,weekend,12-18,3.011791647238636,0.1917081575642555,VOLATILITY_PROXY_PRIOR_60M,60,125.24245345139914,False
btc-updown-15m-1788640200,T+3m,weekend,12-18,0.2508781047263052,0.016641358027399845,VOLATILITY_PROXY_PRIOR_60M,60,120.18249933130566,False
btc-updown-15m-1788640200,T+5m,weekend,12-18,0.07651782194159609,0.00636241313739907,VOLATILITY_PROXY_PRIOR_60M,60,95.87557218108407,False
btc-updown-15m-1788640200,T+10m,weekend,12-18,0.25338688577225393,0.0315393721172235,VOLATILITY_PROXY_PRIOR_60M,60,64.0469313238614,False
btc-updown-15m-1788640200,T-5m,weekend,12-18,0.07651782194159609,0.00636241313739907,VOLATILITY_PROXY_PRIOR_60M,60,95.87557218108407,False
btc-updown-15m-1788640200,T-3m,weekend,12-18,0.6209233091972401,0.07047542123735746,VOLATILITY_PROXY_PRIOR_60M,60,70.23725311730672,False
btc-updown-15m-1788640200,T-2m,weekend,12-18,1.5065230188808052,0.22142722319616165,VOLATILITY_PROXY_PRIOR_60M,60,54.2390399276025,False
btc-updown-15m-1788640200,T-1m,weekend,12-18,4.517060275596467,0.9347706648630318,VOLATILITY_PROXY_PRIOR_60M,60,38.522817792181314,False
btc-updown-15m-1788651000,T+1m,weekend,18-24,0.0012530709648312134,0.00022569753649095292,VOLATILITY_PROXY_PRIOR_60M,60,44.30708533548427,False
btc-updown-15m-1788651000,T+2m,weekend,18-24,0.7606140749432212,0.14227661898697636,VOLATILITY_PROXY_PRIOR_60M,60,42.66336973152325,False
btc-updown-15m-1788651000,T+3m,weekend,18-24,1.5099505112157257,0.2932245597166683,VOLATILITY_PROXY_PRIOR_60M,60,41.09478418740356,False
btc-updown-15m-1788651000,T+5m,weekend,18-24,4.5110554691911195,0.949065806506304,VOLATILITY_PROXY_PRIOR_60M,60,37.93203775038847,False
btc-updown-15m-1788651000,T+10m,weekend,18-24,0.7518425781985201,0.1772963587121506,VOLATILITY_PROXY_PRIOR_60M,60,33.841642567184905,False
btc-updown-15m-1788651000,T-5m,weekend,18-24,4.5110554691911195,0.949065806506304,VOLATILITY_PROXY_PRIOR_60M,60,37.93203775038847,False
btc-updown-15m-1788651000,T-3m,weekend,18-24,5.006018499838115,1.1165581753336917,VOLATILITY_PROXY_PRIOR_60M,60,35.77959562031574,False
btc-updown-15m-1788651000,T-2m,weekend,18-24,0.7593610039802134,0.19931945890576527,VOLATILITY_PROXY_PRIOR_60M,60,30.403453999254197,False
btc-updown-15m-1788651000,T-1m,weekend,18-24,0.7593610039802134,0.2839891929361209,VOLATILITY_PROXY_PRIOR_60M,60,21.33884017678369,False
btc-updown-15m-1788661800,T+1m,weekend,18-24,2.3413412794600235,0.21199249961777847,VOLATILITY_PROXY_PRIOR_60M,60,88.25783946944301,False
btc-updown-15m-1788661800,T+2m,weekend,18-24,3.109691651233912,0.29201022069467436,VOLATILITY_PROXY_PRIOR_60M,60,85.09976103190719,False
btc-updown-15m-1788661800,T+3m,weekend,18-24,3.1084402662642514,0.3038115820842617,VOLATILITY_PROXY_PRIOR_60M,60,81.76120156310292,False
btc-updown-15m-1788661800,T+5m,weekend,18-24,3.319924326247929,0.35726979124943037,VOLATILITY_PROXY_PRIOR_60M,60,74.25760769534733,False
btc-updown-15m-1788661800,T+10m,weekend,18-24,3.334940945891137,0.5633161115538429,VOLATILITY_PROXY_PRIOR_60M,60,47.30913860511323,False
btc-updown-15m-1788661800,T-5m,weekend,18-24,3.319924326247929,0.35726979124943037,VOLATILITY_PROXY_PRIOR_60M,60,74.25760769534733,False
btc-updown-15m-1788661800,T-3m,weekend,18-24,0.8171543856161351,0.12024135733566255,VOLATILITY_PROXY_PRIOR_60M,60,54.307437513116746,False
btc-updown-15m-1788661800,T-2m,weekend,18-24,3.313667401395985,0.6262100134115504,VOLATILITY_PROXY_PRIOR_60M,60,42.28613313884052,False
btc-updown-15m-1788661800,T-1m,weekend,18-24,3.181020594544613,0.9103253021775701,VOLATILITY_PROXY_PRIOR_60M,60,27.9240837744553,False
btc-updown-15m-1788672600,T+1m,weekend,00-06,0.0,0.0,VOLATILITY_PROXY_PRIOR_60M,60,46.42825540035533,False
btc-updown-15m-1788672600,T+2m,weekend,00-06,2.379610495334711,0.4154397266086039,VOLATILITY_PROXY_PRIOR_60M,60,45.73467288529287,False
btc-updown-15m-1788672600,T+3m,weekend,00-06,2.3808629219105466,0.43295494983383825,VOLATILITY_PROXY_PRIOR_60M,60,43.90757053889907,False
btc-updown-15m-1788672600,T+5m,weekend,00-06,8.971131567412444,1.6626068410159915,VOLATILITY_PROXY_PRIOR_60M,60,43.08294554846938,False
btc-updown-15m-1788672600,T+10m,weekend,00-06,30.18348049345607,5.525610490712862,VOLATILITY_PROXY_PRIOR_60M,60,43.61509020678518,False
btc-updown-15m-1788672600,T-5m,weekend,00-06,8.971131567412444,1.6626068410159915,VOLATILITY_PROXY_PRIOR_60M,60,43.08294554846938,False
btc-updown-15m-1788672600,T-3m,weekend,00-06,19.412611935625275,3.908270290815446,VOLATILITY_PROXY_PRIOR_60M,60,39.65948833279385,False
btc-updown-15m-1788672600,T-2m,weekend,00-06,27.42939445174961,5.541819570834559,VOLATILITY_PROXY_PRIOR_60M,60,39.51951109209667,False
btc-updown-15m-1788672600,T-1m,weekend,00-06,25.424259502786647,6.8974136851561925,VOLATILITY_PROXY_PRIOR_60M,60,29.431321545476223,False
btc-updown-15m-1788683400,T+1m,weekend,00-06,1.0024560172422434,0.16661625726133353,VOLATILITY_PROXY_PRIOR_60M,60,48.01452230109932,False
btc-updown-15m-1788683400,T+2m,weekend,00-06,1.0024560172422434,0.1729057641247901,VOLATILITY_PROXY_PRIOR_60M,60,46.267977476021066,False
btc-updown-15m-1788683400,T+3m,weekend,00-06,1.630244098039542,0.29324100173372053,VOLATILITY_PROXY_PRIOR_60M,60,44.36623774668653,False
btc-updown-15m-1788683400,T+5m,weekend,00-06,1.3896546539016223,0.27370326988083743,VOLATILITY_PROXY_PRIOR_60M,60,40.51833215154783,False
btc-updown-15m-1788683400,T+10m,weekend,00-06,2.0111773845926155,0.6014561180418556,VOLATILITY_PROXY_PRIOR_60M,60,26.685238571113818,False
btc-updown-15m-1788683400,T-5m,weekend,00-06,1.3896546539016223,0.27370326988083743,VOLATILITY_PROXY_PRIOR_60M,60,40.51833215154783,False
btc-updown-15m-1788683400,T-3m,weekend,00-06,2.509899253170121,0.6706826527738053,VOLATILITY_PROXY_PRIOR_60M,60,29.8650933003245,False
btc-updown-15m-1788683400,T-2m,weekend,00-06,3.6765074432354905,1.221399373628165,VOLATILITY_PROXY_PRIOR_60M,60,24.02162685972409,False
btc-updown-15m-1788683400,T-1m,weekend,00-06,4.192772292116486,1.9824850314963156,VOLATILITY_PROXY_PRIOR_60M,60,16.87780713015113,False
btc-updown-15m-1788694200,T+1m,weekend,06-12,0.156440133427164,0.021768178468783213,VOLATILITY_PROXY_PRIOR_60M,60,57.42327047679115,False
btc-updown-15m-1788694200,T+2m,weekend,06-12,0.6532939971919827,0.09413170975377615,VOLATILITY_PROXY_PRIOR_60M,60,55.45421424571289,False
btc-updown-15m-1788694200,T+3m,weekend,06-12,3.1901272008455637,0.47074393332661224,VOLATILITY_PROXY_PRIOR_60M,60,54.148334573023966,False
btc-updown-15m-1788694200,T+5m,weekend,06-12,8.660525786527437,1.3404719710595872,VOLATILITY_PROXY_PRIOR_60M,60,51.623608321550634,False
btc-updown-15m-1788694200,T+10m,weekend,06-12,1.4067096797758936,0.2816967684211777,VOLATILITY_PROXY_PRIOR_60M,60,39.90106121198114,False
btc-updown-15m-1788694200,T-5m,weekend,06-12,8.660525786527437,1.3404719710595872,VOLATILITY_PROXY_PRIOR_60M,60,51.623608321550634,False
btc-updown-15m-1788694200,T-3m,weekend,06-12,1.4067096797758936,0.25622359335656264,VOLATILITY_PROXY_PRIOR_60M,60,43.86793523869217,False
btc-updown-15m-1788694200,T-2m,weekend,06-12,1.4054581587091317,0.3151190353475177,VOLATILITY_PROXY_PRIOR_60M,60,35.637326661689364,False
btc-updown-15m-1788694200,T-1m,weekend,06-12,1.409212721911238,0.4455404427363006,VOLATILITY_PROXY_PRIOR_60M,60,25.27267767397527,False
btc-updown-15m-1788705000,T+1m,weekend,06-12,6.504181779706674,0.5298145896585855,VOLATILITY_PROXY_PRIOR_60M,60,97.80780109018889,False
btc-updown-15m-1788705000,T+2m,weekend,06-12,15.214915386645009,1.2231671368739496,VOLATILITY_PROXY_PRIOR_60M,60,99.1033819873573,False
btc-updown-15m-1788705000,T+3m,weekend,06-12,25.34522243875031,1.9996289275782244,VOLATILITY_PROXY_PRIOR_60M,60,100.98373613976845,False
btc-updown-15m-1788705000,T+5m,weekend,06-12,14.066454111379278,1.1127129094466723,VOLATILITY_PROXY_PRIOR_60M,60,100.71780335121386,False
btc-updown-15m-1788705000,T+10m,weekend,06-12,0.14936272323166813,0.016615674546954114,VOLATILITY_PROXY_PRIOR_60M,60,71.61912064656273,False
btc-updown-15m-1788705000,T-5m,weekend,06-12,14.066454111379278,1.1127129094466723,VOLATILITY_PROXY_PRIOR_60M,60,100.71780335121386,False
btc-updown-15m-1788705000,T-3m,weekend,06-12,6.5054369286407345,0.665501632394453,VOLATILITY_PROXY_PRIOR_60M,60,77.88110122813539,False
btc-updown-15m-1788705000,T-2m,weekend,06-12,3.2847247621553333,0.40607351606762876,VOLATILITY_PROXY_PRIOR_60M,60,64.44645849703683,False
btc-updown-15m-1788705000,T-1m,weekend,06-12,4.2900990588633485,0.7423735087865847,VOLATILITY_PROXY_PRIOR_60M,60,46.04151359853949,False
btc-updown-15m-1788737400,T+1m,weekend,18-24,5.990863932502933,0.3297318693667414,VOLATILITY_PROXY_PRIOR_60M,60,145.57282586055524,False
btc-updown-15m-1788737400,T+2m,weekend,18-24,4.243528618856244,0.24517622486910148,VOLATILITY_PROXY_PRIOR_60M,60,138.67576278308573,False
btc-updown-15m-1788737400,T+3m,weekend,18-24,9.234667132623404,0.5512147031700483,VOLATILITY_PROXY_PRIOR_60M,60,134.23081709266293,False
btc-updown-15m-1788737400,T+5m,weekend,18-24,11.73086043783296,0.770252136977515,VOLATILITY_PROXY_PRIOR_60M,60,122.02497791025144,False
btc-updown-15m-1788737400,T+10m,weekend,18-24,39.937844786700936,3.4507199632280106,VOLATILITY_PROXY_PRIOR_60M,60,92.73137299170095,False
btc-updown-15m-1788737400,T-5m,weekend,18-24,11.73086043783296,0.770252136977515,VOLATILITY_PROXY_PRIOR_60M,60,122.02497791025144,False
btc-updown-15m-1788737400,T-3m,weekend,18-24,38.594892788497035,3.027624956515348,VOLATILITY_PROXY_PRIOR_60M,60,102.13616430084686,False
btc-updown-15m-1788737400,T-2m,weekend,18-24,29.955567759166616,2.7939953547101672,VOLATILITY_PROXY_PRIOR_60M,60,85.90207553329736,False
btc-updown-15m-1788737400,T-1m,weekend,18-24,41.353186390754324,5.389478424640579,VOLATILITY_PROXY_PRIOR_60M,60,61.47719202013466,False
btc-updown-15m-1788748200,T+1m,weekend,18-24,2.184126076554928,0.20219596136726506,VOLATILITY_PROXY_PRIOR_60M,60,86.45078705731478,False
btc-updown-15m-1788748200,T+2m,weekend,18-24,0.009996000350578004,0.0009598602284716683,VOLATILITY_PROXY_PRIOR_60M,60,83.3454680470778,False
btc-updown-15m-1788748200,T+3m,weekend,18-24,1.6618350582458643,0.16620171088758742,VOLATILITY_PROXY_PRIOR_60M,60,80.02324361741364,False
btc-updown-15m-1788748200,T+5m,weekend,18-24,2.6889240942454804,0.2950093785669855,VOLATILITY_PROXY_PRIOR_60M,60,72.94683343466365,False
btc-updown-15m-1788748200,T+10m,weekend,18-24,44.233551050387135,4.752313508548624,VOLATILITY_PROXY_PRIOR_60M,60,74.49213932607856,False
btc-updown-15m-1788748200,T-5m,weekend,18-24,2.6889240942454804,0.2950093785669855,VOLATILITY_PROXY_PRIOR_60M,60,72.94683343466365,False
btc-updown-15m-1788748200,T-3m,weekend,18-24,28.738501007284462,3.159332352668402,VOLATILITY_PROXY_PRIOR_60M,60,72.80019140934628,False
btc-updown-15m-1788748200,T-2m,weekend,18-24,37.98355183132415,4.465545832176156,VOLATILITY_PROXY_PRIOR_60M,60,68.074544842789,False
btc-updown-15m-1788748200,T-1m,weekend,18-24,35.98560126129533,6.039062748081933,VOLATILITY_PROXY_PRIOR_60M,60,47.689519386343804,False
btc-updown-15m-1788764400,T+1m,weekday,00-06,1.3909241196914992,0.2050059476693937,VOLATILITY_PROXY_PRIOR_60M,60,54.04721241488123,False
btc-updown-15m-1788764400,T+2m,weekday,00-06,1.847870310636937,0.283759666614421,VOLATILITY_PROXY_PRIOR_60M,60,51.87488474182285,False
btc-updown-15m-1788764400,T+3m,weekday,00-06,3.9254690634252705,0.622231311958392,VOLATILITY_PROXY_PRIOR_60M,60,50.254622997974536,False
btc-updown-15m-1788764400,T+5m,weekday,00-06,8.443461759065745,1.5331170735631965,VOLATILITY_PROXY_PRIOR_60M,60,43.87140496954148,False
btc-updown-15m-1788764400,T+10m,weekday,00-06,3.142132736089451,0.7506645722514536,VOLATILITY_PROXY_PRIOR_60M,60,33.34378752540145,False
btc-updown-15m-1788764400,T-5m,weekday,00-06,8.443461759065745,1.5331170735631965,VOLATILITY_PROXY_PRIOR_60M,60,43.87140496954148,False
btc-updown-15m-1788764400,T-3m,weekday,00-06,2.3889247290364115,0.5144108755115826,VOLATILITY_PROXY_PRIOR_60M,60,36.99377463797487,False
btc-updown-15m-1788764400,T-2m,weekday,00-06,2.53831098376889,0.6798961520183199,VOLATILITY_PROXY_PRIOR_60M,60,29.739835914612346,False
btc-updown-15m-1788764400,T-1m,weekday,00-06,1.6896966291564561,0.6328000563693505,VOLATILITY_PROXY_PRIOR_60M,60,21.270541720922534,False
btc-updown-15m-1788807600,T+1m,weekday,12-18,1.1373422993347113,0.15132197948561246,VOLATILITY_PROXY_PRIOR_60M,60,59.51739448856802,False
btc-updown-15m-1788807600,T+2m,weekday,12-18,1.1534333063171802,0.15783937594570688,VOLATILITY_PROXY_PRIOR_60M,60,57.86711964259799,False
btc-updown-15m-1788807600,T+3m,weekday,12-18,2.166223844207924,0.3177709983801206,VOLATILITY_PROXY_PRIOR_60M,60,53.98135808368476,False
btc-updown-15m-1788807600,T+5m,weekday,12-18,0.6381982197094614,0.10116163950761915,VOLATILITY_PROXY_PRIOR_60M,60,49.95678279592186,False
btc-updown-15m-1788807600,T+10m,weekday,12-18,3.6715185090021594,0.8683738559919245,VOLATILITY_PROXY_PRIOR_60M,60,33.48063722963572,False
btc-updown-15m-1788807600,T-5m,weekday,12-18,0.6381982197094614,0.10116163950761915,VOLATILITY_PROXY_PRIOR_60M,60,49.95678279592186,False
btc-updown-15m-1788807600,T-3m,weekday,12-18,1.6093153314773194,0.34623228679551965,VOLATILITY_PROXY_PRIOR_60M,60,36.80682171530143,False
btc-updown-15m-1788807600,T-2m,weekday,12-18,3.3065603226552547,0.8740182327248274,VOLATILITY_PROXY_PRIOR_60M,60,29.95785336255075,False
btc-updown-15m-1788807600,T-1m,weekday,12-18,3.6790954955696225,1.414947992145252,VOLATILITY_PROXY_PRIOR_60M,60,20.589951159966375,False
btc-updown-15m-1788850800,T+1m,weekday,00-06,0.05234693660026213,0.0030215270021126525,VOLATILITY_PROXY_PRIOR_60M,60,135.69297898606246,False
btc-updown-15m-1788850800,T+2m,weekday,00-06,5.953506472316279,0.3509366706563445,VOLATILITY_PROXY_PRIOR_60M,60,132.87297651965014,False
btc-updown-15m-1788850800,T+3m,weekday,00-06,0.9690567043717617,0.05961701524964767,VOLATILITY_PROXY_PRIOR_60M,60,127.3126467035158,False
btc-updown-15m-1788850800,T+5m,weekday,00-06,0.6447610483639616,0.04659034549671363,VOLATILITY_PROXY_PRIOR_60M,60,108.39155507784602,False
btc-updown-15m-1788850800,T+10m,weekday,00-06,10.777085166806513,1.0920873664992008,VOLATILITY_PROXY_PRIOR_60M,60,77.29235095044501,False
btc-updown-15m-1788850800,T-5m,weekday,00-06,0.6447610483639616,0.04659034549671363,VOLATILITY_PROXY_PRIOR_60M,60,108.39155507784602,False
btc-updown-15m-1788850800,T-3m,weekday,00-06,10.267660100871046,0.9501917673429736,VOLATILITY_PROXY_PRIOR_60M,60,84.63554701686917,False
btc-updown-15m-1788850800,T-2m,weekday,00-06,15.881549862563682,1.793419533286625,VOLATILITY_PROXY_PRIOR_60M,60,69.35911965453059,False
btc-updown-15m-1788850800,T-1m,weekday,00-06,11.959359881230961,1.942058466964913,VOLATILITY_PROXY_PRIOR_60M,60,48.23232749855753,False
btc-updown-15m-1788872400,T+1m,weekday,06-12,6.731211123041403,0.4722047715305022,VOLATILITY_PROXY_PRIOR_60M,60,111.75698625978396,False
btc-updown-15m-1788872400,T+2m,weekday,06-12,10.810332411735214,0.7956101957178614,VOLATILITY_PROXY_PRIOR_60M,60,106.52475624357632,False
btc-updown-15m-1788872400,T+3m,weekday,06-12,13.571838850139477,1.042247330954221,VOLATILITY_PROXY_PRIOR_60M,60,102.08918651422955,False
btc-updown-15m-1788872400,T+5m,weekday,06-12,11.832026017814181,1.0206948360198387,VOLATILITY_PROXY_PRIOR_60M,60,90.88140636183354,False
btc-updown-15m-1788872400,T+10m,weekday,06-12,7.750353683913018,0.9720345508509637,VOLATILITY_PROXY_PRIOR_60M,60,62.51031108981671,False
btc-updown-15m-1788872400,T-5m,weekday,06-12,11.832026017814181,1.0206948360198387,VOLATILITY_PROXY_PRIOR_60M,60,90.88140636183354,False
btc-updown-15m-1788872400,T-3m,weekday,06-12,11.87411826375776,1.3522129178887567,VOLATILITY_PROXY_PRIOR_60M,60,68.84432246742092,False
btc-updown-15m-1788872400,T-2m,weekday,06-12,10.027161532668002,1.416300927823099,VOLATILITY_PROXY_PRIOR_60M,60,55.505281836240364,False
btc-updown-15m-1788872400,T-1m,weekday,06-12,8.764394154366217,1.7463967940346745,VOLATILITY_PROXY_PRIOR_60M,60,39.34511469469453,False
btc-updown-15m-1788915600,T+1m,weekday,18-24,3.671231798554263,0.30450908790991776,VOLATILITY_PROXY_PRIOR_60M,60,94.97253496931295,False
btc-updown-15m-1788915600,T+2m,weekday,18-24,4.5712675333999915,0.40355229191558656,VOLATILITY_PROXY_PRIOR_60M,60,89.2325498365084,False
btc-updown-15m-1788915600,T+3m,weekday,18-24,1.115841200182241,0.10266663732141826,VOLATILITY_PROXY_PRIOR_60M,60,85.6169075887307,False
btc-updown-15m-1788915600,T+5m,weekday,18-24,8.286929868936115,0.8007469204613777,VOLATILITY_PROXY_PRIOR_60M,60,81.52388517758585,False
btc-updown-15m-1788915600,T+10m,weekday,18-24,3.2180403213477713,0.4194541119491863,VOLATILITY_PROXY_PRIOR_60M,60,60.435693149377876,False
btc-updown-15m-1788915600,T-5m,weekday,18-24,8.286929868936115,0.8007469204613777,VOLATILITY_PROXY_PRIOR_60M,60,81.52388517758585,False
btc-updown-15m-1788915600,T-3m,weekday,18-24,2.6201322379724212,0.3189648315477925,VOLATILITY_PROXY_PRIOR_60M,60,64.70932829755182,False
btc-updown-15m-1788915600,T-2m,weekday,18-24,3.7702484238281784,0.5516381822494495,VOLATILITY_PROXY_PRIOR_60M,60,53.83963792879981,False
btc-updown-15m-1788915600,T-1m,weekday,18-24,9.59445710009524,2.0451279015572656,VOLATILITY_PROXY_PRIOR_60M,60,36.95612384069047,False
btc-updown-15m-1788937200,T+1m,weekday,00-06,0.7074366626278544,0.05256177679884824,VOLATILITY_PROXY_PRIOR_60M,60,106.54129942061873,False
btc-updown-15m-1788937200,T+2m,weekday,00-06,2.126099827145652,0.1646839176976735,VOLATILITY_PROXY_PRIOR_60M,60,102.19577136182926,False
btc-updown-15m-1788937200,T+3m,weekday,00-06,2.454552563366121,0.19845121762818785,VOLATILITY_PROXY_PRIOR_60M,60,97.9081924123591,False
btc-updown-15m-1788937200,T+5m,weekday,00-06,5.861618061766824,0.517876998923753,VOLATILITY_PROXY_PRIOR_60M,60,89.59656462137188,False
btc-updown-15m-1788937200,T+10m,weekday,00-06,19.060364938782683,2.2792562710001896,VOLATILITY_PROXY_PRIOR_60M,60,66.19703186504564,False
btc-updown-15m-1788937200,T-5m,weekday,00-06,5.861618061766824,0.517876998923753,VOLATILITY_PROXY_PRIOR_60M,60,89.59656462137188,False
btc-updown-15m-1788937200,T-3m,weekday,00-06,18.459043775548455,2.006013533530236,VOLATILITY_PROXY_PRIOR_60M,60,72.84098414971783,False
btc-updown-15m-1788937200,T-2m,weekday,00-06,20.807480839520952,2.8265555191916305,VOLATILITY_PROXY_PRIOR_60M,60,58.272338498807194,False
btc-updown-15m-1788937200,T-1m,weekday,00-06,20.335014211265747,4.161861817024753,VOLATILITY_PROXY_PRIOR_60M,60,38.677401383565396,False
btc-updown-15m-1788958800,T+1m,weekday,06-12,4.661360717539327,0.3284473844359896,VOLATILITY_PROXY_PRIOR_60M,60,112.9250554893332,False
btc-updown-15m-1788958800,T+2m,weekday,06-12,4.415033351550315,0.32500257157475165,VOLATILITY_PROXY_PRIOR_60M,60,108.09126507077075,False
btc-updown-15m-1788958800,T+3m,weekday,06-12,2.3765487207550797,0.18176336209410748,VOLATILITY_PROXY_PRIOR_60M,60,104.03603286660648,False
btc-updown-15m-1788958800,T+5m,weekday,06-12,4.676457289122289,0.3711837220478398,VOLATILITY_PROXY_PRIOR_60M,60,100.24701698107356,False
btc-updown-15m-1788958800,T+10m,weekday,06-12,3.855769688971264,0.4301539856303375,VOLATILITY_PROXY_PRIOR_60M,60,71.3231543532344,False
btc-updown-15m-1788958800,T-5m,weekday,06-12,4.676457289122289,0.3711837220478398,VOLATILITY_PROXY_PRIOR_60M,60,100.24701698107356,False
btc-updown-15m-1788958800,T-3m,weekday,06-12,1.7092179467626558,0.1754504250325023,VOLATILITY_PROXY_PRIOR_60M,60,77.51512077960416,False
btc-updown-15m-1788958800,T-2m,weekday,06-12,7.2779605950466015,0.9025287482051075,VOLATILITY_PROXY_PRIOR_60M,60,64.1640936401584,False
btc-updown-15m-1788958800,T-1m,weekday,06-12,7.915144138705378,1.3966984912349334,VOLATILITY_PROXY_PRIOR_60M,60,45.092007693864424,False
btc-updown-15m-1789045200,T+1m,weekday,06-12,12.311039979344084,0.396817382243919,VOLATILITY_PROXY_PRIOR_60M,60,238.45200387562105,False
btc-updown-15m-1789045200,T+2m,weekday,06-12,17.5153489113825,0.581971617815131,VOLATILITY_PROXY_PRIOR_60M,60,231.32038719370115,False
btc-updown-15m-1789045200,T+3m,weekday,06-12,27.923966775459338,0.9480300304920789,VOLATILITY_PROXY_PRIOR_60M,60,226.38723781496708,False
btc-updown-15m-1789045200,T+5m,weekday,06-12,24.01813292196587,0.8945151750005493,VOLATILITY_PROXY_PRIOR_60M,60,206.37089803271127,False
btc-updown-15m-1789045200,T+10m,weekday,06-12,14.651677921529043,0.7608249957082768,VOLATILITY_PROXY_PRIOR_60M,60,148.01288154828814,False
btc-updown-15m-1789045200,T-5m,weekday,06-12,24.01813292196587,0.8945151750005493,VOLATILITY_PROXY_PRIOR_60M,60,206.37089803271127,False
btc-updown-15m-1789045200,T-3m,weekday,06-12,12.783331014927176,0.6064495987273982,VOLATILITY_PROXY_PRIOR_60M,60,162.0116497313573,False
btc-updown-15m-1789045200,T-2m,weekday,06-12,15.290506842937214,0.8875210045533383,VOLATILITY_PROXY_PRIOR_60M,60,132.41590831745398,False
btc-updown-15m-1789045200,T-1m,weekday,06-12,5.283427442644271,0.4240239363193282,VOLATILITY_PROXY_PRIOR_60M,60,95.76841435827247,False
btc-updown-15m-1789066800,T+1m,weekday,12-18,5.953243928960446,0.39080397413496487,VOLATILITY_PROXY_PRIOR_60M,60,117.68048188814606,False
btc-updown-15m-1789066800,T+2m,weekday,12-18,8.801066639052094,0.6179886096614263,VOLATILITY_PROXY_PRIOR_60M,60,110.01820897193316,False
btc-updown-15m-1789066800,T+3m,weekday,12-18,8.025682182985554,0.5890372789293681,VOLATILITY_PROXY_PRIOR_60M,60,105.25649601106906,False
btc-updown-15m-1789066800,T+5m,weekday,12-18,4.918966499249211,0.40538062005840464,VOLATILITY_PROXY_PRIOR_60M,60,93.73906427624784,False
btc-updown-15m-1789066800,T+10m,weekday,12-18,6.7972350230407965,0.8801851123851244,VOLATILITY_PROXY_PRIOR_60M,60,59.65790520780706,False
btc-updown-15m-1789066800,T-5m,weekday,12-18,4.918966499249211,0.40538062005840464,VOLATILITY_PROXY_PRIOR_60M,60,93.73906427624784,False
btc-updown-15m-1789066800,T-3m,weekday,12-18,11.907782322788437,1.2930859150618608,VOLATILITY_PROXY_PRIOR_60M,60,71.13989792055268,False
btc-updown-15m-1789066800,T-2m,weekday,12-18,11.907782322788437,1.6965518158601502,VOLATILITY_PROXY_PRIOR_60M,60,54.22174503604324,False
btc-updown-15m-1789066800,T-1m,weekday,12-18,15.791176927458865,3.1473420703734596,VOLATILITY_PROXY_PRIOR_60M,60,38.75968905582928,False
btc-updown-15m-1789088400,T+1m,weekday,18-24,2.226019226202157,0.14163795612931324,VOLATILITY_PROXY_PRIOR_60M,60,120.87155496920333,False
btc-updown-15m-1789088400,T+2m,weekday,18-24,5.368711089360518,0.35487238324006454,VOLATILITY_PROXY_PRIOR_60M,60,116.35168570465017,False
btc-updown-15m-1789088400,T+3m,weekday,18-24,9.024999678189847,0.6228811706840192,VOLATILITY_PROXY_PRIOR_60M,60,111.43377463759364,False
btc-updown-15m-1789088400,T+5m,weekday,18-24,11.88423815857354,0.9189930151831868,VOLATILITY_PROXY_PRIOR_60M,60,99.45668627501982,False
btc-updown-15m-1789088400,T+10m,weekday,18-24,9.54509762823678,1.0598018463040135,VOLATILITY_PROXY_PRIOR_60M,60,69.2676657018629,False
btc-updown-15m-1789088400,T-5m,weekday,18-24,11.88423815857354,0.9189930151831868,VOLATILITY_PROXY_PRIOR_60M,60,99.45668627501982,False
btc-updown-15m-1789088400,T-3m,weekday,18-24,6.272381277566685,0.6373333522967827,VOLATILITY_PROXY_PRIOR_60M,60,75.69037431692676,False
btc-updown-15m-1789088400,T-2m,weekday,18-24,7.525817337179717,0.9320411883330352,VOLATILITY_PROXY_PRIOR_60M,60,62.1002598646135,False
btc-updown-15m-1789088400,T-1m,weekday,18-24,7.575226642434781,1.3333300421143632,VOLATILITY_PROXY_PRIOR_60M,60,43.6951078576329,False
btc-updown-15m-1789153200,T+1m,weekday,12-18,7.099124978414832,0.2987550791879476,VOLATILITY_PROXY_PRIOR_60M,60,183.04458667776717,False
btc-updown-15m-1789153200,T+2m,weekday,12-18,0.43027950430191675,0.019120506312254565,VOLATILITY_PROXY_PRIOR_60M,60,173.34792071035426,False
btc-updown-15m-1789153200,T+3m,weekday,12-18,7.617096079898957,0.3522212946253797,VOLATILITY_PROXY_PRIOR_60M,60,166.58703174165998,False
btc-updown-15m-1789153200,T+5m,weekday,12-18,17.224875834482184,1.0065283956072884,VOLATILITY_PROXY_PRIOR_60M,60,131.8248949228956,False
btc-updown-15m-1789153200,T+10m,weekday,12-18,19.560289397311728,1.863874525545669,VOLATILITY_PROXY_PRIOR_60M,60,80.83993741141714,False
btc-updown-15m-1789153200,T-5m,weekday,12-18,17.224875834482184,1.0065283956072884,VOLATILITY_PROXY_PRIOR_60M,60,131.8248949228956,False
btc-updown-15m-1789153200,T-3m,weekday,12-18,25.53318422920411,2.1560549276787024,VOLATILITY_PROXY_PRIOR_60M,60,91.22471670960682,False
btc-updown-15m-1789153200,T-2m,weekday,12-18,13.867799973739778,1.4752963921377107,VOLATILITY_PROXY_PRIOR_60M,60,72.4095175431496,False
btc-updown-15m-1789153200,T-1m,weekday,12-18,23.19517432000257,3.4817594762042483,VOLATILITY_PROXY_PRIOR_60M,60,51.317588480475834,False
btc-updown-15m-1789174800,T+1m,weekday,18-24,2.7792358990324724,0.4733477736336966,VOLATILITY_PROXY_PRIOR_60M,60,45.37889728539923,False
btc-updown-15m-1789174800,T+2m,weekday,18-24,3.251498982433509,0.5860128032844579,VOLATILITY_PROXY_PRIOR_60M,60,42.883022109999345,False
btc-updown-15m-1789174800,T+3m,weekday,18-24,2.850398829408461,0.5444542342035105,VOLATILITY_PROXY_PRIOR_60M,60,40.462537741536394,False
btc-updown-15m-1789174800,T+5m,weekday,18-24,0.4890834124013941,0.09969431515089196,VOLATILITY_PROXY_PRIOR_60M,60,37.915903171531724,False
btc-updown-15m-1789174800,T+10m,weekday,18-24,7.836979441547868,2.3751347557173337,VOLATILITY_PROXY_PRIOR_60M,60,25.501710946802152,False
btc-updown-15m-1789174800,T-5m,weekday,18-24,0.4890834124013941,0.09969431515089196,VOLATILITY_PROXY_PRIOR_60M,60,37.915903171531724,False
btc-updown-15m-1789174800,T-3m,weekday,18-24,6.204113657293514,1.7278529197005308,VOLATILITY_PROXY_PRIOR_60M,60,27.751204661749956,False
btc-updown-15m-1789174800,T-2m,weekday,18-24,8.147508592277058,2.856244516150405,VOLATILITY_PROXY_PRIOR_60M,60,22.04643182470631,False
btc-updown-15m-1789174800,T-1m,weekday,18-24,9.130850902922635,4.521465250010221,VOLATILITY_PROXY_PRIOR_60M,60,15.607772281308025,False
btc-updown-15m-1789191000,T+1m,weekend,00-06,4.3625807151922045,0.5774855514454277,VOLATILITY_PROXY_PRIOR_60M,60,58.321805481899275,False
btc-updown-15m-1789191000,T+2m,weekend,00-06,3.367787963033605,0.4627925430265879,VOLATILITY_PROXY_PRIOR_60M,60,56.18068050527399,False
btc-updown-15m-1789191000,T+3m,weekend,00-06,3.067277652486971,0.4386996687904351,VOLATILITY_PROXY_PRIOR_60M,60,53.977702024022726,False
btc-updown-15m-1789191000,T+5m,weekend,00-06,5.41436680210825,0.8378154395830922,VOLATILITY_PROXY_PRIOR_60M,60,49.8916563542958,False
btc-updown-15m-1789191000,T+10m,weekend,00-06,4.966191942413295,1.0759610956992822,VOLATILITY_PROXY_PRIOR_60M,60,35.633258631059846,False
btc-updown-15m-1789191000,T-5m,weekend,00-06,5.41436680210825,0.8378154395830922,VOLATILITY_PROXY_PRIOR_60M,60,49.8916563542958,False
btc-updown-15m-1789191000,T-3m,weekend,00-06,6.8884216874674085,1.3711953867493971,VOLATILITY_PROXY_PRIOR_60M,60,38.783677741272086,False
btc-updown-15m-1789191000,T-2m,weekend,00-06,5.679903929963199,1.3739283296853666,VOLATILITY_PROXY_PRIOR_60M,60,31.915784144321115,False
btc-updown-15m-1789191000,T-1m,weekend,00-06,4.920856335217858,1.8445715713949702,VOLATILITY_PROXY_PRIOR_60M,60,20.595568417697685,False
btc-updown-15m-1789201800,T+1m,weekend,00-06,0.8369604855044995,0.12310220889961158,VOLATILITY_PROXY_PRIOR_60M,60,52.55795211016379,False
btc-updown-15m-1789201800,T+2m,weekend,00-06,0.8369604855044995,0.12779055369119788,VOLATILITY_PROXY_PRIOR_60M,60,50.629720375386505,False
btc-updown-15m-1789201800,T+3m,weekend,00-06,0.835666883518308,0.13303524223984461,VOLATILITY_PROXY_PRIOR_60M,60,48.558561560401365,False
btc-updown-15m-1789201800,T+5m,weekend,00-06,0.8369604855044995,0.1459897934008513,VOLATILITY_PROXY_PRIOR_60M,60,44.31816669701127,False
btc-updown-15m-1789201800,T+10m,weekend,00-06,6.118737397891521,1.467772168414581,VOLATILITY_PROXY_PRIOR_60M,60,32.225709832810196,False
btc-updown-15m-1789201800,T-5m,weekend,00-06,0.8369604855044995,0.1459897934008513,VOLATILITY_PROXY_PRIOR_60M,60,44.31816669701127,False
btc-updown-15m-1789201800,T-3m,weekend,00-06,6.11744379590533,1.339276664374624,VOLATILITY_PROXY_PRIOR_60M,60,35.31010526647998,False
btc-updown-15m-1789201800,T-2m,weekend,00-06,6.120030999877712,1.6421203730364429,VOLATILITY_PROXY_PRIOR_60M,60,28.810311824167194,False
btc-updown-15m-1789201800,T-1m,weekend,00-06,6.118737397891521,2.3218183339886607,VOLATILITY_PROXY_PRIOR_60M,60,20.37196420908007,False
btc-updown-15m-1789212600,T+1m,weekend,06-12,0.0,0.0,VOLATILITY_PROXY_PRIOR_60M,60,36.40576677672394,False
btc-updown-15m-1789212600,T+2m,weekend,06-12,0.0012937904391682779,0.0002907328128437678,VOLATILITY_PROXY_PRIOR_60M,60,34.3958423438604,False
btc-updown-15m-1789212600,T+3m,weekend,06-12,1.0001000100004729,0.2322290949906412,VOLATILITY_PROXY_PRIOR_60M,60,33.2860962159261,False
btc-updown-15m-1789212600,T+5m,weekend,06-12,0.9988062195613047,0.2541134240738651,VOLATILITY_PROXY_PRIOR_60M,60,30.380134493631207,False
btc-updown-15m-1789212600,T+10m,weekend,06-12,3.8774899482187757,1.3118024694696526,VOLATILITY_PROXY_PRIOR_60M,60,22.846427490045592,False
btc-updown-15m-1789212600,T-5m,weekend,06-12,0.9988062195613047,0.2541134240738651,VOLATILITY_PROXY_PRIOR_60M,60,30.380134493631207,False
btc-updown-15m-1789212600,T-3m,weekend,06-12,4.3316103926040626,1.3383300598884662,VOLATILITY_PROXY_PRIOR_60M,60,25.016250477693134,False
btc-updown-15m-1789212600,T-2m,weekend,06-12,4.07673367595424,1.5506497868372395,VOLATILITY_PROXY_PRIOR_60M,60,20.32051354694581,False
btc-updown-15m-1789212600,T-1m,weekend,06-12,4.178943120703132,2.256123149180106,VOLATILITY_PROXY_PRIOR_60M,60,14.316594380825798,False
btc-updown-15m-1789234200,T+1m,weekend,12-18,0.0,0.0,VOLATILITY_PROXY_PRIOR_60M,60,40.814551358010384,False
btc-updown-15m-1789234200,T+2m,weekend,12-18,0.0012938607465241801,0.0002544397616840583,VOLATILITY_PROXY_PRIOR_60M,60,39.30203333226849,False
btc-updown-15m-1789234200,T+3m,weekend,12-18,3.630573256650376,0.709336729975026,VOLATILITY_PROXY_PRIOR_60M,60,39.558081252891206,False
btc-updown-15m-1789234200,T+5m,weekend,12-18,2.3380063701949063,0.49590061686680137,VOLATILITY_PROXY_PRIOR_60M,60,36.43875281740288,False
btc-updown-15m-1789234200,T+10m,weekend,12-18,8.11380074570453,2.3781257784561434,VOLATILITY_PROXY_PRIOR_60M,60,26.369505165835736,False
btc-updown-15m-1789234200,T-5m,weekend,12-18,2.3380063701949063,0.49590061686680137,VOLATILITY_PROXY_PRIOR_60M,60,36.43875281740288,False
btc-updown-15m-1789234200,T-3m,weekend,12-18,7.332308854395355,1.9634715377464544,VOLATILITY_PROXY_PRIOR_60M,60,28.862144885000454,False
btc-updown-15m-1789234200,T-2m,weekend,12-18,8.7089766894182,2.889290108379388,VOLATILITY_PROXY_PRIOR_60M,60,23.296379897886617,False
btc-updown-15m-1789234200,T-1m,weekend,12-18,7.2275061338704125,3.3337146019382775,VOLATILITY_PROXY_PRIOR_60M,60,16.756083429434135,False
btc-updown-15m-1789245000,T+1m,weekend,12-18,0.0012954374685547206,0.0002296145964488639,VOLATILITY_PROXY_PRIOR_60M,60,43.55123824625126,False
btc-updown-15m-1789245000,T+2m,weekend,12-18,0.0012954374685547206,0.00023827938734389013,VOLATILITY_PROXY_PRIOR_60M,60,41.967541155077285,False
btc-updown-15m-1789245000,T+3m,weekend,12-18,0.3549498665706193,0.06794753489769469,VOLATILITY_PROXY_PRIOR_60M,60,40.32523040211428,False
btc-updown-15m-1789245000,T+5m,weekend,12-18,1.7799310827273154,0.36938754486477987,VOLATILITY_PROXY_PRIOR_60M,60,37.19670625341464,False
btc-updown-15m-1789245000,T+10m,weekend,12-18,3.8850169702315256,1.259753781856475,VOLATILITY_PROXY_PRIOR_60M,60,23.806239307977744,False
btc-updown-15m-1789245000,T-5m,weekend,12-18,1.7799310827273154,0.36938754486477987,VOLATILITY_PROXY_PRIOR_60M,60,37.19670625341464,False
btc-updown-15m-1789245000,T-3m,weekend,12-18,3.7088374744157133,1.0766705700997912,VOLATILITY_PROXY_PRIOR_60M,60,26.59123486337245,False
btc-updown-15m-1789245000,T-2m,weekend,12-18,3.883721532761086,1.5104592318441041,VOLATILITY_PROXY_PRIOR_60M,60,19.848268240509643,False
btc-updown-15m-1789245000,T-1m,weekend,12-18,0.35624530403917404,0.1861292663438689,VOLATILITY_PROXY_PRIOR_60M,60,14.774678125682007,False
btc-updown-15m-1789255800,T+1m,weekend,18-24,0.0,0.0,VOLATILITY_PROXY_PRIOR_60M,60,23.05867516723579,False
btc-updown-15m-1789255800,T+2m,weekend,18-24,0.0012944707323094473,0.0004618240284073293,VOLATILITY_PROXY_PRIOR_60M,60,21.65326916671668,False
btc-updown-15m-1789255800,T+3m,weekend,18-24,0.0,0.0,VOLATILITY_PROXY_PRIOR_60M,60,20.771677305486048,False
btc-updown-15m-1789255800,T+5m,weekend,18-24,0.0,0.0,VOLATILITY_PROXY_PRIOR_60M,60,18.6270777758579,False
btc-updown-15m-1789255800,T+10m,weekend,18-24,1.1689070718876342,0.6838879913063106,VOLATILITY_PROXY_PRIOR_60M,60,13.203916598609107,False
btc-updown-15m-1789255800,T-5m,weekend,18-24,0.0,0.0,VOLATILITY_PROXY_PRIOR_60M,60,18.6270777758579,False
btc-updown-15m-1789255800,T-3m,weekend,18-24,0.8621175081682968,0.46141583168052136,VOLATILITY_PROXY_PRIOR_60M,60,14.433835041447479,False
btc-updown-15m-1789255800,T-2m,weekend,18-24,0.25112732219800826,0.1626658690421109,VOLATILITY_PROXY_PRIOR_60M,60,11.926287987835664,False
btc-updown-15m-1789255800,T-1m,weekend,18-24,0.21488214167450673,0.19684245028106032,VOLATILITY_PROXY_PRIOR_60M,60,8.433140298846714,False
btc-updown-15m-1789299000,T+1m,weekend,06-12,0.9991422507243052,0.09004693122256574,VOLATILITY_PROXY_PRIOR_60M,60,85.06675237000577,False
btc-updown-15m-1789299000,T+2m,weekend,06-12,1.0004466139771202,0.0938706863121198,VOLATILITY_PROXY_PRIOR_60M,60,81.7081487451314,False
btc-updown-15m-1789299000,T+3m,weekend,06-12,0.9991422507243052,0.09759973744994586,VOLATILITY_PROXY_PRIOR_60M,60,78.48381768360166,False
btc-updown-15m-1789299000,T+5m,weekend,06-12,3.4239535354505066,0.3679259752022143,VOLATILITY_PROXY_PRIOR_60M,60,71.3458732713091,False
btc-updown-15m-1789299000,T+10m,weekend,06-12,12.711019886845397,1.8740737125610778,VOLATILITY_PROXY_PRIOR_60M,60,51.99902188843901,False
btc-updown-15m-1789299000,T-5m,weekend,06-12,3.4239535354505066,0.3679259752022143,VOLATILITY_PROXY_PRIOR_60M,60,71.3458732713091,False
btc-updown-15m-1789299000,T-3m,weekend,06-12,12.03275099601178,1.620381261402223,VOLATILITY_PROXY_PRIOR_60M,60,56.931045919507845,False
btc-updown-15m-1789299000,T-2m,weekend,06-12,16.110190520515197,2.6465339833374553,VOLATILITY_PROXY_PRIOR_60M,60,46.668586452177344,False
btc-updown-15m-1789299000,T-1m,weekend,06-12,13.609726167197856,3.1650250314882022,VOLATILITY_PROXY_PRIOR_60M,60,32.96656391717387,False
btc-updown-15m-1789309800,T+1m,weekend,06-12,0.6678769721329539,0.07883167909541473,VOLATILITY_PROXY_PRIOR_60M,60,65.3290664246898,False
btc-updown-15m-1789309800,T+2m,weekend,06-12,0.19323042494810191,0.02373018260965928,VOLATILITY_PROXY_PRIOR_60M,60,62.789234474695526,False
btc-updown-15m-1789309800,T+3m,weekend,06-12,1.3850341868724394,0.17701315658404473,VOLATILITY_PROXY_PRIOR_60M,60,60.33449832830234,False
btc-updown-15m-1789309800,T+5m,weekend,06-12,0.1971209704148038,0.027089807722737183,VOLATILITY_PROXY_PRIOR_60M,60,56.109663661944225,False
btc-updown-15m-1789309800,T+10m,weekend,06-12,12.174813620177805,2.2891026262194916,VOLATILITY_PROXY_PRIOR_60M,60,41.01170429175985,False
btc-updown-15m-1789309800,T-5m,weekend,06-12,0.1971209704148038,0.027089807722737183,VOLATILITY_PROXY_PRIOR_60M,60,56.109663661944225,False
btc-updown-15m-1789309800,T-3m,weekend,06-12,12.788222955748623,2.203942957344219,VOLATILITY_PROXY_PRIOR_60M,60,44.742537310868954,False
btc-updown-15m-1789309800,T-2m,weekend,06-12,6.536116387484419,1.2934759523542676,VOLATILITY_PROXY_PRIOR_60M,60,38.96477542413929,False
btc-updown-15m-1789309800,T-1m,weekend,06-12,10.374787916640136,2.8067052503816763,VOLATILITY_PROXY_PRIOR_60M,60,28.503171107518686,False
btc-updown-15m-1789320600,T+1m,weekend,12-18,0.0,0.0,VOLATILITY_PROXY_PRIOR_60M,60,62.333987894810114,False
btc-updown-15m-1789320600,T+2m,weekend,12-18,3.958499402733049,0.49590269755410293,VOLATILITY_PROXY_PRIOR_60M,60,61.70565344962126,False
btc-updown-15m-1789320600,T+3m,weekend,12-18,3.512197999484196,0.46046306435334533,VOLATILITY_PROXY_PRIOR_60M,60,58.96238396045301,False
btc-updown-15m-1789320600,T+5m,weekend,12-18,6.813534756271343,0.9659865889351392,VOLATILITY_PROXY_PRIOR_60M,60,54.52456649326708,False
btc-updown-15m-1789320600,T+10m,weekend,12-18,3.624743570737747,0.7157264261656416,VOLATILITY_PROXY_PRIOR_60M,60,39.14903652519233,False
btc-updown-15m-1789320600,T-5m,weekend,12-18,6.813534756271343,0.9659865889351392,VOLATILITY_PROXY_PRIOR_60M,60,54.52456649326708,False
btc-updown-15m-1789320600,T-3m,weekend,12-18,3.624743570737747,0.6531292617644169,VOLATILITY_PROXY_PRIOR_60M,60,42.90115546853398,False
btc-updown-15m-1789320600,T-2m,weekend,12-18,3.6234499434826297,0.825712861489515,VOLATILITY_PROXY_PRIOR_60M,60,33.92220383909448,False
btc-updown-15m-1789320600,T-1m,weekend,12-18,3.624743570737747,1.1948177777446294,VOLATILITY_PROXY_PRIOR_60M,60,23.451274765006755,False
btc-updown-15m-1789331400,T+1m,weekend,12-18,0.0,0.0,VOLATILITY_PROXY_PRIOR_60M,60,30.121267947328647,False
btc-updown-15m-1789331400,T+2m,weekend,12-18,2.021312104427043,0.5667160934704152,VOLATILITY_PROXY_PRIOR_60M,60,27.579947314167114,False
btc-updown-15m-1789331400,T+3m,weekend,12-18,4.632335225884148,1.2892843917913483,VOLATILITY_PROXY_PRIOR_60M,60,27.78285398323811,False
btc-updown-15m-1789331400,T+5m,weekend,12-18,4.632335225884148,1.4449732176020962,VOLATILITY_PROXY_PRIOR_60M,60,24.789386795313444,False
btc-updown-15m-1789331400,T+10m,weekend,12-18,2.0859734001521746,0.7354582762331858,VOLATILITY_PROXY_PRIOR_60M,60,21.931903578002427,False
btc-updown-15m-1789331400,T-5m,weekend,12-18,4.632335225884148,1.4449732176020962,VOLATILITY_PROXY_PRIOR_60M,60,24.789386795313444,False
btc-updown-15m-1789331400,T-3m,weekend,12-18,2.5877450549944014,0.8334429868188256,VOLATILITY_PROXY_PRIOR_60M,60,24.00884081629995,False
btc-updown-15m-1789331400,T-2m,weekend,12-18,3.1037421948966464,1.2150279015487406,VOLATILITY_PROXY_PRIOR_60M,60,19.752632815598965,False
btc-updown-15m-1789331400,T-1m,weekend,12-18,2.7170676464484282,1.5037108129604564,VOLATILITY_PROXY_PRIOR_60M,60,13.97210142994913,False
btc-updown-15m-1789342200,T+1m,weekend,18-24,12.271996328563874,0.7281216970290055,VOLATILITY_PROXY_PRIOR_60M,60,129.3465094973557,False
btc-updown-15m-1789342200,T+2m,weekend,18-24,11.839388260919552,0.7289708273929423,VOLATILITY_PROXY_PRIOR_60M,60,124.64147615474285,False
btc-updown-15m-1789342200,T+3m,weekend,18-24,11.254324940519043,0.7456767289520665,VOLATILITY_PROXY_PRIOR_60M,60,115.82767256445705,False
btc-updown-15m-1789342200,T+5m,weekend,18-24,12.145601802775786,0.9559417410718634,VOLATILITY_PROXY_PRIOR_60M,60,97.5059420414876,False
btc-updown-15m-1789342200,T+10m,weekend,18-24,5.794602641020283,0.6142623872222042,VOLATILITY_PROXY_PRIOR_60M,60,72.39577243383212,False
btc-updown-15m-1789342200,T-5m,weekend,18-24,12.145601802775786,0.9559417410718634,VOLATILITY_PROXY_PRIOR_60M,60,97.5059420414876,False
btc-updown-15m-1789342200,T-3m,weekend,18-24,13.465577623633914,1.3365622293333634,VOLATILITY_PROXY_PRIOR_60M,60,77.3177617412841,False
btc-updown-15m-1789342200,T-2m,weekend,18-24,8.102280013910306,0.9608563376865528,VOLATILITY_PROXY_PRIOR_60M,60,64.71310804870515,False
btc-updown-15m-1789342200,T-1m,weekend,18-24,10.744837728321855,1.832762492566564,VOLATILITY_PROXY_PRIOR_60M,60,44.99219093277957,False
btc-updown-15m-1789353000,T+1m,weekend,18-24,9.020559886056137,0.3843291884179168,VOLATILITY_PROXY_PRIOR_60M,60,181.97941272140778,False
btc-updown-15m-1789353000,T+2m,weekend,18-24,11.498182925965008,0.5105043484702768,VOLATILITY_PROXY_PRIOR_60M,60,174.63122550695527,False
btc-updown-15m-1789353000,T+3m,weekend,18-24,10.088478614347224,0.4693011826070068,VOLATILITY_PROXY_PRIOR_60M,60,166.67334943731146,False
btc-updown-15m-1789353000,T+5m,weekend,18-24,8.762608502411364,0.4795948570320336,VOLATILITY_PROXY_PRIOR_60M,60,141.66123552790697,False
btc-updown-15m-1789353000,T+10m,weekend,18-24,9.688653969698953,0.7322576306560828,VOLATILITY_PROXY_PRIOR_60M,60,102.58684492328803,False
btc-updown-15m-1789353000,T-5m,weekend,18-24,8.762608502411364,0.4795948570320336,VOLATILITY_PROXY_PRIOR_60M,60,141.66123552790697,False
btc-updown-15m-1789353000,T-3m,weekend,18-24,9.579024631649174,0.6533695644302883,VOLATILITY_PROXY_PRIOR_60M,60,113.67226764651105,False
btc-updown-15m-1789353000,T-2m,weekend,18-24,11.397581886345575,0.9611266971385775,VOLATILITY_PROXY_PRIOR_60M,60,91.94417371102169,False
btc-updown-15m-1789353000,T-1m,weekend,18-24,3.905383948381714,0.4908334094007234,VOLATILITY_PROXY_PRIOR_60M,60,61.69099213716687,False
btc-updown-15m-1789369200,T+1m,weekday,00-06,6.329166943216068,0.3593238609993588,VOLATILITY_PROXY_PRIOR_60M,60,136.67336163931571,False
btc-updown-15m-1789369200,T+2m,weekday,00-06,2.8971629583295018,0.16721391671600697,VOLATILITY_PROXY_PRIOR_60M,60,134.43857091267168,False
btc-updown-15m-1789369200,T+3m,weekday,00-06,9.390004143407065,0.5563803772866012,VOLATILITY_PROXY_PRIOR_60M,60,130.95357596062223,False
btc-updown-15m-1789369200,T+5m,weekday,00-06,14.712638937844835,0.9653488418151714,VOLATILITY_PROXY_PRIOR_60M,60,118.25776864801057,False
btc-updown-15m-1789369200,T+10m,weekday,00-06,6.0379041191143585,0.5661378115803456,VOLATILITY_PROXY_PRIOR_60M,60,82.75370244080037,False
btc-updown-15m-1789369200,T-5m,weekday,00-06,14.712638937844835,0.9653488418151714,VOLATILITY_PROXY_PRIOR_60M,60,118.25776864801057,False
btc-updown-15m-1789369200,T-3m,weekday,00-06,5.008174046291533,0.42563435990911136,VOLATILITY_PROXY_PRIOR_60M,60,91.2990201455978,False
btc-updown-15m-1789369200,T-2m,weekday,00-06,5.037815838126312,0.5311472999349228,VOLATILITY_PROXY_PRIOR_60M,60,73.5954037699155,False
btc-updown-15m-1789369200,T-1m,weekday,00-06,9.130960658254732,1.4346212256255368,VOLATILITY_PROXY_PRIOR_60M,60,49.385857907625166,False
btc-updown-15m-1789390800,T+1m,weekday,06-12,0.5148136998618111,0.026965703266447198,VOLATILITY_PROXY_PRIOR_60M,60,148.33657258911944,False
btc-updown-15m-1789390800,T+2m,weekday,06-12,4.377203483074375,0.24125247455866483,VOLATILITY_PROXY_PRIOR_60M,60,140.97264727423396,False
btc-updown-15m-1789390800,T+3m,weekday,06-12,8.677184911170603,0.4965243447804318,VOLATILITY_PROXY_PRIOR_60M,60,135.78387587382463,False
btc-updown-15m-1789390800,T+5m,weekday,06-12,7.979612347858073,0.49210903149964885,VOLATILITY_PROXY_PRIOR_60M,60,125.98834004541987,False
btc-updown-15m-1789390800,T+10m,weekday,06-12,15.448272098603148,1.2157771891412001,VOLATILITY_PROXY_PRIOR_60M,60,98.72697158003561,False
btc-updown-15m-1789390800,T-5m,weekday,06-12,7.979612347858073,0.49210903149964885,VOLATILITY_PROXY_PRIOR_60M,60,125.98834004541987,False
btc-updown-15m-1789390800,T-3m,weekday,06-12,27.80122682678678,2.094171223710871,VOLATILITY_PROXY_PRIOR_60M,60,103.1482037162296,False
btc-updown-15m-1789390800,T-2m,weekday,06-12,2.3166616493781502,0.19460819286658074,VOLATILITY_PROXY_PRIOR_60M,60,92.49353655085025,False
btc-updown-15m-1789390800,T-1m,weekday,06-12,0.7735075840416971,0.09177244199559309,VOLATILITY_PROXY_PRIOR_60M,60,65.48806885059636,False
btc-updown-15m-1789434000,T+1m,weekday,18-24,7.700800983362504,0.5810110988145891,VOLATILITY_PROXY_PRIOR_60M,60,103.31988514931187,False
btc-updown-15m-1789434000,T+2m,weekday,18-24,8.975929448705342,0.7105285533194573,VOLATILITY_PROXY_PRIOR_60M,60,98.47598618394684,False
btc-updown-15m-1789434000,T+3m,weekday,18-24,10.782147637040502,0.8878357714820041,VOLATILITY_PROXY_PRIOR_60M,60,94.66840906814262,False
btc-updown-15m-1789434000,T+5m,weekday,18-24,15.613268160669762,1.425611964737113,VOLATILITY_PROXY_PRIOR_60M,60,85.373862601129,False
btc-updown-15m-1789434000,T+10m,weekday,18-24,24.07093614056578,3.2717703075142617,VOLATILITY_PROXY_PRIOR_60M,60,57.35121428574842,False
btc-updown-15m-1789434000,T-5m,weekday,18-24,15.613268160669762,1.425611964737113,VOLATILITY_PROXY_PRIOR_60M,60,85.373862601129,False
btc-updown-15m-1789434000,T-3m,weekday,18-24,18.917826437054593,2.274645629790585,VOLATILITY_PROXY_PRIOR_60M,60,64.832076728173,False
btc-updown-15m-1789434000,T-2m,weekday,18-24,19.031997899243304,2.8524591564950255,VOLATILITY_PROXY_PRIOR_60M,60,52.011261813222305,False
btc-updown-15m-1789434000,T-1m,weekday,18-24,13.093799040009458,2.8751246862899857,VOLATILITY_PROXY_PRIOR_60M,60,35.50106904466182,False
btc-updown-15m-1789455600,T+1m,weekday,00-06,4.095141854936772,0.3865560677065265,VOLATILITY_PROXY_PRIOR_60M,60,81.87686766314808,False
btc-updown-15m-1789455600,T+2m,weekday,00-06,0.78797516260838,0.0798696906133842,VOLATILITY_PROXY_PRIOR_60M,60,76.24919983070491,False
btc-updown-15m-1789455600,T+3m,weekday,00-06,4.174068759565975,0.4389494655621401,VOLATILITY_PROXY_PRIOR_60M,60,73.49365366849469,False
btc-updown-15m-1789455600,T+5m,weekday,00-06,2.1064426350198464,0.23790482111532815,VOLATILITY_PROXY_PRIOR_60M,60,68.43072756439369,False
btc-updown-15m-1789455600,T+10m,weekday,00-06,2.7003352452615186,0.38246572736365503,VOLATILITY_PROXY_PRIOR_60M,60,54.56698079551527,False
btc-updown-15m-1789455600,T-5m,weekday,00-06,2.1064426350198464,0.23790482111532815,VOLATILITY_PROXY_PRIOR_60M,60,68.43072756439369,False
btc-updown-15m-1789455600,T-3m,weekday,00-06,11.923138133727303,1.6889627787845132,VOLATILITY_PROXY_PRIOR_60M,60,54.56011296253153,False
btc-updown-15m-1789455600,T-2m,weekday,00-06,6.562578037359748,1.0316828258274489,VOLATILITY_PROXY_PRIOR_60M,60,49.162396358902065,False
btc-updown-15m-1789455600,T-1m,weekday,00-06,10.862153514123012,2.4784460301768863,VOLATILITY_PROXY_PRIOR_60M,60,33.8720306909429,False
btc-updown-15m-1789498800,T+1m,weekday,12-18,0.8513157894738373,0.013849264040917011,VOLATILITY_PROXY_PRIOR_60M,60,467.17283899605405,False
btc-updown-15m-1789498800,T+2m,weekday,12-18,18.69210526315759,0.314373949397282,VOLATILITY_PROXY_PRIOR_60M,60,451.88222584077084,False
btc-updown-15m-1789498800,T+3m,weekday,12-18,0.7907894736835211,0.013656933219035782,VOLATILITY_PROXY_PRIOR_60M,60,440.0695166040421,False
btc-updown-15m-1789498800,T+5m,weekday,12-18,14.734210526315254,0.2751864973250084,VOLATILITY_PROXY_PRIOR_60M,60,406.92403547599287,False
btc-updown-15m-1789498800,T+10m,weekday,12-18,2.9368421052640765,0.07678408614793106,VOLATILITY_PROXY_PRIOR_60M,60,290.68523335689133,False
btc-updown-15m-1789498800,T-5m,weekday,12-18,14.734210526315254,0.2751864973250084,VOLATILITY_PROXY_PRIOR_60M,60,406.92403547599287,False
btc-updown-15m-1789498800,T-3m,weekday,12-18,1.8157894736845934,0.04334338548068912,VOLATILITY_PROXY_PRIOR_60M,60,318.38768123342044,False
btc-updown-15m-1789498800,T-2m,weekday,12-18,9.58947368421114,0.27955205696629015,VOLATILITY_PROXY_PRIOR_60M,60,260.7027857026032,False
btc-updown-15m-1789498800,T-1m,weekday,12-18,2.8276315789480577,0.11662232018532415,VOLATILITY_PROXY_PRIOR_60M,60,184.27004338325244,False
btc-updown-15m-1789563600,T+1m,weekday,06-12,9.251264907759023,0.46982185629177325,VOLATILITY_PROXY_PRIOR_60M,60,149.5886133410381,False
btc-updown-15m-1789563600,T+2m,weekday,06-12,19.21598820766621,1.0023648716069984,VOLATILITY_PROXY_PRIOR_60M,60,145.63559052700472,False
btc-updown-15m-1789563600,T+3m,weekday,06-12,22.113261124850773,1.2040459623357207,VOLATILITY_PROXY_PRIOR_60M,60,139.5212518915163,False
btc-updown-15m-1789563600,T+5m,weekday,06-12,29.48347060387019,1.7501905081759355,VOLATILITY_PROXY_PRIOR_60M,60,127.97463987702943,False
btc-updown-15m-1789563600,T+10m,weekday,06-12,29.459776413724107,2.5384861182545286,VOLATILITY_PROXY_PRIOR_60M,60,88.16278268793076,False
btc-updown-15m-1789563600,T-5m,weekday,06-12,29.48347060387019,1.7501905081759355,VOLATILITY_PROXY_PRIOR_60M,60,127.97463987702943,False
btc-updown-15m-1789563600,T-3m,weekday,06-12,28.694980609596914,2.256986478077397,VOLATILITY_PROXY_PRIOR_60M,60,96.58453965825215,False
btc-updown-15m-1789563600,T-2m,weekday,06-12,37.22225637403386,3.572350617954391,VOLATILITY_PROXY_PRIOR_60M,60,79.1551642716203,False
btc-updown-15m-1789563600,T-1m,weekday,06-12,34.58298686065027,4.671703741913079,VOLATILITY_PROXY_PRIOR_60M,60,56.23644274420886,False
btc-updown-15m-1789585200,T+1m,weekday,12-18,43.925851491432354,0.6157073337279046,VOLATILITY_PROXY_PRIOR_60M,60,539.574537773521,False
btc-updown-15m-1789585200,T+2m,weekday,12-18,47.41643748677747,0.6978793976794859,VOLATILITY_PROXY_PRIOR_60M,60,513.871022976807,False
btc-updown-15m-1789585200,T+3m,weekday,12-18,49.82679289189838,0.7761149580446466,VOLATILITY_PROXY_PRIOR_60M,60,485.55951163400624,False
btc-updown-15m-1789585200,T+5m,weekday,12-18,55.79781045060223,0.955459756682822,VOLATILITY_PROXY_PRIOR_60M,60,441.68265282583405,False
btc-updown-15m-1789585200,T+10m,weekday,12-18,39.93018828009308,1.0312141677227231,VOLATILITY_PROXY_PRIOR_60M,60,292.858660647497,False
btc-updown-15m-1789585200,T-5m,weekday,12-18,55.79781045060223,0.955459756682822,VOLATILITY_PROXY_PRIOR_60M,60,441.68265282583405,False
btc-updown-15m-1789585200,T-3m,weekday,12-18,49.1868521260835,1.1449288585624102,VOLATILITY_PROXY_PRIOR_60M,60,324.91975131720943,False
btc-updown-15m-1789585200,T-2m,weekday,12-18,21.713031521049444,0.6243716206462936,VOLATILITY_PROXY_PRIOR_60M,60,263.01643855948373,False
btc-updown-15m-1789585200,T-1m,weekday,12-18,22.08456737888709,0.9009799628796579,VOLATILITY_PROXY_PRIOR_60M,60,185.3870306573163,False
btc-updown-15m-1789606800,T+1m,weekday,18-24,11.067190776547044,0.592370429639399,VOLATILITY_PROXY_PRIOR_60M,60,142.6303471147908,False
btc-updown-15m-1789606800,T+2m,weekday,18-24,15.033512669242164,0.8326402522909756,VOLATILITY_PROXY_PRIOR_60M,60,137.83864001796587,False
btc-updown-15m-1789606800,T+3m,weekday,18-24,14.5239686744409,0.8371370079627458,VOLATILITY_PROXY_PRIOR_60M,60,132.4514373935539,False
btc-updown-15m-1789606800,T+5m,weekday,18-24,14.305218424744922,0.9052093191579159,VOLATILITY_PROXY_PRIOR_60M,60,120.64612867839296,False
btc-updown-15m-1789606800,T+10m,weekday,18-24,9.79267584867687,0.8290467583847452,VOLATILITY_PROXY_PRIOR_60M,60,90.17585467153421,False
btc-updown-15m-1789606800,T-5m,weekday,18-24,14.305218424744922,0.9052093191579159,VOLATILITY_PROXY_PRIOR_60M,60,120.64612867839296,False
btc-updown-15m-1789606800,T-3m,weekday,18-24,4.292482444638054,0.3315178622654763,VOLATILITY_PROXY_PRIOR_60M,60,98.84836906242529,False
btc-updown-15m-1789606800,T-2m,weekday,18-24,14.246273746683453,1.3418647474787553,VOLATILITY_PROXY_PRIOR_60M,60,81.05138778282961,False
btc-updown-15m-1789606800,T-1m,weekday,18-24,13.473443523204695,1.9146740713888044,VOLATILITY_PROXY_PRIOR_60M,60,53.72193708425336,False
btc-updown-15m-1789628400,T+1m,weekday,00-06,2.9498891503309372,0.2672097076121445,VOLATILITY_PROXY_PRIOR_60M,60,84.42807037812999,False
btc-updown-15m-1789628400,T+2m,weekday,00-06,6.612406663664516,0.6169664533543562,VOLATILITY_PROXY_PRIOR_60M,60,81.9655586216484,False
btc-updown-15m-1789628400,T+3m,weekday,00-06,7.39433650049824,0.7180116612514561,VOLATILITY_PROXY_PRIOR_60M,60,78.75916653141715,False
btc-updown-15m-1789628400,T+5m,weekday,00-06,12.363121416836323,1.3377744566806522,VOLATILITY_PROXY_PRIOR_60M,60,70.67708575824115,False
btc-updown-15m-1789628400,T+10m,weekday,00-06,20.9290450976069,2.929387188982298,VOLATILITY_PROXY_PRIOR_60M,60,54.63941420990658,False
btc-updown-15m-1789628400,T-5m,weekday,00-06,12.363121416836323,1.3377744566806522,VOLATILITY_PROXY_PRIOR_60M,60,70.67708575824115,False
btc-updown-15m-1789628400,T-3m,weekday,00-06,22.101939852858433,2.798471982895739,VOLATILITY_PROXY_PRIOR_60M,60,60.400819101677705,False
btc-updown-15m-1789628400,T-2m,weekday,00-06,25.43887119667339,3.929378881343385,VOLATILITY_PROXY_PRIOR_60M,60,49.511641884095866,False
btc-updown-15m-1789628400,T-1m,weekday,00-06,17.33190633317441,3.649712426910981,VOLATILITY_PROXY_PRIOR_60M,60,36.317929879256184,False
btc-updown-15m-1789671600,T+1m,weekday,12-18,2.120770017116427,0.15569532070150596,VOLATILITY_PROXY_PRIOR_60M,60,104.30628182542165,False
btc-updown-15m-1789671600,T+2m,weekday,12-18,2.0593930523370614,0.15545232317793006,VOLATILITY_PROXY_PRIOR_60M,60,101.44589464870074,False
btc-updown-15m-1789671600,T+3m,weekday,12-18,3.4031568131823184,0.26227916940752294,VOLATILITY_PROXY_PRIOR_60M,60,99.35977782324865,False
btc-updown-15m-1789671600,T+5m,weekday,12-18,1.198809652532337,0.10141280644726745,VOLATILITY_PROXY_PRIOR_60M,60,90.52111189494025,False
btc-updown-15m-1789671600,T+10m,weekday,12-18,2.0580871594700625,0.24541781049039088,VOLATILITY_PROXY_PRIOR_60M,60,64.2170181883616,False
btc-updown-15m-1789671600,T-5m,weekday,12-18,1.198809652532337,0.10141280644726745,VOLATILITY_PROXY_PRIOR_60M,60,90.52111189494025,False
btc-updown-15m-1789671600,T-3m,weekday,12-18,3.139366453909764,0.3449770115500178,VOLATILITY_PROXY_PRIOR_60M,60,69.68580280749538,False
btc-updown-15m-1789671600,T-2m,weekday,12-18,0.5171335756034142,0.06880760581185108,VOLATILITY_PROXY_PRIOR_60M,60,57.55177720955307,False
btc-updown-15m-1789671600,T-1m,weekday,12-18,0.5171335756034142,0.0981020894311627,VOLATILITY_PROXY_PRIOR_60M,60,40.36611271959806,False
btc-updown-15m-1789714800,T+1m,weekday,00-06,3.71501468996466,0.22585426586747623,VOLATILITY_PROXY_PRIOR_60M,60,127.64868482456838,False
btc-updown-15m-1789714800,T+2m,weekday,00-06,2.2485954332247164,0.14193915695190243,VOLATILITY_PROXY_PRIOR_60M,60,122.94000031231836,False
btc-updown-15m-1789714800,T+3m,weekday,00-06,5.499716509457375,0.3632881059811633,VOLATILITY_PROXY_PRIOR_60M,60,117.48251400833365,False
btc-updown-15m-1789714800,T+5m,weekday,00-06,8.667079016544864,0.624143379972177,VOLATILITY_PROXY_PRIOR_60M,60,107.76370006999525,False
btc-updown-15m-1789714800,T+10m,weekday,00-06,3.1042214318845045,0.2884141963675321,VOLATILITY_PROXY_PRIOR_60M,60,83.52570817733995,False
btc-updown-15m-1789714800,T-5m,weekday,00-06,8.667079016544864,0.624143379972177,VOLATILITY_PROXY_PRIOR_60M,60,107.76370006999525,False
btc-updown-15m-1789714800,T-3m,weekday,00-06,2.577186742951394,0.21848032053578834,VOLATILITY_PROXY_PRIOR_60M,60,91.54142556617077,False
btc-updown-15m-1789714800,T-2m,weekday,00-06,3.6080614401319524,0.37572514624168035,VOLATILITY_PROXY_PRIOR_60M,60,74.52256065392376,False
btc-updown-15m-1789714800,T-1m,weekday,00-06,10.241740116488316,1.5233139466623677,VOLATILITY_PROXY_PRIOR_60M,60,52.17571871782523,False
btc-updown-15m-1789736400,T+1m,weekday,06-12,11.593691268489584,0.7834336527031562,VOLATILITY_PROXY_PRIOR_60M,60,115.38353435889867,False
btc-updown-15m-1789736400,T+2m,weekday,06-12,10.335505762662564,0.7242998091542046,VOLATILITY_PROXY_PRIOR_60M,60,111.25965072209918,False
btc-updown-15m-1789736400,T+3m,weekday,06-12,2.638899013979699,0.18705212659854484,VOLATILITY_PROXY_PRIOR_60M,60,109.99791426453204,False
btc-updown-15m-1789736400,T+5m,weekday,06-12,8.689988939039447,0.7114628864483428,VOLATILITY_PROXY_PRIOR_60M,60,95.23384153292395,False
btc-updown-15m-1789736400,T+10m,weekday,06-12,9.051669176188945,1.0855353746958492,VOLATILITY_PROXY_PRIOR_60M,60,65.01431959723955,False
btc-updown-15m-1789736400,T-5m,weekday,06-12,8.689988939039447,0.7114628864483428,VOLATILITY_PROXY_PRIOR_60M,60,95.23384153292395,False
btc-updown-15m-1789736400,T-3m,weekday,06-12,10.495825016717793,1.141633540399025,VOLATILITY_PROXY_PRIOR_60M,60,71.6826730195547,False
btc-updown-15m-1789736400,T-2m,weekday,06-12,10.078994956174194,1.3529608100797021,VOLATILITY_PROXY_PRIOR_60M,60,58.08397641610216,False
btc-updown-15m-1789736400,T-1m,weekday,06-12,5.461800439383537,1.0437003697019263,VOLATILITY_PROXY_PRIOR_60M,60,40.80226952179961,False
btc-updown-15m-1789779600,T+1m,weekday,18-24,6.068399531866037,0.3264032676081534,VOLATILITY_PROXY_PRIOR_60M,60,151.83671524849552,False
btc-updown-15m-1789779600,T+2m,weekday,18-24,2.0864715097450217,0.11535378562309176,VOLATILITY_PROXY_PRIOR_60M,60,147.719469352053,False
btc-updown-15m-1789779600,T+3m,weekday,18-24,4.077435520806421,0.23513327739761167,VOLATILITY_PROXY_PRIOR_60M,60,141.62180856983687,False
btc-updown-15m-1789779600,T+5m,weekday,18-24,21.10593275439406,1.2478921675470886,VOLATILITY_PROXY_PRIOR_60M,60,138.1289220997463,False
btc-updown-15m-1789779600,T+10m,weekday,18-24,32.34520622150405,2.6638718750829624,VOLATILITY_PROXY_PRIOR_60M,60,99.16392844222737,False
btc-updown-15m-1789779600,T-5m,weekday,18-24,21.10593275439406,1.2478921675470886,VOLATILITY_PROXY_PRIOR_60M,60,138.1289220997463,False
btc-updown-15m-1789779600,T-3m,weekday,18-24,29.262028251117613,2.2077646801839195,VOLATILITY_PROXY_PRIOR_60M,60,108.24523199641347,False
btc-updown-15m-1789779600,T-2m,weekday,18-24,38.28381351156693,3.5244743545598802,VOLATILITY_PROXY_PRIOR_60M,60,88.71110087536229,False
btc-updown-15m-1789779600,T-1m,weekday,18-24,35.6279703750434,4.638736433096999,VOLATILITY_PROXY_PRIOR_60M,60,62.72613333319703,False
btc-updown-15m-1789795800,T+1m,weekend,00-06,0.9028864242893944,0.08667454156123311,VOLATILITY_PROXY_PRIOR_60M,60,84.45386463146866,False
btc-updown-15m-1789795800,T+2m,weekend,00-06,0.6598964986268997,0.0670706429775924,VOLATILITY_PROXY_PRIOR_60M,60,79.76664249056327,False
btc-updown-15m-1789795800,T+3m,weekend,00-06,0.6549626930304845,0.06957605585645837,VOLATILITY_PROXY_PRIOR_60M,60,76.31935921989066,False
btc-updown-15m-1789795800,T+5m,weekend,00-06,1.9846233014753194,0.2366227334863991,VOLATILITY_PROXY_PRIOR_60M,60,67.99853827621068,False
btc-updown-15m-1789795800,T+10m,weekend,00-06,5.122523661298049,0.887592811003608,VOLATILITY_PROXY_PRIOR_60M,60,46.78947315159138,False
btc-updown-15m-1789795800,T-5m,weekend,00-06,1.9846233014753194,0.2366227334863991,VOLATILITY_PROXY_PRIOR_60M,60,67.99853827621068,False
btc-updown-15m-1789795800,T-3m,weekend,00-06,5.265604023615633,0.8243781075559685,VOLATILITY_PROXY_PRIOR_60M,60,51.78449016137838,False
btc-updown-15m-1789795800,T-2m,weekend,00-06,0.24792373126070488,0.04621427998485806,VOLATILITY_PROXY_PRIOR_60M,60,43.49305021451989,False
btc-updown-15m-1789795800,T-1m,weekend,00-06,3.6164795027521977,1.003175675361264,VOLATILITY_PROXY_PRIOR_60M,60,29.227183952051327,False
btc-updown-15m-1789806600,T+1m,weekend,00-06,0.24600851189451156,0.021576526595488272,VOLATILITY_PROXY_PRIOR_60M,60,92.69332536675329,False
btc-updown-15m-1789806600,T+2m,weekend,00-06,0.24477846933568337,0.0226540534759137,VOLATILITY_PROXY_PRIOR_60M,60,87.84299914013408,False
btc-updown-15m-1789806600,T+3m,weekend,00-06,1.2976949002439064,0.12487803193316874,VOLATILITY_PROXY_PRIOR_60M,60,84.48243327256293,False
btc-updown-15m-1789806600,T+5m,weekend,00-06,3.19811065462865,0.3383546231307389,VOLATILITY_PROXY_PRIOR_60M,60,76.84245528973814,False
btc-updown-15m-1789806600,T+10m,weekend,00-06,5.9890772220721695,0.9106460623145121,VOLATILITY_PROXY_PRIOR_60M,60,53.467534770041254,False
btc-updown-15m-1789806600,T-5m,weekend,00-06,3.19811065462865,0.3383546231307389,VOLATILITY_PROXY_PRIOR_60M,60,76.84245528973814,False
btc-updown-15m-1789806600,T-3m,weekend,00-06,4.429383256660036,0.6154436405912882,VOLATILITY_PROXY_PRIOR_60M,60,58.51063789593814,False
btc-updown-15m-1789806600,T-2m,weekend,00-06,3.2030308248657526,0.5402153293189403,VOLATILITY_PROXY_PRIOR_60M,60,48.20300089007603,False
btc-updown-15m-1789806600,T-1m,weekend,00-06,5.167408792343571,1.2310420332791316,VOLATILITY_PROXY_PRIOR_60M,60,34.125560999808066,False
btc-updown-15m-1789817400,T+1m,weekend,06-12,0.8613052465793878,0.09067321494171719,VOLATILITY_PROXY_PRIOR_60M,60,77.20030666718337,False
btc-updown-15m-1789817400,T+2m,weekend,06-12,1.2304360665419825,0.13383595181380392,VOLATILITY_PROXY_PRIOR_60M,60,74.71833886542132,False
btc-updown-15m-1789817400,T+3m,weekend,06-12,0.9314401023731402,0.10698092392572973,VOLATILITY_PROXY_PRIOR_60M,60,70.76027876953437,False
btc-updown-15m-1789817400,T+5m,weekend,06-12,3.72576040948898,0.46361431006232706,VOLATILITY_PROXY_PRIOR_60M,60,65.31291063023502,False
btc-updown-15m-1789817400,T+10m,weekend,06-12,0.2460872133083965,0.04416862277796001,VOLATILITY_PROXY_PRIOR_60M,60,45.28101340298057,False
btc-updown-15m-1789817400,T-5m,weekend,06-12,3.72576040948898,0.46361431006232706,VOLATILITY_PROXY_PRIOR_60M,60,65.31291063023502,False
btc-updown-15m-1789817400,T-3m,weekend,06-12,0.2448567772424991,0.04009700522985182,VOLATILITY_PROXY_PRIOR_60M,60,49.62964163028573,False
btc-updown-15m-1789817400,T-2m,weekend,06-12,2.3292154739631132,0.4649406547331801,VOLATILITY_PROXY_PRIOR_60M,60,40.7148736237242,False
btc-updown-15m-1789817400,T-1m,weekend,06-12,3.156068510679469,0.8801789262456072,VOLATILITY_PROXY_PRIOR_60M,60,29.141802007693993,False
btc-updown-15m-1789839000,T+1m,weekend,12-18,3.4339812806321866,0.28062677360748767,VOLATILITY_PROXY_PRIOR_60M,60,99.77665224189751,False
btc-updown-15m-1789839000,T+2m,weekend,12-18,1.7182170622013908,0.14387190528762894,VOLATILITY_PROXY_PRIOR_60M,60,97.37828919402955,False
btc-updown-15m-1789839000,T+3m,weekend,12-18,2.2075593946921197,0.19406778495980367,VOLATILITY_PROXY_PRIOR_60M,60,92.75109727113262,False
btc-updown-15m-1789839000,T+5m,weekend,12-18,0.9308542114298669,0.08973642416598225,VOLATILITY_PROXY_PRIOR_60M,60,84.58103908811998,False
btc-updown-15m-1789839000,T+10m,weekend,12-18,7.603815692828412,1.032149299776943,VOLATILITY_PROXY_PRIOR_60M,60,60.06882920271202,False
btc-updown-15m-1789839000,T-5m,weekend,12-18,0.9308542114298669,0.08973642416598225,VOLATILITY_PROXY_PRIOR_60M,60,84.58103908811998,False
btc-updown-15m-1789839000,T-3m,weekend,12-18,6.035222100710068,0.7457553631313816,VOLATILITY_PROXY_PRIOR_60M,60,65.98678659629351,False
btc-updown-15m-1789839000,T-2m,weekend,12-18,6.528243698858474,1.0181689566174155,VOLATILITY_PROXY_PRIOR_60M,60,52.28012468268318,False
btc-updown-15m-1789839000,T-1m,weekend,12-18,6.0364485225971505,1.305208159868772,VOLATILITY_PROXY_PRIOR_60M,60,37.710459920009875,False
btc-updown-15m-1789849800,T+1m,weekend,12-18,0.11692445843195705,0.015067779855584319,VOLATILITY_PROXY_PRIOR_60M,60,63.04843906115067,False
btc-updown-15m-1789849800,T+2m,weekend,12-18,2.097255549112722,0.2780136653706274,VOLATILITY_PROXY_PRIOR_60M,60,61.29195116107575,False
btc-updown-15m-1789849800,T+3m,weekend,12-18,0.2732339975956841,0.03775111290630805,VOLATILITY_PROXY_PRIOR_60M,60,58.806213356168676,False
btc-updown-15m-1789849800,T+5m,weekend,12-18,0.27938791645901573,0.04250830657011285,VOLATILITY_PROXY_PRIOR_60M,60,53.40132748514466,False
btc-updown-15m-1789849800,T+10m,weekend,12-18,2.0874092789288836,0.4518851735546727,VOLATILITY_PROXY_PRIOR_60M,60,37.53165846667117,False
btc-updown-15m-1789849800,T-5m,weekend,12-18,0.27938791645901573,0.04250830657011285,VOLATILITY_PROXY_PRIOR_60M,60,53.40132748514466,False
btc-updown-15m-1789849800,T-3m,weekend,12-18,0.11938602597657329,0.023730230923021785,VOLATILITY_PROXY_PRIOR_60M,60,40.87612982561087,False
btc-updown-15m-1789849800,T-2m,weekend,12-18,1.825252335289346,0.44422054568832675,VOLATILITY_PROXY_PRIOR_60M,60,33.38431809141657,False
btc-updown-15m-1789849800,T-1m,weekend,12-18,1.826483119063445,0.6291933368461312,VOLATILITY_PROXY_PRIOR_60M,60,23.58575517407326,False
btc-updown-15m-1789860600,T+1m,weekend,18-24,0.001229921530362004,0.0001662159496636663,VOLATILITY_PROXY_PRIOR_60M,60,60.16269807437886,False
btc-updown-15m-1789860600,T+2m,weekend,18-24,0.11684254544524261,0.016462491379865874,VOLATILITY_PROXY_PRIOR_60M,60,57.70693985959916,False
btc-updown-15m-1789860600,T+3m,weekend,18-24,1.4709861510843483,0.21532800222375198,VOLATILITY_PROXY_PRIOR_60M,60,55.54317077431717,False
btc-updown-15m-1789860600,T+5m,weekend,18-24,6.979804688460876,1.0838528343857563,VOLATILITY_PROXY_PRIOR_60M,60,52.35950693634666,False
btc-updown-15m-1789860600,T+10m,weekend,18-24,0.7613214276931997,0.1705862580369806,VOLATILITY_PROXY_PRIOR_60M,60,36.286627488249536,False
btc-updown-15m-1789860600,T-5m,weekend,18-24,6.979804688460876,1.0838528343857563,VOLATILITY_PROXY_PRIOR_60M,60,52.35950693634666,False
btc-updown-15m-1789860600,T-3m,weekend,18-24,0.4919686124025287,0.10060230029651554,VOLATILITY_PROXY_PRIOR_60M,60,39.760522256552655,False
btc-updown-15m-1789860600,T-2m,weekend,18-24,1.9727941357333527,0.49237676048998885,VOLATILITY_PROXY_PRIOR_60M,60,32.576679663011284,False
btc-updown-15m-1789860600,T-1m,weekend,18-24,3.2359235480773463,1.14141335642876,VOLATILITY_PROXY_PRIOR_60M,60,23.05036983474249,False
btc-updown-15m-1789871400,T+1m,weekend,18-24,0.0,0.0,VOLATILITY_PROXY_PRIOR_60M,60,76.0126043609058,False
btc-updown-15m-1789871400,T+2m,weekend,18-24,4.257605376043052,0.4640975963062029,VOLATILITY_PROXY_PRIOR_60M,60,74.2947179094227,False
btc-updown-15m-1789871400,T+3m,weekend,18-24,3.0573755542585146,0.34976058583278846,VOLATILITY_PROXY_PRIOR_60M,60,70.79128124472673,False
btc-updown-15m-1789871400,T+5m,weekend,18-24,9.315363966606732,1.1589970743451177,VOLATILITY_PROXY_PRIOR_60M,60,65.09075964892243,False
btc-updown-15m-1789871400,T+10m,weekend,18-24,8.648569621171678,1.5218092739234834,VOLATILITY_PROXY_PRIOR_60M,60,46.02416426299802,False
btc-updown-15m-1789871400,T-5m,weekend,18-24,9.315363966606732,1.1589970743451177,VOLATILITY_PROXY_PRIOR_60M,60,65.09075964892243,False
btc-updown-15m-1789871400,T-3m,weekend,18-24,4.50580104906572,0.7310546957506436,VOLATILITY_PROXY_PRIOR_60M,60,49.91418591811037,False
btc-updown-15m-1789871400,T-2m,weekend,18-24,12.986437279533186,2.51819991675147,VOLATILITY_PROXY_PRIOR_60M,60,41.76395976363534,False
btc-updown-15m-1789871400,T-1m,weekend,18-24,17.96516839212116,4.8999494234574605,VOLATILITY_PROXY_PRIOR_60M,60,29.69214320937742,False
btc-updown-15m-1789882200,T+1m,weekend,00-06,0.0,0.0,VOLATILITY_PROXY_PRIOR_60M,60,107.76350037572118,False
btc-updown-15m-1789882200,T+2m,weekend,00-06,2.182373966041584,0.16987954532763946,VOLATILITY_PROXY_PRIOR_60M,60,103.48508977991403,False
btc-updown-15m-1789882200,T+3m,weekend,00-06,8.522182751351474,0.6812415988405163,VOLATILITY_PROXY_PRIOR_60M,60,100.7718849184373,False
btc-updown-15m-1789882200,T+5m,weekend,00-06,5.5924884624670055,0.48749857324040957,VOLATILITY_PROXY_PRIOR_60M,60,92.41052686688897,False
btc-updown-15m-1789882200,T+10m,weekend,00-06,5.273449719990238,0.6162545140682449,VOLATILITY_PROXY_PRIOR_60M,60,68.9325579451928,False
btc-updown-15m-1789882200,T-5m,weekend,00-06,5.5924884624670055,0.48749857324040957,VOLATILITY_PROXY_PRIOR_60M,60,92.41052686688897,False
btc-updown-15m-1789882200,T-3m,weekend,00-06,5.588764274809982,0.5950862026436445,VOLATILITY_PROXY_PRIOR_60M,60,75.65290507491206,False
btc-updown-15m-1789882200,T-2m,weekend,00-06,6.15359940254005,0.8036295736823696,VOLATILITY_PROXY_PRIOR_60M,60,61.682647855844984,False
btc-updown-15m-1789882200,T-1m,weekend,00-06,5.840767639491052,1.108257026071178,VOLATILITY_PROXY_PRIOR_60M,60,42.45405072395284,False
btc-updown-15m-1789893000,T+1m,weekend,00-06,0.0012441069774387701,0.000134175848858849,VOLATILITY_PROXY_PRIOR_60M,60,74.52906088809675,False
btc-updown-15m-1789893000,T+2m,weekend,00-06,0.9542300508066234,0.10722049977696785,VOLATILITY_PROXY_PRIOR_60M,60,71.53482791026735,False
btc-updown-15m-1789893000,T+3m,weekend,00-06,0.9529859438309951,0.11154616724001373,VOLATILITY_PROXY_PRIOR_60M,60,68.67111788360671,False
btc-updown-15m-1789893000,T+5m,weekend,00-06,0.6121006323295946,0.07720936159416765,VOLATILITY_PROXY_PRIOR_60M,60,63.72284265033876,False
btc-updown-15m-1789893000,T+10m,weekend,00-06,4.701480263363531,0.874999542462471,VOLATILITY_PROXY_PRIOR_60M,60,43.18859401189798,False
btc-updown-15m-1789893000,T-5m,weekend,00-06,0.6121006323295946,0.07720936159416765,VOLATILITY_PROXY_PRIOR_60M,60,63.72284265033876,False
btc-updown-15m-1789893000,T-3m,weekend,00-06,3.803235026489151,0.6390547782276998,VOLATILITY_PROXY_PRIOR_60M,60,47.8362748257469,False
btc-updown-15m-1789893000,T-2m,weekend,00-06,6.3237957604319925,1.3128063541374737,VOLATILITY_PROXY_PRIOR_60M,60,38.71858163986229,False
btc-updown-15m-1789893000,T-1m,weekend,00-06,12.047931958296104,3.4189308446887567,VOLATILITY_PROXY_PRIOR_60M,60,28.324644281833187,False
btc-updown-15m-1789903800,T+1m,weekend,06-12,6.415133543894416,0.7019364527961612,VOLATILITY_PROXY_PRIOR_60M,60,73.45394272459936,False
btc-updown-15m-1789903800,T+2m,weekend,06-12,10.909210805444847,1.2156171056617422,VOLATILITY_PROXY_PRIOR_60M,60,72.12797482993417,False
btc-updown-15m-1789903800,T+3m,weekend,06-12,11.82494747889459,1.371016151104133,VOLATILITY_PROXY_PRIOR_60M,60,69.3208463835154,False
btc-updown-15m-1789903800,T+5m,weekend,06-12,8.903548417398957,1.091134509283961,VOLATILITY_PROXY_PRIOR_60M,60,65.58311499739636,False
btc-updown-15m-1789903800,T+10m,weekend,06-12,8.654706930048503,1.4253896913525301,VOLATILITY_PROXY_PRIOR_60M,60,48.80068967946111,False
btc-updown-15m-1789903800,T-5m,weekend,06-12,8.903548417398957,1.091134509283961,VOLATILITY_PROXY_PRIOR_60M,60,65.58311499739636,False
btc-updown-15m-1789903800,T-3m,weekend,06-12,12.535389925279123,1.9205745693872176,VOLATILITY_PROXY_PRIOR_60M,60,52.458259942567864,False
btc-updown-15m-1789903800,T-2m,weekend,06-12,14.12797544432239,2.5448803491748797,VOLATILITY_PROXY_PRIOR_60M,60,44.618993595050135,False
btc-updown-15m-1789903800,T-1m,weekend,06-12,12.138487752954859,3.1018372128498752,VOLATILITY_PROXY_PRIOR_60M,60,31.45232754183204,False
btc-updown-15m-1789914600,T+1m,weekend,06-12,0.9176716868729633,0.06398384889035329,VOLATILITY_PROXY_PRIOR_60M,60,115.49789717501025,False
btc-updown-15m-1789914600,T+2m,weekend,06-12,0.6829762216240455,0.04934285167202555,VOLATILITY_PROXY_PRIOR_60M,60,111.46498051141562,False
btc-updown-15m-1789914600,T+3m,weekend,06-12,5.477469297424917,0.4066565457376134,VOLATILITY_PROXY_PRIOR_60M,60,108.4699126630108,False
btc-updown-15m-1789914600,T+5m,weekend,06-12,4.666590256115058,0.382609094698486,VOLATILITY_PROXY_PRIOR_60M,60,98.22035210536896,False
btc-updown-15m-1789914600,T+10m,weekend,06-12,9.0190114502832,1.0426193811471658,VOLATILITY_PROXY_PRIOR_60M,60,69.66108755823419,False
btc-updown-15m-1789914600,T-5m,weekend,06-12,4.666590256115058,0.382609094698486,VOLATILITY_PROXY_PRIOR_60M,60,98.22035210536896,False
btc-updown-15m-1789914600,T-3m,weekend,06-12,11.62922239183416,1.2219608026198505,VOLATILITY_PROXY_PRIOR_60M,60,76.63911951939141,False
btc-updown-15m-1789914600,T-2m,weekend,06-12,9.0190114502832,1.1700575219943705,VOLATILITY_PROXY_PRIOR_60M,60,62.073871271052006,False
btc-updown-15m-1789914600,T-1m,weekend,06-12,10.444569091054337,1.9257568640622145,VOLATILITY_PROXY_PRIOR_60M,60,43.67633400126013,False
btc-updown-15m-1789925400,T+1m,weekend,12-18,6.62507788501739,0.32140638024151436,VOLATILITY_PROXY_PRIOR_60M,60,167.29599443421034,False
btc-updown-15m-1789925400,T+2m,weekend,12-18,5.1822721934869795,0.26487688194184233,VOLATILITY_PROXY_PRIOR_60M,60,158.79075475236291,False
btc-updown-15m-1789925400,T+3m,weekend,12-18,7.726587951821675,0.41708527986779814,VOLATILITY_PROXY_PRIOR_60M,60,150.35294465410848,False
btc-updown-15m-1789925400,T+5m,weekend,12-18,12.65258039822205,0.7668373465521344,VOLATILITY_PROXY_PRIOR_60M,60,133.91366560551418,False
btc-updown-15m-1789925400,T+10m,weekend,12-18,23.496417196814235,2.042359332835946,VOLATILITY_PROXY_PRIOR_60M,60,93.37240363829513,False
btc-updown-15m-1789925400,T-5m,weekend,12-18,12.65258039822205,0.7668373465521344,VOLATILITY_PROXY_PRIOR_60M,60,133.91366560551418,False
btc-updown-15m-1789925400,T-3m,weekend,12-18,27.43918253660483,2.1630992551854136,VOLATILITY_PROXY_PRIOR_60M,60,102.95412911179982,False
btc-updown-15m-1789925400,T-2m,weekend,12-18,22.757148695603494,2.215726674966779,VOLATILITY_PROXY_PRIOR_60M,60,83.35865704318714,False
btc-updown-15m-1789925400,T-1m,weekend,12-18,25.220144918804582,3.6187713342625374,VOLATILITY_PROXY_PRIOR_60M,60,56.56339710166178,False
btc-updown-15m-1789947000,T+1m,weekend,18-24,1.3577610397251156,0.09024919363311504,VOLATILITY_PROXY_PRIOR_60M,60,122.10635415539622,False
btc-updown-15m-1789947000,T+2m,weekend,18-24,0.6197402930864996,0.04277148414297265,VOLATILITY_PROXY_PRIOR_60M,60,117.60171761131801,False
btc-updown-15m-1789947000,T+3m,weekend,18-24,0.12567298189878748,0.009037114362685795,VOLATILITY_PROXY_PRIOR_60M,60,112.86788670238035,False
btc-updown-15m-1789947000,T+5m,weekend,18-24,2.466640291768811,0.19349273530994598,VOLATILITY_PROXY_PRIOR_60M,60,103.46641680337545,False
btc-updown-15m-1789947000,T+10m,weekend,18-24,9.729799392654657,1.0318410220515988,VOLATILITY_PROXY_PRIOR_60M,60,76.5331076322067,False
btc-updown-15m-1789947000,T-5m,weekend,18-24,2.466640291768811,0.19349273530994598,VOLATILITY_PROXY_PRIOR_60M,60,103.46641680337545,False
btc-updown-15m-1789947000,T-3m,weekend,18-24,14.65938371201715,1.3938433526919236,VOLATILITY_PROXY_PRIOR_60M,60,85.36109869893943,False
btc-updown-15m-1789947000,T-2m,weekend,18-24,2.619419210938128,0.3274486620032166,VOLATILITY_PROXY_PRIOR_60M,60,64.9262081876698,False
btc-updown-15m-1789947000,T-1m,weekend,18-24,12.515550491400056,2.1314518614966738,VOLATILITY_PROXY_PRIOR_60M,60,47.657656189651775,False
