market_slug,market_start_utc_epoch,official_outcome,canonical_twap_outcome,journal_outcome,journal_outcome_rows,journal_outcome_conflicting_rows,journal_spot,journal_strike,outcome_source_used,outcome_used,journal_mismatch,twap_mismatch,market_resolution_confidence,official_cache_content_sha256
btc-updown-15m-1788781500,1788781500,UP,,DOWN,1,0,79384.54942103052,79401.85398468886,POLYMARKET_OFFICIAL,UP,1,,HIGH,5356cf95f81ee074cbde43427e3dbbbba254fd454a24283d2fd88a1e7ee20120
btc-updown-15m-1788783300,1788783300,UP,,UP,1,0,79518.9232217463,79433.67463584887,POLYMARKET_OFFICIAL,UP,0,,HIGH,5356cf95f81ee074cbde43427e3dbbbba254fd454a24283d2fd88a1e7ee20120
btc-updown-15m-1788784200,1788784200,DOWN,,DOWN,1,0,79472.81,79518.8525712632,POLYMARKET_OFFICIAL,DOWN,0,,HIGH,5356cf95f81ee074cbde43427e3dbbbba254fd454a24283d2fd88a1e7ee20120
btc-updown-15m-1788785100,1788785100,UP,,UP,1,0,79609.29403641369,79464.1309263147,POLYMARKET_OFFICIAL,UP,0,,HIGH,5356cf95f81ee074cbde43427e3dbbbba254fd454a24283d2fd88a1e7ee20120
btc-updown-15m-1788786000,1788786000,DOWN,,DOWN,1,0,79565.9361050821,79608.32712055501,POLYMARKET_OFFICIAL,DOWN,0,,HIGH,5356cf95f81ee074cbde43427e3dbbbba254fd454a24283d2fd88a1e7ee20120
btc-updown-15m-1788788700,1788788700,DOWN,,UP,1,0,79368.00948663647,79360.84454440187,POLYMARKET_OFFICIAL,DOWN,1,,HIGH,5356cf95f81ee074cbde43427e3dbbbba254fd454a24283d2fd88a1e7ee20120
btc-updown-15m-1788789600,1788789600,DOWN,,DOWN,1,0,79143.75111669558,79347.18615924696,POLYMARKET_OFFICIAL,DOWN,0,,HIGH,5356cf95f81ee074cbde43427e3dbbbba254fd454a24283d2fd88a1e7ee20120
btc-updown-15m-1788790500,1788790500,DOWN,,DOWN,1,0,79066.50110914602,79147.20672247585,POLYMARKET_OFFICIAL,DOWN,0,,HIGH,5356cf95f81ee074cbde43427e3dbbbba254fd454a24283d2fd88a1e7ee20120
btc-updown-15m-1788791400,1788791400,DOWN,,DOWN,1,0,79028.37170552349,79063.7015139858,POLYMARKET_OFFICIAL,DOWN,0,,HIGH,5356cf95f81ee074cbde43427e3dbbbba254fd454a24283d2fd88a1e7ee20120
btc-updown-15m-1788794100,1788794100,DOWN,,UP,1,0,79060.2931272547,79051.3954639207,POLYMARKET_OFFICIAL,DOWN,1,,HIGH,5356cf95f81ee074cbde43427e3dbbbba254fd454a24283d2fd88a1e7ee20120
btc-updown-15m-1788795000,1788795000,DOWN,,DOWN,1,0,78768.67468043313,79021.63894931998,POLYMARKET_OFFICIAL,DOWN,0,,HIGH,5356cf95f81ee074cbde43427e3dbbbba254fd454a24283d2fd88a1e7ee20120
btc-updown-15m-1788795900,1788795900,UP,,UP,1,0,78815.16103557056,78769.35583040063,POLYMARKET_OFFICIAL,UP,0,,HIGH,5356cf95f81ee074cbde43427e3dbbbba254fd454a24283d2fd88a1e7ee20120
btc-updown-15m-1788796800,1788796800,UP,,UP,1,0,78895.11670640601,78812.4791132038,POLYMARKET_OFFICIAL,UP,0,,HIGH,5356cf95f81ee074cbde43427e3dbbbba254fd454a24283d2fd88a1e7ee20120
btc-updown-15m-1788797700,1788797700,DOWN,,DOWN,1,0,78812.2878257498,78895.13846020181,POLYMARKET_OFFICIAL,DOWN,0,,HIGH,5356cf95f81ee074cbde43427e3dbbbba254fd454a24283d2fd88a1e7ee20120
btc-updown-15m-1788798600,1788798600,UP,,UP,1,0,78994.99482744091,78811.66775964235,POLYMARKET_OFFICIAL,UP,0,,HIGH,5356cf95f81ee074cbde43427e3dbbbba254fd454a24283d2fd88a1e7ee20120
btc-updown-15m-1788799500,1788799500,UP,,DOWN,1,0,78982.13561692639,78994.54429176867,POLYMARKET_OFFICIAL,UP,1,,HIGH,5356cf95f81ee074cbde43427e3dbbbba254fd454a24283d2fd88a1e7ee20120
btc-updown-15m-1788800400,1788800400,UP,,UP,1,0,79128.7046462967,78999.9353939879,POLYMARKET_OFFICIAL,UP,0,,HIGH,5356cf95f81ee074cbde43427e3dbbbba254fd454a24283d2fd88a1e7ee20120
btc-updown-15m-1788801300,1788801300,DOWN,,DOWN,1,0,79120.81930812578,79129.83312121413,POLYMARKET_OFFICIAL,DOWN,0,,HIGH,5356cf95f81ee074cbde43427e3dbbbba254fd454a24283d2fd88a1e7ee20120
btc-updown-15m-1788802200,1788802200,UP,,UP,1,0,79139.87363939306,79123.86678475427,POLYMARKET_OFFICIAL,UP,0,,HIGH,5356cf95f81ee074cbde43427e3dbbbba254fd454a24283d2fd88a1e7ee20120
btc-updown-15m-1788803100,1788803100,UP,,UP,1,0,79168.04534284759,79139.27681765845,POLYMARKET_OFFICIAL,UP,0,,HIGH,5356cf95f81ee074cbde43427e3dbbbba254fd454a24283d2fd88a1e7ee20120
btc-updown-15m-1788804000,1788804000,DOWN,,UP,1,0,79181.28087607257,79168.82506238211,POLYMARKET_OFFICIAL,DOWN,1,,HIGH,5356cf95f81ee074cbde43427e3dbbbba254fd454a24283d2fd88a1e7ee20120
btc-updown-15m-1788804900,1788804900,DOWN,,DOWN,1,0,79130.41083707428,79162.72483904903,POLYMARKET_OFFICIAL,DOWN,0,,HIGH,5356cf95f81ee074cbde43427e3dbbbba254fd454a24283d2fd88a1e7ee20120
btc-updown-15m-1788805800,1788805800,UP,,DOWN,1,0,79121.68204054158,79130.8720654213,POLYMARKET_OFFICIAL,UP,1,,HIGH,5356cf95f81ee074cbde43427e3dbbbba254fd454a24283d2fd88a1e7ee20120
btc-updown-15m-1788806700,1788806700,UP,,UP,1,0,79187.12345647272,79145.07858262435,POLYMARKET_OFFICIAL,UP,0,,HIGH,5356cf95f81ee074cbde43427e3dbbbba254fd454a24283d2fd88a1e7ee20120
btc-updown-15m-1788807600,1788807600,DOWN,,DOWN,1,0,79165.98,79187.15371005217,POLYMARKET_OFFICIAL,DOWN,0,,HIGH,5356cf95f81ee074cbde43427e3dbbbba254fd454a24283d2fd88a1e7ee20120
btc-updown-15m-1788808500,1788808500,UP,,UP,1,0,79214.29786530226,79156.71473388029,POLYMARKET_OFFICIAL,UP,0,,HIGH,5356cf95f81ee074cbde43427e3dbbbba254fd454a24283d2fd88a1e7ee20120
btc-updown-15m-1788809400,1788809400,UP,,UP,1,0,79334.24192015575,79214.495173589,POLYMARKET_OFFICIAL,UP,0,,HIGH,5356cf95f81ee074cbde43427e3dbbbba254fd454a24283d2fd88a1e7ee20120
btc-updown-15m-1788810300,1788810300,UP,,UP,1,0,79335.00822557155,79333.87340905139,POLYMARKET_OFFICIAL,UP,0,,HIGH,5356cf95f81ee074cbde43427e3dbbbba254fd454a24283d2fd88a1e7ee20120
btc-updown-15m-1788811200,1788811200,DOWN,,DOWN,1,0,79222.5970584696,79335.35563276784,POLYMARKET_OFFICIAL,DOWN,0,,HIGH,5356cf95f81ee074cbde43427e3dbbbba254fd454a24283d2fd88a1e7ee20120
btc-updown-15m-1788812100,1788812100,DOWN,,DOWN,1,0,79198.38338311565,79222.47567796225,POLYMARKET_OFFICIAL,DOWN,0,,HIGH,5356cf95f81ee074cbde43427e3dbbbba254fd454a24283d2fd88a1e7ee20120
btc-updown-15m-1788813000,1788813000,DOWN,,UP,1,0,79204.0,79198.18631767061,POLYMARKET_OFFICIAL,DOWN,1,,HIGH,5356cf95f81ee074cbde43427e3dbbbba254fd454a24283d2fd88a1e7ee20120
btc-updown-15m-1788813900,1788813900,UP,,UP,1,0,79238.0,79181.49000985858,POLYMARKET_OFFICIAL,UP,0,,HIGH,5356cf95f81ee074cbde43427e3dbbbba254fd454a24283d2fd88a1e7ee20120
btc-updown-15m-1788814800,1788814800,UP,,DOWN,1,0,79214.82,79217.86072782883,POLYMARKET_OFFICIAL,UP,1,,HIGH,5356cf95f81ee074cbde43427e3dbbbba254fd454a24283d2fd88a1e7ee20120
btc-updown-15m-1788815700,1788815700,DOWN,,DOWN,1,0,79221.14159589955,79232.69582879488,POLYMARKET_OFFICIAL,DOWN,0,,HIGH,5356cf95f81ee074cbde43427e3dbbbba254fd454a24283d2fd88a1e7ee20120
btc-updown-15m-1788816600,1788816600,DOWN,,DOWN,1,0,79181.44419277125,79213.41966624501,POLYMARKET_OFFICIAL,DOWN,0,,HIGH,5356cf95f81ee074cbde43427e3dbbbba254fd454a24283d2fd88a1e7ee20120
btc-updown-15m-1788817500,1788817500,DOWN,,UP,1,0,79185.27,79179.55051900583,POLYMARKET_OFFICIAL,DOWN,1,,HIGH,5356cf95f81ee074cbde43427e3dbbbba254fd454a24283d2fd88a1e7ee20120
btc-updown-15m-1788818400,1788818400,DOWN,,UP,1,0,79173.39,79170.51375911562,POLYMARKET_OFFICIAL,DOWN,1,,HIGH,5356cf95f81ee074cbde43427e3dbbbba254fd454a24283d2fd88a1e7ee20120
btc-updown-15m-1788819300,1788819300,DOWN,,UP,1,0,79152.41021902421,79139.86396510292,POLYMARKET_OFFICIAL,DOWN,1,,HIGH,5356cf95f81ee074cbde43427e3dbbbba254fd454a24283d2fd88a1e7ee20120
btc-updown-15m-1788820200,1788820200,DOWN,,DOWN,1,0,78823.89059365823,79127.04774223416,POLYMARKET_OFFICIAL,DOWN,0,,HIGH,5356cf95f81ee074cbde43427e3dbbbba254fd454a24283d2fd88a1e7ee20120
btc-updown-15m-1788821100,1788821100,UP,,UP,1,0,78932.51915341668,78821.73440297795,POLYMARKET_OFFICIAL,UP,0,,HIGH,5356cf95f81ee074cbde43427e3dbbbba254fd454a24283d2fd88a1e7ee20120
btc-updown-15m-1788822000,1788822000,UP,,UP,1,0,79132.0,78933.88564774132,POLYMARKET_OFFICIAL,UP,0,,HIGH,5356cf95f81ee074cbde43427e3dbbbba254fd454a24283d2fd88a1e7ee20120
btc-updown-15m-1788822900,1788822900,DOWN,,DOWN,1,0,78992.6362131096,79106.261515233,POLYMARKET_OFFICIAL,DOWN,0,,HIGH,5356cf95f81ee074cbde43427e3dbbbba254fd454a24283d2fd88a1e7ee20120
btc-updown-15m-1788823800,1788823800,UP,,UP,1,0,79084.77022342723,78992.57676723256,POLYMARKET_OFFICIAL,UP,0,,HIGH,5356cf95f81ee074cbde43427e3dbbbba254fd454a24283d2fd88a1e7ee20120
btc-updown-15m-1788824700,1788824700,UP,,UP,1,0,79112.0,79082.55152800654,POLYMARKET_OFFICIAL,UP,0,,HIGH,5356cf95f81ee074cbde43427e3dbbbba254fd454a24283d2fd88a1e7ee20120
btc-updown-15m-1788863400,1788863400,DOWN,,DOWN,1,0,78638.92757043583,78808.63913160507,POLYMARKET_OFFICIAL,DOWN,0,,HIGH,5356cf95f81ee074cbde43427e3dbbbba254fd454a24283d2fd88a1e7ee20120
btc-updown-15m-1788864300,1788864300,DOWN,,DOWN,1,0,78556.51805092584,78638.71601878847,POLYMARKET_OFFICIAL,DOWN,0,,HIGH,5356cf95f81ee074cbde43427e3dbbbba254fd454a24283d2fd88a1e7ee20120
btc-updown-15m-1788865200,1788865200,DOWN,,DOWN,1,0,78276.53534177916,78555.11539767368,POLYMARKET_OFFICIAL,DOWN,0,,HIGH,5356cf95f81ee074cbde43427e3dbbbba254fd454a24283d2fd88a1e7ee20120
btc-updown-15m-1788866100,1788866100,UP,,UP,1,0,78425.80838225297,78275.94436128112,POLYMARKET_OFFICIAL,UP,0,,HIGH,5356cf95f81ee074cbde43427e3dbbbba254fd454a24283d2fd88a1e7ee20120
btc-updown-15m-1788867000,1788867000,DOWN,,UP,1,0,78434.24470982779,78425.07323959783,POLYMARKET_OFFICIAL,DOWN,1,,HIGH,5356cf95f81ee074cbde43427e3dbbbba254fd454a24283d2fd88a1e7ee20120
btc-updown-15m-1788870600,1788870600,DOWN,,DOWN,1,0,78300.78868258338,78340.83301663477,POLYMARKET_OFFICIAL,DOWN,0,,HIGH,5356cf95f81ee074cbde43427e3dbbbba254fd454a24283d2fd88a1e7ee20120
btc-updown-15m-1788871500,1788871500,UP,,UP,1,0,78397.11720512476,78300.43099854866,POLYMARKET_OFFICIAL,UP,0,,HIGH,5356cf95f81ee074cbde43427e3dbbbba254fd454a24283d2fd88a1e7ee20120
btc-updown-15m-1788872400,1788872400,UP,,UP,1,0,78436.63693782157,78399.23781783626,POLYMARKET_OFFICIAL,UP,0,,HIGH,5356cf95f81ee074cbde43427e3dbbbba254fd454a24283d2fd88a1e7ee20120
btc-updown-15m-1788874200,1788874200,DOWN,,DOWN,1,0,77720.48554054125,78326.53846050448,POLYMARKET_OFFICIAL,DOWN,0,,HIGH,5356cf95f81ee074cbde43427e3dbbbba254fd454a24283d2fd88a1e7ee20120
btc-updown-15m-1788875100,1788875100,UP,,UP,1,0,77904.32562648458,77729.5182974474,POLYMARKET_OFFICIAL,UP,0,,HIGH,5356cf95f81ee074cbde43427e3dbbbba254fd454a24283d2fd88a1e7ee20120
btc-updown-15m-1788876000,1788876000,UP,,UP,1,0,78126.51549127467,77904.29471314808,POLYMARKET_OFFICIAL,UP,0,,HIGH,5356cf95f81ee074cbde43427e3dbbbba254fd454a24283d2fd88a1e7ee20120
btc-updown-15m-1788877800,1788877800,UP,,UP,1,0,78390.32771152984,78294.11273922732,POLYMARKET_OFFICIAL,UP,0,,HIGH,5356cf95f81ee074cbde43427e3dbbbba254fd454a24283d2fd88a1e7ee20120
btc-updown-15m-1788878700,1788878700,UP,,UP,1,0,78548.34680177823,78389.96949900681,POLYMARKET_OFFICIAL,UP,0,,HIGH,5356cf95f81ee074cbde43427e3dbbbba254fd454a24283d2fd88a1e7ee20120
btc-updown-15m-1788879600,1788879600,UP,,UP,1,0,78610.34694405849,78548.38449402241,POLYMARKET_OFFICIAL,UP,0,,HIGH,5356cf95f81ee074cbde43427e3dbbbba254fd454a24283d2fd88a1e7ee20120
btc-updown-15m-1788880500,1788880500,DOWN,,DOWN,1,0,78444.35828022909,78610.93236861468,POLYMARKET_OFFICIAL,DOWN,0,,HIGH,5356cf95f81ee074cbde43427e3dbbbba254fd454a24283d2fd88a1e7ee20120
btc-updown-15m-1788881400,1788881400,UP,,UP,1,0,78707.49940268909,78443.92014720423,POLYMARKET_OFFICIAL,UP,0,,HIGH,5356cf95f81ee074cbde43427e3dbbbba254fd454a24283d2fd88a1e7ee20120
btc-updown-15m-1788882300,1788882300,UP,,,0,0,,,POLYMARKET_OFFICIAL,UP,,,HIGH,5356cf95f81ee074cbde43427e3dbbbba254fd454a24283d2fd88a1e7ee20120
btc-updown-15m-1788884100,1788884100,DOWN,,UP,1,0,78648.49885079535,78635.04219790244,POLYMARKET_OFFICIAL,DOWN,1,,HIGH,5356cf95f81ee074cbde43427e3dbbbba254fd454a24283d2fd88a1e7ee20120
btc-updown-15m-1788885000,1788885000,UP,,UP,1,0,78796.73978971703,78630.76260386001,POLYMARKET_OFFICIAL,UP,0,,HIGH,5356cf95f81ee074cbde43427e3dbbbba254fd454a24283d2fd88a1e7ee20120
btc-updown-15m-1788885900,1788885900,DOWN,,DOWN,1,0,78724.58934193884,78794.3500330218,POLYMARKET_OFFICIAL,DOWN,0,,HIGH,5356cf95f81ee074cbde43427e3dbbbba254fd454a24283d2fd88a1e7ee20120
btc-updown-15m-1788886800,1788886800,DOWN,,DOWN,1,0,78690.57164886304,78724.19140586093,POLYMARKET_OFFICIAL,DOWN,0,,HIGH,5356cf95f81ee074cbde43427e3dbbbba254fd454a24283d2fd88a1e7ee20120
btc-updown-15m-1788887700,1788887700,DOWN,,DOWN,1,0,78594.96,78689.9718601553,POLYMARKET_OFFICIAL,DOWN,0,,HIGH,5356cf95f81ee074cbde43427e3dbbbba254fd454a24283d2fd88a1e7ee20120
btc-updown-15m-1788888600,1788888600,DOWN,,DOWN,1,0,78550.73869111965,78579.67261055866,POLYMARKET_OFFICIAL,DOWN,0,,HIGH,5356cf95f81ee074cbde43427e3dbbbba254fd454a24283d2fd88a1e7ee20120
btc-updown-15m-1788889500,1788889500,DOWN,,DOWN,1,0,78539.32702054498,78549.31497260388,POLYMARKET_OFFICIAL,DOWN,0,,HIGH,5356cf95f81ee074cbde43427e3dbbbba254fd454a24283d2fd88a1e7ee20120
btc-updown-15m-1788890400,1788890400,UP,,UP,1,0,78658.52874879588,78497.64772270805,POLYMARKET_OFFICIAL,UP,0,,HIGH,5356cf95f81ee074cbde43427e3dbbbba254fd454a24283d2fd88a1e7ee20120
btc-updown-15m-1788891300,1788891300,UP,,UP,1,0,78731.99,78658.77640838534,POLYMARKET_OFFICIAL,UP,0,,HIGH,5356cf95f81ee074cbde43427e3dbbbba254fd454a24283d2fd88a1e7ee20120
btc-updown-15m-1788892200,1788892200,DOWN,,DOWN,1,0,78595.29171443066,78714.03058271836,POLYMARKET_OFFICIAL,DOWN,0,,HIGH,5356cf95f81ee074cbde43427e3dbbbba254fd454a24283d2fd88a1e7ee20120
btc-updown-15m-1788893100,1788893100,DOWN,,DOWN,1,0,78434.56336220018,78595.04767984664,POLYMARKET_OFFICIAL,DOWN,0,,HIGH,5356cf95f81ee074cbde43427e3dbbbba254fd454a24283d2fd88a1e7ee20120
btc-updown-15m-1788894000,1788894000,UP,,UP,1,0,78461.9267308522,78434.89184692416,POLYMARKET_OFFICIAL,UP,0,,HIGH,5356cf95f81ee074cbde43427e3dbbbba254fd454a24283d2fd88a1e7ee20120
btc-updown-15m-1788894900,1788894900,DOWN,,UP,1,0,78485.6,78460.86635787871,POLYMARKET_OFFICIAL,DOWN,1,,HIGH,5356cf95f81ee074cbde43427e3dbbbba254fd454a24283d2fd88a1e7ee20120
btc-updown-15m-1788895800,1788895800,DOWN,,DOWN,1,0,78410.22901707406,78453.71321142199,POLYMARKET_OFFICIAL,DOWN,0,,HIGH,5356cf95f81ee074cbde43427e3dbbbba254fd454a24283d2fd88a1e7ee20120
btc-updown-15m-1788896700,1788896700,DOWN,,DOWN,1,0,78372.38481572481,78410.04003672578,POLYMARKET_OFFICIAL,DOWN,0,,HIGH,5356cf95f81ee074cbde43427e3dbbbba254fd454a24283d2fd88a1e7ee20120
btc-updown-15m-1788897600,1788897600,UP,,UP,1,0,78574.74196522847,78376.09079765945,POLYMARKET_OFFICIAL,UP,0,,HIGH,5356cf95f81ee074cbde43427e3dbbbba254fd454a24283d2fd88a1e7ee20120
btc-updown-15m-1788898500,1788898500,UP,,UP,1,0,78583.18,78577.86108750694,POLYMARKET_OFFICIAL,UP,0,,HIGH,5356cf95f81ee074cbde43427e3dbbbba254fd454a24283d2fd88a1e7ee20120
btc-updown-15m-1788899400,1788899400,DOWN,,DOWN,1,0,78524.14685168955,78579.24387702388,POLYMARKET_OFFICIAL,DOWN,0,,HIGH,5356cf95f81ee074cbde43427e3dbbbba254fd454a24283d2fd88a1e7ee20120
btc-updown-15m-1788900300,1788900300,DOWN,,DOWN,1,0,78489.02358409585,78523.19887065171,POLYMARKET_OFFICIAL,DOWN,0,,HIGH,5356cf95f81ee074cbde43427e3dbbbba254fd454a24283d2fd88a1e7ee20120
btc-updown-15m-1788901200,1788901200,UP,,UP,1,0,78538.0639004668,78487.7122532537,POLYMARKET_OFFICIAL,UP,0,,HIGH,5356cf95f81ee074cbde43427e3dbbbba254fd454a24283d2fd88a1e7ee20120
btc-updown-15m-1788902100,1788902100,DOWN,,UP,1,0,78542.36,78538.1992541102,POLYMARKET_OFFICIAL,DOWN,1,,HIGH,5356cf95f81ee074cbde43427e3dbbbba254fd454a24283d2fd88a1e7ee20120
btc-updown-15m-1788903000,1788903000,DOWN,,DOWN,1,0,78530.13689221456,78537.83673492893,POLYMARKET_OFFICIAL,DOWN,0,,HIGH,5356cf95f81ee074cbde43427e3dbbbba254fd454a24283d2fd88a1e7ee20120
btc-updown-15m-1788903900,1788903900,DOWN,,DOWN,1,0,78472.07208485763,78527.68277187672,POLYMARKET_OFFICIAL,DOWN,0,,HIGH,5356cf95f81ee074cbde43427e3dbbbba254fd454a24283d2fd88a1e7ee20120
btc-updown-15m-1788904800,1788904800,DOWN,,UP,1,0,78479.05418617971,78473.91457452244,POLYMARKET_OFFICIAL,DOWN,1,,HIGH,5356cf95f81ee074cbde43427e3dbbbba254fd454a24283d2fd88a1e7ee20120
btc-updown-15m-1788954300,1788954300,UP,,UP,1,0,79319.01939420335,79019.24879067067,POLYMARKET_OFFICIAL,UP,0,,HIGH,5356cf95f81ee074cbde43427e3dbbbba254fd454a24283d2fd88a1e7ee20120
btc-updown-15m-1788955200,1788955200,UP,,UP,1,0,79364.48296572836,79319.81691250534,POLYMARKET_OFFICIAL,UP,0,,HIGH,5356cf95f81ee074cbde43427e3dbbbba254fd454a24283d2fd88a1e7ee20120
btc-updown-15m-1788956100,1788956100,DOWN,,UP,1,0,79366.82228241504,79364.82881665471,POLYMARKET_OFFICIAL,DOWN,1,,HIGH,5356cf95f81ee074cbde43427e3dbbbba254fd454a24283d2fd88a1e7ee20120
btc-updown-15m-1788957000,1788957000,UP,,UP,1,0,79514.28054597168,79364.43485013029,POLYMARKET_OFFICIAL,UP,0,,HIGH,5356cf95f81ee074cbde43427e3dbbbba254fd454a24283d2fd88a1e7ee20120
btc-updown-15m-1788957900,1788957900,UP,,UP,1,0,79569.18141495339,79513.2312842425,POLYMARKET_OFFICIAL,UP,0,,HIGH,5356cf95f81ee074cbde43427e3dbbbba254fd454a24283d2fd88a1e7ee20120
btc-updown-15m-1788958800,1788958800,DOWN,,DOWN,1,0,79563.77121936106,79568.90993911277,POLYMARKET_OFFICIAL,DOWN,0,,HIGH,5356cf95f81ee074cbde43427e3dbbbba254fd454a24283d2fd88a1e7ee20120
btc-updown-15m-1788959700,1788959700,UP,,UP,1,0,79602.48480499275,79494.65178869494,POLYMARKET_OFFICIAL,UP,0,,HIGH,5356cf95f81ee074cbde43427e3dbbbba254fd454a24283d2fd88a1e7ee20120
btc-updown-15m-1788960600,1788960600,DOWN,,DOWN,1,0,79185.12001900177,79602.58188971395,POLYMARKET_OFFICIAL,DOWN,0,,HIGH,5356cf95f81ee074cbde43427e3dbbbba254fd454a24283d2fd88a1e7ee20120
btc-updown-15m-1788961500,1788961500,DOWN,,UP,1,0,79239.79963115886,79191.01172276156,POLYMARKET_OFFICIAL,DOWN,1,,HIGH,5356cf95f81ee074cbde43427e3dbbbba254fd454a24283d2fd88a1e7ee20120
btc-updown-15m-1788962400,1788962400,DOWN,,DOWN,1,0,79042.23446447437,79126.32569455286,POLYMARKET_OFFICIAL,DOWN,0,,HIGH,5356cf95f81ee074cbde43427e3dbbbba254fd454a24283d2fd88a1e7ee20120
btc-updown-15m-1788964200,1788964200,DOWN,,DOWN,1,0,79124.72084479961,79207.39957799033,POLYMARKET_OFFICIAL,DOWN,0,,HIGH,5356cf95f81ee074cbde43427e3dbbbba254fd454a24283d2fd88a1e7ee20120
btc-updown-15m-1788965100,1788965100,DOWN,,DOWN,1,0,78917.38342294717,79020.71670155256,POLYMARKET_OFFICIAL,DOWN,0,,HIGH,5356cf95f81ee074cbde43427e3dbbbba254fd454a24283d2fd88a1e7ee20120
btc-updown-15m-1788966000,1788966000,DOWN,,DOWN,1,0,78473.46830910348,78918.53778737439,POLYMARKET_OFFICIAL,DOWN,0,,HIGH,5356cf95f81ee074cbde43427e3dbbbba254fd454a24283d2fd88a1e7ee20120
btc-updown-15m-1788968700,1788968700,DOWN,,DOWN,1,0,78583.64545542178,78639.28851927255,POLYMARKET_OFFICIAL,DOWN,0,,HIGH,5356cf95f81ee074cbde43427e3dbbbba254fd454a24283d2fd88a1e7ee20120
btc-updown-15m-1788969600,1788969600,UP,,DOWN,1,0,78580.0519397605,78581.47095581729,POLYMARKET_OFFICIAL,UP,1,,HIGH,5356cf95f81ee074cbde43427e3dbbbba254fd454a24283d2fd88a1e7ee20120
btc-updown-15m-1788970500,1788970500,DOWN,,DOWN,1,0,78588.81839180127,78624.60463279653,POLYMARKET_OFFICIAL,DOWN,0,,HIGH,5356cf95f81ee074cbde43427e3dbbbba254fd454a24283d2fd88a1e7ee20120
btc-updown-15m-1788971400,1788971400,UP,,UP,1,0,78746.3550321531,78589.60099280503,POLYMARKET_OFFICIAL,UP,0,,HIGH,5356cf95f81ee074cbde43427e3dbbbba254fd454a24283d2fd88a1e7ee20120
btc-updown-15m-1788972300,1788972300,UP,,UP,1,0,78761.85452425327,78746.3550321531,POLYMARKET_OFFICIAL,UP,0,,HIGH,5356cf95f81ee074cbde43427e3dbbbba254fd454a24283d2fd88a1e7ee20120
btc-updown-15m-1788973200,1788973200,UP,,UP,1,0,78854.08805549792,78783.98110212946,POLYMARKET_OFFICIAL,UP,0,,HIGH,5356cf95f81ee074cbde43427e3dbbbba254fd454a24283d2fd88a1e7ee20120
btc-updown-15m-1788974100,1788974100,DOWN,,DOWN,1,0,78852.09288025841,78854.29258539564,POLYMARKET_OFFICIAL,DOWN,0,,HIGH,5356cf95f81ee074cbde43427e3dbbbba254fd454a24283d2fd88a1e7ee20120
btc-updown-15m-1788975000,1788975000,DOWN,,DOWN,1,0,78691.81480473733,78846.53837867171,POLYMARKET_OFFICIAL,DOWN,0,,HIGH,5356cf95f81ee074cbde43427e3dbbbba254fd454a24283d2fd88a1e7ee20120
btc-updown-15m-1788975900,1788975900,UP,,UP,1,0,78772.01830312538,78691.81480473733,POLYMARKET_OFFICIAL,UP,0,,HIGH,5356cf95f81ee074cbde43427e3dbbbba254fd454a24283d2fd88a1e7ee20120
btc-updown-15m-1788976800,1788976800,DOWN,,DOWN,1,0,78587.55099001036,78768.63170495379,POLYMARKET_OFFICIAL,DOWN,0,,HIGH,5356cf95f81ee074cbde43427e3dbbbba254fd454a24283d2fd88a1e7ee20120
btc-updown-15m-1788977700,1788977700,UP,,UP,1,0,78591.32520960657,78586.85508206738,POLYMARKET_OFFICIAL,UP,0,,HIGH,5356cf95f81ee074cbde43427e3dbbbba254fd454a24283d2fd88a1e7ee20120
btc-updown-15m-1788978600,1788978600,DOWN,,DOWN,1,0,78514.70200363074,78601.3725790367,POLYMARKET_OFFICIAL,DOWN,0,,HIGH,5356cf95f81ee074cbde43427e3dbbbba254fd454a24283d2fd88a1e7ee20120
btc-updown-15m-1788979500,1788979500,DOWN,,DOWN,1,0,78414.42,78515.19683312316,POLYMARKET_OFFICIAL,DOWN,0,,HIGH,5356cf95f81ee074cbde43427e3dbbbba254fd454a24283d2fd88a1e7ee20120
btc-updown-15m-1788980400,1788980400,UP,,DOWN,1,0,78431.40340421254,78441.93793190482,POLYMARKET_OFFICIAL,UP,1,,HIGH,5356cf95f81ee074cbde43427e3dbbbba254fd454a24283d2fd88a1e7ee20120
btc-updown-15m-1788981300,1788981300,UP,,UP,1,0,78518.31730252723,78450.28662742487,POLYMARKET_OFFICIAL,UP,0,,HIGH,5356cf95f81ee074cbde43427e3dbbbba254fd454a24283d2fd88a1e7ee20120
btc-updown-15m-1788982200,1788982200,DOWN,,DOWN,1,0,78313.90923820023,78518.25712365817,POLYMARKET_OFFICIAL,DOWN,0,,HIGH,5356cf95f81ee074cbde43427e3dbbbba254fd454a24283d2fd88a1e7ee20120
btc-updown-15m-1788983100,1788983100,DOWN,,DOWN,1,0,78212.8245866893,78307.45159809501,POLYMARKET_OFFICIAL,DOWN,0,,HIGH,5356cf95f81ee074cbde43427e3dbbbba254fd454a24283d2fd88a1e7ee20120
btc-updown-15m-1788984000,1788984000,UP,,UP,1,0,78242.17501527033,78212.75387039159,POLYMARKET_OFFICIAL,UP,0,,HIGH,5356cf95f81ee074cbde43427e3dbbbba254fd454a24283d2fd88a1e7ee20120
btc-updown-15m-1788984900,1788984900,DOWN,,DOWN,1,0,78095.28003038357,78243.48748304906,POLYMARKET_OFFICIAL,DOWN,0,,HIGH,5356cf95f81ee074cbde43427e3dbbbba254fd454a24283d2fd88a1e7ee20120
btc-updown-15m-1788985800,1788985800,UP,,UP,1,0,78261.05314689175,78095.28003038357,POLYMARKET_OFFICIAL,UP,0,,HIGH,5356cf95f81ee074cbde43427e3dbbbba254fd454a24283d2fd88a1e7ee20120
btc-updown-15m-1788986700,1788986700,UP,,UP,1,0,78273.08524744147,78261.2946718305,POLYMARKET_OFFICIAL,UP,0,,HIGH,5356cf95f81ee074cbde43427e3dbbbba254fd454a24283d2fd88a1e7ee20120
btc-updown-15m-1788987600,1788987600,DOWN,,DOWN,1,0,78217.984047384,78302.94826050199,POLYMARKET_OFFICIAL,DOWN,0,,HIGH,5356cf95f81ee074cbde43427e3dbbbba254fd454a24283d2fd88a1e7ee20120
btc-updown-15m-1788988500,1788988500,UP,,UP,1,0,78253.52398511655,78218.10018219084,POLYMARKET_OFFICIAL,UP,0,,HIGH,5356cf95f81ee074cbde43427e3dbbbba254fd454a24283d2fd88a1e7ee20120
btc-updown-15m-1788989400,1788989400,DOWN,,DOWN,1,0,78230.87227646085,78253.65968058044,POLYMARKET_OFFICIAL,DOWN,0,,HIGH,5356cf95f81ee074cbde43427e3dbbbba254fd454a24283d2fd88a1e7ee20120
btc-updown-15m-1788990300,1788990300,DOWN,,DOWN,1,0,78104.51916502306,78230.02482330786,POLYMARKET_OFFICIAL,DOWN,0,,HIGH,5356cf95f81ee074cbde43427e3dbbbba254fd454a24283d2fd88a1e7ee20120
btc-updown-15m-1788991200,1788991200,DOWN,,DOWN,1,0,77865.37696347157,78106.62792811201,POLYMARKET_OFFICIAL,DOWN,0,,HIGH,5356cf95f81ee074cbde43427e3dbbbba254fd454a24283d2fd88a1e7ee20120
btc-updown-15m-1788992100,1788992100,UP,,UP,1,0,78011.06960080536,77863.41932307497,POLYMARKET_OFFICIAL,UP,0,,HIGH,5356cf95f81ee074cbde43427e3dbbbba254fd454a24283d2fd88a1e7ee20120
btc-updown-15m-1789040700,1789040700,DOWN,,DOWN,1,0,77843.45232080892,77965.427627578,POLYMARKET_OFFICIAL,DOWN,0,,HIGH,5356cf95f81ee074cbde43427e3dbbbba254fd454a24283d2fd88a1e7ee20120
btc-updown-15m-1789041600,1789041600,DOWN,,DOWN,1,0,77797.59755870425,77841.66813186124,POLYMARKET_OFFICIAL,DOWN,0,,HIGH,5356cf95f81ee074cbde43427e3dbbbba254fd454a24283d2fd88a1e7ee20120
btc-updown-15m-1789042500,1789042500,DOWN,,DOWN,1,0,77719.67436325371,77798.06937721721,POLYMARKET_OFFICIAL,DOWN,0,,HIGH,5356cf95f81ee074cbde43427e3dbbbba254fd454a24283d2fd88a1e7ee20120
btc-updown-15m-1789043400,1789043400,DOWN,,DOWN,1,0,77624.77310752947,77722.74452152329,POLYMARKET_OFFICIAL,DOWN,0,,HIGH,5356cf95f81ee074cbde43427e3dbbbba254fd454a24283d2fd88a1e7ee20120
btc-updown-15m-1789044300,1789044300,DOWN,,DOWN,1,0,76854.71116099478,77104.65133364187,POLYMARKET_OFFICIAL,DOWN,0,,HIGH,5356cf95f81ee074cbde43427e3dbbbba254fd454a24283d2fd88a1e7ee20120
btc-updown-15m-1789045200,1789045200,DOWN,,DOWN,1,0,76775.73182891934,76859.38810003125,POLYMARKET_OFFICIAL,DOWN,0,,HIGH,5356cf95f81ee074cbde43427e3dbbbba254fd454a24283d2fd88a1e7ee20120
btc-updown-15m-1789046100,1789046100,UP,,UP,1,0,76906.99351869537,76778.05211989283,POLYMARKET_OFFICIAL,UP,0,,HIGH,5356cf95f81ee074cbde43427e3dbbbba254fd454a24283d2fd88a1e7ee20120
btc-updown-15m-1789047000,1789047000,UP,,DOWN,1,0,76807.23983082606,76927.45495467987,POLYMARKET_OFFICIAL,UP,1,,HIGH,5356cf95f81ee074cbde43427e3dbbbba254fd454a24283d2fd88a1e7ee20120
btc-updown-15m-1789047900,1789047900,UP,,UP,1,0,76957.96667583508,76944.97956783141,POLYMARKET_OFFICIAL,UP,0,,HIGH,5356cf95f81ee074cbde43427e3dbbbba254fd454a24283d2fd88a1e7ee20120
btc-updown-15m-1789048800,1789048800,DOWN,,DOWN,1,0,77094.34837705387,77176.79239620663,POLYMARKET_OFFICIAL,DOWN,0,,HIGH,5356cf95f81ee074cbde43427e3dbbbba254fd454a24283d2fd88a1e7ee20120
btc-updown-15m-1789049700,1789049700,UP,,UP,1,0,77326.73766453574,77091.62852412158,POLYMARKET_OFFICIAL,UP,0,,HIGH,5356cf95f81ee074cbde43427e3dbbbba254fd454a24283d2fd88a1e7ee20120
btc-updown-15m-1789050600,1789050600,DOWN,,DOWN,1,0,77246.71515081098,77318.81724083355,POLYMARKET_OFFICIAL,DOWN,0,,HIGH,5356cf95f81ee074cbde43427e3dbbbba254fd454a24283d2fd88a1e7ee20120
btc-updown-15m-1789051500,1789051500,UP,,UP,1,0,77365.4114481702,77246.92741679208,POLYMARKET_OFFICIAL,UP,0,,HIGH,5356cf95f81ee074cbde43427e3dbbbba254fd454a24283d2fd88a1e7ee20120
btc-updown-15m-1789052400,1789052400,DOWN,,DOWN,1,0,77308.58152497928,77367.65347016623,POLYMARKET_OFFICIAL,DOWN,0,,HIGH,5356cf95f81ee074cbde43427e3dbbbba254fd454a24283d2fd88a1e7ee20120
btc-updown-15m-1789053300,1789053300,DOWN,,DOWN,1,0,77138.78360373943,77308.36083126294,POLYMARKET_OFFICIAL,DOWN,0,,HIGH,5356cf95f81ee074cbde43427e3dbbbba254fd454a24283d2fd88a1e7ee20120
btc-updown-15m-1789054200,1789054200,UP,,UP,1,0,77199.8083409472,77093.19803388818,POLYMARKET_OFFICIAL,UP,0,,HIGH,5356cf95f81ee074cbde43427e3dbbbba254fd454a24283d2fd88a1e7ee20120
btc-updown-15m-1789055100,1789055100,UP,,DOWN,1,0,77196.78241442367,77199.46794881158,POLYMARKET_OFFICIAL,UP,1,,HIGH,5356cf95f81ee074cbde43427e3dbbbba254fd454a24283d2fd88a1e7ee20120
btc-updown-15m-1789056000,1789056000,DOWN,,,0,0,,,POLYMARKET_OFFICIAL,DOWN,,,HIGH,5356cf95f81ee074cbde43427e3dbbbba254fd454a24283d2fd88a1e7ee20120
btc-updown-15m-1789129800,1789129800,UP,,UP,1,0,77556.14608915306,77062.89479932586,POLYMARKET_OFFICIAL,UP,0,,HIGH,5356cf95f81ee074cbde43427e3dbbbba254fd454a24283d2fd88a1e7ee20120
btc-updown-15m-1789131600,1789131600,DOWN,,DOWN,1,0,77664.99787723839,77944.49352162132,POLYMARKET_OFFICIAL,DOWN,0,,HIGH,5356cf95f81ee074cbde43427e3dbbbba254fd454a24283d2fd88a1e7ee20120
btc-updown-15m-1789132500,1789132500,DOWN,,DOWN,1,0,77522.28432400835,77669.65932641042,POLYMARKET_OFFICIAL,DOWN,0,,HIGH,5356cf95f81ee074cbde43427e3dbbbba254fd454a24283d2fd88a1e7ee20120
btc-updown-15m-1789133400,1789133400,UP,,,0,0,,,POLYMARKET_OFFICIAL,UP,,,HIGH,5356cf95f81ee074cbde43427e3dbbbba254fd454a24283d2fd88a1e7ee20120
btc-updown-15m-1789134300,1789134300,UP,,UP,1,0,79131.73313034042,77739.91663883052,POLYMARKET_OFFICIAL,UP,0,,HIGH,5356cf95f81ee074cbde43427e3dbbbba254fd454a24283d2fd88a1e7ee20120
btc-updown-15m-1789135200,1789135200,DOWN,,DOWN,1,0,79113.24039242518,79138.23054465246,POLYMARKET_OFFICIAL,DOWN,0,,HIGH,5356cf95f81ee074cbde43427e3dbbbba254fd454a24283d2fd88a1e7ee20120
btc-updown-15m-1789136100,1789136100,DOWN,,,0,0,,,POLYMARKET_OFFICIAL,DOWN,,,HIGH,5356cf95f81ee074cbde43427e3dbbbba254fd454a24283d2fd88a1e7ee20120
btc-updown-15m-1789139700,1789139700,UP,,UP,1,0,78726.00097520009,78547.27164317717,POLYMARKET_OFFICIAL,UP,0,,HIGH,5356cf95f81ee074cbde43427e3dbbbba254fd454a24283d2fd88a1e7ee20120
btc-updown-15m-1789140600,1789140600,DOWN,,DOWN,1,0,78650.7528660311,78722.34863621516,POLYMARKET_OFFICIAL,DOWN,0,,HIGH,5356cf95f81ee074cbde43427e3dbbbba254fd454a24283d2fd88a1e7ee20120
btc-updown-15m-1789141500,1789141500,DOWN,,DOWN,1,0,77662.76343750786,78648.5942038761,POLYMARKET_OFFICIAL,DOWN,0,,HIGH,5356cf95f81ee074cbde43427e3dbbbba254fd454a24283d2fd88a1e7ee20120
btc-updown-15m-1789142400,1789142400,UP,,UP,1,0,77797.86918429528,77668.25470617329,POLYMARKET_OFFICIAL,UP,0,,HIGH,5356cf95f81ee074cbde43427e3dbbbba254fd454a24283d2fd88a1e7ee20120
btc-updown-15m-1789143300,1789143300,DOWN,,DOWN,1,0,77476.24671346412,77794.3191741158,POLYMARKET_OFFICIAL,DOWN,0,,HIGH,5356cf95f81ee074cbde43427e3dbbbba254fd454a24283d2fd88a1e7ee20120
btc-updown-15m-1789144200,1789144200,UP,,DOWN,1,0,77476.24671346412,77677.47901575633,POLYMARKET_OFFICIAL,UP,1,,HIGH,5356cf95f81ee074cbde43427e3dbbbba254fd454a24283d2fd88a1e7ee20120
btc-updown-15m-1789145100,1789145100,UP,,UP,1,0,77918.19455040674,77771.3690293438,POLYMARKET_OFFICIAL,UP,0,,HIGH,5356cf95f81ee074cbde43427e3dbbbba254fd454a24283d2fd88a1e7ee20120
btc-updown-15m-1789146000,1789146000,DOWN,,DOWN,1,0,77767.45521105673,77916.59934103714,POLYMARKET_OFFICIAL,DOWN,0,,HIGH,5356cf95f81ee074cbde43427e3dbbbba254fd454a24283d2fd88a1e7ee20120
btc-updown-15m-1789146900,1789146900,UP,,UP,1,0,77822.6302871376,77763.99743895458,POLYMARKET_OFFICIAL,UP,0,,HIGH,5356cf95f81ee074cbde43427e3dbbbba254fd454a24283d2fd88a1e7ee20120
btc-updown-15m-1789147800,1789147800,DOWN,,DOWN,1,0,77615.70242494994,77822.3837416681,POLYMARKET_OFFICIAL,DOWN,0,,HIGH,5356cf95f81ee074cbde43427e3dbbbba254fd454a24283d2fd88a1e7ee20120
btc-updown-15m-1789148700,1789148700,DOWN,,DOWN,1,0,77528.17146271635,77612.49099064001,POLYMARKET_OFFICIAL,DOWN,0,,HIGH,5356cf95f81ee074cbde43427e3dbbbba254fd454a24283d2fd88a1e7ee20120
btc-updown-15m-1789149600,1789149600,DOWN,,DOWN,1,0,76996.92925027976,77521.31250632214,POLYMARKET_OFFICIAL,DOWN,0,,HIGH,5356cf95f81ee074cbde43427e3dbbbba254fd454a24283d2fd88a1e7ee20120
btc-updown-15m-1789150500,1789150500,UP,,UP,1,0,77180.295059835,76995.98566464451,POLYMARKET_OFFICIAL,UP,0,,HIGH,5356cf95f81ee074cbde43427e3dbbbba254fd454a24283d2fd88a1e7ee20120
btc-updown-15m-1789151400,1789151400,DOWN,,DOWN,1,0,77089.09356320038,77182.11334112498,POLYMARKET_OFFICIAL,DOWN,0,,HIGH,5356cf95f81ee074cbde43427e3dbbbba254fd454a24283d2fd88a1e7ee20120
btc-updown-15m-1789152300,1789152300,DOWN,,DOWN,1,0,77031.78889185897,77089.4514950134,POLYMARKET_OFFICIAL,DOWN,0,,HIGH,5356cf95f81ee074cbde43427e3dbbbba254fd454a24283d2fd88a1e7ee20120
btc-updown-15m-1789153200,1789153200,UP,,UP,1,0,77181.3002063395,77031.32450001215,POLYMARKET_OFFICIAL,UP,0,,HIGH,5356cf95f81ee074cbde43427e3dbbbba254fd454a24283d2fd88a1e7ee20120
btc-updown-15m-1789154100,1789154100,UP,,UP,1,0,77247.65437216591,77181.27277206692,POLYMARKET_OFFICIAL,UP,0,,HIGH,5356cf95f81ee074cbde43427e3dbbbba254fd454a24283d2fd88a1e7ee20120
btc-updown-15m-1789155000,1789155000,UP,,UP,1,0,77266.61751457037,77247.16886966211,POLYMARKET_OFFICIAL,UP,0,,HIGH,5356cf95f81ee074cbde43427e3dbbbba254fd454a24283d2fd88a1e7ee20120
btc-updown-15m-1789155900,1789155900,UP,,UP,1,0,77308.08486408016,77268.0480298392,POLYMARKET_OFFICIAL,UP,0,,HIGH,5356cf95f81ee074cbde43427e3dbbbba254fd454a24283d2fd88a1e7ee20120
btc-updown-15m-1789156800,1789156800,UP,,UP,1,0,77447.72916668224,77307.19315620817,POLYMARKET_OFFICIAL,UP,0,,HIGH,5356cf95f81ee074cbde43427e3dbbbba254fd454a24283d2fd88a1e7ee20120
btc-updown-15m-1789157700,1789157700,DOWN,,DOWN,1,0,77377.83163972199,77447.0139029806,POLYMARKET_OFFICIAL,DOWN,0,,HIGH,5356cf95f81ee074cbde43427e3dbbbba254fd454a24283d2fd88a1e7ee20120
btc-updown-15m-1789158600,1789158600,UP,,UP,1,0,77386.37199322593,77376.81110068176,POLYMARKET_OFFICIAL,UP,0,,HIGH,5356cf95f81ee074cbde43427e3dbbbba254fd454a24283d2fd88a1e7ee20120
btc-updown-15m-1789159500,1789159500,DOWN,,DOWN,1,0,77321.99007108755,77379.96045777074,POLYMARKET_OFFICIAL,DOWN,0,,HIGH,5356cf95f81ee074cbde43427e3dbbbba254fd454a24283d2fd88a1e7ee20120
btc-updown-15m-1789160400,1789160400,DOWN,,UP,1,0,77334.40108309123,77322.81764097062,POLYMARKET_OFFICIAL,DOWN,1,,HIGH,5356cf95f81ee074cbde43427e3dbbbba254fd454a24283d2fd88a1e7ee20120
btc-updown-15m-1789161300,1789161300,UP,,UP,1,0,77338.68347530352,77321.13326667031,POLYMARKET_OFFICIAL,UP,0,,HIGH,5356cf95f81ee074cbde43427e3dbbbba254fd454a24283d2fd88a1e7ee20120
btc-updown-15m-1789162200,1789162200,DOWN,,DOWN,1,0,77334.58864786362,77339.02214950044,POLYMARKET_OFFICIAL,DOWN,0,,HIGH,5356cf95f81ee074cbde43427e3dbbbba254fd454a24283d2fd88a1e7ee20120
btc-updown-15m-1789163100,1789163100,DOWN,,DOWN,1,0,77070.45680082905,77323.3258708182,POLYMARKET_OFFICIAL,DOWN,0,,HIGH,5356cf95f81ee074cbde43427e3dbbbba254fd454a24283d2fd88a1e7ee20120
btc-updown-15m-1789164000,1789164000,UP,,UP,1,0,77159.14780843568,77072.37806427931,POLYMARKET_OFFICIAL,UP,0,,HIGH,5356cf95f81ee074cbde43427e3dbbbba254fd454a24283d2fd88a1e7ee20120
btc-updown-15m-1789164900,1789164900,DOWN,,UP,1,0,77166.97354519679,77159.95095010198,POLYMARKET_OFFICIAL,DOWN,1,,HIGH,5356cf95f81ee074cbde43427e3dbbbba254fd454a24283d2fd88a1e7ee20120
btc-updown-15m-1789165800,1789165800,UP,,UP,1,0,77137.18141971862,77100.877088373,POLYMARKET_OFFICIAL,UP,0,,HIGH,5356cf95f81ee074cbde43427e3dbbbba254fd454a24283d2fd88a1e7ee20120
btc-updown-15m-1789166700,1789166700,DOWN,,DOWN,1,0,77128.51300866397,77132.7042870074,POLYMARKET_OFFICIAL,DOWN,0,,HIGH,5356cf95f81ee074cbde43427e3dbbbba254fd454a24283d2fd88a1e7ee20120
btc-updown-15m-1789167600,1789167600,DOWN,,UP,1,0,77139.32320521642,77128.46717392042,POLYMARKET_OFFICIAL,DOWN,1,,HIGH,5356cf95f81ee074cbde43427e3dbbbba254fd454a24283d2fd88a1e7ee20120
btc-updown-15m-1789168500,1789168500,UP,,UP,1,0,77173.35402486668,77112.9884726417,POLYMARKET_OFFICIAL,UP,0,,HIGH,5356cf95f81ee074cbde43427e3dbbbba254fd454a24283d2fd88a1e7ee20120
btc-updown-15m-1789169400,1789169400,UP,,UP,1,0,77199.13539834334,77173.31734570439,POLYMARKET_OFFICIAL,UP,0,,HIGH,5356cf95f81ee074cbde43427e3dbbbba254fd454a24283d2fd88a1e7ee20120
btc-updown-15m-1789386300,1789386300,DOWN,,DOWN,1,0,77729.23413744355,77794.23410012583,POLYMARKET_OFFICIAL,DOWN,0,,HIGH,5356cf95f81ee074cbde43427e3dbbbba254fd454a24283d2fd88a1e7ee20120
btc-updown-15m-1789387200,1789387200,UP,,UP,1,0,77785.7392117249,77731.36168006969,POLYMARKET_OFFICIAL,UP,0,,HIGH,5356cf95f81ee074cbde43427e3dbbbba254fd454a24283d2fd88a1e7ee20120
btc-updown-15m-1789388100,1789388100,UP,,UP,1,0,77948.51084156755,77785.12311548411,POLYMARKET_OFFICIAL,UP,0,,HIGH,5356cf95f81ee074cbde43427e3dbbbba254fd454a24283d2fd88a1e7ee20120
btc-updown-15m-1789389000,1789389000,DOWN,,DOWN,1,0,77803.37716243246,77949.5702941848,POLYMARKET_OFFICIAL,DOWN,0,,HIGH,5356cf95f81ee074cbde43427e3dbbbba254fd454a24283d2fd88a1e7ee20120
btc-updown-15m-1789392600,1789392600,UP,,UP,1,0,78084.94957337104,77808.39255912004,POLYMARKET_OFFICIAL,UP,0,,HIGH,5356cf95f81ee074cbde43427e3dbbbba254fd454a24283d2fd88a1e7ee20120
btc-updown-15m-1789393500,1789393500,UP,,DOWN,1,0,78066.44445615911,78090.3997217038,POLYMARKET_OFFICIAL,UP,1,,HIGH,5356cf95f81ee074cbde43427e3dbbbba254fd454a24283d2fd88a1e7ee20120
btc-updown-15m-1789394400,1789394400,UP,,UP,1,0,78473.77700505836,78183.994366455,POLYMARKET_OFFICIAL,UP,0,,HIGH,5356cf95f81ee074cbde43427e3dbbbba254fd454a24283d2fd88a1e7ee20120
btc-updown-15m-1789395300,1789395300,DOWN,,DOWN,1,0,78371.7978262646,78473.3313887683,POLYMARKET_OFFICIAL,DOWN,0,,HIGH,5356cf95f81ee074cbde43427e3dbbbba254fd454a24283d2fd88a1e7ee20120
btc-updown-15m-1789396200,1789396200,DOWN,,,0,0,,,POLYMARKET_OFFICIAL,DOWN,,,HIGH,5356cf95f81ee074cbde43427e3dbbbba254fd454a24283d2fd88a1e7ee20120
btc-updown-15m-1789397100,1789397100,UP,,UP,1,0,78523.53626810854,78343.57819180642,POLYMARKET_OFFICIAL,UP,0,,HIGH,5356cf95f81ee074cbde43427e3dbbbba254fd454a24283d2fd88a1e7ee20120
btc-updown-15m-1789735500,1789735500,DOWN,,DOWN,1,0,77969.16086772468,78074.39366181906,POLYMARKET_OFFICIAL,DOWN,0,,HIGH,5356cf95f81ee074cbde43427e3dbbbba254fd454a24283d2fd88a1e7ee20120
btc-updown-15m-1789736400,1789736400,DOWN,,DOWN,1,0,77945.87949572515,77969.42465621541,POLYMARKET_OFFICIAL,DOWN,0,,HIGH,5356cf95f81ee074cbde43427e3dbbbba254fd454a24283d2fd88a1e7ee20120
btc-updown-15m-1789737300,1789737300,UP,,UP,1,0,78107.81371016019,77954.71608978952,POLYMARKET_OFFICIAL,UP,0,,HIGH,5356cf95f81ee074cbde43427e3dbbbba254fd454a24283d2fd88a1e7ee20120
btc-updown-15m-1789738200,1789738200,UP,,UP,1,0,79194.94788652266,78107.9187033771,POLYMARKET_OFFICIAL,UP,0,,HIGH,5356cf95f81ee074cbde43427e3dbbbba254fd454a24283d2fd88a1e7ee20120
btc-updown-15m-1789739100,1789739100,UP,,UP,1,0,79944.69820512242,79199.1994967942,POLYMARKET_OFFICIAL,UP,0,,HIGH,5356cf95f81ee074cbde43427e3dbbbba254fd454a24283d2fd88a1e7ee20120
btc-updown-15m-1789740000,1789740000,UP,,UP,1,0,80233.26973519768,79947.40337999332,POLYMARKET_OFFICIAL,UP,0,,HIGH,5356cf95f81ee074cbde43427e3dbbbba254fd454a24283d2fd88a1e7ee20120
btc-updown-15m-1789742700,1789742700,UP,,UP,1,0,80851.16721915017,80718.10215612891,POLYMARKET_OFFICIAL,UP,0,,HIGH,5356cf95f81ee074cbde43427e3dbbbba254fd454a24283d2fd88a1e7ee20120
btc-updown-15m-1789743600,1789743600,DOWN,,DOWN,1,0,80768.43,80853.8804761886,POLYMARKET_OFFICIAL,DOWN,0,,HIGH,5356cf95f81ee074cbde43427e3dbbbba254fd454a24283d2fd88a1e7ee20120
btc-updown-15m-1789744500,1789744500,UP,,UP,1,0,80878.88747009018,80697.62434435212,POLYMARKET_OFFICIAL,UP,0,,HIGH,5356cf95f81ee074cbde43427e3dbbbba254fd454a24283d2fd88a1e7ee20120
btc-updown-15m-1789745400,1789745400,DOWN,,DOWN,1,0,80645.66849694091,80880.04813002904,POLYMARKET_OFFICIAL,DOWN,0,,HIGH,5356cf95f81ee074cbde43427e3dbbbba254fd454a24283d2fd88a1e7ee20120
btc-updown-15m-1789746300,1789746300,UP,,,0,0,,,POLYMARKET_OFFICIAL,UP,,,HIGH,5356cf95f81ee074cbde43427e3dbbbba254fd454a24283d2fd88a1e7ee20120
btc-updown-15m-1789747200,1789747200,UP,,,0,0,,,POLYMARKET_OFFICIAL,UP,,,HIGH,5356cf95f81ee074cbde43427e3dbbbba254fd454a24283d2fd88a1e7ee20120
btc-updown-15m-1789748100,1789748100,UP,,,0,0,,,POLYMARKET_OFFICIAL,UP,,,HIGH,5356cf95f81ee074cbde43427e3dbbbba254fd454a24283d2fd88a1e7ee20120
btc-updown-15m-1789751700,1789751700,DOWN,,DOWN,1,0,80694.50404185816,80848.27521965618,POLYMARKET_OFFICIAL,DOWN,0,,HIGH,5356cf95f81ee074cbde43427e3dbbbba254fd454a24283d2fd88a1e7ee20120
btc-updown-15m-1789752600,1789752600,UP,,UP,1,0,80730.96152814159,80718.87320631232,POLYMARKET_OFFICIAL,UP,0,,HIGH,5356cf95f81ee074cbde43427e3dbbbba254fd454a24283d2fd88a1e7ee20120
btc-updown-15m-1789753500,1789753500,UP,,UP,1,0,80974.56944842591,80732.41409223221,POLYMARKET_OFFICIAL,UP,0,,HIGH,5356cf95f81ee074cbde43427e3dbbbba254fd454a24283d2fd88a1e7ee20120
btc-updown-15m-1789754400,1789754400,DOWN,,DOWN,1,0,80820.57839085395,80974.85259839312,POLYMARKET_OFFICIAL,DOWN,0,,HIGH,5356cf95f81ee074cbde43427e3dbbbba254fd454a24283d2fd88a1e7ee20120
btc-updown-15m-1789991100,1789991100,DOWN,,DOWN,1,0,84798.23765470643,84822.60856595621,POLYMARKET_OFFICIAL,DOWN,0,,HIGH,5356cf95f81ee074cbde43427e3dbbbba254fd454a24283d2fd88a1e7ee20120
btc-updown-15m-1789992000,1789992000,UP,,UP,1,0,85027.62827611949,84807.67846715702,POLYMARKET_OFFICIAL,UP,0,,HIGH,5356cf95f81ee074cbde43427e3dbbbba254fd454a24283d2fd88a1e7ee20120
btc-updown-15m-1789993800,1789993800,UP,,UP,1,0,85167.49116263592,85031.53501967985,POLYMARKET_OFFICIAL,UP,0,,HIGH,5356cf95f81ee074cbde43427e3dbbbba254fd454a24283d2fd88a1e7ee20120
btc-updown-15m-1789994700,1789994700,UP,,UP,1,0,85354.05967007954,85175.13787475097,POLYMARKET_OFFICIAL,UP,0,,HIGH,5356cf95f81ee074cbde43427e3dbbbba254fd454a24283d2fd88a1e7ee20120
btc-updown-15m-1789996500,1789996500,DOWN,,DOWN,1,0,84938.58722528965,85156.7056167453,POLYMARKET_OFFICIAL,DOWN,0,,HIGH,5356cf95f81ee074cbde43427e3dbbbba254fd454a24283d2fd88a1e7ee20120
btc-updown-15m-1790000100,1790000100,UP,,UP,1,0,85705.37624543118,85288.69659526845,POLYMARKET_OFFICIAL,UP,0,,HIGH,5356cf95f81ee074cbde43427e3dbbbba254fd454a24283d2fd88a1e7ee20120
btc-updown-15m-1790001000,1790001000,UP,,UP,1,0,85744.86469984155,85705.48944666714,POLYMARKET_OFFICIAL,UP,0,,HIGH,5356cf95f81ee074cbde43427e3dbbbba254fd454a24283d2fd88a1e7ee20120
btc-updown-15m-1790005500,1790005500,DOWN,,DOWN,1,0,85926.87176511518,86041.04149463846,POLYMARKET_OFFICIAL,DOWN,0,,HIGH,5356cf95f81ee074cbde43427e3dbbbba254fd454a24283d2fd88a1e7ee20120
btc-updown-15m-1790006400,1790006400,DOWN,,DOWN,1,0,85713.06300907338,85927.20871575401,POLYMARKET_OFFICIAL,DOWN,0,,HIGH,5356cf95f81ee074cbde43427e3dbbbba254fd454a24283d2fd88a1e7ee20120
btc-updown-15m-1790007300,1790007300,UP,,UP,1,0,85864.61150984702,85712.8340199071,POLYMARKET_OFFICIAL,UP,0,,HIGH,5356cf95f81ee074cbde43427e3dbbbba254fd454a24283d2fd88a1e7ee20120
btc-updown-15m-1790008200,1790008200,DOWN,,DOWN,1,0,85853.28605557364,85862.5850104583,POLYMARKET_OFFICIAL,DOWN,0,,HIGH,5356cf95f81ee074cbde43427e3dbbbba254fd454a24283d2fd88a1e7ee20120
btc-updown-15m-1790009100,1790009100,UP,,UP,1,0,85979.86353534952,85855.08585614109,POLYMARKET_OFFICIAL,UP,0,,HIGH,5356cf95f81ee074cbde43427e3dbbbba254fd454a24283d2fd88a1e7ee20120
btc-updown-15m-1790010000,1790010000,DOWN,,UP,1,0,85989.16785822848,85978.65962726458,POLYMARKET_OFFICIAL,DOWN,1,,HIGH,5356cf95f81ee074cbde43427e3dbbbba254fd454a24283d2fd88a1e7ee20120
btc-updown-15m-1790010900,1790010900,DOWN,,DOWN,1,0,85911.72498132038,85976.69876353846,POLYMARKET_OFFICIAL,DOWN,0,,HIGH,5356cf95f81ee074cbde43427e3dbbbba254fd454a24283d2fd88a1e7ee20120
btc-updown-15m-1790011800,1790011800,DOWN,,UP,1,0,85916.13845625067,85912.73368062818,POLYMARKET_OFFICIAL,DOWN,1,,HIGH,5356cf95f81ee074cbde43427e3dbbbba254fd454a24283d2fd88a1e7ee20120
btc-updown-15m-1790012700,1790012700,DOWN,,DOWN,1,0,85872.86390466789,85909.83229778006,POLYMARKET_OFFICIAL,DOWN,0,,HIGH,5356cf95f81ee074cbde43427e3dbbbba254fd454a24283d2fd88a1e7ee20120
btc-updown-15m-1790013600,1790013600,UP,,UP,1,0,85998.12844275612,85874.46246211418,POLYMARKET_OFFICIAL,UP,0,,HIGH,5356cf95f81ee074cbde43427e3dbbbba254fd454a24283d2fd88a1e7ee20120
btc-updown-15m-1790014500,1790014500,DOWN,,DOWN,1,0,85908.65956326906,85997.16993870772,POLYMARKET_OFFICIAL,DOWN,0,,HIGH,5356cf95f81ee074cbde43427e3dbbbba254fd454a24283d2fd88a1e7ee20120
btc-updown-15m-1790015400,1790015400,UP,,UP,1,0,85962.63084608449,85909.17592729915,POLYMARKET_OFFICIAL,UP,0,,HIGH,5356cf95f81ee074cbde43427e3dbbbba254fd454a24283d2fd88a1e7ee20120
btc-updown-15m-1790016300,1790016300,UP,,UP,1,0,86051.75,85957.9635696325,POLYMARKET_OFFICIAL,UP,0,,HIGH,5356cf95f81ee074cbde43427e3dbbbba254fd454a24283d2fd88a1e7ee20120
btc-updown-15m-1790017200,1790017200,DOWN,,DOWN,1,0,86049.63751948104,86052.42797606438,POLYMARKET_OFFICIAL,DOWN,0,,HIGH,5356cf95f81ee074cbde43427e3dbbbba254fd454a24283d2fd88a1e7ee20120
btc-updown-15m-1790018100,1790018100,UP,,UP,1,0,86323.65631787812,86050.13409134616,POLYMARKET_OFFICIAL,UP,0,,HIGH,5356cf95f81ee074cbde43427e3dbbbba254fd454a24283d2fd88a1e7ee20120
btc-updown-15m-1790019000,1790019000,UP,,UP,1,0,86536.60928550673,86327.84196903663,POLYMARKET_OFFICIAL,UP,0,,HIGH,5356cf95f81ee074cbde43427e3dbbbba254fd454a24283d2fd88a1e7ee20120
btc-updown-15m-1790019900,1790019900,UP,,DOWN,1,0,86490.11,86540.54368204648,POLYMARKET_OFFICIAL,UP,1,,HIGH,5356cf95f81ee074cbde43427e3dbbbba254fd454a24283d2fd88a1e7ee20120
btc-updown-15m-1790020800,1790020800,UP,,UP,1,0,86766.32602129123,86567.65896164086,POLYMARKET_OFFICIAL,UP,0,,HIGH,5356cf95f81ee074cbde43427e3dbbbba254fd454a24283d2fd88a1e7ee20120
btc-updown-15m-1790021700,1790021700,UP,,UP,1,0,87288.28583827427,86764.70817751955,POLYMARKET_OFFICIAL,UP,0,,HIGH,5356cf95f81ee074cbde43427e3dbbbba254fd454a24283d2fd88a1e7ee20120
btc-updown-15m-1790022600,1790022600,DOWN,,DOWN,1,0,86923.48694960165,87286.28246753615,POLYMARKET_OFFICIAL,DOWN,0,,HIGH,5356cf95f81ee074cbde43427e3dbbbba254fd454a24283d2fd88a1e7ee20120
btc-updown-15m-1790023500,1790023500,UP,,UP,1,0,87001.68,86920.54562528445,POLYMARKET_OFFICIAL,UP,0,,HIGH,5356cf95f81ee074cbde43427e3dbbbba254fd454a24283d2fd88a1e7ee20120
btc-updown-15m-1790024400,1790024400,DOWN,,DOWN,1,0,86588.80788747767,86961.48389558349,POLYMARKET_OFFICIAL,DOWN,0,,HIGH,5356cf95f81ee074cbde43427e3dbbbba254fd454a24283d2fd88a1e7ee20120
btc-updown-15m-1790025300,1790025300,UP,,UP,1,0,86621.65274825304,86587.83343269462,POLYMARKET_OFFICIAL,UP,0,,HIGH,5356cf95f81ee074cbde43427e3dbbbba254fd454a24283d2fd88a1e7ee20120
btc-updown-15m-1790026200,1790026200,UP,,UP,1,0,86777.04446069486,86620.59773329923,POLYMARKET_OFFICIAL,UP,0,,HIGH,5356cf95f81ee074cbde43427e3dbbbba254fd454a24283d2fd88a1e7ee20120
btc-updown-15m-1790027100,1790027100,DOWN,,DOWN,1,0,86588.29,86776.34953351849,POLYMARKET_OFFICIAL,DOWN,0,,HIGH,5356cf95f81ee074cbde43427e3dbbbba254fd454a24283d2fd88a1e7ee20120
btc-updown-15m-1790028000,1790028000,UP,,DOWN,1,0,86579.05214727212,86590.23133742472,POLYMARKET_OFFICIAL,UP,1,,HIGH,5356cf95f81ee074cbde43427e3dbbbba254fd454a24283d2fd88a1e7ee20120
btc-updown-15m-1790028900,1790028900,DOWN,,DOWN,1,0,86367.06126529162,86614.08695517192,POLYMARKET_OFFICIAL,DOWN,0,,HIGH,5356cf95f81ee074cbde43427e3dbbbba254fd454a24283d2fd88a1e7ee20120
btc-updown-15m-1790077500,1790077500,DOWN,,DOWN,1,0,85950.61751031093,86097.45536078332,POLYMARKET_OFFICIAL,DOWN,0,,HIGH,5356cf95f81ee074cbde43427e3dbbbba254fd454a24283d2fd88a1e7ee20120
btc-updown-15m-1790078400,1790078400,DOWN,,UP,1,0,85967.05119877988,85951.62284927643,POLYMARKET_OFFICIAL,DOWN,1,,HIGH,5356cf95f81ee074cbde43427e3dbbbba254fd454a24283d2fd88a1e7ee20120
btc-updown-15m-1790079300,1790079300,UP,,UP,1,0,86037.37933499154,85951.26731312602,POLYMARKET_OFFICIAL,UP,0,,HIGH,5356cf95f81ee074cbde43427e3dbbbba254fd454a24283d2fd88a1e7ee20120
btc-updown-15m-1790081100,1790081100,DOWN,,UP,1,0,86000.85372435505,85984.23803250756,POLYMARKET_OFFICIAL,DOWN,1,,HIGH,5356cf95f81ee074cbde43427e3dbbbba254fd454a24283d2fd88a1e7ee20120
btc-updown-15m-1790090100,1790090100,UP,,UP,1,0,86290.89927614658,86284.06100573747,POLYMARKET_OFFICIAL,UP,0,,HIGH,5356cf95f81ee074cbde43427e3dbbbba254fd454a24283d2fd88a1e7ee20120
btc-updown-15m-1790091000,1790091000,UP,,UP,1,0,86497.38158662494,86290.56881464273,POLYMARKET_OFFICIAL,UP,0,,HIGH,5356cf95f81ee074cbde43427e3dbbbba254fd454a24283d2fd88a1e7ee20120
btc-updown-15m-1790091900,1790091900,DOWN,,DOWN,1,0,86406.27805871227,86503.53140296903,POLYMARKET_OFFICIAL,DOWN,0,,HIGH,5356cf95f81ee074cbde43427e3dbbbba254fd454a24283d2fd88a1e7ee20120
btc-updown-15m-1790163900,1790163900,UP,,UP,1,0,85631.7976841624,85472.94165450153,POLYMARKET_OFFICIAL,UP,0,,HIGH,5356cf95f81ee074cbde43427e3dbbbba254fd454a24283d2fd88a1e7ee20120
btc-updown-15m-1790164800,1790164800,DOWN,,DOWN,1,0,85446.65305185736,85631.70527261277,POLYMARKET_OFFICIAL,DOWN,0,,HIGH,5356cf95f81ee074cbde43427e3dbbbba254fd454a24283d2fd88a1e7ee20120
btc-updown-15m-1790165700,1790165700,UP,,,0,0,,,POLYMARKET_OFFICIAL,UP,,,HIGH,5356cf95f81ee074cbde43427e3dbbbba254fd454a24283d2fd88a1e7ee20120
btc-updown-15m-1790168400,1790168400,DOWN,,DOWN,1,0,85335.502830171,85466.04579787687,POLYMARKET_OFFICIAL,DOWN,0,,HIGH,5356cf95f81ee074cbde43427e3dbbbba254fd454a24283d2fd88a1e7ee20120
btc-updown-15m-1790169300,1790169300,UP,,UP,1,0,85523.9072486855,85335.595585992,POLYMARKET_OFFICIAL,UP,0,,HIGH,5356cf95f81ee074cbde43427e3dbbbba254fd454a24283d2fd88a1e7ee20120
btc-updown-15m-1790171100,1790171100,DOWN,,DOWN,1,0,85759.74480766026,85817.01508249808,POLYMARKET_OFFICIAL,DOWN,0,,HIGH,5356cf95f81ee074cbde43427e3dbbbba254fd454a24283d2fd88a1e7ee20120
btc-updown-15m-1790174700,1790174700,UP,,UP,1,0,84502.4597053771,84332.13965064792,POLYMARKET_OFFICIAL,UP,0,,HIGH,5356cf95f81ee074cbde43427e3dbbbba254fd454a24283d2fd88a1e7ee20120
btc-updown-15m-1790181900,1790181900,DOWN,,DOWN,1,0,84006.60437869413,84095.1520649423,POLYMARKET_OFFICIAL,DOWN,0,,HIGH,5356cf95f81ee074cbde43427e3dbbbba254fd454a24283d2fd88a1e7ee20120
btc-updown-15m-1790182800,1790182800,DOWN,,DOWN,1,0,83753.71118954504,84008.11557031103,POLYMARKET_OFFICIAL,DOWN,0,,HIGH,5356cf95f81ee074cbde43427e3dbbbba254fd454a24283d2fd88a1e7ee20120
btc-updown-15m-1790183700,1790183700,UP,,UP,1,0,84050.25388823725,83760.40697460104,POLYMARKET_OFFICIAL,UP,0,,HIGH,5356cf95f81ee074cbde43427e3dbbbba254fd454a24283d2fd88a1e7ee20120
btc-updown-15m-1790184600,1790184600,UP,,UP,1,0,84214.59521164089,84048.76356223538,POLYMARKET_OFFICIAL,UP,0,,HIGH,5356cf95f81ee074cbde43427e3dbbbba254fd454a24283d2fd88a1e7ee20120
btc-updown-15m-1790185500,1790185500,UP,,UP,1,0,84306.40672619958,84216.0066524536,POLYMARKET_OFFICIAL,UP,0,,HIGH,5356cf95f81ee074cbde43427e3dbbbba254fd454a24283d2fd88a1e7ee20120
btc-updown-15m-1790186400,1790186400,DOWN,,DOWN,1,0,84214.860530506,84307.04699787176,POLYMARKET_OFFICIAL,DOWN,0,,HIGH,5356cf95f81ee074cbde43427e3dbbbba254fd454a24283d2fd88a1e7ee20120
btc-updown-15m-1790187300,1790187300,DOWN,,DOWN,1,0,84160.07096633964,84210.7265099475,POLYMARKET_OFFICIAL,DOWN,0,,HIGH,5356cf95f81ee074cbde43427e3dbbbba254fd454a24283d2fd88a1e7ee20120
btc-updown-15m-1790188200,1790188200,UP,,UP,1,0,84162.28126171074,84158.26464990416,POLYMARKET_OFFICIAL,UP,0,,HIGH,5356cf95f81ee074cbde43427e3dbbbba254fd454a24283d2fd88a1e7ee20120
btc-updown-15m-1790189100,1790189100,UP,,UP,1,0,84333.7414062136,84203.60332014097,POLYMARKET_OFFICIAL,UP,0,,HIGH,5356cf95f81ee074cbde43427e3dbbbba254fd454a24283d2fd88a1e7ee20120
btc-updown-15m-1790190000,1790190000,UP,,UP,1,0,84360.30003260681,84330.82269635616,POLYMARKET_OFFICIAL,UP,0,,HIGH,5356cf95f81ee074cbde43427e3dbbbba254fd454a24283d2fd88a1e7ee20120
btc-updown-15m-1790190900,1790190900,UP,,UP,1,0,84400.16287576898,84359.46528191696,POLYMARKET_OFFICIAL,UP,0,,HIGH,5356cf95f81ee074cbde43427e3dbbbba254fd454a24283d2fd88a1e7ee20120
btc-updown-15m-1790191800,1790191800,UP,,UP,1,0,84447.56149603946,84397.71354053663,POLYMARKET_OFFICIAL,UP,0,,HIGH,5356cf95f81ee074cbde43427e3dbbbba254fd454a24283d2fd88a1e7ee20120
btc-updown-15m-1790192700,1790192700,UP,,UP,1,0,84471.51908301261,84448.05138654225,POLYMARKET_OFFICIAL,UP,0,,HIGH,5356cf95f81ee074cbde43427e3dbbbba254fd454a24283d2fd88a1e7ee20120
btc-updown-15m-1790193600,1790193600,DOWN,,DOWN,1,0,84367.54679330511,84470.636598215,POLYMARKET_OFFICIAL,DOWN,0,,HIGH,5356cf95f81ee074cbde43427e3dbbbba254fd454a24283d2fd88a1e7ee20120
btc-updown-15m-1790194500,1790194500,DOWN,,DOWN,1,0,84272.2096225092,84366.58569667081,POLYMARKET_OFFICIAL,DOWN,0,,HIGH,5356cf95f81ee074cbde43427e3dbbbba254fd454a24283d2fd88a1e7ee20120
btc-updown-15m-1790195400,1790195400,UP,,UP,1,0,84391.30910421876,84272.64294768315,POLYMARKET_OFFICIAL,UP,0,,HIGH,5356cf95f81ee074cbde43427e3dbbbba254fd454a24283d2fd88a1e7ee20120
btc-updown-15m-1790196300,1790196300,DOWN,,DOWN,1,0,84215.64602342225,84390.83754637647,POLYMARKET_OFFICIAL,DOWN,0,,HIGH,5356cf95f81ee074cbde43427e3dbbbba254fd454a24283d2fd88a1e7ee20120
btc-updown-15m-1790197200,1790197200,UP,,UP,1,0,84358.93921975755,84216.58352416786,POLYMARKET_OFFICIAL,UP,0,,HIGH,5356cf95f81ee074cbde43427e3dbbbba254fd454a24283d2fd88a1e7ee20120
btc-updown-15m-1790198100,1790198100,UP,,UP,1,0,84404.32283891045,84359.10032403741,POLYMARKET_OFFICIAL,UP,0,,HIGH,5356cf95f81ee074cbde43427e3dbbbba254fd454a24283d2fd88a1e7ee20120
btc-updown-15m-1790199000,1790199000,UP,,UP,1,0,84493.09846843434,84404.55510281553,POLYMARKET_OFFICIAL,UP,0,,HIGH,5356cf95f81ee074cbde43427e3dbbbba254fd454a24283d2fd88a1e7ee20120
btc-updown-15m-1790199900,1790199900,DOWN,,DOWN,1,0,84419.59356818076,84492.69109587529,POLYMARKET_OFFICIAL,DOWN,0,,HIGH,5356cf95f81ee074cbde43427e3dbbbba254fd454a24283d2fd88a1e7ee20120
btc-updown-15m-1790200800,1790200800,UP,,UP,1,0,84595.75860603158,84418.88393756714,POLYMARKET_OFFICIAL,UP,0,,HIGH,5356cf95f81ee074cbde43427e3dbbbba254fd454a24283d2fd88a1e7ee20120
btc-updown-15m-1790201700,1790201700,DOWN,,DOWN,1,0,84484.43962310953,84594.88531864621,POLYMARKET_OFFICIAL,DOWN,0,,HIGH,5356cf95f81ee074cbde43427e3dbbbba254fd454a24283d2fd88a1e7ee20120
btc-updown-15m-1790202600,1790202600,UP,,UP,1,0,84497.6382358723,84483.84988734107,POLYMARKET_OFFICIAL,UP,0,,HIGH,5356cf95f81ee074cbde43427e3dbbbba254fd454a24283d2fd88a1e7ee20120
btc-updown-15m-1790253000,1790253000,DOWN,,DOWN,1,0,83446.29179763285,83519.4002296167,POLYMARKET_OFFICIAL,DOWN,0,,HIGH,5356cf95f81ee074cbde43427e3dbbbba254fd454a24283d2fd88a1e7ee20120
btc-updown-15m-1790253900,1790253900,UP,,UP,1,0,83593.62050927467,83447.28891237892,POLYMARKET_OFFICIAL,UP,0,,HIGH,5356cf95f81ee074cbde43427e3dbbbba254fd454a24283d2fd88a1e7ee20120
btc-updown-15m-1790254800,1790254800,UP,,UP,1,0,83755.88,83592.66694621665,POLYMARKET_OFFICIAL,UP,0,,HIGH,5356cf95f81ee074cbde43427e3dbbbba254fd454a24283d2fd88a1e7ee20120
btc-updown-15m-1790255700,1790255700,UP,,,0,0,,,POLYMARKET_OFFICIAL,UP,,,HIGH,5356cf95f81ee074cbde43427e3dbbbba254fd454a24283d2fd88a1e7ee20120
btc-updown-15m-1790257500,1790257500,UP,,UP,1,0,84211.79997931488,83937.5077480001,POLYMARKET_OFFICIAL,UP,0,,HIGH,5356cf95f81ee074cbde43427e3dbbbba254fd454a24283d2fd88a1e7ee20120
btc-updown-15m-1790262900,1790262900,UP,,UP,1,0,84078.11300334292,83851.28426898824,POLYMARKET_OFFICIAL,UP,0,,HIGH,5356cf95f81ee074cbde43427e3dbbbba254fd454a24283d2fd88a1e7ee20120
btc-updown-15m-1790263800,1790263800,UP,,UP,1,0,84343.06471331378,84079.37694201889,POLYMARKET_OFFICIAL,UP,0,,HIGH,5356cf95f81ee074cbde43427e3dbbbba254fd454a24283d2fd88a1e7ee20120
btc-updown-15m-1790264700,1790264700,UP,,UP,1,0,84386.66985428632,84347.29909944639,POLYMARKET_OFFICIAL,UP,0,,HIGH,5356cf95f81ee074cbde43427e3dbbbba254fd454a24283d2fd88a1e7ee20120
btc-updown-15m-1790265600,1790265600,DOWN,,DOWN,1,0,84117.46763607503,84386.62012818753,POLYMARKET_OFFICIAL,DOWN,0,,HIGH,5356cf95f81ee074cbde43427e3dbbbba254fd454a24283d2fd88a1e7ee20120
btc-updown-15m-1790266500,1790266500,UP,,UP,1,0,84688.84251709537,84121.02740229887,POLYMARKET_OFFICIAL,UP,0,,HIGH,5356cf95f81ee074cbde43427e3dbbbba254fd454a24283d2fd88a1e7ee20120
btc-updown-15m-1790267400,1790267400,DOWN,,DOWN,1,0,84663.98026837937,84689.04359447674,POLYMARKET_OFFICIAL,DOWN,0,,HIGH,5356cf95f81ee074cbde43427e3dbbbba254fd454a24283d2fd88a1e7ee20120
btc-updown-15m-1790268300,1790268300,DOWN,,DOWN,1,0,84482.0,84606.14010504152,POLYMARKET_OFFICIAL,DOWN,0,,HIGH,5356cf95f81ee074cbde43427e3dbbbba254fd454a24283d2fd88a1e7ee20120
btc-updown-15m-1790269200,1790269200,DOWN,,DOWN,1,0,84478.0,84489.67835912322,POLYMARKET_OFFICIAL,DOWN,0,,HIGH,5356cf95f81ee074cbde43427e3dbbbba254fd454a24283d2fd88a1e7ee20120
btc-updown-15m-1790270100,1790270100,DOWN,,DOWN,1,0,84304.0068672522,84439.69756242103,POLYMARKET_OFFICIAL,DOWN,0,,HIGH,5356cf95f81ee074cbde43427e3dbbbba254fd454a24283d2fd88a1e7ee20120
btc-updown-15m-1790271000,1790271000,DOWN,,DOWN,1,0,84128.68480579494,84304.71211916363,POLYMARKET_OFFICIAL,DOWN,0,,HIGH,5356cf95f81ee074cbde43427e3dbbbba254fd454a24283d2fd88a1e7ee20120
btc-updown-15m-1790271900,1790271900,DOWN,,DOWN,1,0,84067.94606785345,84129.04829922078,POLYMARKET_OFFICIAL,DOWN,0,,HIGH,5356cf95f81ee074cbde43427e3dbbbba254fd454a24283d2fd88a1e7ee20120
btc-updown-15m-1790272800,1790272800,UP,,UP,1,0,84193.9744563153,84068.77792759458,POLYMARKET_OFFICIAL,UP,0,,HIGH,5356cf95f81ee074cbde43427e3dbbbba254fd454a24283d2fd88a1e7ee20120
btc-updown-15m-1790273700,1790273700,UP,,UP,1,0,84416.25202809402,84198.11546855762,POLYMARKET_OFFICIAL,UP,0,,HIGH,5356cf95f81ee074cbde43427e3dbbbba254fd454a24283d2fd88a1e7ee20120
btc-updown-15m-1790274600,1790274600,DOWN,,UP,1,0,84423.84,84415.38448562559,POLYMARKET_OFFICIAL,DOWN,1,,HIGH,5356cf95f81ee074cbde43427e3dbbbba254fd454a24283d2fd88a1e7ee20120
btc-updown-15m-1790275500,1790275500,UP,,UP,1,0,84458.92495638094,84386.19110951245,POLYMARKET_OFFICIAL,UP,0,,HIGH,5356cf95f81ee074cbde43427e3dbbbba254fd454a24283d2fd88a1e7ee20120
btc-updown-15m-1790276400,1790276400,UP,,UP,1,0,84579.053965855,84457.8787545079,POLYMARKET_OFFICIAL,UP,0,,HIGH,5356cf95f81ee074cbde43427e3dbbbba254fd454a24283d2fd88a1e7ee20120
btc-updown-15m-1790278200,1790278200,DOWN,,DOWN,1,0,84430.11376782288,84612.85983325176,POLYMARKET_OFFICIAL,DOWN,0,,HIGH,5356cf95f81ee074cbde43427e3dbbbba254fd454a24283d2fd88a1e7ee20120
btc-updown-15m-1790279100,1790279100,DOWN,,DOWN,1,0,84356.14674001519,84430.72413786661,POLYMARKET_OFFICIAL,DOWN,0,,HIGH,5356cf95f81ee074cbde43427e3dbbbba254fd454a24283d2fd88a1e7ee20120
btc-updown-15m-1790280000,1790280000,DOWN,,DOWN,1,0,84339.47694452417,84353.97077358236,POLYMARKET_OFFICIAL,DOWN,0,,HIGH,5356cf95f81ee074cbde43427e3dbbbba254fd454a24283d2fd88a1e7ee20120
btc-updown-15m-1790280900,1790280900,DOWN,,DOWN,1,0,84243.46396903096,84274.80743404676,POLYMARKET_OFFICIAL,DOWN,0,,HIGH,5356cf95f81ee074cbde43427e3dbbbba254fd454a24283d2fd88a1e7ee20120
btc-updown-15m-1790281800,1790281800,UP,,UP,1,0,84375.16208172725,84241.59313829865,POLYMARKET_OFFICIAL,UP,0,,HIGH,5356cf95f81ee074cbde43427e3dbbbba254fd454a24283d2fd88a1e7ee20120
btc-updown-15m-1790282700,1790282700,DOWN,,DOWN,1,0,84340.90542470971,84374.13251412699,POLYMARKET_OFFICIAL,DOWN,0,,HIGH,5356cf95f81ee074cbde43427e3dbbbba254fd454a24283d2fd88a1e7ee20120
btc-updown-15m-1790283600,1790283600,DOWN,,UP,1,0,84346.54563213007,84341.75442560052,POLYMARKET_OFFICIAL,DOWN,1,,HIGH,5356cf95f81ee074cbde43427e3dbbbba254fd454a24283d2fd88a1e7ee20120
btc-updown-15m-1790284500,1790284500,UP,,UP,1,0,84405.79553141148,84326.69934531485,POLYMARKET_OFFICIAL,UP,0,,HIGH,5356cf95f81ee074cbde43427e3dbbbba254fd454a24283d2fd88a1e7ee20120
btc-updown-15m-1790285400,1790285400,UP,,UP,1,0,84451.06475479506,84405.74810744502,POLYMARKET_OFFICIAL,UP,0,,HIGH,5356cf95f81ee074cbde43427e3dbbbba254fd454a24283d2fd88a1e7ee20120
btc-updown-15m-1790286300,1790286300,DOWN,,DOWN,1,0,84323.25886672405,84452.19071550824,POLYMARKET_OFFICIAL,DOWN,0,,HIGH,5356cf95f81ee074cbde43427e3dbbbba254fd454a24283d2fd88a1e7ee20120
btc-updown-15m-1790287200,1790287200,DOWN,,DOWN,1,0,84314.29244097706,84323.54494198582,POLYMARKET_OFFICIAL,DOWN,0,,HIGH,5356cf95f81ee074cbde43427e3dbbbba254fd454a24283d2fd88a1e7ee20120
btc-updown-15m-1790288100,1790288100,DOWN,,DOWN,1,0,84118.43812136941,84314.34162905943,POLYMARKET_OFFICIAL,DOWN,0,,HIGH,5356cf95f81ee074cbde43427e3dbbbba254fd454a24283d2fd88a1e7ee20120
btc-updown-15m-1790289000,1790289000,DOWN,,DOWN,1,0,84107.70089137089,84116.82322038525,POLYMARKET_OFFICIAL,DOWN,0,,HIGH,5356cf95f81ee074cbde43427e3dbbbba254fd454a24283d2fd88a1e7ee20120
btc-updown-15m-1790289900,1790289900,UP,,UP,1,0,84235.22381486291,84107.82542749439,POLYMARKET_OFFICIAL,UP,0,,HIGH,5356cf95f81ee074cbde43427e3dbbbba254fd454a24283d2fd88a1e7ee20120
btc-updown-15m-1790290800,1790290800,UP,,UP,1,0,84271.02495628817,84237.86675960434,POLYMARKET_OFFICIAL,UP,0,,HIGH,5356cf95f81ee074cbde43427e3dbbbba254fd454a24283d2fd88a1e7ee20120
btc-updown-15m-1790291700,1790291700,UP,,UP,1,0,84409.73508611802,84271.81514474383,POLYMARKET_OFFICIAL,UP,0,,HIGH,5356cf95f81ee074cbde43427e3dbbbba254fd454a24283d2fd88a1e7ee20120
btc-updown-15m-1790292600,1790292600,DOWN,,UP,1,0,84413.61699036173,84408.9325326141,POLYMARKET_OFFICIAL,DOWN,1,,HIGH,5356cf95f81ee074cbde43427e3dbbbba254fd454a24283d2fd88a1e7ee20120
btc-updown-15m-1790293500,1790293500,DOWN,,UP,1,0,84410.24,84390.51496746742,POLYMARKET_OFFICIAL,DOWN,1,,HIGH,5356cf95f81ee074cbde43427e3dbbbba254fd454a24283d2fd88a1e7ee20120
btc-updown-15m-1790294400,1790294400,UP,,UP,1,0,84627.91813354142,84381.04898906272,POLYMARKET_OFFICIAL,UP,0,,HIGH,5356cf95f81ee074cbde43427e3dbbbba254fd454a24283d2fd88a1e7ee20120
btc-updown-15m-1790295300,1790295300,UP,,DOWN,1,0,84620.28252340625,84628.34181358339,POLYMARKET_OFFICIAL,UP,1,,HIGH,5356cf95f81ee074cbde43427e3dbbbba254fd454a24283d2fd88a1e7ee20120
btc-updown-15m-1790303400,1790303400,DOWN,,DOWN,1,0,84469.5485510236,84646.97018677674,POLYMARKET_OFFICIAL,DOWN,0,,HIGH,5356cf95f81ee074cbde43427e3dbbbba254fd454a24283d2fd88a1e7ee20120
btc-updown-15m-1790304300,1790304300,DOWN,,DOWN,1,0,84193.81825828498,84469.31454195574,POLYMARKET_OFFICIAL,DOWN,0,,HIGH,5356cf95f81ee074cbde43427e3dbbbba254fd454a24283d2fd88a1e7ee20120
btc-updown-15m-1790305200,1790305200,UP,,UP,1,0,84262.01,84192.97688504144,POLYMARKET_OFFICIAL,UP,0,,HIGH,5356cf95f81ee074cbde43427e3dbbbba254fd454a24283d2fd88a1e7ee20120
btc-updown-15m-1790312400,1790312400,DOWN,,DOWN,1,0,84177.79151932051,84185.04876806801,POLYMARKET_OFFICIAL,DOWN,0,,HIGH,5356cf95f81ee074cbde43427e3dbbbba254fd454a24283d2fd88a1e7ee20120
btc-updown-15m-1790313300,1790313300,DOWN,,DOWN,1,0,84169.50718450849,84174.98382870297,POLYMARKET_OFFICIAL,DOWN,0,,HIGH,5356cf95f81ee074cbde43427e3dbbbba254fd454a24283d2fd88a1e7ee20120
btc-updown-15m-1790314200,1790314200,UP,,UP,1,0,84238.74338915445,84169.46782319836,POLYMARKET_OFFICIAL,UP,0,,HIGH,5356cf95f81ee074cbde43427e3dbbbba254fd454a24283d2fd88a1e7ee20120
btc-updown-15m-1790315100,1790315100,DOWN,,DOWN,1,0,84183.13621409847,84239.29993801919,POLYMARKET_OFFICIAL,DOWN,0,,HIGH,5356cf95f81ee074cbde43427e3dbbbba254fd454a24283d2fd88a1e7ee20120
btc-updown-15m-1790316000,1790316000,DOWN,,DOWN,1,0,84033.10519713217,84182.7083222565,POLYMARKET_OFFICIAL,DOWN,0,,HIGH,5356cf95f81ee074cbde43427e3dbbbba254fd454a24283d2fd88a1e7ee20120
btc-updown-15m-1790316900,1790316900,UP,,UP,1,0,84091.60720203102,84038.30457065071,POLYMARKET_OFFICIAL,UP,0,,HIGH,5356cf95f81ee074cbde43427e3dbbbba254fd454a24283d2fd88a1e7ee20120
btc-updown-15m-1790317800,1790317800,DOWN,,DOWN,1,0,84010.86342876487,84092.64455001864,POLYMARKET_OFFICIAL,DOWN,0,,HIGH,5356cf95f81ee074cbde43427e3dbbbba254fd454a24283d2fd88a1e7ee20120
btc-updown-15m-1790318700,1790318700,UP,,UP,1,0,84023.2286598448,84010.97312555947,POLYMARKET_OFFICIAL,UP,0,,HIGH,5356cf95f81ee074cbde43427e3dbbbba254fd454a24283d2fd88a1e7ee20120
btc-updown-15m-1790319600,1790319600,DOWN,,DOWN,1,0,83800.59683443667,84023.18241406801,POLYMARKET_OFFICIAL,DOWN,0,,HIGH,5356cf95f81ee074cbde43427e3dbbbba254fd454a24283d2fd88a1e7ee20120
btc-updown-15m-1790320500,1790320500,UP,,UP,1,0,84028.40499461252,83802.63694570365,POLYMARKET_OFFICIAL,UP,0,,HIGH,5356cf95f81ee074cbde43427e3dbbbba254fd454a24283d2fd88a1e7ee20120
btc-updown-15m-1790321400,1790321400,DOWN,,DOWN,1,0,83884.64693303787,84028.87492151803,POLYMARKET_OFFICIAL,DOWN,0,,HIGH,5356cf95f81ee074cbde43427e3dbbbba254fd454a24283d2fd88a1e7ee20120
btc-updown-15m-1790322300,1790322300,UP,,UP,1,0,84055.32971038284,83885.21114816536,POLYMARKET_OFFICIAL,UP,0,,HIGH,5356cf95f81ee074cbde43427e3dbbbba254fd454a24283d2fd88a1e7ee20120
btc-updown-15m-1790323200,1790323200,UP,,UP,1,0,84114.1616199365,84052.8402061771,POLYMARKET_OFFICIAL,UP,0,,HIGH,5356cf95f81ee074cbde43427e3dbbbba254fd454a24283d2fd88a1e7ee20120
btc-updown-15m-1790324100,1790324100,UP,,UP,1,0,84433.65905915515,84113.09403125674,POLYMARKET_OFFICIAL,UP,0,,HIGH,5356cf95f81ee074cbde43427e3dbbbba254fd454a24283d2fd88a1e7ee20120
btc-updown-15m-1790325000,1790325000,DOWN,,DOWN,1,0,84307.4925281493,84431.87454762662,POLYMARKET_OFFICIAL,DOWN,0,,HIGH,5356cf95f81ee074cbde43427e3dbbbba254fd454a24283d2fd88a1e7ee20120
btc-updown-15m-1790325900,1790325900,UP,,UP,1,0,84397.40409067558,84306.90445803224,POLYMARKET_OFFICIAL,UP,0,,HIGH,5356cf95f81ee074cbde43427e3dbbbba254fd454a24283d2fd88a1e7ee20120
btc-updown-15m-1790326800,1790326800,UP,,UP,1,0,84599.62036429785,84396.74316580844,POLYMARKET_OFFICIAL,UP,0,,HIGH,5356cf95f81ee074cbde43427e3dbbbba254fd454a24283d2fd88a1e7ee20120
btc-updown-15m-1790327700,1790327700,UP,,UP,1,0,84801.30504696691,84598.12255835718,POLYMARKET_OFFICIAL,UP,0,,HIGH,5356cf95f81ee074cbde43427e3dbbbba254fd454a24283d2fd88a1e7ee20120
btc-updown-15m-1790328600,1790328600,DOWN,,DOWN,1,0,84617.03642222258,84800.82584780223,POLYMARKET_OFFICIAL,DOWN,0,,HIGH,5356cf95f81ee074cbde43427e3dbbbba254fd454a24283d2fd88a1e7ee20120
btc-updown-15m-1790329500,1790329500,DOWN,,DOWN,1,0,84576.2996325905,84617.03289036592,POLYMARKET_OFFICIAL,DOWN,0,,HIGH,5356cf95f81ee074cbde43427e3dbbbba254fd454a24283d2fd88a1e7ee20120
btc-updown-15m-1790330400,1790330400,DOWN,,DOWN,1,0,84478.63467067003,84573.99642708615,POLYMARKET_OFFICIAL,DOWN,0,,HIGH,5356cf95f81ee074cbde43427e3dbbbba254fd454a24283d2fd88a1e7ee20120
btc-updown-15m-1790331300,1790331300,UP,,UP,1,0,84708.6821364395,84478.94057069703,POLYMARKET_OFFICIAL,UP,0,,HIGH,5356cf95f81ee074cbde43427e3dbbbba254fd454a24283d2fd88a1e7ee20120
btc-updown-15m-1790332200,1790332200,UP,,UP,1,0,84757.99881728765,84708.2630499698,POLYMARKET_OFFICIAL,UP,0,,HIGH,5356cf95f81ee074cbde43427e3dbbbba254fd454a24283d2fd88a1e7ee20120
btc-updown-15m-1790333100,1790333100,DOWN,,DOWN,1,0,84698.07249051155,84759.34274174712,POLYMARKET_OFFICIAL,DOWN,0,,HIGH,5356cf95f81ee074cbde43427e3dbbbba254fd454a24283d2fd88a1e7ee20120
btc-updown-15m-1790334000,1790334000,UP,,UP,1,0,85169.29022697938,84698.2680222117,POLYMARKET_OFFICIAL,UP,0,,HIGH,5356cf95f81ee074cbde43427e3dbbbba254fd454a24283d2fd88a1e7ee20120
btc-updown-15m-1790334900,1790334900,DOWN,,DOWN,1,0,84927.53195622342,85175.18435335842,POLYMARKET_OFFICIAL,DOWN,0,,HIGH,5356cf95f81ee074cbde43427e3dbbbba254fd454a24283d2fd88a1e7ee20120
btc-updown-15m-1790335800,1790335800,DOWN,,DOWN,1,0,84710.98929901028,84926.49890174817,POLYMARKET_OFFICIAL,DOWN,0,,HIGH,5356cf95f81ee074cbde43427e3dbbbba254fd454a24283d2fd88a1e7ee20120
btc-updown-15m-1790336700,1790336700,DOWN,,DOWN,1,0,84589.82581217612,84709.98380999763,POLYMARKET_OFFICIAL,DOWN,0,,HIGH,5356cf95f81ee074cbde43427e3dbbbba254fd454a24283d2fd88a1e7ee20120
btc-updown-15m-1790337600,1790337600,DOWN,,DOWN,1,0,84319.86567457636,84586.93175975671,POLYMARKET_OFFICIAL,DOWN,0,,HIGH,5356cf95f81ee074cbde43427e3dbbbba254fd454a24283d2fd88a1e7ee20120
btc-updown-15m-1790338500,1790338500,UP,,UP,1,0,84346.50645007749,84320.46723093388,POLYMARKET_OFFICIAL,UP,0,,HIGH,5356cf95f81ee074cbde43427e3dbbbba254fd454a24283d2fd88a1e7ee20120
btc-updown-15m-1790339400,1790339400,UP,,,0,0,,,POLYMARKET_OFFICIAL,UP,,,HIGH,5356cf95f81ee074cbde43427e3dbbbba254fd454a24283d2fd88a1e7ee20120
btc-updown-15m-1790340300,1790340300,UP,,UP,1,0,84470.79138728499,84420.16193866795,POLYMARKET_OFFICIAL,UP,0,,HIGH,5356cf95f81ee074cbde43427e3dbbbba254fd454a24283d2fd88a1e7ee20120
btc-updown-15m-1790341200,1790341200,DOWN,,DOWN,1,0,84415.54208335326,84468.01619591376,POLYMARKET_OFFICIAL,DOWN,0,,HIGH,5356cf95f81ee074cbde43427e3dbbbba254fd454a24283d2fd88a1e7ee20120
btc-updown-15m-1790342100,1790342100,DOWN,,DOWN,1,0,84132.20245262588,84416.36581720729,POLYMARKET_OFFICIAL,DOWN,0,,HIGH,5356cf95f81ee074cbde43427e3dbbbba254fd454a24283d2fd88a1e7ee20120
btc-updown-15m-1790343000,1790343000,DOWN,,,0,0,,,POLYMARKET_OFFICIAL,DOWN,,,HIGH,5356cf95f81ee074cbde43427e3dbbbba254fd454a24283d2fd88a1e7ee20120
btc-updown-15m-1790344800,1790344800,DOWN,,DOWN,1,0,83551.63068331016,83908.26500216739,POLYMARKET_OFFICIAL,DOWN,0,,HIGH,5356cf95f81ee074cbde43427e3dbbbba254fd454a24283d2fd88a1e7ee20120
btc-updown-15m-1790345700,1790345700,UP,,,0,0,,,POLYMARKET_OFFICIAL,UP,,,HIGH,5356cf95f81ee074cbde43427e3dbbbba254fd454a24283d2fd88a1e7ee20120
btc-updown-15m-1790346600,1790346600,UP,,UP,1,0,83678.71541035049,83647.94471024226,POLYMARKET_OFFICIAL,UP,0,,HIGH,5356cf95f81ee074cbde43427e3dbbbba254fd454a24283d2fd88a1e7ee20120
btc-updown-15m-1790347500,1790347500,UP,,,0,0,,,POLYMARKET_OFFICIAL,UP,,,HIGH,5356cf95f81ee074cbde43427e3dbbbba254fd454a24283d2fd88a1e7ee20120
btc-updown-15m-1790467200,1790467200,DOWN,,DOWN,1,0,84309.72995526603,84422.95610948939,POLYMARKET_OFFICIAL,DOWN,0,,HIGH,5356cf95f81ee074cbde43427e3dbbbba254fd454a24283d2fd88a1e7ee20120
btc-updown-15m-1790468100,1790468100,DOWN,,DOWN,1,0,84245.40478643491,84309.70050868082,POLYMARKET_OFFICIAL,DOWN,0,,HIGH,5356cf95f81ee074cbde43427e3dbbbba254fd454a24283d2fd88a1e7ee20120
btc-updown-15m-1790469000,1790469000,UP,,UP,1,0,84328.561621183,84245.40986075973,POLYMARKET_OFFICIAL,UP,0,,HIGH,5356cf95f81ee074cbde43427e3dbbbba254fd454a24283d2fd88a1e7ee20120
btc-updown-15m-1790469900,1790469900,DOWN,,DOWN,1,0,84288.80883183354,84328.51502785663,POLYMARKET_OFFICIAL,DOWN,0,,HIGH,5356cf95f81ee074cbde43427e3dbbbba254fd454a24283d2fd88a1e7ee20120
btc-updown-15m-1790470800,1790470800,UP,,UP,1,0,84365.86522893116,84288.85050568287,POLYMARKET_OFFICIAL,UP,0,,HIGH,5356cf95f81ee074cbde43427e3dbbbba254fd454a24283d2fd88a1e7ee20120
btc-updown-15m-1790471700,1790471700,DOWN,,DOWN,1,0,84316.48275201257,84366.56658417011,POLYMARKET_OFFICIAL,DOWN,0,,HIGH,5356cf95f81ee074cbde43427e3dbbbba254fd454a24283d2fd88a1e7ee20120
btc-updown-15m-1790472600,1790472600,UP,,UP,1,0,84381.51475296663,84316.47972076356,POLYMARKET_OFFICIAL,UP,0,,HIGH,5356cf95f81ee074cbde43427e3dbbbba254fd454a24283d2fd88a1e7ee20120
btc-updown-15m-1790473500,1790473500,UP,,UP,1,0,84465.95802769373,84381.58539234483,POLYMARKET_OFFICIAL,UP,0,,HIGH,5356cf95f81ee074cbde43427e3dbbbba254fd454a24283d2fd88a1e7ee20120
btc-updown-15m-1790474400,1790474400,DOWN,,,0,0,,,POLYMARKET_OFFICIAL,DOWN,,,HIGH,5356cf95f81ee074cbde43427e3dbbbba254fd454a24283d2fd88a1e7ee20120
btc-updown-15m-1790490600,1790490600,DOWN,,DOWN,1,0,84494.85490432242,84588.44601373565,POLYMARKET_OFFICIAL,DOWN,0,,HIGH,5356cf95f81ee074cbde43427e3dbbbba254fd454a24283d2fd88a1e7ee20120
btc-updown-15m-1790491500,1790491500,UP,,DOWN,1,0,84468.47510947433,84495.1948362492,POLYMARKET_OFFICIAL,UP,1,,HIGH,5356cf95f81ee074cbde43427e3dbbbba254fd454a24283d2fd88a1e7ee20120
btc-updown-15m-1790492400,1790492400,UP,,UP,1,0,84503.93608163456,84503.17896370677,POLYMARKET_OFFICIAL,UP,0,,HIGH,5356cf95f81ee074cbde43427e3dbbbba254fd454a24283d2fd88a1e7ee20120
btc-updown-15m-1790493300,1790493300,UP,,DOWN,1,0,84494.74746933207,84503.54266251245,POLYMARKET_OFFICIAL,UP,1,,HIGH,5356cf95f81ee074cbde43427e3dbbbba254fd454a24283d2fd88a1e7ee20120
btc-updown-15m-1790494200,1790494200,UP,,UP,1,0,84604.82654754062,84510.13016874628,POLYMARKET_OFFICIAL,UP,0,,HIGH,5356cf95f81ee074cbde43427e3dbbbba254fd454a24283d2fd88a1e7ee20120
btc-updown-15m-1790495100,1790495100,UP,,UP,1,0,84754.7713504719,84604.36310679764,POLYMARKET_OFFICIAL,UP,0,,HIGH,5356cf95f81ee074cbde43427e3dbbbba254fd454a24283d2fd88a1e7ee20120
btc-updown-15m-1790497800,1790497800,DOWN,,DOWN,1,0,84696.00942284259,84786.8207707045,POLYMARKET_OFFICIAL,DOWN,0,,HIGH,5356cf95f81ee074cbde43427e3dbbbba254fd454a24283d2fd88a1e7ee20120
btc-updown-15m-1790498700,1790498700,UP,,,0,0,,,POLYMARKET_OFFICIAL,UP,,,HIGH,5356cf95f81ee074cbde43427e3dbbbba254fd454a24283d2fd88a1e7ee20120
btc-updown-15m-1790503200,1790503200,UP,,UP,1,0,85014.64974080402,84907.39046834044,POLYMARKET_OFFICIAL,UP,0,,HIGH,5356cf95f81ee074cbde43427e3dbbbba254fd454a24283d2fd88a1e7ee20120
btc-updown-15m-1790504100,1790504100,DOWN,,DOWN,1,0,84915.26597121214,85014.2557718959,POLYMARKET_OFFICIAL,DOWN,0,,HIGH,5356cf95f81ee074cbde43427e3dbbbba254fd454a24283d2fd88a1e7ee20120
btc-updown-15m-1790505000,1790505000,DOWN,,DOWN,1,0,84841.72974514148,84914.8546192588,POLYMARKET_OFFICIAL,DOWN,0,,HIGH,5356cf95f81ee074cbde43427e3dbbbba254fd454a24283d2fd88a1e7ee20120
btc-updown-15m-1790505900,1790505900,UP,,DOWN,1,0,84835.06721280063,84840.3463869794,POLYMARKET_OFFICIAL,UP,1,,HIGH,5356cf95f81ee074cbde43427e3dbbbba254fd454a24283d2fd88a1e7ee20120
btc-updown-15m-1790506800,1790506800,UP,,UP,1,0,84885.05592273583,84845.20585685875,POLYMARKET_OFFICIAL,UP,0,,HIGH,5356cf95f81ee074cbde43427e3dbbbba254fd454a24283d2fd88a1e7ee20120
btc-updown-15m-1790507700,1790507700,UP,,UP,1,0,84894.93129719397,84885.12293279995,POLYMARKET_OFFICIAL,UP,0,,HIGH,5356cf95f81ee074cbde43427e3dbbbba254fd454a24283d2fd88a1e7ee20120
btc-updown-15m-1790508600,1790508600,DOWN,,DOWN,1,0,84872.76724523172,84893.85601890941,POLYMARKET_OFFICIAL,DOWN,0,,HIGH,5356cf95f81ee074cbde43427e3dbbbba254fd454a24283d2fd88a1e7ee20120
btc-updown-15m-1790509500,1790509500,DOWN,,UP,1,0,84879.46292378279,84873.35841010851,POLYMARKET_OFFICIAL,DOWN,1,,HIGH,5356cf95f81ee074cbde43427e3dbbbba254fd454a24283d2fd88a1e7ee20120
btc-updown-15m-1790510400,1790510400,UP,,UP,1,0,84972.72391304013,84873.26631976213,POLYMARKET_OFFICIAL,UP,0,,HIGH,5356cf95f81ee074cbde43427e3dbbbba254fd454a24283d2fd88a1e7ee20120
btc-updown-15m-1790511300,1790511300,DOWN,,DOWN,1,0,84935.52863205179,84973.428280526,POLYMARKET_OFFICIAL,DOWN,0,,HIGH,5356cf95f81ee074cbde43427e3dbbbba254fd454a24283d2fd88a1e7ee20120
btc-updown-15m-1790512200,1790512200,UP,,UP,1,0,84976.09564868626,84935.41411124484,POLYMARKET_OFFICIAL,UP,0,,HIGH,5356cf95f81ee074cbde43427e3dbbbba254fd454a24283d2fd88a1e7ee20120
btc-updown-15m-1790515800,1790515800,DOWN,,DOWN,1,0,84796.82515634973,84915.6445495835,POLYMARKET_OFFICIAL,DOWN,0,,HIGH,5356cf95f81ee074cbde43427e3dbbbba254fd454a24283d2fd88a1e7ee20120
btc-updown-15m-1790516700,1790516700,UP,,UP,1,0,85012.89413529907,84793.16845228219,POLYMARKET_OFFICIAL,UP,0,,HIGH,5356cf95f81ee074cbde43427e3dbbbba254fd454a24283d2fd88a1e7ee20120
btc-updown-15m-1790517600,1790517600,DOWN,,DOWN,1,0,84985.55776753795,85013.1355885664,POLYMARKET_OFFICIAL,DOWN,0,,HIGH,5356cf95f81ee074cbde43427e3dbbbba254fd454a24283d2fd88a1e7ee20120
btc-updown-15m-1790518500,1790518500,DOWN,,DOWN,1,0,84693.83975300295,84984.95099388597,POLYMARKET_OFFICIAL,DOWN,0,,HIGH,5356cf95f81ee074cbde43427e3dbbbba254fd454a24283d2fd88a1e7ee20120
btc-updown-15m-1790519400,1790519400,UP,,UP,1,0,84734.01,84692.63548009755,POLYMARKET_OFFICIAL,UP,0,,HIGH,5356cf95f81ee074cbde43427e3dbbbba254fd454a24283d2fd88a1e7ee20120
btc-updown-15m-1790520300,1790520300,DOWN,,DOWN,1,0,84538.01,84742.34125970988,POLYMARKET_OFFICIAL,DOWN,0,,HIGH,5356cf95f81ee074cbde43427e3dbbbba254fd454a24283d2fd88a1e7ee20120
btc-updown-15m-1790521200,1790521200,DOWN,,DOWN,1,0,84469.96401223406,84537.01410331298,POLYMARKET_OFFICIAL,DOWN,0,,HIGH,5356cf95f81ee074cbde43427e3dbbbba254fd454a24283d2fd88a1e7ee20120
btc-updown-15m-1790522100,1790522100,UP,,UP,1,0,84569.80530110524,84470.55383497386,POLYMARKET_OFFICIAL,UP,0,,HIGH,5356cf95f81ee074cbde43427e3dbbbba254fd454a24283d2fd88a1e7ee20120
btc-updown-15m-1790523000,1790523000,DOWN,,DOWN,1,0,84450.3811096231,84573.67245983494,POLYMARKET_OFFICIAL,DOWN,0,,HIGH,5356cf95f81ee074cbde43427e3dbbbba254fd454a24283d2fd88a1e7ee20120
btc-updown-15m-1790523900,1790523900,UP,,DOWN,1,0,84438.86173018996,84448.27752642965,POLYMARKET_OFFICIAL,UP,1,,HIGH,5356cf95f81ee074cbde43427e3dbbbba254fd454a24283d2fd88a1e7ee20120
btc-updown-15m-1790524800,1790524800,UP,,UP,1,0,84541.30836595099,84448.63359625581,POLYMARKET_OFFICIAL,UP,0,,HIGH,5356cf95f81ee074cbde43427e3dbbbba254fd454a24283d2fd88a1e7ee20120
btc-updown-15m-1790525700,1790525700,UP,,UP,1,0,84565.69548644565,84541.32080112497,POLYMARKET_OFFICIAL,UP,0,,HIGH,5356cf95f81ee074cbde43427e3dbbbba254fd454a24283d2fd88a1e7ee20120
btc-updown-15m-1790526600,1790526600,DOWN,,DOWN,1,0,84366.81178835423,84564.77626779952,POLYMARKET_OFFICIAL,DOWN,0,,HIGH,5356cf95f81ee074cbde43427e3dbbbba254fd454a24283d2fd88a1e7ee20120
btc-updown-15m-1790527500,1790527500,UP,,UP,1,0,84400.37798138185,84366.79953675001,POLYMARKET_OFFICIAL,UP,0,,HIGH,5356cf95f81ee074cbde43427e3dbbbba254fd454a24283d2fd88a1e7ee20120
btc-updown-15m-1790528400,1790528400,DOWN,,DOWN,1,0,84365.03856329984,84400.14810421031,POLYMARKET_OFFICIAL,DOWN,0,,HIGH,5356cf95f81ee074cbde43427e3dbbbba254fd454a24283d2fd88a1e7ee20120
btc-updown-15m-1790529300,1790529300,UP,,UP,1,0,84418.60382603826,84365.23273669145,POLYMARKET_OFFICIAL,UP,0,,HIGH,5356cf95f81ee074cbde43427e3dbbbba254fd454a24283d2fd88a1e7ee20120
btc-updown-15m-1790530200,1790530200,UP,,UP,1,0,84459.86234487947,84418.42067150658,POLYMARKET_OFFICIAL,UP,0,,HIGH,5356cf95f81ee074cbde43427e3dbbbba254fd454a24283d2fd88a1e7ee20120
btc-updown-15m-1790531100,1790531100,UP,,UP,1,0,84554.19076308853,84459.94105818486,POLYMARKET_OFFICIAL,UP,0,,HIGH,5356cf95f81ee074cbde43427e3dbbbba254fd454a24283d2fd88a1e7ee20120
btc-updown-15m-1790532000,1790532000,UP,,UP,1,0,84585.63302614591,84554.1529022666,POLYMARKET_OFFICIAL,UP,0,,HIGH,5356cf95f81ee074cbde43427e3dbbbba254fd454a24283d2fd88a1e7ee20120
btc-updown-15m-1790532900,1790532900,UP,,UP,1,0,84716.71282929814,84585.64199408624,POLYMARKET_OFFICIAL,UP,0,,HIGH,5356cf95f81ee074cbde43427e3dbbbba254fd454a24283d2fd88a1e7ee20120
btc-updown-15m-1790533800,1790533800,UP,,UP,1,0,84743.46202765324,84717.29025995069,POLYMARKET_OFFICIAL,UP,0,,HIGH,5356cf95f81ee074cbde43427e3dbbbba254fd454a24283d2fd88a1e7ee20120
btc-updown-15m-1790534700,1790534700,UP,,UP,1,0,84794.105763674,84742.94110152798,POLYMARKET_OFFICIAL,UP,0,,HIGH,5356cf95f81ee074cbde43427e3dbbbba254fd454a24283d2fd88a1e7ee20120
btc-updown-15m-1790535600,1790535600,DOWN,,DOWN,1,0,84782.32791334135,84794.30882365376,POLYMARKET_OFFICIAL,DOWN,0,,HIGH,5356cf95f81ee074cbde43427e3dbbbba254fd454a24283d2fd88a1e7ee20120
btc-updown-15m-1790536500,1790536500,DOWN,,DOWN,1,0,84672.32695906256,84781.98245760714,POLYMARKET_OFFICIAL,DOWN,0,,HIGH,5356cf95f81ee074cbde43427e3dbbbba254fd454a24283d2fd88a1e7ee20120
btc-updown-15m-1790537400,1790537400,UP,,UP,1,0,84749.64378797576,84673.23346166576,POLYMARKET_OFFICIAL,UP,0,,HIGH,5356cf95f81ee074cbde43427e3dbbbba254fd454a24283d2fd88a1e7ee20120
btc-updown-15m-1790538300,1790538300,DOWN,,DOWN,1,0,84717.20647277548,84749.73755850832,POLYMARKET_OFFICIAL,DOWN,0,,HIGH,5356cf95f81ee074cbde43427e3dbbbba254fd454a24283d2fd88a1e7ee20120
btc-updown-15m-1790539200,1790539200,UP,,UP,1,0,84791.00166411418,84717.23184520025,POLYMARKET_OFFICIAL,UP,0,,HIGH,5356cf95f81ee074cbde43427e3dbbbba254fd454a24283d2fd88a1e7ee20120
btc-updown-15m-1790540100,1790540100,DOWN,,DOWN,1,0,84603.12579026874,84791.40909089298,POLYMARKET_OFFICIAL,DOWN,0,,HIGH,5356cf95f81ee074cbde43427e3dbbbba254fd454a24283d2fd88a1e7ee20120
btc-updown-15m-1790541000,1790541000,UP,,UP,1,0,84617.93144151536,84602.91746408917,POLYMARKET_OFFICIAL,UP,0,,HIGH,5356cf95f81ee074cbde43427e3dbbbba254fd454a24283d2fd88a1e7ee20120
btc-updown-15m-1790541900,1790541900,DOWN,,DOWN,1,0,84531.48685260206,84618.03372607101,POLYMARKET_OFFICIAL,DOWN,0,,HIGH,5356cf95f81ee074cbde43427e3dbbbba254fd454a24283d2fd88a1e7ee20120
btc-updown-15m-1790542800,1790542800,UP,,UP,1,0,84664.44041234939,84531.4968015728,POLYMARKET_OFFICIAL,UP,0,,HIGH,5356cf95f81ee074cbde43427e3dbbbba254fd454a24283d2fd88a1e7ee20120
btc-updown-15m-1790543700,1790543700,DOWN,,DOWN,1,0,84604.51578947301,84664.44686056169,POLYMARKET_OFFICIAL,DOWN,0,,HIGH,5356cf95f81ee074cbde43427e3dbbbba254fd454a24283d2fd88a1e7ee20120
btc-updown-15m-1790544600,1790544600,DOWN,,DOWN,1,0,84530.29201550032,84604.06834856236,POLYMARKET_OFFICIAL,DOWN,0,,HIGH,5356cf95f81ee074cbde43427e3dbbbba254fd454a24283d2fd88a1e7ee20120
btc-updown-15m-1790545500,1790545500,UP,,UP,1,0,84660.34829151808,84530.21799926234,POLYMARKET_OFFICIAL,UP,0,,HIGH,5356cf95f81ee074cbde43427e3dbbbba254fd454a24283d2fd88a1e7ee20120
btc-updown-15m-1790546400,1790546400,DOWN,,DOWN,1,0,84310.47115136503,84660.08331840675,POLYMARKET_OFFICIAL,DOWN,0,,HIGH,5356cf95f81ee074cbde43427e3dbbbba254fd454a24283d2fd88a1e7ee20120
btc-updown-15m-1790547300,1790547300,UP,,UP,1,0,84547.32141114281,84309.69489110542,POLYMARKET_OFFICIAL,UP,0,,HIGH,5356cf95f81ee074cbde43427e3dbbbba254fd454a24283d2fd88a1e7ee20120
btc-updown-15m-1790548200,1790548200,DOWN,,DOWN,1,0,84175.76495431812,84546.91750167949,POLYMARKET_OFFICIAL,DOWN,0,,HIGH,5356cf95f81ee074cbde43427e3dbbbba254fd454a24283d2fd88a1e7ee20120
btc-updown-15m-1790549100,1790549100,UP,,UP,1,0,84195.16435009902,84175.48993365648,POLYMARKET_OFFICIAL,UP,0,,HIGH,5356cf95f81ee074cbde43427e3dbbbba254fd454a24283d2fd88a1e7ee20120
btc-updown-15m-1790550000,1790550000,UP,,,0,0,,,POLYMARKET_OFFICIAL,UP,,,HIGH,5356cf95f81ee074cbde43427e3dbbbba254fd454a24283d2fd88a1e7ee20120
btc-updown-15m-1790565300,1790565300,DOWN,,DOWN,1,0,83316.17866341751,83424.25240283215,POLYMARKET_OFFICIAL,DOWN,0,,HIGH,5356cf95f81ee074cbde43427e3dbbbba254fd454a24283d2fd88a1e7ee20120
btc-updown-15m-1790566200,1790566200,UP,,UP,1,0,83460.25227447053,83315.47832581228,POLYMARKET_OFFICIAL,UP,0,,HIGH,5356cf95f81ee074cbde43427e3dbbbba254fd454a24283d2fd88a1e7ee20120
btc-updown-15m-1790567100,1790567100,DOWN,,DOWN,1,0,83318.23132108917,83458.232434191,POLYMARKET_OFFICIAL,DOWN,0,,HIGH,5356cf95f81ee074cbde43427e3dbbbba254fd454a24283d2fd88a1e7ee20120
btc-updown-15m-1790568000,1790568000,UP,,UP,1,0,83403.28000135529,83318.5643950117,POLYMARKET_OFFICIAL,UP,0,,HIGH,5356cf95f81ee074cbde43427e3dbbbba254fd454a24283d2fd88a1e7ee20120
btc-updown-15m-1790585100,1790585100,UP,,UP,1,0,82921.10221062033,82859.83966013773,POLYMARKET_OFFICIAL,UP,0,,HIGH,5356cf95f81ee074cbde43427e3dbbbba254fd454a24283d2fd88a1e7ee20120
btc-updown-15m-1790586000,1790586000,DOWN,,DOWN,1,0,82814.65358566857,82921.22456042153,POLYMARKET_OFFICIAL,DOWN,0,,HIGH,5356cf95f81ee074cbde43427e3dbbbba254fd454a24283d2fd88a1e7ee20120
btc-updown-15m-1790586900,1790586900,DOWN,,DOWN,1,0,82760.75064429194,82818.45374703388,POLYMARKET_OFFICIAL,DOWN,0,,HIGH,5356cf95f81ee074cbde43427e3dbbbba254fd454a24283d2fd88a1e7ee20120
btc-updown-15m-1790587800,1790587800,DOWN,,DOWN,1,0,82597.9315644495,82762.56035984884,POLYMARKET_OFFICIAL,DOWN,0,,HIGH,5356cf95f81ee074cbde43427e3dbbbba254fd454a24283d2fd88a1e7ee20120
btc-updown-15m-1790589600,1790589600,UP,,UP,1,0,82669.85878286278,82607.7472176212,POLYMARKET_OFFICIAL,UP,0,,HIGH,5356cf95f81ee074cbde43427e3dbbbba254fd454a24283d2fd88a1e7ee20120
btc-updown-15m-1790590500,1790590500,UP,,UP,1,0,82763.64915653036,82672.67260632968,POLYMARKET_OFFICIAL,UP,0,,HIGH,5356cf95f81ee074cbde43427e3dbbbba254fd454a24283d2fd88a1e7ee20120
btc-updown-15m-1790591400,1790591400,UP,,UP,1,0,82902.45318019396,82763.71401614342,POLYMARKET_OFFICIAL,UP,0,,HIGH,5356cf95f81ee074cbde43427e3dbbbba254fd454a24283d2fd88a1e7ee20120
btc-updown-15m-1790592300,1790592300,UP,,UP,1,0,82960.01,82903.5886385408,POLYMARKET_OFFICIAL,UP,0,,HIGH,5356cf95f81ee074cbde43427e3dbbbba254fd454a24283d2fd88a1e7ee20120
btc-updown-15m-1790593200,1790593200,UP,,UP,1,0,82994.01,82923.185355304,POLYMARKET_OFFICIAL,UP,0,,HIGH,5356cf95f81ee074cbde43427e3dbbbba254fd454a24283d2fd88a1e7ee20120
btc-updown-15m-1790595000,1790595000,UP,,UP,1,0,83045.06425599297,82984.77403500448,POLYMARKET_OFFICIAL,UP,0,,HIGH,5356cf95f81ee074cbde43427e3dbbbba254fd454a24283d2fd88a1e7ee20120
btc-updown-15m-1790595900,1790595900,UP,,UP,1,0,83048.07636642337,83044.8473573744,POLYMARKET_OFFICIAL,UP,0,,HIGH,5356cf95f81ee074cbde43427e3dbbbba254fd454a24283d2fd88a1e7ee20120
btc-updown-15m-1790596800,1790596800,UP,,UP,1,0,83306.36364649901,83048.26833415008,POLYMARKET_OFFICIAL,UP,0,,HIGH,5356cf95f81ee074cbde43427e3dbbbba254fd454a24283d2fd88a1e7ee20120
btc-updown-15m-1790597700,1790597700,UP,,UP,1,0,83353.11851461536,83309.65622107357,POLYMARKET_OFFICIAL,UP,0,,HIGH,5356cf95f81ee074cbde43427e3dbbbba254fd454a24283d2fd88a1e7ee20120
btc-updown-15m-1790598600,1790598600,DOWN,,UP,1,0,83346.68,83343.61882207444,POLYMARKET_OFFICIAL,DOWN,1,,HIGH,5356cf95f81ee074cbde43427e3dbbbba254fd454a24283d2fd88a1e7ee20120
btc-updown-15m-1790599500,1790599500,UP,,UP,1,0,83538.598007381,83272.5395699404,POLYMARKET_OFFICIAL,UP,0,,HIGH,5356cf95f81ee074cbde43427e3dbbbba254fd454a24283d2fd88a1e7ee20120
btc-updown-15m-1790600400,1790600400,DOWN,,DOWN,1,0,83367.11408099951,83538.00103735266,POLYMARKET_OFFICIAL,DOWN,0,,HIGH,5356cf95f81ee074cbde43427e3dbbbba254fd454a24283d2fd88a1e7ee20120
btc-updown-15m-1790601300,1790601300,UP,,UP,1,0,83514.25276296081,83367.67284052672,POLYMARKET_OFFICIAL,UP,0,,HIGH,5356cf95f81ee074cbde43427e3dbbbba254fd454a24283d2fd88a1e7ee20120
btc-updown-15m-1790602200,1790602200,UP,,,0,0,,,POLYMARKET_OFFICIAL,UP,,,HIGH,5356cf95f81ee074cbde43427e3dbbbba254fd454a24283d2fd88a1e7ee20120
btc-updown-15m-1790610300,1790610300,UP,,UP,1,0,83359.39372898232,83168.42189556372,POLYMARKET_OFFICIAL,UP,0,,HIGH,5356cf95f81ee074cbde43427e3dbbbba254fd454a24283d2fd88a1e7ee20120
btc-updown-15m-1790611200,1790611200,UP,,UP,1,0,83434.07450225018,83360.0965808877,POLYMARKET_OFFICIAL,UP,0,,HIGH,5356cf95f81ee074cbde43427e3dbbbba254fd454a24283d2fd88a1e7ee20120
btc-updown-15m-1790613000,1790613000,DOWN,,DOWN,1,0,83697.31959772337,84031.93561191848,POLYMARKET_OFFICIAL,DOWN,0,,HIGH,5356cf95f81ee074cbde43427e3dbbbba254fd454a24283d2fd88a1e7ee20120
btc-updown-15m-1790613900,1790613900,DOWN,,DOWN,1,0,83680.44817149329,83698.29122014044,POLYMARKET_OFFICIAL,DOWN,0,,HIGH,5356cf95f81ee074cbde43427e3dbbbba254fd454a24283d2fd88a1e7ee20120
btc-updown-15m-1790614800,1790614800,UP,,UP,1,0,84149.01415426664,83675.62232394499,POLYMARKET_OFFICIAL,UP,0,,HIGH,5356cf95f81ee074cbde43427e3dbbbba254fd454a24283d2fd88a1e7ee20120
btc-updown-15m-1790682300,1790682300,UP,,UP,1,0,84346.9356319199,84209.47920068413,POLYMARKET_OFFICIAL,UP,0,,HIGH,5356cf95f81ee074cbde43427e3dbbbba254fd454a24283d2fd88a1e7ee20120
btc-updown-15m-1790683200,1790683200,DOWN,,DOWN,1,0,84320.45819572694,84344.3657953164,POLYMARKET_OFFICIAL,DOWN,0,,HIGH,5356cf95f81ee074cbde43427e3dbbbba254fd454a24283d2fd88a1e7ee20120
btc-updown-15m-1790684100,1790684100,DOWN,,,0,0,,,POLYMARKET_OFFICIAL,DOWN,,,HIGH,5356cf95f81ee074cbde43427e3dbbbba254fd454a24283d2fd88a1e7ee20120
btc-updown-15m-1790685000,1790685000,UP,,UP,1,0,84324.002323179,84164.28164530487,POLYMARKET_OFFICIAL,UP,0,,HIGH,5356cf95f81ee074cbde43427e3dbbbba254fd454a24283d2fd88a1e7ee20120
btc-updown-15m-1790685900,1790685900,DOWN,,DOWN,1,0,84304.88390404488,84323.41407675318,POLYMARKET_OFFICIAL,DOWN,0,,HIGH,5356cf95f81ee074cbde43427e3dbbbba254fd454a24283d2fd88a1e7ee20120
btc-updown-15m-1790686800,1790686800,UP,,UP,1,0,84410.0,84305.04935435545,POLYMARKET_OFFICIAL,UP,0,,HIGH,5356cf95f81ee074cbde43427e3dbbbba254fd454a24283d2fd88a1e7ee20120
btc-updown-15m-1790691300,1790691300,UP,,UP,1,0,83947.99041175396,83922.043769025,POLYMARKET_OFFICIAL,UP,0,,HIGH,5356cf95f81ee074cbde43427e3dbbbba254fd454a24283d2fd88a1e7ee20120
btc-updown-15m-1790694000,1790694000,DOWN,,DOWN,1,0,83380.11256867368,83766.72270828979,POLYMARKET_OFFICIAL,DOWN,0,,HIGH,5356cf95f81ee074cbde43427e3dbbbba254fd454a24283d2fd88a1e7ee20120
btc-updown-15m-1790694900,1790694900,DOWN,,DOWN,1,0,82985.26248798211,83382.96897858256,POLYMARKET_OFFICIAL,DOWN,0,,HIGH,5356cf95f81ee074cbde43427e3dbbbba254fd454a24283d2fd88a1e7ee20120
btc-updown-15m-1790698500,1790698500,UP,,UP,1,0,83242.47335228205,82970.1514655589,POLYMARKET_OFFICIAL,UP,0,,HIGH,5356cf95f81ee074cbde43427e3dbbbba254fd454a24283d2fd88a1e7ee20120
btc-updown-15m-1790699400,1790699400,DOWN,,DOWN,1,0,83034.34614167191,83241.80556471711,POLYMARKET_OFFICIAL,DOWN,0,,HIGH,5356cf95f81ee074cbde43427e3dbbbba254fd454a24283d2fd88a1e7ee20120
btc-updown-15m-1790700300,1790700300,UP,,UP,1,0,83042.70288659082,83032.87827253084,POLYMARKET_OFFICIAL,UP,0,,HIGH,5356cf95f81ee074cbde43427e3dbbbba254fd454a24283d2fd88a1e7ee20120
btc-updown-15m-1790701200,1790701200,UP,,UP,1,0,83111.8627002295,83043.15405619399,POLYMARKET_OFFICIAL,UP,0,,HIGH,5356cf95f81ee074cbde43427e3dbbbba254fd454a24283d2fd88a1e7ee20120
btc-updown-15m-1790702100,1790702100,DOWN,,DOWN,1,0,83107.66716986486,83112.28486627471,POLYMARKET_OFFICIAL,DOWN,0,,HIGH,5356cf95f81ee074cbde43427e3dbbbba254fd454a24283d2fd88a1e7ee20120
btc-updown-15m-1790703000,1790703000,UP,,UP,1,0,83114.265783025,83111.261793431,POLYMARKET_OFFICIAL,UP,0,,HIGH,5356cf95f81ee074cbde43427e3dbbbba254fd454a24283d2fd88a1e7ee20120
btc-updown-15m-1790769600,1790769600,DOWN,,DOWN,1,0,83812.52810486237,83846.81727132793,POLYMARKET_OFFICIAL,DOWN,0,,HIGH,5356cf95f81ee074cbde43427e3dbbbba254fd454a24283d2fd88a1e7ee20120
btc-updown-15m-1790770500,1790770500,UP,,UP,1,0,83860.65737155025,83814.31419520432,POLYMARKET_OFFICIAL,UP,0,,HIGH,5356cf95f81ee074cbde43427e3dbbbba254fd454a24283d2fd88a1e7ee20120
btc-updown-15m-1790771400,1790771400,UP,,UP,1,0,84851.10958650638,83878.15115776227,POLYMARKET_OFFICIAL,UP,0,,HIGH,5356cf95f81ee074cbde43427e3dbbbba254fd454a24283d2fd88a1e7ee20120
btc-updown-15m-1790782200,1790782200,UP,UP,UP,1,0,84083.08537791108,83808.38625820405,POLYMARKET_OFFICIAL,UP,0,0,HIGH,5356cf95f81ee074cbde43427e3dbbbba254fd454a24283d2fd88a1e7ee20120
btc-updown-15m-1790783100,1790783100,UP,,UP,1,0,84093.8491507908,84079.11021995396,POLYMARKET_OFFICIAL,UP,0,,HIGH,5356cf95f81ee074cbde43427e3dbbbba254fd454a24283d2fd88a1e7ee20120
btc-updown-15m-1790784000,1790784000,UP,,,0,0,,,POLYMARKET_OFFICIAL,UP,,,HIGH,5356cf95f81ee074cbde43427e3dbbbba254fd454a24283d2fd88a1e7ee20120
btc-updown-15m-1790811900,1790811900,DOWN,DOWN,DOWN,1,0,83557.38762711815,83566.2346128197,POLYMARKET_OFFICIAL,DOWN,0,0,HIGH,5356cf95f81ee074cbde43427e3dbbbba254fd454a24283d2fd88a1e7ee20120
btc-updown-15m-1790812800,1790812800,DOWN,DOWN,DOWN,1,0,83483.79677268158,83558.97318830107,POLYMARKET_OFFICIAL,DOWN,0,0,HIGH,5356cf95f81ee074cbde43427e3dbbbba254fd454a24283d2fd88a1e7ee20120
btc-updown-15m-1790813700,1790813700,DOWN,DOWN,DOWN,1,0,83433.76792809472,83481.87572014765,POLYMARKET_OFFICIAL,DOWN,0,0,HIGH,5356cf95f81ee074cbde43427e3dbbbba254fd454a24283d2fd88a1e7ee20120
btc-updown-15m-1790819100,1790819100,DOWN,DOWN,,0,0,,,POLYMARKET_OFFICIAL,DOWN,,0,HIGH,5356cf95f81ee074cbde43427e3dbbbba254fd454a24283d2fd88a1e7ee20120
btc-updown-15m-1790820000,1790820000,UP,UP,,0,0,,,POLYMARKET_OFFICIAL,UP,,0,HIGH,5356cf95f81ee074cbde43427e3dbbbba254fd454a24283d2fd88a1e7ee20120
btc-updown-15m-1790820900,1790820900,DOWN,DOWN,,0,0,,,POLYMARKET_OFFICIAL,DOWN,,0,HIGH,5356cf95f81ee074cbde43427e3dbbbba254fd454a24283d2fd88a1e7ee20120
btc-updown-15m-1790821800,1790821800,DOWN,DOWN,,0,0,,,POLYMARKET_OFFICIAL,DOWN,,0,HIGH,5356cf95f81ee074cbde43427e3dbbbba254fd454a24283d2fd88a1e7ee20120
btc-updown-15m-1790852400,1790852400,DOWN,DOWN,DOWN,1,0,83842.05941311232,83921.53720947851,POLYMARKET_OFFICIAL,DOWN,0,0,HIGH,5356cf95f81ee074cbde43427e3dbbbba254fd454a24283d2fd88a1e7ee20120
btc-updown-15m-1790853300,1790853300,DOWN,DOWN,DOWN,1,0,83798.46408911685,83839.75460245852,POLYMARKET_OFFICIAL,DOWN,0,0,HIGH,5356cf95f81ee074cbde43427e3dbbbba254fd454a24283d2fd88a1e7ee20120
btc-updown-15m-1790854200,1790854200,UP,UP,UP,1,0,83926.31266721066,83802.18180606297,POLYMARKET_OFFICIAL,UP,0,0,HIGH,5356cf95f81ee074cbde43427e3dbbbba254fd454a24283d2fd88a1e7ee20120
btc-updown-15m-1790867700,1790867700,UP,,UP,1,0,84091.66503956255,84012.8103953882,POLYMARKET_OFFICIAL,UP,0,,HIGH,5356cf95f81ee074cbde43427e3dbbbba254fd454a24283d2fd88a1e7ee20120
btc-updown-15m-1790868600,1790868600,DOWN,DOWN,DOWN,1,0,83809.22905372221,84090.51462635347,POLYMARKET_OFFICIAL,DOWN,0,0,HIGH,5356cf95f81ee074cbde43427e3dbbbba254fd454a24283d2fd88a1e7ee20120
btc-updown-15m-1790869500,1790869500,UP,UP,UP,1,0,84076.74125428459,83810.11475335885,POLYMARKET_OFFICIAL,UP,0,0,HIGH,5356cf95f81ee074cbde43427e3dbbbba254fd454a24283d2fd88a1e7ee20120
btc-updown-15m-1790870400,1790870400,UP,UP,UP,1,0,84321.08,84080.04566451331,POLYMARKET_OFFICIAL,UP,0,0,HIGH,5356cf95f81ee074cbde43427e3dbbbba254fd454a24283d2fd88a1e7ee20120
btc-updown-15m-1790898300,1790898300,UP,UP,UP,1,0,84843.3060687099,84820.91772324285,POLYMARKET_OFFICIAL,UP,0,0,HIGH,5356cf95f81ee074cbde43427e3dbbbba254fd454a24283d2fd88a1e7ee20120
btc-updown-15m-1790899200,1790899200,UP,UP,UP,1,0,84871.98194440024,84862.15799325492,POLYMARKET_OFFICIAL,UP,0,0,HIGH,5356cf95f81ee074cbde43427e3dbbbba254fd454a24283d2fd88a1e7ee20120
btc-updown-15m-1790900100,1790900100,DOWN,DOWN,DOWN,1,0,84802.02,84878.22819159337,POLYMARKET_OFFICIAL,DOWN,0,0,HIGH,5356cf95f81ee074cbde43427e3dbbbba254fd454a24283d2fd88a1e7ee20120
btc-updown-15m-1790901000,1790901000,UP,,,0,0,,,POLYMARKET_OFFICIAL,UP,,,HIGH,5356cf95f81ee074cbde43427e3dbbbba254fd454a24283d2fd88a1e7ee20120
btc-updown-15m-1790901900,1790901900,DOWN,DOWN,DOWN,1,0,84763.76391626272,84827.76114975677,POLYMARKET_OFFICIAL,DOWN,0,0,HIGH,5356cf95f81ee074cbde43427e3dbbbba254fd454a24283d2fd88a1e7ee20120
btc-updown-15m-1790902800,1790902800,DOWN,DOWN,DOWN,1,0,84643.40863153012,84762.9906400764,POLYMARKET_OFFICIAL,DOWN,0,0,HIGH,5356cf95f81ee074cbde43427e3dbbbba254fd454a24283d2fd88a1e7ee20120
btc-updown-15m-1790903700,1790903700,DOWN,DOWN,DOWN,1,0,84572.94412077178,84643.14344931481,POLYMARKET_OFFICIAL,DOWN,0,0,HIGH,5356cf95f81ee074cbde43427e3dbbbba254fd454a24283d2fd88a1e7ee20120
btc-updown-15m-1790904600,1790904600,DOWN,DOWN,DOWN,1,0,84551.63070102342,84575.19346394799,POLYMARKET_OFFICIAL,DOWN,0,0,HIGH,5356cf95f81ee074cbde43427e3dbbbba254fd454a24283d2fd88a1e7ee20120
btc-updown-15m-1790905500,1790905500,UP,UP,UP,1,0,84888.69894840638,84551.43985027766,POLYMARKET_OFFICIAL,UP,0,0,HIGH,5356cf95f81ee074cbde43427e3dbbbba254fd454a24283d2fd88a1e7ee20120
btc-updown-15m-1790906400,1790906400,UP,UP,UP,1,0,85064.22286340929,84888.3074969607,POLYMARKET_OFFICIAL,UP,0,0,HIGH,5356cf95f81ee074cbde43427e3dbbbba254fd454a24283d2fd88a1e7ee20120
btc-updown-15m-1790907300,1790907300,DOWN,DOWN,DOWN,1,0,84897.62844520922,85064.08165709442,POLYMARKET_OFFICIAL,DOWN,0,0,HIGH,5356cf95f81ee074cbde43427e3dbbbba254fd454a24283d2fd88a1e7ee20120
btc-updown-15m-1790908200,1790908200,UP,UP,UP,1,0,84988.01,84897.77634713866,POLYMARKET_OFFICIAL,UP,0,0,HIGH,5356cf95f81ee074cbde43427e3dbbbba254fd454a24283d2fd88a1e7ee20120
btc-updown-15m-1790909100,1790909100,UP,UP,UP,1,0,85149.20535731393,84946.98322539096,POLYMARKET_OFFICIAL,UP,0,0,HIGH,5356cf95f81ee074cbde43427e3dbbbba254fd454a24283d2fd88a1e7ee20120
btc-updown-15m-1790910000,1790910000,UP,UP,UP,1,0,85306.01,85149.64373202452,POLYMARKET_OFFICIAL,UP,0,0,HIGH,5356cf95f81ee074cbde43427e3dbbbba254fd454a24283d2fd88a1e7ee20120
btc-updown-15m-1790910900,1790910900,DOWN,DOWN,DOWN,1,0,85222.23483108536,85306.71187921357,POLYMARKET_OFFICIAL,DOWN,0,0,HIGH,5356cf95f81ee074cbde43427e3dbbbba254fd454a24283d2fd88a1e7ee20120
btc-updown-15m-1790911800,1790911800,UP,UP,UP,1,0,85391.09046317404,85223.05816765102,POLYMARKET_OFFICIAL,UP,0,0,HIGH,5356cf95f81ee074cbde43427e3dbbbba254fd454a24283d2fd88a1e7ee20120
btc-updown-15m-1790912700,1790912700,UP,UP,UP,1,0,85494.75662979238,85390.98748849798,POLYMARKET_OFFICIAL,UP,0,0,HIGH,5356cf95f81ee074cbde43427e3dbbbba254fd454a24283d2fd88a1e7ee20120
btc-updown-15m-1790914500,1790914500,UP,UP,UP,1,0,86714.66035246836,85442.83088753404,POLYMARKET_OFFICIAL,UP,0,0,HIGH,5356cf95f81ee074cbde43427e3dbbbba254fd454a24283d2fd88a1e7ee20120
btc-updown-15m-1790915400,1790915400,DOWN,DOWN,DOWN,1,0,86509.110714586,86718.77933746092,POLYMARKET_OFFICIAL,DOWN,0,0,HIGH,5356cf95f81ee074cbde43427e3dbbbba254fd454a24283d2fd88a1e7ee20120
btc-updown-15m-1790916300,1790916300,UP,UP,UP,1,0,86585.91771654095,86509.7434601023,POLYMARKET_OFFICIAL,UP,0,0,HIGH,5356cf95f81ee074cbde43427e3dbbbba254fd454a24283d2fd88a1e7ee20120
btc-updown-15m-1790917200,1790917200,DOWN,,,0,0,,,POLYMARKET_OFFICIAL,DOWN,,,HIGH,5356cf95f81ee074cbde43427e3dbbbba254fd454a24283d2fd88a1e7ee20120
btc-updown-15m-1790918100,1790918100,DOWN,DOWN,DOWN,1,0,86300.12716330586,86544.36852738229,POLYMARKET_OFFICIAL,DOWN,0,0,HIGH,5356cf95f81ee074cbde43427e3dbbbba254fd454a24283d2fd88a1e7ee20120
btc-updown-15m-1790919000,1790919000,DOWN,DOWN,DOWN,1,0,86106.49705830117,86299.91328386121,POLYMARKET_OFFICIAL,DOWN,0,0,HIGH,5356cf95f81ee074cbde43427e3dbbbba254fd454a24283d2fd88a1e7ee20120
btc-updown-15m-1790919900,1790919900,DOWN,DOWN,DOWN,1,0,85972.3321965674,86107.15979387487,POLYMARKET_OFFICIAL,DOWN,0,0,HIGH,5356cf95f81ee074cbde43427e3dbbbba254fd454a24283d2fd88a1e7ee20120
btc-updown-15m-1790920800,1790920800,DOWN,DOWN,DOWN,1,0,85902.73,85972.14615511487,POLYMARKET_OFFICIAL,DOWN,0,0,HIGH,5356cf95f81ee074cbde43427e3dbbbba254fd454a24283d2fd88a1e7ee20120
btc-updown-15m-1790921700,1790921700,UP,UP,UP,1,0,86010.91634165253,85905.68547216413,POLYMARKET_OFFICIAL,UP,0,0,HIGH,5356cf95f81ee074cbde43427e3dbbbba254fd454a24283d2fd88a1e7ee20120
btc-updown-15m-1790922600,1790922600,DOWN,,,0,0,,,POLYMARKET_OFFICIAL,DOWN,,,HIGH,5356cf95f81ee074cbde43427e3dbbbba254fd454a24283d2fd88a1e7ee20120
btc-updown-15m-1790923500,1790923500,UP,UP,UP,1,0,85962.65289411729,85961.40698054613,POLYMARKET_OFFICIAL,UP,0,0,HIGH,5356cf95f81ee074cbde43427e3dbbbba254fd454a24283d2fd88a1e7ee20120
btc-updown-15m-1790924400,1790924400,DOWN,DOWN,DOWN,1,0,85956.67,85961.52022822353,POLYMARKET_OFFICIAL,DOWN,0,0,HIGH,5356cf95f81ee074cbde43427e3dbbbba254fd454a24283d2fd88a1e7ee20120
btc-updown-15m-1790925300,1790925300,DOWN,DOWN,DOWN,1,0,85922.71335356889,85936.75287798353,POLYMARKET_OFFICIAL,DOWN,0,0,HIGH,5356cf95f81ee074cbde43427e3dbbbba254fd454a24283d2fd88a1e7ee20120
btc-updown-15m-1790926200,1790926200,DOWN,DOWN,DOWN,1,0,85760.89809298153,85922.66823419892,POLYMARKET_OFFICIAL,DOWN,0,0,HIGH,5356cf95f81ee074cbde43427e3dbbbba254fd454a24283d2fd88a1e7ee20120
btc-updown-15m-1790927100,1790927100,UP,UP,UP,1,0,86035.51239295797,85757.70952688952,POLYMARKET_OFFICIAL,UP,0,0,HIGH,5356cf95f81ee074cbde43427e3dbbbba254fd454a24283d2fd88a1e7ee20120
btc-updown-15m-1790928000,1790928000,UP,UP,UP,1,0,86296.53306071441,86037.31218460588,POLYMARKET_OFFICIAL,UP,0,0,HIGH,5356cf95f81ee074cbde43427e3dbbbba254fd454a24283d2fd88a1e7ee20120
btc-updown-15m-1790928900,1790928900,UP,UP,UP,1,0,86358.59596403102,86296.25614610987,POLYMARKET_OFFICIAL,UP,0,0,HIGH,5356cf95f81ee074cbde43427e3dbbbba254fd454a24283d2fd88a1e7ee20120
btc-updown-15m-1790929800,1790929800,DOWN,,,0,0,,,POLYMARKET_OFFICIAL,DOWN,,,HIGH,5356cf95f81ee074cbde43427e3dbbbba254fd454a24283d2fd88a1e7ee20120
btc-updown-15m-1790930700,1790930700,DOWN,DOWN,DOWN,1,0,86211.77787684968,86316.84717179307,POLYMARKET_OFFICIAL,DOWN,0,0,HIGH,5356cf95f81ee074cbde43427e3dbbbba254fd454a24283d2fd88a1e7ee20120
btc-updown-15m-1790931600,1790931600,DOWN,,,0,0,,,POLYMARKET_OFFICIAL,DOWN,,,HIGH,5356cf95f81ee074cbde43427e3dbbbba254fd454a24283d2fd88a1e7ee20120
btc-updown-15m-1790932500,1790932500,DOWN,DOWN,DOWN,1,0,86122.77644638196,86201.39793185852,POLYMARKET_OFFICIAL,DOWN,0,0,HIGH,5356cf95f81ee074cbde43427e3dbbbba254fd454a24283d2fd88a1e7ee20120
btc-updown-15m-1790933400,1790933400,UP,UP,UP,1,0,86331.2375319185,86124.9317152766,POLYMARKET_OFFICIAL,UP,0,0,HIGH,5356cf95f81ee074cbde43427e3dbbbba254fd454a24283d2fd88a1e7ee20120
btc-updown-15m-1790934300,1790934300,UP,UP,UP,1,0,86343.40022916051,86329.43907430321,POLYMARKET_OFFICIAL,UP,0,0,HIGH,5356cf95f81ee074cbde43427e3dbbbba254fd454a24283d2fd88a1e7ee20120
btc-updown-15m-1790935200,1790935200,DOWN,,,0,0,,,POLYMARKET_OFFICIAL,DOWN,,,HIGH,5356cf95f81ee074cbde43427e3dbbbba254fd454a24283d2fd88a1e7ee20120
btc-updown-15m-1790936100,1790936100,UP,UP,UP,1,0,86356.82833601731,86322.74096372724,POLYMARKET_OFFICIAL,UP,0,0,HIGH,5356cf95f81ee074cbde43427e3dbbbba254fd454a24283d2fd88a1e7ee20120
btc-updown-15m-1790937000,1790937000,UP,,,0,0,,,POLYMARKET_OFFICIAL,UP,,,HIGH,5356cf95f81ee074cbde43427e3dbbbba254fd454a24283d2fd88a1e7ee20120
btc-updown-15m-1790937900,1790937900,DOWN,DOWN,DOWN,1,0,86284.74638242887,86413.86501670055,POLYMARKET_OFFICIAL,DOWN,0,0,HIGH,5356cf95f81ee074cbde43427e3dbbbba254fd454a24283d2fd88a1e7ee20120
btc-updown-15m-1790938800,1790938800,UP,UP,UP,1,0,86423.78322934036,86284.40608363794,POLYMARKET_OFFICIAL,UP,0,0,HIGH,5356cf95f81ee074cbde43427e3dbbbba254fd454a24283d2fd88a1e7ee20120
btc-updown-15m-1790939700,1790939700,DOWN,DOWN,DOWN,1,0,86413.4307543216,86423.70716468993,POLYMARKET_OFFICIAL,DOWN,0,0,HIGH,5356cf95f81ee074cbde43427e3dbbbba254fd454a24283d2fd88a1e7ee20120
btc-updown-15m-1790955900,1790955900,DOWN,,,0,0,,,POLYMARKET_OFFICIAL,DOWN,,,HIGH,5356cf95f81ee074cbde43427e3dbbbba254fd454a24283d2fd88a1e7ee20120
btc-updown-15m-1790957700,1790957700,DOWN,DOWN,DOWN,1,0,85160.53637786841,85198.17021237961,POLYMARKET_OFFICIAL,DOWN,0,0,HIGH,5356cf95f81ee074cbde43427e3dbbbba254fd454a24283d2fd88a1e7ee20120
btc-updown-15m-1790960400,1790960400,DOWN,DOWN,DOWN,1,0,84963.18593508349,85132.05174324418,POLYMARKET_OFFICIAL,DOWN,0,0,HIGH,5356cf95f81ee074cbde43427e3dbbbba254fd454a24283d2fd88a1e7ee20120
btc-updown-15m-1790962200,1790962200,DOWN,DOWN,DOWN,1,0,84592.36019856394,84636.90053072297,POLYMARKET_OFFICIAL,DOWN,0,0,HIGH,5356cf95f81ee074cbde43427e3dbbbba254fd454a24283d2fd88a1e7ee20120
btc-updown-15m-1790964000,1790964000,UP,UP,UP,1,0,84861.59574668403,84785.38821393924,POLYMARKET_OFFICIAL,UP,0,0,HIGH,5356cf95f81ee074cbde43427e3dbbbba254fd454a24283d2fd88a1e7ee20120
btc-updown-15m-1790964900,1790964900,DOWN,DOWN,DOWN,1,0,84594.38344724734,84863.86811634092,POLYMARKET_OFFICIAL,DOWN,0,0,HIGH,5356cf95f81ee074cbde43427e3dbbbba254fd454a24283d2fd88a1e7ee20120
btc-updown-15m-1790965800,1790965800,DOWN,DOWN,DOWN,1,0,83950.61930976133,84595.45276441918,POLYMARKET_OFFICIAL,DOWN,0,0,HIGH,5356cf95f81ee074cbde43427e3dbbbba254fd454a24283d2fd88a1e7ee20120
btc-updown-15m-1790985600,1790985600,DOWN,DOWN,DOWN,1,0,84493.7801742479,84500.40805113068,POLYMARKET_OFFICIAL,DOWN,0,0,HIGH,5356cf95f81ee074cbde43427e3dbbbba254fd454a24283d2fd88a1e7ee20120
btc-updown-15m-1790986500,1790986500,UP,UP,UP,1,0,84541.71911922439,84492.90506557011,POLYMARKET_OFFICIAL,UP,0,0,HIGH,5356cf95f81ee074cbde43427e3dbbbba254fd454a24283d2fd88a1e7ee20120
btc-updown-15m-1790987400,1790987400,UP,UP,UP,1,0,84602.66348375041,84541.66458478496,POLYMARKET_OFFICIAL,UP,0,0,HIGH,5356cf95f81ee074cbde43427e3dbbbba254fd454a24283d2fd88a1e7ee20120
btc-updown-15m-1790988300,1790988300,UP,UP,UP,1,0,84635.2995553905,84603.18187985898,POLYMARKET_OFFICIAL,UP,0,0,HIGH,5356cf95f81ee074cbde43427e3dbbbba254fd454a24283d2fd88a1e7ee20120
btc-updown-15m-1790990100,1790990100,DOWN,DOWN,DOWN,1,0,84597.62535682709,84628.04330644725,POLYMARKET_OFFICIAL,DOWN,0,0,HIGH,5356cf95f81ee074cbde43427e3dbbbba254fd454a24283d2fd88a1e7ee20120
btc-updown-15m-1790991000,1790991000,UP,UP,UP,1,0,84614.52558062355,84597.86381870831,POLYMARKET_OFFICIAL,UP,0,0,HIGH,5356cf95f81ee074cbde43427e3dbbbba254fd454a24283d2fd88a1e7ee20120
btc-updown-15m-1790992800,1790992800,DOWN,DOWN,DOWN,1,0,84599.7687393976,84625.55503526385,POLYMARKET_OFFICIAL,DOWN,0,0,HIGH,5356cf95f81ee074cbde43427e3dbbbba254fd454a24283d2fd88a1e7ee20120
btc-updown-15m-1790993700,1790993700,UP,UP,UP,1,0,84639.31175478463,84599.83877869646,POLYMARKET_OFFICIAL,UP,0,0,HIGH,5356cf95f81ee074cbde43427e3dbbbba254fd454a24283d2fd88a1e7ee20120
btc-updown-15m-1790994600,1790994600,UP,UP,UP,1,0,84661.57689986097,84639.2511283381,POLYMARKET_OFFICIAL,UP,0,0,HIGH,5356cf95f81ee074cbde43427e3dbbbba254fd454a24283d2fd88a1e7ee20120
btc-updown-15m-1790996400,1790996400,DOWN,DOWN,DOWN,1,0,84518.27487205224,84584.85802173482,POLYMARKET_OFFICIAL,DOWN,0,0,HIGH,5356cf95f81ee074cbde43427e3dbbbba254fd454a24283d2fd88a1e7ee20120
btc-updown-15m-1790997300,1790997300,UP,UP,UP,1,0,84575.125065299,84518.12158623087,POLYMARKET_OFFICIAL,UP,0,0,HIGH,5356cf95f81ee074cbde43427e3dbbbba254fd454a24283d2fd88a1e7ee20120
btc-updown-15m-1790998200,1790998200,UP,UP,UP,1,0,84634.15585852701,84575.19125259004,POLYMARKET_OFFICIAL,UP,0,0,HIGH,5356cf95f81ee074cbde43427e3dbbbba254fd454a24283d2fd88a1e7ee20120
btc-updown-15m-1790999100,1790999100,UP,UP,UP,1,0,84680.15451019132,84634.45165784657,POLYMARKET_OFFICIAL,UP,0,0,HIGH,5356cf95f81ee074cbde43427e3dbbbba254fd454a24283d2fd88a1e7ee20120
btc-updown-15m-1791000000,1791000000,DOWN,DOWN,DOWN,1,0,84646.99723866925,84680.2833014823,POLYMARKET_OFFICIAL,DOWN,0,0,HIGH,5356cf95f81ee074cbde43427e3dbbbba254fd454a24283d2fd88a1e7ee20120
btc-updown-15m-1791000900,1791000900,DOWN,DOWN,DOWN,1,0,84516.88466682527,84647.09326118966,POLYMARKET_OFFICIAL,DOWN,0,0,HIGH,5356cf95f81ee074cbde43427e3dbbbba254fd454a24283d2fd88a1e7ee20120
btc-updown-15m-1791001800,1791001800,UP,UP,UP,1,0,84532.77669092991,84515.80810946866,POLYMARKET_OFFICIAL,UP,0,0,HIGH,5356cf95f81ee074cbde43427e3dbbbba254fd454a24283d2fd88a1e7ee20120
btc-updown-15m-1791002700,1791002700,UP,UP,UP,1,0,84565.53510610983,84534.04180960564,POLYMARKET_OFFICIAL,UP,0,0,HIGH,5356cf95f81ee074cbde43427e3dbbbba254fd454a24283d2fd88a1e7ee20120
btc-updown-15m-1791003600,1791003600,DOWN,DOWN,DOWN,1,0,84553.9195445281,84565.55068309845,POLYMARKET_OFFICIAL,DOWN,0,0,HIGH,5356cf95f81ee074cbde43427e3dbbbba254fd454a24283d2fd88a1e7ee20120
btc-updown-15m-1791004500,1791004500,UP,UP,UP,1,0,84606.30819211833,84553.93184197685,POLYMARKET_OFFICIAL,UP,0,0,HIGH,5356cf95f81ee074cbde43427e3dbbbba254fd454a24283d2fd88a1e7ee20120
btc-updown-15m-1791005400,1791005400,UP,UP,UP,1,0,84618.67453500301,84606.42200541381,POLYMARKET_OFFICIAL,UP,0,0,HIGH,5356cf95f81ee074cbde43427e3dbbbba254fd454a24283d2fd88a1e7ee20120
btc-updown-15m-1791006300,1791006300,UP,UP,UP,1,0,84624.28150663737,84618.75521753753,POLYMARKET_OFFICIAL,UP,0,0,HIGH,5356cf95f81ee074cbde43427e3dbbbba254fd454a24283d2fd88a1e7ee20120
btc-updown-15m-1791008100,1791008100,UP,UP,UP,1,0,84630.79716736969,84614.11454884225,POLYMARKET_OFFICIAL,UP,0,0,HIGH,5356cf95f81ee074cbde43427e3dbbbba254fd454a24283d2fd88a1e7ee20120
btc-updown-15m-1791009900,1791009900,DOWN,DOWN,DOWN,1,0,84556.91663095915,84636.24359868187,POLYMARKET_OFFICIAL,DOWN,0,0,HIGH,5356cf95f81ee074cbde43427e3dbbbba254fd454a24283d2fd88a1e7ee20120
btc-updown-15m-1791010800,1791010800,UP,UP,UP,1,0,84596.56552435555,84556.77584114837,POLYMARKET_OFFICIAL,UP,0,0,HIGH,5356cf95f81ee074cbde43427e3dbbbba254fd454a24283d2fd88a1e7ee20120
btc-updown-15m-1791011700,1791011700,UP,UP,UP,1,0,84602.93658954445,84596.4469371161,POLYMARKET_OFFICIAL,UP,0,0,HIGH,5356cf95f81ee074cbde43427e3dbbbba254fd454a24283d2fd88a1e7ee20120
btc-updown-15m-1791013500,1791013500,UP,UP,DOWN,1,0,84561.24601544905,84567.4415433419,POLYMARKET_OFFICIAL,UP,1,0,HIGH,5356cf95f81ee074cbde43427e3dbbbba254fd454a24283d2fd88a1e7ee20120
btc-updown-15m-1791014400,1791014400,UP,UP,UP,1,0,84632.84366937299,84568.14069316,POLYMARKET_OFFICIAL,UP,0,0,HIGH,5356cf95f81ee074cbde43427e3dbbbba254fd454a24283d2fd88a1e7ee20120
btc-updown-15m-1791015300,1791015300,DOWN,DOWN,DOWN,1,0,84591.67395792382,84632.85954188579,POLYMARKET_OFFICIAL,DOWN,0,0,HIGH,5356cf95f81ee074cbde43427e3dbbbba254fd454a24283d2fd88a1e7ee20120
btc-updown-15m-1791016200,1791016200,UP,UP,UP,1,0,84605.51881413962,84592.51432442821,POLYMARKET_OFFICIAL,UP,0,0,HIGH,5356cf95f81ee074cbde43427e3dbbbba254fd454a24283d2fd88a1e7ee20120
btc-updown-15m-1791017100,1791017100,DOWN,DOWN,UP,1,0,84619.3560881889,84608.90425102776,POLYMARKET_OFFICIAL,DOWN,1,0,HIGH,5356cf95f81ee074cbde43427e3dbbbba254fd454a24283d2fd88a1e7ee20120
btc-updown-15m-1791018000,1791018000,UP,UP,UP,1,0,84626.51245209144,84607.55183368998,POLYMARKET_OFFICIAL,UP,0,0,HIGH,5356cf95f81ee074cbde43427e3dbbbba254fd454a24283d2fd88a1e7ee20120
btc-updown-15m-1791018900,1791018900,DOWN,DOWN,DOWN,1,0,84582.3365309888,84626.01321770603,POLYMARKET_OFFICIAL,DOWN,0,0,HIGH,5356cf95f81ee074cbde43427e3dbbbba254fd454a24283d2fd88a1e7ee20120
btc-updown-15m-1791019800,1791019800,DOWN,DOWN,DOWN,1,0,84568.13919789312,84581.8848039164,POLYMARKET_OFFICIAL,DOWN,0,0,HIGH,5356cf95f81ee074cbde43427e3dbbbba254fd454a24283d2fd88a1e7ee20120
btc-updown-15m-1791021600,1791021600,DOWN,DOWN,DOWN,1,0,84573.71418996768,84580.50024438447,POLYMARKET_OFFICIAL,DOWN,0,0,HIGH,5356cf95f81ee074cbde43427e3dbbbba254fd454a24283d2fd88a1e7ee20120
btc-updown-15m-1791023400,1791023400,DOWN,DOWN,DOWN,1,0,84589.2988678922,84594.44904399788,POLYMARKET_OFFICIAL,DOWN,0,0,HIGH,5356cf95f81ee074cbde43427e3dbbbba254fd454a24283d2fd88a1e7ee20120
btc-updown-15m-1791024300,1791024300,UP,UP,UP,1,0,84625.74767461717,84589.47277043638,POLYMARKET_OFFICIAL,UP,0,0,HIGH,5356cf95f81ee074cbde43427e3dbbbba254fd454a24283d2fd88a1e7ee20120
btc-updown-15m-1791026100,1791026100,UP,UP,UP,1,0,84631.10323943722,84617.30188397857,POLYMARKET_OFFICIAL,UP,0,0,HIGH,5356cf95f81ee074cbde43427e3dbbbba254fd454a24283d2fd88a1e7ee20120
btc-updown-15m-1791027000,1791027000,UP,UP,UP,1,0,84642.9883069154,84631.71847874692,POLYMARKET_OFFICIAL,UP,0,0,HIGH,5356cf95f81ee074cbde43427e3dbbbba254fd454a24283d2fd88a1e7ee20120
btc-updown-15m-1791027900,1791027900,UP,UP,UP,1,0,84655.54310936526,84642.90222792154,POLYMARKET_OFFICIAL,UP,0,0,HIGH,5356cf95f81ee074cbde43427e3dbbbba254fd454a24283d2fd88a1e7ee20120
btc-updown-15m-1791028800,1791028800,UP,UP,UP,1,0,84679.80655685431,84655.62562160037,POLYMARKET_OFFICIAL,UP,0,0,HIGH,5356cf95f81ee074cbde43427e3dbbbba254fd454a24283d2fd88a1e7ee20120
btc-updown-15m-1791029700,1791029700,UP,UP,UP,1,0,84845.46327705207,84679.79140117377,POLYMARKET_OFFICIAL,UP,0,0,HIGH,5356cf95f81ee074cbde43427e3dbbbba254fd454a24283d2fd88a1e7ee20120
btc-updown-15m-1791030600,1791030600,DOWN,DOWN,DOWN,1,0,84789.12573131041,84845.05364089904,POLYMARKET_OFFICIAL,DOWN,0,0,HIGH,5356cf95f81ee074cbde43427e3dbbbba254fd454a24283d2fd88a1e7ee20120
btc-updown-15m-1791031500,1791031500,UP,UP,UP,1,0,84875.22732718037,84804.2006057158,POLYMARKET_OFFICIAL,UP,0,0,HIGH,5356cf95f81ee074cbde43427e3dbbbba254fd454a24283d2fd88a1e7ee20120
btc-updown-15m-1791032400,1791032400,DOWN,DOWN,DOWN,1,0,84839.61839927798,84874.57199657556,POLYMARKET_OFFICIAL,DOWN,0,0,HIGH,5356cf95f81ee074cbde43427e3dbbbba254fd454a24283d2fd88a1e7ee20120
btc-updown-15m-1791033300,1791033300,DOWN,DOWN,DOWN,1,0,84796.57530696562,84840.23391551376,POLYMARKET_OFFICIAL,DOWN,0,0,HIGH,5356cf95f81ee074cbde43427e3dbbbba254fd454a24283d2fd88a1e7ee20120
btc-updown-15m-1791034200,1791034200,UP,UP,UP,1,0,84837.95824357447,84796.74506961323,POLYMARKET_OFFICIAL,UP,0,0,HIGH,5356cf95f81ee074cbde43427e3dbbbba254fd454a24283d2fd88a1e7ee20120
btc-updown-15m-1791035100,1791035100,UP,UP,UP,1,0,84853.0514386477,84834.31791887207,POLYMARKET_OFFICIAL,UP,0,0,HIGH,5356cf95f81ee074cbde43427e3dbbbba254fd454a24283d2fd88a1e7ee20120
btc-updown-15m-1791036000,1791036000,DOWN,DOWN,DOWN,1,0,84779.98337899061,84852.99655873276,POLYMARKET_OFFICIAL,DOWN,0,0,HIGH,5356cf95f81ee074cbde43427e3dbbbba254fd454a24283d2fd88a1e7ee20120
btc-updown-15m-1791036900,1791036900,UP,UP,UP,1,0,84809.44588683991,84780.13250459959,POLYMARKET_OFFICIAL,UP,0,0,HIGH,5356cf95f81ee074cbde43427e3dbbbba254fd454a24283d2fd88a1e7ee20120
btc-updown-15m-1791037800,1791037800,DOWN,DOWN,DOWN,1,0,84743.18346135042,84808.96751677194,POLYMARKET_OFFICIAL,DOWN,0,0,HIGH,5356cf95f81ee074cbde43427e3dbbbba254fd454a24283d2fd88a1e7ee20120
btc-updown-15m-1791038700,1791038700,UP,UP,UP,1,0,84827.800721849,84743.22510025086,POLYMARKET_OFFICIAL,UP,0,0,HIGH,5356cf95f81ee074cbde43427e3dbbbba254fd454a24283d2fd88a1e7ee20120
btc-updown-15m-1791039600,1791039600,UP,DOWN,DOWN,1,0,84828.4032208896,84828.57749907057,POLYMARKET_OFFICIAL,UP,1,1,HIGH_OFFICIAL_TWAP_CONFLICT,5356cf95f81ee074cbde43427e3dbbbba254fd454a24283d2fd88a1e7ee20120
btc-updown-15m-1791040500,1791040500,UP,UP,UP,1,0,84838.66,84828.58667698561,POLYMARKET_OFFICIAL,UP,0,0,HIGH,5356cf95f81ee074cbde43427e3dbbbba254fd454a24283d2fd88a1e7ee20120
btc-updown-15m-1791041400,1791041400,DOWN,DOWN,DOWN,1,0,84830.13706565392,84832.94217751609,POLYMARKET_OFFICIAL,DOWN,0,0,HIGH,5356cf95f81ee074cbde43427e3dbbbba254fd454a24283d2fd88a1e7ee20120
btc-updown-15m-1791042300,1791042300,UP,UP,UP,1,0,84851.43294734684,84831.28029625656,POLYMARKET_OFFICIAL,UP,0,0,HIGH,5356cf95f81ee074cbde43427e3dbbbba254fd454a24283d2fd88a1e7ee20120
btc-updown-15m-1791043200,1791043200,DOWN,DOWN,DOWN,1,0,84822.92551273777,84851.69663774967,POLYMARKET_OFFICIAL,DOWN,0,0,HIGH,5356cf95f81ee074cbde43427e3dbbbba254fd454a24283d2fd88a1e7ee20120
btc-updown-15m-1791044100,1791044100,DOWN,DOWN,DOWN,1,0,84813.22,84822.01888303779,POLYMARKET_OFFICIAL,DOWN,0,0,HIGH,5356cf95f81ee074cbde43427e3dbbbba254fd454a24283d2fd88a1e7ee20120
btc-updown-15m-1791045000,1791045000,UP,UP,UP,1,0,84816.78396230185,84791.29365797744,POLYMARKET_OFFICIAL,UP,0,0,HIGH,5356cf95f81ee074cbde43427e3dbbbba254fd454a24283d2fd88a1e7ee20120
btc-updown-15m-1791045900,1791045900,UP,UP,UP,1,0,84852.0022676085,84816.72094504077,POLYMARKET_OFFICIAL,UP,0,0,HIGH,5356cf95f81ee074cbde43427e3dbbbba254fd454a24283d2fd88a1e7ee20120
btc-updown-15m-1791046800,1791046800,UP,UP,UP,1,0,84871.00841782667,84851.81820438578,POLYMARKET_OFFICIAL,UP,0,0,HIGH,5356cf95f81ee074cbde43427e3dbbbba254fd454a24283d2fd88a1e7ee20120
btc-updown-15m-1791047700,1791047700,UP,UP,UP,1,0,84894.01,84871.19492869827,POLYMARKET_OFFICIAL,UP,0,0,HIGH,5356cf95f81ee074cbde43427e3dbbbba254fd454a24283d2fd88a1e7ee20120
btc-updown-15m-1791048600,1791048600,UP,UP,UP,1,0,84938.59088526714,84886.92982073252,POLYMARKET_OFFICIAL,UP,0,0,HIGH,5356cf95f81ee074cbde43427e3dbbbba254fd454a24283d2fd88a1e7ee20120
btc-updown-15m-1791049500,1791049500,UP,UP,UP,1,0,84995.0898861108,84941.61508399076,POLYMARKET_OFFICIAL,UP,0,0,HIGH,5356cf95f81ee074cbde43427e3dbbbba254fd454a24283d2fd88a1e7ee20120
btc-updown-15m-1791050400,1791050400,DOWN,DOWN,DOWN,1,0,84976.9419943108,84995.09976055415,POLYMARKET_OFFICIAL,DOWN,0,0,HIGH,5356cf95f81ee074cbde43427e3dbbbba254fd454a24283d2fd88a1e7ee20120
btc-updown-15m-1791051300,1791051300,UP,,,0,0,,,POLYMARKET_OFFICIAL,UP,,,HIGH,5356cf95f81ee074cbde43427e3dbbbba254fd454a24283d2fd88a1e7ee20120
btc-updown-15m-1791052200,1791052200,DOWN,DOWN,DOWN,1,0,84926.8735375982,84977.00927457966,POLYMARKET_OFFICIAL,DOWN,0,0,HIGH,5356cf95f81ee074cbde43427e3dbbbba254fd454a24283d2fd88a1e7ee20120
btc-updown-15m-1791053100,1791053100,UP,UP,UP,1,0,84949.99,84926.93914248132,POLYMARKET_OFFICIAL,UP,0,0,HIGH,5356cf95f81ee074cbde43427e3dbbbba254fd454a24283d2fd88a1e7ee20120
btc-updown-15m-1791054000,1791054000,DOWN,DOWN,DOWN,1,0,84852.35267779314,84933.43730011434,POLYMARKET_OFFICIAL,DOWN,0,0,HIGH,5356cf95f81ee074cbde43427e3dbbbba254fd454a24283d2fd88a1e7ee20120
btc-updown-15m-1791054900,1791054900,DOWN,DOWN,DOWN,1,0,84824.55678166918,84852.34826423907,POLYMARKET_OFFICIAL,DOWN,0,0,HIGH,5356cf95f81ee074cbde43427e3dbbbba254fd454a24283d2fd88a1e7ee20120
btc-updown-15m-1791055800,1791055800,DOWN,DOWN,DOWN,1,0,84788.84686617073,84823.47888154017,POLYMARKET_OFFICIAL,DOWN,0,0,HIGH,5356cf95f81ee074cbde43427e3dbbbba254fd454a24283d2fd88a1e7ee20120
btc-updown-15m-1791056700,1791056700,UP,UP,UP,1,0,84842.5,84789.04081330071,POLYMARKET_OFFICIAL,UP,0,0,HIGH,5356cf95f81ee074cbde43427e3dbbbba254fd454a24283d2fd88a1e7ee20120
btc-updown-15m-1791057600,1791057600,UP,UP,UP,1,0,84872.25487798995,84831.9092281603,POLYMARKET_OFFICIAL,UP,0,0,HIGH,5356cf95f81ee074cbde43427e3dbbbba254fd454a24283d2fd88a1e7ee20120
btc-updown-15m-1791058500,1791058500,UP,UP,UP,1,0,84877.14373122716,84872.19233503773,POLYMARKET_OFFICIAL,UP,0,0,HIGH,5356cf95f81ee074cbde43427e3dbbbba254fd454a24283d2fd88a1e7ee20120
btc-updown-15m-1791059400,1791059400,DOWN,DOWN,DOWN,1,0,84845.15095635035,84877.18669475519,POLYMARKET_OFFICIAL,DOWN,0,0,HIGH,5356cf95f81ee074cbde43427e3dbbbba254fd454a24283d2fd88a1e7ee20120
btc-updown-15m-1791061200,1791061200,DOWN,DOWN,DOWN,1,0,84669.89122617476,84736.09662771292,POLYMARKET_OFFICIAL,DOWN,0,0,HIGH,5356cf95f81ee074cbde43427e3dbbbba254fd454a24283d2fd88a1e7ee20120
btc-updown-15m-1791062100,1791062100,UP,UP,UP,1,0,84687.8952318183,84670.21568390608,POLYMARKET_OFFICIAL,UP,0,0,HIGH,5356cf95f81ee074cbde43427e3dbbbba254fd454a24283d2fd88a1e7ee20120
btc-updown-15m-1791063000,1791063000,DOWN,DOWN,DOWN,1,0,84685.42372723963,84688.67867879024,POLYMARKET_OFFICIAL,DOWN,0,0,HIGH,5356cf95f81ee074cbde43427e3dbbbba254fd454a24283d2fd88a1e7ee20120
btc-updown-15m-1791064800,1791064800,UP,UP,UP,1,0,84772.73958141982,84698.4250186008,POLYMARKET_OFFICIAL,UP,0,0,HIGH,5356cf95f81ee074cbde43427e3dbbbba254fd454a24283d2fd88a1e7ee20120
btc-updown-15m-1791065700,1791065700,DOWN,DOWN,DOWN,1,0,84761.366419635,84772.94666306011,POLYMARKET_OFFICIAL,DOWN,0,0,HIGH,5356cf95f81ee074cbde43427e3dbbbba254fd454a24283d2fd88a1e7ee20120
btc-updown-15m-1791066600,1791066600,UP,UP,UP,1,0,84802.0,84764.66609710823,POLYMARKET_OFFICIAL,UP,0,0,HIGH,5356cf95f81ee074cbde43427e3dbbbba254fd454a24283d2fd88a1e7ee20120
btc-updown-15m-1791067500,1791067500,DOWN,DOWN,DOWN,1,0,84768.74333920579,84781.18314211199,POLYMARKET_OFFICIAL,DOWN,0,0,HIGH,5356cf95f81ee074cbde43427e3dbbbba254fd454a24283d2fd88a1e7ee20120
btc-updown-15m-1791068400,1791068400,DOWN,,,0,0,,,POLYMARKET_OFFICIAL,DOWN,,,HIGH,5356cf95f81ee074cbde43427e3dbbbba254fd454a24283d2fd88a1e7ee20120
btc-updown-15m-1791069300,1791069300,DOWN,DOWN,DOWN,1,0,84738.01,84746.5036114908,POLYMARKET_OFFICIAL,DOWN,0,0,HIGH,5356cf95f81ee074cbde43427e3dbbbba254fd454a24283d2fd88a1e7ee20120
btc-updown-15m-1791070200,1791070200,UP,UP,UP,1,0,84767.10264551276,84726.08982787756,POLYMARKET_OFFICIAL,UP,0,0,HIGH,5356cf95f81ee074cbde43427e3dbbbba254fd454a24283d2fd88a1e7ee20120
btc-updown-15m-1791071100,1791071100,DOWN,DOWN,DOWN,1,0,84753.57,84767.08519918224,POLYMARKET_OFFICIAL,DOWN,0,0,HIGH,5356cf95f81ee074cbde43427e3dbbbba254fd454a24283d2fd88a1e7ee20120
btc-updown-15m-1791072000,1791072000,UP,UP,UP,1,0,84820.03,84740.44636451067,POLYMARKET_OFFICIAL,UP,0,0,HIGH,5356cf95f81ee074cbde43427e3dbbbba254fd454a24283d2fd88a1e7ee20120
btc-updown-15m-1791072900,1791072900,DOWN,DOWN,DOWN,1,0,84791.56962466748,84803.82621438944,POLYMARKET_OFFICIAL,DOWN,0,0,HIGH,5356cf95f81ee074cbde43427e3dbbbba254fd454a24283d2fd88a1e7ee20120
btc-updown-15m-1791073800,1791073800,DOWN,DOWN,DOWN,1,0,84788.14966661241,84793.0003044153,POLYMARKET_OFFICIAL,DOWN,0,0,HIGH,5356cf95f81ee074cbde43427e3dbbbba254fd454a24283d2fd88a1e7ee20120
btc-updown-15m-1791074700,1791074700,DOWN,DOWN,DOWN,1,0,84765.21085563951,84788.28460034405,POLYMARKET_OFFICIAL,DOWN,0,0,HIGH,5356cf95f81ee074cbde43427e3dbbbba254fd454a24283d2fd88a1e7ee20120
btc-updown-15m-1791076500,1791076500,DOWN,DOWN,DOWN,1,0,84732.95488582118,84758.49033740479,POLYMARKET_OFFICIAL,DOWN,0,0,HIGH,5356cf95f81ee074cbde43427e3dbbbba254fd454a24283d2fd88a1e7ee20120
btc-updown-15m-1791077400,1791077400,UP,UP,UP,1,0,84763.4875713437,84732.98525331664,POLYMARKET_OFFICIAL,UP,0,0,HIGH,5356cf95f81ee074cbde43427e3dbbbba254fd454a24283d2fd88a1e7ee20120
btc-updown-15m-1791078300,1791078300,UP,UP,UP,1,0,84789.06891844362,84763.49460845048,POLYMARKET_OFFICIAL,UP,0,0,HIGH,5356cf95f81ee074cbde43427e3dbbbba254fd454a24283d2fd88a1e7ee20120
btc-updown-15m-1791080100,1791080100,UP,UP,UP,1,0,84823.25887309994,84815.02996135292,POLYMARKET_OFFICIAL,UP,0,0,HIGH,5356cf95f81ee074cbde43427e3dbbbba254fd454a24283d2fd88a1e7ee20120
btc-updown-15m-1791081000,1791081000,DOWN,DOWN,DOWN,1,0,84786.54670197704,84817.91041510638,POLYMARKET_OFFICIAL,DOWN,0,0,HIGH,5356cf95f81ee074cbde43427e3dbbbba254fd454a24283d2fd88a1e7ee20120
btc-updown-15m-1791081900,1791081900,UP,UP,UP,1,0,84788.55221215557,84786.45436192425,POLYMARKET_OFFICIAL,UP,0,0,HIGH,5356cf95f81ee074cbde43427e3dbbbba254fd454a24283d2fd88a1e7ee20120
btc-updown-15m-1791082800,1791082800,UP,UP,UP,1,0,84796.10973156418,84790.960204673,POLYMARKET_OFFICIAL,UP,0,0,HIGH,5356cf95f81ee074cbde43427e3dbbbba254fd454a24283d2fd88a1e7ee20120
btc-updown-15m-1791083700,1791083700,DOWN,DOWN,UP,1,0,84812.28707778429,84796.2540547696,POLYMARKET_OFFICIAL,DOWN,1,0,HIGH,5356cf95f81ee074cbde43427e3dbbbba254fd454a24283d2fd88a1e7ee20120
btc-updown-15m-1791084600,1791084600,UP,UP,UP,1,0,84867.1812944534,84784.30763677969,POLYMARKET_OFFICIAL,UP,0,0,HIGH,5356cf95f81ee074cbde43427e3dbbbba254fd454a24283d2fd88a1e7ee20120
btc-updown-15m-1791085500,1791085500,DOWN,DOWN,DOWN,1,0,84826.58879297685,84867.18507718357,POLYMARKET_OFFICIAL,DOWN,0,0,HIGH,5356cf95f81ee074cbde43427e3dbbbba254fd454a24283d2fd88a1e7ee20120
btc-updown-15m-1791086400,1791086400,DOWN,DOWN,DOWN,1,0,84798.74091526718,84826.58798076601,POLYMARKET_OFFICIAL,DOWN,0,0,HIGH,5356cf95f81ee074cbde43427e3dbbbba254fd454a24283d2fd88a1e7ee20120
btc-updown-15m-1791087300,1791087300,UP,UP,UP,1,0,84812.0,84798.71070125345,POLYMARKET_OFFICIAL,UP,0,0,HIGH,5356cf95f81ee074cbde43427e3dbbbba254fd454a24283d2fd88a1e7ee20120
btc-updown-15m-1791088200,1791088200,UP,UP,UP,1,0,84812.0,84801.23032008471,POLYMARKET_OFFICIAL,UP,0,0,HIGH,5356cf95f81ee074cbde43427e3dbbbba254fd454a24283d2fd88a1e7ee20120
btc-updown-15m-1791089100,1791089100,UP,UP,UP,1,0,84803.07803942193,84802.27436093347,POLYMARKET_OFFICIAL,UP,0,0,HIGH,5356cf95f81ee074cbde43427e3dbbbba254fd454a24283d2fd88a1e7ee20120
btc-updown-15m-1791090000,1791090000,UP,UP,UP,1,0,84818.37950630694,84802.65503090454,POLYMARKET_OFFICIAL,UP,0,0,HIGH,5356cf95f81ee074cbde43427e3dbbbba254fd454a24283d2fd88a1e7ee20120
btc-updown-15m-1791090900,1791090900,UP,UP,UP,1,0,84847.19732391529,84818.39458797972,POLYMARKET_OFFICIAL,UP,0,0,HIGH,5356cf95f81ee074cbde43427e3dbbbba254fd454a24283d2fd88a1e7ee20120
btc-updown-15m-1791091800,1791091800,UP,UP,UP,1,0,84923.68,84846.84576798546,POLYMARKET_OFFICIAL,UP,0,0,HIGH,5356cf95f81ee074cbde43427e3dbbbba254fd454a24283d2fd88a1e7ee20120
btc-updown-15m-1791092700,1791092700,DOWN,DOWN,DOWN,1,0,84893.63204302025,84904.07787114313,POLYMARKET_OFFICIAL,DOWN,0,0,HIGH,5356cf95f81ee074cbde43427e3dbbbba254fd454a24283d2fd88a1e7ee20120
btc-updown-15m-1791093600,1791093600,UP,UP,UP,1,0,84899.94022356137,84889.98142640825,POLYMARKET_OFFICIAL,UP,0,0,HIGH,5356cf95f81ee074cbde43427e3dbbbba254fd454a24283d2fd88a1e7ee20120
btc-updown-15m-1791094500,1791094500,DOWN,DOWN,UP,1,0,84947.62,84899.58453768713,POLYMARKET_OFFICIAL,DOWN,1,0,HIGH,5356cf95f81ee074cbde43427e3dbbbba254fd454a24283d2fd88a1e7ee20120
btc-updown-15m-1791095400,1791095400,UP,UP,UP,1,0,84945.4178871996,84892.01935102067,POLYMARKET_OFFICIAL,UP,0,0,HIGH,5356cf95f81ee074cbde43427e3dbbbba254fd454a24283d2fd88a1e7ee20120
btc-updown-15m-1791096300,1791096300,UP,UP,UP,1,0,85016.84315332325,84945.63455435533,POLYMARKET_OFFICIAL,UP,0,0,HIGH,5356cf95f81ee074cbde43427e3dbbbba254fd454a24283d2fd88a1e7ee20120
btc-updown-15m-1791097200,1791097200,DOWN,DOWN,DOWN,1,0,84979.25692698552,85016.86731387314,POLYMARKET_OFFICIAL,DOWN,0,0,HIGH,5356cf95f81ee074cbde43427e3dbbbba254fd454a24283d2fd88a1e7ee20120
btc-updown-15m-1791098100,1791098100,DOWN,DOWN,DOWN,1,0,84972.74,84979.06952550398,POLYMARKET_OFFICIAL,DOWN,0,0,HIGH,5356cf95f81ee074cbde43427e3dbbbba254fd454a24283d2fd88a1e7ee20120
btc-updown-15m-1791099000,1791099000,DOWN,DOWN,DOWN,1,0,84960.39024749685,84963.83251654638,POLYMARKET_OFFICIAL,DOWN,0,0,HIGH,5356cf95f81ee074cbde43427e3dbbbba254fd454a24283d2fd88a1e7ee20120
btc-updown-15m-1791099900,1791099900,UP,UP,UP,1,0,85083.88434053391,84960.38674725112,POLYMARKET_OFFICIAL,UP,0,0,HIGH,5356cf95f81ee074cbde43427e3dbbbba254fd454a24283d2fd88a1e7ee20120
btc-updown-15m-1791100800,1791100800,UP,UP,UP,1,0,85149.9,85085.75299058163,POLYMARKET_OFFICIAL,UP,0,0,HIGH,5356cf95f81ee074cbde43427e3dbbbba254fd454a24283d2fd88a1e7ee20120
btc-updown-15m-1791101700,1791101700,UP,UP,UP,1,0,85173.41221243664,85140.79197813336,POLYMARKET_OFFICIAL,UP,0,0,HIGH,5356cf95f81ee074cbde43427e3dbbbba254fd454a24283d2fd88a1e7ee20120
btc-updown-15m-1791102600,1791102600,DOWN,DOWN,DOWN,1,0,85062.58404604028,85155.33602661715,POLYMARKET_OFFICIAL,DOWN,0,0,HIGH,5356cf95f81ee074cbde43427e3dbbbba254fd454a24283d2fd88a1e7ee20120
btc-updown-15m-1791103500,1791103500,UP,UP,UP,1,0,85090.8511957842,85062.66621075675,POLYMARKET_OFFICIAL,UP,0,0,HIGH,5356cf95f81ee074cbde43427e3dbbbba254fd454a24283d2fd88a1e7ee20120
btc-updown-15m-1791104400,1791104400,UP,UP,UP,1,0,85128.01,85091.25545085147,POLYMARKET_OFFICIAL,UP,0,0,HIGH,5356cf95f81ee074cbde43427e3dbbbba254fd454a24283d2fd88a1e7ee20120
btc-updown-15m-1791105300,1791105300,UP,UP,UP,1,0,85254.97574893766,85122.42363577554,POLYMARKET_OFFICIAL,UP,0,0,HIGH,5356cf95f81ee074cbde43427e3dbbbba254fd454a24283d2fd88a1e7ee20120
btc-updown-15m-1791106200,1791106200,UP,,,0,0,,,POLYMARKET_OFFICIAL,UP,,,HIGH,5356cf95f81ee074cbde43427e3dbbbba254fd454a24283d2fd88a1e7ee20120
btc-updown-15m-1791107100,1791107100,DOWN,DOWN,DOWN,1,0,85221.16506267035,85262.3464494281,POLYMARKET_OFFICIAL,DOWN,0,0,HIGH,5356cf95f81ee074cbde43427e3dbbbba254fd454a24283d2fd88a1e7ee20120
btc-updown-15m-1791108000,1791108000,UP,UP,UP,1,0,85228.47945274979,85220.23367685355,POLYMARKET_OFFICIAL,UP,0,0,HIGH,5356cf95f81ee074cbde43427e3dbbbba254fd454a24283d2fd88a1e7ee20120
btc-updown-15m-1791108900,1791108900,UP,UP,UP,1,0,85395.54554598009,85222.00122566296,POLYMARKET_OFFICIAL,UP,0,0,HIGH,5356cf95f81ee074cbde43427e3dbbbba254fd454a24283d2fd88a1e7ee20120
btc-updown-15m-1791109800,1791109800,DOWN,DOWN,DOWN,1,0,85326.2021024694,85394.20821838494,POLYMARKET_OFFICIAL,DOWN,0,0,HIGH,5356cf95f81ee074cbde43427e3dbbbba254fd454a24283d2fd88a1e7ee20120
btc-updown-15m-1791110700,1791110700,DOWN,DOWN,DOWN,1,0,85260.08728011114,85325.95519439883,POLYMARKET_OFFICIAL,DOWN,0,0,HIGH,5356cf95f81ee074cbde43427e3dbbbba254fd454a24283d2fd88a1e7ee20120
btc-updown-15m-1791111600,1791111600,DOWN,,,0,0,,,POLYMARKET_OFFICIAL,DOWN,,,HIGH,5356cf95f81ee074cbde43427e3dbbbba254fd454a24283d2fd88a1e7ee20120
btc-updown-15m-1791112500,1791112500,UP,UP,UP,1,0,85296.16694712997,85245.10468578977,POLYMARKET_OFFICIAL,UP,0,0,HIGH,5356cf95f81ee074cbde43427e3dbbbba254fd454a24283d2fd88a1e7ee20120
btc-updown-15m-1791113400,1791113400,DOWN,DOWN,DOWN,1,0,85253.61465117564,85296.07503333432,POLYMARKET_OFFICIAL,DOWN,0,0,HIGH,5356cf95f81ee074cbde43427e3dbbbba254fd454a24283d2fd88a1e7ee20120
btc-updown-15m-1791114300,1791114300,UP,UP,UP,1,0,85293.1128295,85253.66891467095,POLYMARKET_OFFICIAL,UP,0,0,HIGH,5356cf95f81ee074cbde43427e3dbbbba254fd454a24283d2fd88a1e7ee20120
btc-updown-15m-1791116100,1791116100,UP,UP,UP,1,0,85262.95004743397,85246.23542072509,POLYMARKET_OFFICIAL,UP,0,0,HIGH,5356cf95f81ee074cbde43427e3dbbbba254fd454a24283d2fd88a1e7ee20120
btc-updown-15m-1791117000,1791117000,DOWN,DOWN,DOWN,1,0,85205.93930057324,85262.33887584829,POLYMARKET_OFFICIAL,DOWN,0,0,HIGH,5356cf95f81ee074cbde43427e3dbbbba254fd454a24283d2fd88a1e7ee20120
btc-updown-15m-1791117900,1791117900,DOWN,DOWN,DOWN,1,0,85121.81059137874,85203.03640488004,POLYMARKET_OFFICIAL,DOWN,0,0,HIGH,5356cf95f81ee074cbde43427e3dbbbba254fd454a24283d2fd88a1e7ee20120
btc-updown-15m-1791118800,1791118800,UP,,,0,0,,,POLYMARKET_OFFICIAL,UP,,,HIGH,5356cf95f81ee074cbde43427e3dbbbba254fd454a24283d2fd88a1e7ee20120
btc-updown-15m-1791119700,1791119700,UP,UP,UP,1,0,85211.7181910804,85148.32229402436,POLYMARKET_OFFICIAL,UP,0,0,HIGH,5356cf95f81ee074cbde43427e3dbbbba254fd454a24283d2fd88a1e7ee20120
btc-updown-15m-1791120600,1791120600,UP,UP,UP,1,0,85217.6999664163,85211.6927208332,POLYMARKET_OFFICIAL,UP,0,0,HIGH,5356cf95f81ee074cbde43427e3dbbbba254fd454a24283d2fd88a1e7ee20120
btc-updown-15m-1791121500,1791121500,UP,UP,UP,1,0,85228.85152122765,85217.68681732478,POLYMARKET_OFFICIAL,UP,0,0,HIGH,5356cf95f81ee074cbde43427e3dbbbba254fd454a24283d2fd88a1e7ee20120
btc-updown-15m-1791122400,1791122400,DOWN,,,0,0,,,POLYMARKET_OFFICIAL,DOWN,,,HIGH,5356cf95f81ee074cbde43427e3dbbbba254fd454a24283d2fd88a1e7ee20120
btc-updown-15m-1791123300,1791123300,DOWN,DOWN,DOWN,1,0,85170.98128143711,85195.80734949907,POLYMARKET_OFFICIAL,DOWN,0,0,HIGH,5356cf95f81ee074cbde43427e3dbbbba254fd454a24283d2fd88a1e7ee20120
btc-updown-15m-1791124200,1791124200,DOWN,DOWN,DOWN,1,0,85116.37485690047,85170.98091904221,POLYMARKET_OFFICIAL,DOWN,0,0,HIGH,5356cf95f81ee074cbde43427e3dbbbba254fd454a24283d2fd88a1e7ee20120
btc-updown-15m-1791125100,1791125100,UP,UP,UP,1,0,85264.60341569124,85116.24757634182,POLYMARKET_OFFICIAL,UP,0,0,HIGH,5356cf95f81ee074cbde43427e3dbbbba254fd454a24283d2fd88a1e7ee20120
btc-updown-15m-1791126000,1791126000,UP,,,0,0,,,POLYMARKET_OFFICIAL,UP,,,HIGH,5356cf95f81ee074cbde43427e3dbbbba254fd454a24283d2fd88a1e7ee20120
btc-updown-15m-1791126900,1791126900,UP,,,0,0,,,POLYMARKET_OFFICIAL,UP,,,HIGH,5356cf95f81ee074cbde43427e3dbbbba254fd454a24283d2fd88a1e7ee20120
btc-updown-15m-1791127800,1791127800,UP,UP,UP,1,0,85332.23104257706,85315.30537085196,POLYMARKET_OFFICIAL,UP,0,0,HIGH,5356cf95f81ee074cbde43427e3dbbbba254fd454a24283d2fd88a1e7ee20120
btc-updown-15m-1791128700,1791128700,DOWN,DOWN,DOWN,1,0,85278.30241384765,85326.85071394774,POLYMARKET_OFFICIAL,DOWN,0,0,HIGH,5356cf95f81ee074cbde43427e3dbbbba254fd454a24283d2fd88a1e7ee20120
btc-updown-15m-1791129600,1791129600,DOWN,DOWN,DOWN,1,0,85263.60954556882,85275.41873342088,POLYMARKET_OFFICIAL,DOWN,0,0,HIGH,5356cf95f81ee074cbde43427e3dbbbba254fd454a24283d2fd88a1e7ee20120
btc-updown-15m-1791130500,1791130500,DOWN,,,0,0,,,POLYMARKET_OFFICIAL,DOWN,,,HIGH,5356cf95f81ee074cbde43427e3dbbbba254fd454a24283d2fd88a1e7ee20120
btc-updown-15m-1791131400,1791131400,UP,UP,UP,1,0,85331.5780004523,85232.80689646422,POLYMARKET_OFFICIAL,UP,0,0,HIGH,5356cf95f81ee074cbde43427e3dbbbba254fd454a24283d2fd88a1e7ee20120
btc-updown-15m-1791132300,1791132300,UP,UP,UP,1,0,85359.83291269696,85331.54238397027,POLYMARKET_OFFICIAL,UP,0,0,HIGH,5356cf95f81ee074cbde43427e3dbbbba254fd454a24283d2fd88a1e7ee20120
btc-updown-15m-1791133200,1791133200,DOWN,DOWN,DOWN,1,0,85305.7374949121,85359.5725757319,POLYMARKET_OFFICIAL,DOWN,0,0,HIGH,5356cf95f81ee074cbde43427e3dbbbba254fd454a24283d2fd88a1e7ee20120
btc-updown-15m-1791134100,1791134100,UP,,,0,0,,,POLYMARKET_OFFICIAL,UP,,,HIGH,5356cf95f81ee074cbde43427e3dbbbba254fd454a24283d2fd88a1e7ee20120
btc-updown-15m-1791135000,1791135000,UP,UP,DOWN,1,0,85353.81493463703,85367.57046044398,POLYMARKET_OFFICIAL,UP,1,0,HIGH,5356cf95f81ee074cbde43427e3dbbbba254fd454a24283d2fd88a1e7ee20120
btc-updown-15m-1791135900,1791135900,DOWN,DOWN,DOWN,1,0,85302.23667199371,85379.49278041036,POLYMARKET_OFFICIAL,DOWN,0,0,HIGH,5356cf95f81ee074cbde43427e3dbbbba254fd454a24283d2fd88a1e7ee20120
btc-updown-15m-1791136800,1791136800,DOWN,DOWN,DOWN,1,0,85301.13213127347,85302.18795109465,POLYMARKET_OFFICIAL,DOWN,0,0,HIGH,5356cf95f81ee074cbde43427e3dbbbba254fd454a24283d2fd88a1e7ee20120
btc-updown-15m-1791137700,1791137700,UP,UP,UP,1,0,85306.63719905404,85301.50836879612,POLYMARKET_OFFICIAL,UP,0,0,HIGH,5356cf95f81ee074cbde43427e3dbbbba254fd454a24283d2fd88a1e7ee20120
btc-updown-15m-1791138600,1791138600,UP,UP,UP,1,0,85327.45158785567,85306.70740717696,POLYMARKET_OFFICIAL,UP,0,0,HIGH,5356cf95f81ee074cbde43427e3dbbbba254fd454a24283d2fd88a1e7ee20120
btc-updown-15m-1791140400,1791140400,UP,UP,UP,1,0,85367.71724425512,85322.57392888532,POLYMARKET_OFFICIAL,UP,0,0,HIGH,5356cf95f81ee074cbde43427e3dbbbba254fd454a24283d2fd88a1e7ee20120
btc-updown-15m-1791141300,1791141300,UP,UP,UP,1,0,85442.28276754965,85367.82925393434,POLYMARKET_OFFICIAL,UP,0,0,HIGH,5356cf95f81ee074cbde43427e3dbbbba254fd454a24283d2fd88a1e7ee20120
btc-updown-15m-1791142200,1791142200,DOWN,DOWN,DOWN,1,0,85438.86,85442.27953981912,POLYMARKET_OFFICIAL,DOWN,0,0,HIGH,5356cf95f81ee074cbde43427e3dbbbba254fd454a24283d2fd88a1e7ee20120
btc-updown-15m-1791143100,1791143100,DOWN,DOWN,DOWN,1,0,85413.66755186737,85416.19796994877,POLYMARKET_OFFICIAL,DOWN,0,0,HIGH,5356cf95f81ee074cbde43427e3dbbbba254fd454a24283d2fd88a1e7ee20120
btc-updown-15m-1791144000,1791144000,UP,DOWN,DOWN,1,0,85406.90636769912,85411.9999740108,POLYMARKET_OFFICIAL,UP,1,1,HIGH_OFFICIAL_TWAP_CONFLICT,5356cf95f81ee074cbde43427e3dbbbba254fd454a24283d2fd88a1e7ee20120
btc-updown-15m-1791145800,1791145800,UP,UP,UP,1,0,85758.98,85451.13763395937,POLYMARKET_OFFICIAL,UP,0,0,HIGH,5356cf95f81ee074cbde43427e3dbbbba254fd454a24283d2fd88a1e7ee20120
btc-updown-15m-1791146700,1791146700,UP,UP,UP,1,0,85811.56799835955,85741.27016818068,POLYMARKET_OFFICIAL,UP,0,0,HIGH,5356cf95f81ee074cbde43427e3dbbbba254fd454a24283d2fd88a1e7ee20120
btc-updown-15m-1791147600,1791147600,UP,UP,UP,1,0,86002.8586656227,85811.46829558331,POLYMARKET_OFFICIAL,UP,0,0,HIGH,5356cf95f81ee074cbde43427e3dbbbba254fd454a24283d2fd88a1e7ee20120
btc-updown-15m-1791148500,1791148500,DOWN,DOWN,DOWN,1,0,85809.49887148193,86004.47535815055,POLYMARKET_OFFICIAL,DOWN,0,0,HIGH,5356cf95f81ee074cbde43427e3dbbbba254fd454a24283d2fd88a1e7ee20120
btc-updown-15m-1791149400,1791149400,UP,,,0,0,,,POLYMARKET_OFFICIAL,UP,,,HIGH,5356cf95f81ee074cbde43427e3dbbbba254fd454a24283d2fd88a1e7ee20120
btc-updown-15m-1791150300,1791150300,DOWN,DOWN,DOWN,1,0,85824.04804177154,85960.11464738824,POLYMARKET_OFFICIAL,DOWN,0,0,HIGH,5356cf95f81ee074cbde43427e3dbbbba254fd454a24283d2fd88a1e7ee20120
btc-updown-15m-1791151200,1791151200,UP,UP,UP,1,0,86304.97286033256,85825.32860065244,POLYMARKET_OFFICIAL,UP,0,0,HIGH,5356cf95f81ee074cbde43427e3dbbbba254fd454a24283d2fd88a1e7ee20120
btc-updown-15m-1791152100,1791152100,DOWN,DOWN,DOWN,1,0,86273.19421870926,86305.10239620699,POLYMARKET_OFFICIAL,DOWN,0,0,HIGH,5356cf95f81ee074cbde43427e3dbbbba254fd454a24283d2fd88a1e7ee20120
btc-updown-15m-1791153900,1791153900,UP,UP,UP,1,0,86401.90920510165,86382.00229253717,POLYMARKET_OFFICIAL,UP,0,0,HIGH,5356cf95f81ee074cbde43427e3dbbbba254fd454a24283d2fd88a1e7ee20120
btc-updown-15m-1791154800,1791154800,UP,UP,UP,1,0,86578.63200420991,86403.5205969499,POLYMARKET_OFFICIAL,UP,0,0,HIGH,5356cf95f81ee074cbde43427e3dbbbba254fd454a24283d2fd88a1e7ee20120
btc-updown-15m-1791155700,1791155700,UP,UP,UP,1,0,86688.01,86576.87698134096,POLYMARKET_OFFICIAL,UP,0,0,HIGH,5356cf95f81ee074cbde43427e3dbbbba254fd454a24283d2fd88a1e7ee20120
btc-updown-15m-1791156600,1791156600,DOWN,DOWN,DOWN,1,0,86481.19315691561,86695.44829921704,POLYMARKET_OFFICIAL,DOWN,0,0,HIGH,5356cf95f81ee074cbde43427e3dbbbba254fd454a24283d2fd88a1e7ee20120
btc-updown-15m-1791157500,1791157500,UP,UP,UP,1,0,86515.01,86482.62205291924,POLYMARKET_OFFICIAL,UP,0,0,HIGH,5356cf95f81ee074cbde43427e3dbbbba254fd454a24283d2fd88a1e7ee20120
btc-updown-15m-1791158400,1791158400,DOWN,DOWN,DOWN,1,0,86359.99,86505.94362329412,POLYMARKET_OFFICIAL,DOWN,0,0,HIGH,5356cf95f81ee074cbde43427e3dbbbba254fd454a24283d2fd88a1e7ee20120
btc-updown-15m-1791159300,1791159300,DOWN,DOWN,DOWN,1,0,86274.0,86344.49613005204,POLYMARKET_OFFICIAL,DOWN,0,0,HIGH,5356cf95f81ee074cbde43427e3dbbbba254fd454a24283d2fd88a1e7ee20120
btc-updown-15m-1791160200,1791160200,UP,UP,UP,1,0,86568.36162349852,86258.37195821405,POLYMARKET_OFFICIAL,UP,0,0,HIGH,5356cf95f81ee074cbde43427e3dbbbba254fd454a24283d2fd88a1e7ee20120
btc-updown-15m-1791161100,1791161100,UP,UP,UP,1,0,86652.46,86584.3437704218,POLYMARKET_OFFICIAL,UP,0,0,HIGH,5356cf95f81ee074cbde43427e3dbbbba254fd454a24283d2fd88a1e7ee20120
btc-updown-15m-1791162000,1791162000,DOWN,DOWN,DOWN,1,0,86619.27894354028,86660.45323298576,POLYMARKET_OFFICIAL,DOWN,0,0,HIGH,5356cf95f81ee074cbde43427e3dbbbba254fd454a24283d2fd88a1e7ee20120
btc-updown-15m-1791164700,1791164700,DOWN,DOWN,DOWN,1,0,86598.80301509985,86706.47141085037,POLYMARKET_OFFICIAL,DOWN,0,0,HIGH,5356cf95f81ee074cbde43427e3dbbbba254fd454a24283d2fd88a1e7ee20120
btc-updown-15m-1791165600,1791165600,UP,,,0,0,,,POLYMARKET_OFFICIAL,UP,,,HIGH,5356cf95f81ee074cbde43427e3dbbbba254fd454a24283d2fd88a1e7ee20120
btc-updown-15m-1791166500,1791166500,DOWN,DOWN,DOWN,1,0,86519.7927700456,86670.43330334174,POLYMARKET_OFFICIAL,DOWN,0,0,HIGH,5356cf95f81ee074cbde43427e3dbbbba254fd454a24283d2fd88a1e7ee20120
btc-updown-15m-1791167400,1791167400,UP,UP,UP,1,0,86659.96341638915,86517.03794405452,POLYMARKET_OFFICIAL,UP,0,0,HIGH,5356cf95f81ee074cbde43427e3dbbbba254fd454a24283d2fd88a1e7ee20120
btc-updown-15m-1791168300,1791168300,DOWN,DOWN,DOWN,1,0,86505.85911730373,86661.08024997573,POLYMARKET_OFFICIAL,DOWN,0,0,HIGH,5356cf95f81ee074cbde43427e3dbbbba254fd454a24283d2fd88a1e7ee20120
btc-updown-15m-1791169200,1791169200,DOWN,,,0,0,,,POLYMARKET_OFFICIAL,DOWN,,,HIGH,5356cf95f81ee074cbde43427e3dbbbba254fd454a24283d2fd88a1e7ee20120
btc-updown-15m-1791170100,1791170100,DOWN,DOWN,DOWN,1,0,86437.91971480615,86481.01971009542,POLYMARKET_OFFICIAL,DOWN,0,0,HIGH,5356cf95f81ee074cbde43427e3dbbbba254fd454a24283d2fd88a1e7ee20120
btc-updown-15m-1791171000,1791171000,DOWN,DOWN,DOWN,1,0,86243.29292862826,86436.97447224933,POLYMARKET_OFFICIAL,DOWN,0,0,HIGH,5356cf95f81ee074cbde43427e3dbbbba254fd454a24283d2fd88a1e7ee20120
btc-updown-15m-1791171900,1791171900,DOWN,DOWN,DOWN,1,0,86085.03,86241.98899998,POLYMARKET_OFFICIAL,DOWN,0,0,HIGH,5356cf95f81ee074cbde43427e3dbbbba254fd454a24283d2fd88a1e7ee20120
btc-updown-15m-1791172800,1791172800,DOWN,DOWN,DOWN,1,0,85966.47,86047.45026667947,POLYMARKET_OFFICIAL,DOWN,0,0,HIGH,5356cf95f81ee074cbde43427e3dbbbba254fd454a24283d2fd88a1e7ee20120
btc-updown-15m-1791174600,1791174600,DOWN,DOWN,DOWN,1,0,85581.01675679388,85762.62721944635,POLYMARKET_OFFICIAL,DOWN,0,0,HIGH,5356cf95f81ee074cbde43427e3dbbbba254fd454a24283d2fd88a1e7ee20120
btc-updown-15m-1791175500,1791175500,DOWN,DOWN,DOWN,1,0,85508.92718645197,85581.8588624979,POLYMARKET_OFFICIAL,DOWN,0,0,HIGH,5356cf95f81ee074cbde43427e3dbbbba254fd454a24283d2fd88a1e7ee20120
btc-updown-15m-1791176400,1791176400,DOWN,DOWN,UP,1,0,85518.01,85509.69743132136,POLYMARKET_OFFICIAL,DOWN,1,0,HIGH,5356cf95f81ee074cbde43427e3dbbbba254fd454a24283d2fd88a1e7ee20120
btc-updown-15m-1791177300,1791177300,UP,,,0,0,,,POLYMARKET_OFFICIAL,UP,,,HIGH,5356cf95f81ee074cbde43427e3dbbbba254fd454a24283d2fd88a1e7ee20120
btc-updown-15m-1791178200,1791178200,UP,UP,UP,1,0,85724.90545404676,85509.45789516429,POLYMARKET_OFFICIAL,UP,0,0,HIGH,5356cf95f81ee074cbde43427e3dbbbba254fd454a24283d2fd88a1e7ee20120
btc-updown-15m-1791179100,1791179100,UP,UP,UP,1,0,85767.58,85728.82675282138,POLYMARKET_OFFICIAL,UP,0,0,HIGH,5356cf95f81ee074cbde43427e3dbbbba254fd454a24283d2fd88a1e7ee20120
btc-updown-15m-1791180000,1791180000,UP,UP,UP,1,0,85916.87,85735.54243675819,POLYMARKET_OFFICIAL,UP,0,0,HIGH,5356cf95f81ee074cbde43427e3dbbbba254fd454a24283d2fd88a1e7ee20120
btc-updown-15m-1791180900,1791180900,DOWN,DOWN,UP,1,0,85907.69472779705,85887.75569193895,POLYMARKET_OFFICIAL,DOWN,1,0,HIGH,5356cf95f81ee074cbde43427e3dbbbba254fd454a24283d2fd88a1e7ee20120
btc-updown-15m-1791181800,1791181800,DOWN,DOWN,DOWN,1,0,85801.07729322856,85876.96278028861,POLYMARKET_OFFICIAL,DOWN,0,0,HIGH,5356cf95f81ee074cbde43427e3dbbbba254fd454a24283d2fd88a1e7ee20120
btc-updown-15m-1791182700,1791182700,UP,UP,UP,1,0,86201.68337288195,85798.98835022534,POLYMARKET_OFFICIAL,UP,0,0,HIGH,5356cf95f81ee074cbde43427e3dbbbba254fd454a24283d2fd88a1e7ee20120
btc-updown-15m-1791183600,1791183600,UP,UP,UP,1,0,86332.0,86203.10859873776,POLYMARKET_OFFICIAL,UP,0,0,HIGH,5356cf95f81ee074cbde43427e3dbbbba254fd454a24283d2fd88a1e7ee20120
btc-updown-15m-1791184500,1791184500,DOWN,DOWN,DOWN,1,0,86188.0781092416,86256.40882392896,POLYMARKET_OFFICIAL,DOWN,0,0,HIGH,5356cf95f81ee074cbde43427e3dbbbba254fd454a24283d2fd88a1e7ee20120
btc-updown-15m-1791186300,1791186300,DOWN,DOWN,DOWN,1,0,86176.53829387264,86366.94523553611,POLYMARKET_OFFICIAL,DOWN,0,0,HIGH,5356cf95f81ee074cbde43427e3dbbbba254fd454a24283d2fd88a1e7ee20120
btc-updown-15m-1791187200,1791187200,UP,UP,UP,1,0,86389.5378019457,86177.86200132933,POLYMARKET_OFFICIAL,UP,0,0,HIGH,5356cf95f81ee074cbde43427e3dbbbba254fd454a24283d2fd88a1e7ee20120
btc-updown-15m-1791188100,1791188100,UP,,,0,0,,,POLYMARKET_OFFICIAL,UP,,,HIGH,5356cf95f81ee074cbde43427e3dbbbba254fd454a24283d2fd88a1e7ee20120
btc-updown-15m-1791189000,1791189000,DOWN,DOWN,DOWN,1,0,86263.79193227577,86396.18849472371,POLYMARKET_OFFICIAL,DOWN,0,0,HIGH,5356cf95f81ee074cbde43427e3dbbbba254fd454a24283d2fd88a1e7ee20120
btc-updown-15m-1791189900,1791189900,DOWN,DOWN,DOWN,1,0,86210.99,86262.59929004087,POLYMARKET_OFFICIAL,DOWN,0,0,HIGH,5356cf95f81ee074cbde43427e3dbbbba254fd454a24283d2fd88a1e7ee20120
btc-updown-15m-1791190800,1791190800,DOWN,DOWN,DOWN,1,0,85964.90844851737,86204.6343339358,POLYMARKET_OFFICIAL,DOWN,0,0,HIGH,5356cf95f81ee074cbde43427e3dbbbba254fd454a24283d2fd88a1e7ee20120
btc-updown-15m-1791191700,1791191700,DOWN,DOWN,DOWN,1,0,85869.83816264353,85964.50896844162,POLYMARKET_OFFICIAL,DOWN,0,0,HIGH,5356cf95f81ee074cbde43427e3dbbbba254fd454a24283d2fd88a1e7ee20120
btc-updown-15m-1791193500,1791193500,UP,UP,UP,1,0,85971.0,85943.1643476965,POLYMARKET_OFFICIAL,UP,0,0,HIGH,5356cf95f81ee074cbde43427e3dbbbba254fd454a24283d2fd88a1e7ee20120
btc-updown-15m-1791194400,1791194400,UP,,,0,0,,,POLYMARKET_OFFICIAL,UP,,,HIGH,5356cf95f81ee074cbde43427e3dbbbba254fd454a24283d2fd88a1e7ee20120
btc-updown-15m-1791195300,1791195300,UP,UP,UP,1,0,86087.86914400519,85998.91805235755,POLYMARKET_OFFICIAL,UP,0,0,HIGH,5356cf95f81ee074cbde43427e3dbbbba254fd454a24283d2fd88a1e7ee20120
btc-updown-15m-1791196200,1791196200,DOWN,DOWN,DOWN,1,0,86030.86,86084.69227818259,POLYMARKET_OFFICIAL,DOWN,0,0,HIGH,5356cf95f81ee074cbde43427e3dbbbba254fd454a24283d2fd88a1e7ee20120
btc-updown-15m-1791197100,1791197100,UP,UP,UP,1,0,86094.60600635466,86010.85507610472,POLYMARKET_OFFICIAL,UP,0,0,HIGH,5356cf95f81ee074cbde43427e3dbbbba254fd454a24283d2fd88a1e7ee20120
btc-updown-15m-1791198000,1791198000,DOWN,DOWN,DOWN,1,0,85931.65889536311,86094.62343936464,POLYMARKET_OFFICIAL,DOWN,0,0,HIGH,5356cf95f81ee074cbde43427e3dbbbba254fd454a24283d2fd88a1e7ee20120
btc-updown-15m-1791198900,1791198900,UP,UP,UP,1,0,86189.21806995975,85931.94476825367,POLYMARKET_OFFICIAL,UP,0,0,HIGH,5356cf95f81ee074cbde43427e3dbbbba254fd454a24283d2fd88a1e7ee20120
btc-updown-15m-1791199800,1791199800,DOWN,,,0,0,,,POLYMARKET_OFFICIAL,DOWN,,,HIGH,5356cf95f81ee074cbde43427e3dbbbba254fd454a24283d2fd88a1e7ee20120
btc-updown-15m-1791200700,1791200700,UP,UP,UP,1,0,86209.54,86062.97392128693,POLYMARKET_OFFICIAL,UP,0,0,HIGH,5356cf95f81ee074cbde43427e3dbbbba254fd454a24283d2fd88a1e7ee20120
btc-updown-15m-1791201600,1791201600,DOWN,DOWN,DOWN,1,0,86115.14443445535,86191.02474564523,POLYMARKET_OFFICIAL,DOWN,0,0,HIGH,5356cf95f81ee074cbde43427e3dbbbba254fd454a24283d2fd88a1e7ee20120
btc-updown-15m-1791202500,1791202500,DOWN,DOWN,DOWN,1,0,86050.0,86115.46579135983,POLYMARKET_OFFICIAL,DOWN,0,0,HIGH,5356cf95f81ee074cbde43427e3dbbbba254fd454a24283d2fd88a1e7ee20120
btc-updown-15m-1791203400,1791203400,DOWN,DOWN,DOWN,1,0,85908.78363853898,86026.66198609091,POLYMARKET_OFFICIAL,DOWN,0,0,HIGH,5356cf95f81ee074cbde43427e3dbbbba254fd454a24283d2fd88a1e7ee20120
btc-updown-15m-1791204300,1791204300,DOWN,,,0,0,,,POLYMARKET_OFFICIAL,DOWN,,,HIGH,5356cf95f81ee074cbde43427e3dbbbba254fd454a24283d2fd88a1e7ee20120
btc-updown-15m-1791205200,1791205200,UP,UP,UP,1,0,86120.92089739529,85877.65528951753,POLYMARKET_OFFICIAL,UP,0,0,HIGH,5356cf95f81ee074cbde43427e3dbbbba254fd454a24283d2fd88a1e7ee20120
btc-updown-15m-1791206100,1791206100,DOWN,DOWN,DOWN,1,0,86094.49807542631,86120.77118534262,POLYMARKET_OFFICIAL,DOWN,0,0,HIGH,5356cf95f81ee074cbde43427e3dbbbba254fd454a24283d2fd88a1e7ee20120
btc-updown-15m-1791209700,1791209700,DOWN,DOWN,DOWN,1,0,86274.22953859864,86637.03033229758,POLYMARKET_OFFICIAL,DOWN,0,0,HIGH,5356cf95f81ee074cbde43427e3dbbbba254fd454a24283d2fd88a1e7ee20120
btc-updown-15m-1791210600,1791210600,DOWN,DOWN,DOWN,1,0,85780.82948176768,86274.2356195188,POLYMARKET_OFFICIAL,DOWN,0,0,HIGH,5356cf95f81ee074cbde43427e3dbbbba254fd454a24283d2fd88a1e7ee20120
btc-updown-15m-1791211500,1791211500,DOWN,DOWN,DOWN,1,0,85602.1526733802,85779.50307920827,POLYMARKET_OFFICIAL,DOWN,0,0,HIGH,5356cf95f81ee074cbde43427e3dbbbba254fd454a24283d2fd88a1e7ee20120
btc-updown-15m-1791212400,1791212400,DOWN,DOWN,DOWN,1,0,85530.01,85602.43283354233,POLYMARKET_OFFICIAL,DOWN,0,0,HIGH,5356cf95f81ee074cbde43427e3dbbbba254fd454a24283d2fd88a1e7ee20120
btc-updown-15m-1791215100,1791215100,DOWN,,,0,0,,,POLYMARKET_OFFICIAL,DOWN,,,HIGH,5356cf95f81ee074cbde43427e3dbbbba254fd454a24283d2fd88a1e7ee20120
btc-updown-15m-1791217800,1791217800,UP,UP,UP,1,0,85156.62511004916,85131.81279192473,POLYMARKET_OFFICIAL,UP,0,0,HIGH,5356cf95f81ee074cbde43427e3dbbbba254fd454a24283d2fd88a1e7ee20120
btc-updown-15m-1791218700,1791218700,UP,UP,UP,1,0,85306.01859861534,85157.76298702364,POLYMARKET_OFFICIAL,UP,0,0,HIGH,5356cf95f81ee074cbde43427e3dbbbba254fd454a24283d2fd88a1e7ee20120
btc-updown-15m-1791220500,1791220500,UP,UP,UP,1,0,85362.0495444223,85241.87795450489,POLYMARKET_OFFICIAL,UP,0,0,HIGH,5356cf95f81ee074cbde43427e3dbbbba254fd454a24283d2fd88a1e7ee20120
btc-updown-15m-1791221400,1791221400,DOWN,DOWN,DOWN,1,0,85313.64210095823,85362.12758952724,POLYMARKET_OFFICIAL,DOWN,0,0,HIGH,5356cf95f81ee074cbde43427e3dbbbba254fd454a24283d2fd88a1e7ee20120
btc-updown-15m-1791222300,1791222300,UP,UP,UP,1,0,85422.37218645636,85314.38560484983,POLYMARKET_OFFICIAL,UP,0,0,HIGH,5356cf95f81ee074cbde43427e3dbbbba254fd454a24283d2fd88a1e7ee20120
btc-updown-15m-1791223200,1791223200,UP,,,0,0,,,POLYMARKET_OFFICIAL,UP,,,HIGH,5356cf95f81ee074cbde43427e3dbbbba254fd454a24283d2fd88a1e7ee20120
btc-updown-15m-1791224100,1791224100,UP,UP,UP,1,0,85583.19367991532,85429.60220388776,POLYMARKET_OFFICIAL,UP,0,0,HIGH,5356cf95f81ee074cbde43427e3dbbbba254fd454a24283d2fd88a1e7ee20120
btc-updown-15m-1791225000,1791225000,UP,UP,UP,1,0,85611.00358965652,85579.53248238293,POLYMARKET_OFFICIAL,UP,0,0,HIGH,5356cf95f81ee074cbde43427e3dbbbba254fd454a24283d2fd88a1e7ee20120
btc-updown-15m-1791225900,1791225900,UP,UP,UP,1,0,85642.94980933356,85611.05789325901,POLYMARKET_OFFICIAL,UP,0,0,HIGH,5356cf95f81ee074cbde43427e3dbbbba254fd454a24283d2fd88a1e7ee20120
btc-updown-15m-1791226800,1791226800,UP,UP,UP,1,0,85654.52708212617,85643.47244008961,POLYMARKET_OFFICIAL,UP,0,0,HIGH,5356cf95f81ee074cbde43427e3dbbbba254fd454a24283d2fd88a1e7ee20120
btc-updown-15m-1791227700,1791227700,UP,UP,UP,1,0,85724.08491757436,85676.65501641069,POLYMARKET_OFFICIAL,UP,0,0,HIGH,5356cf95f81ee074cbde43427e3dbbbba254fd454a24283d2fd88a1e7ee20120
btc-updown-15m-1791228600,1791228600,DOWN,DOWN,UP,1,0,85732.80778242103,85723.329600246,POLYMARKET_OFFICIAL,DOWN,1,0,HIGH,5356cf95f81ee074cbde43427e3dbbbba254fd454a24283d2fd88a1e7ee20120
btc-updown-15m-1791229500,1791229500,UP,UP,DOWN,1,0,85709.55161798,85713.33873836535,POLYMARKET_OFFICIAL,UP,1,0,HIGH,5356cf95f81ee074cbde43427e3dbbbba254fd454a24283d2fd88a1e7ee20120
btc-updown-15m-1791230400,1791230400,DOWN,DOWN,DOWN,1,0,85671.10390180317,85725.03530833646,POLYMARKET_OFFICIAL,DOWN,0,0,HIGH,5356cf95f81ee074cbde43427e3dbbbba254fd454a24283d2fd88a1e7ee20120
btc-updown-15m-1791231300,1791231300,UP,UP,UP,1,0,85761.67430040627,85670.6884658111,POLYMARKET_OFFICIAL,UP,0,0,HIGH,5356cf95f81ee074cbde43427e3dbbbba254fd454a24283d2fd88a1e7ee20120
btc-updown-15m-1791232200,1791232200,UP,UP,UP,1,0,85789.84888265427,85761.83688840125,POLYMARKET_OFFICIAL,UP,0,0,HIGH,5356cf95f81ee074cbde43427e3dbbbba254fd454a24283d2fd88a1e7ee20120
btc-updown-15m-1791233100,1791233100,DOWN,DOWN,UP,1,0,85790.06360750024,85789.26152836428,POLYMARKET_OFFICIAL,DOWN,1,0,HIGH,5356cf95f81ee074cbde43427e3dbbbba254fd454a24283d2fd88a1e7ee20120
btc-updown-15m-1791234000,1791234000,DOWN,DOWN,DOWN,1,0,85731.0061703612,85788.13479717646,POLYMARKET_OFFICIAL,DOWN,0,0,HIGH,5356cf95f81ee074cbde43427e3dbbbba254fd454a24283d2fd88a1e7ee20120
btc-updown-15m-1791234900,1791234900,UP,UP,UP,1,0,85808.63642989883,85731.91981607105,POLYMARKET_OFFICIAL,UP,0,0,HIGH,5356cf95f81ee074cbde43427e3dbbbba254fd454a24283d2fd88a1e7ee20120
btc-updown-15m-1791235800,1791235800,UP,UP,UP,1,0,85911.23601016226,85809.20536847693,POLYMARKET_OFFICIAL,UP,0,0,HIGH,5356cf95f81ee074cbde43427e3dbbbba254fd454a24283d2fd88a1e7ee20120
btc-updown-15m-1791236700,1791236700,UP,UP,UP,1,0,85947.02513655648,85911.3320523829,POLYMARKET_OFFICIAL,UP,0,0,HIGH,5356cf95f81ee074cbde43427e3dbbbba254fd454a24283d2fd88a1e7ee20120
btc-updown-15m-1791237600,1791237600,UP,UP,UP,1,0,85948.24357490033,85946.79905430495,POLYMARKET_OFFICIAL,UP,0,0,HIGH,5356cf95f81ee074cbde43427e3dbbbba254fd454a24283d2fd88a1e7ee20120
btc-updown-15m-1791238500,1791238500,UP,UP,DOWN,1,0,85946.2795481524,85958.03633436719,POLYMARKET_OFFICIAL,UP,1,0,HIGH,5356cf95f81ee074cbde43427e3dbbbba254fd454a24283d2fd88a1e7ee20120
btc-updown-15m-1791239400,1791239400,DOWN,DOWN,DOWN,1,0,85960.2030745201,85973.77938727722,POLYMARKET_OFFICIAL,DOWN,0,0,HIGH,5356cf95f81ee074cbde43427e3dbbbba254fd454a24283d2fd88a1e7ee20120
btc-updown-15m-1791240300,1791240300,DOWN,DOWN,DOWN,1,0,85922.17525038411,85961.12940974574,POLYMARKET_OFFICIAL,DOWN,0,0,HIGH,5356cf95f81ee074cbde43427e3dbbbba254fd454a24283d2fd88a1e7ee20120
btc-updown-15m-1791241200,1791241200,DOWN,DOWN,UP,1,0,85933.23269311976,85922.11764611736,POLYMARKET_OFFICIAL,DOWN,1,0,HIGH,5356cf95f81ee074cbde43427e3dbbbba254fd454a24283d2fd88a1e7ee20120
btc-updown-15m-1791242100,1791242100,UP,UP,UP,1,0,85911.13324605594,85863.28975429869,POLYMARKET_OFFICIAL,UP,0,0,HIGH,5356cf95f81ee074cbde43427e3dbbbba254fd454a24283d2fd88a1e7ee20120
btc-updown-15m-1791243000,1791243000,DOWN,DOWN,DOWN,1,0,85824.32771993395,85911.17246905263,POLYMARKET_OFFICIAL,DOWN,0,0,HIGH,5356cf95f81ee074cbde43427e3dbbbba254fd454a24283d2fd88a1e7ee20120
btc-updown-15m-1791243900,1791243900,DOWN,DOWN,DOWN,1,0,85776.00632125972,85824.7904874505,POLYMARKET_OFFICIAL,DOWN,0,0,HIGH,5356cf95f81ee074cbde43427e3dbbbba254fd454a24283d2fd88a1e7ee20120
btc-updown-15m-1791244800,1791244800,UP,UP,UP,1,0,85844.8086476933,85774.23717685971,POLYMARKET_OFFICIAL,UP,0,0,HIGH,5356cf95f81ee074cbde43427e3dbbbba254fd454a24283d2fd88a1e7ee20120
btc-updown-15m-1791245700,1791245700,DOWN,DOWN,UP,1,0,85855.35842666117,85842.55433903974,POLYMARKET_OFFICIAL,DOWN,1,0,HIGH,5356cf95f81ee074cbde43427e3dbbbba254fd454a24283d2fd88a1e7ee20120
btc-updown-15m-1791246600,1791246600,DOWN,DOWN,DOWN,1,0,85793.0081473546,85823.85435887455,POLYMARKET_OFFICIAL,DOWN,0,0,HIGH,5356cf95f81ee074cbde43427e3dbbbba254fd454a24283d2fd88a1e7ee20120
btc-updown-15m-1791247500,1791247500,UP,UP,UP,1,0,85853.8906312845,85791.45191264589,POLYMARKET_OFFICIAL,UP,0,0,HIGH,5356cf95f81ee074cbde43427e3dbbbba254fd454a24283d2fd88a1e7ee20120
btc-updown-15m-1791248400,1791248400,UP,UP,UP,1,0,86038.32756481961,85857.28480692412,POLYMARKET_OFFICIAL,UP,0,0,HIGH,5356cf95f81ee074cbde43427e3dbbbba254fd454a24283d2fd88a1e7ee20120
btc-updown-15m-1791249300,1791249300,DOWN,DOWN,DOWN,1,0,85968.48401933898,86039.57884939785,POLYMARKET_OFFICIAL,DOWN,0,0,HIGH,5356cf95f81ee074cbde43427e3dbbbba254fd454a24283d2fd88a1e7ee20120
btc-updown-15m-1791250200,1791250200,DOWN,DOWN,DOWN,1,0,85670.69640845012,85969.3169465737,POLYMARKET_OFFICIAL,DOWN,0,0,HIGH,5356cf95f81ee074cbde43427e3dbbbba254fd454a24283d2fd88a1e7ee20120
btc-updown-15m-1791251100,1791251100,DOWN,DOWN,DOWN,1,0,85621.35371311072,85670.683094248,POLYMARKET_OFFICIAL,DOWN,0,0,HIGH,5356cf95f81ee074cbde43427e3dbbbba254fd454a24283d2fd88a1e7ee20120
btc-updown-15m-1791252000,1791252000,DOWN,DOWN,DOWN,1,0,85464.90184065365,85620.08238181753,POLYMARKET_OFFICIAL,DOWN,0,0,HIGH,5356cf95f81ee074cbde43427e3dbbbba254fd454a24283d2fd88a1e7ee20120
btc-updown-15m-1791252900,1791252900,UP,UP,UP,1,0,85623.39687308951,85463.81422965685,POLYMARKET_OFFICIAL,UP,0,0,HIGH,5356cf95f81ee074cbde43427e3dbbbba254fd454a24283d2fd88a1e7ee20120
btc-updown-15m-1791253800,1791253800,DOWN,DOWN,DOWN,1,0,85615.14848639071,85622.48466174347,POLYMARKET_OFFICIAL,DOWN,0,0,HIGH,5356cf95f81ee074cbde43427e3dbbbba254fd454a24283d2fd88a1e7ee20120
btc-updown-15m-1791254700,1791254700,DOWN,DOWN,DOWN,1,0,85505.05071550015,85607.28733503944,POLYMARKET_OFFICIAL,DOWN,0,0,HIGH,5356cf95f81ee074cbde43427e3dbbbba254fd454a24283d2fd88a1e7ee20120
btc-updown-15m-1791255600,1791255600,UP,UP,UP,1,0,85514.30896849655,85507.10093825929,POLYMARKET_OFFICIAL,UP,0,0,HIGH,5356cf95f81ee074cbde43427e3dbbbba254fd454a24283d2fd88a1e7ee20120
btc-updown-15m-1791256500,1791256500,DOWN,DOWN,DOWN,1,0,85453.82890845038,85513.86797036094,POLYMARKET_OFFICIAL,DOWN,0,0,HIGH,5356cf95f81ee074cbde43427e3dbbbba254fd454a24283d2fd88a1e7ee20120
btc-updown-15m-1791257400,1791257400,DOWN,DOWN,DOWN,1,0,85446.72674188965,85453.33818229324,POLYMARKET_OFFICIAL,DOWN,0,0,HIGH,5356cf95f81ee074cbde43427e3dbbbba254fd454a24283d2fd88a1e7ee20120
btc-updown-15m-1791258300,1791258300,UP,UP,UP,1,0,85475.05226381692,85447.34465083422,POLYMARKET_OFFICIAL,UP,0,0,HIGH,5356cf95f81ee074cbde43427e3dbbbba254fd454a24283d2fd88a1e7ee20120
btc-updown-15m-1791259200,1791259200,UP,UP,UP,1,0,85599.8639963041,85474.57433753528,POLYMARKET_OFFICIAL,UP,0,0,HIGH,5356cf95f81ee074cbde43427e3dbbbba254fd454a24283d2fd88a1e7ee20120
btc-updown-15m-1791260100,1791260100,DOWN,DOWN,DOWN,1,0,85561.9141259657,85599.87515653035,POLYMARKET_OFFICIAL,DOWN,0,0,HIGH,5356cf95f81ee074cbde43427e3dbbbba254fd454a24283d2fd88a1e7ee20120
btc-updown-15m-1791261000,1791261000,UP,UP,UP,1,0,85568.54984136764,85561.60099010637,POLYMARKET_OFFICIAL,UP,0,0,HIGH,5356cf95f81ee074cbde43427e3dbbbba254fd454a24283d2fd88a1e7ee20120
btc-updown-15m-1791261900,1791261900,UP,UP,UP,1,0,85570.42451447672,85568.26081096055,POLYMARKET_OFFICIAL,UP,0,0,HIGH,5356cf95f81ee074cbde43427e3dbbbba254fd454a24283d2fd88a1e7ee20120
btc-updown-15m-1791262800,1791262800,UP,UP,UP,1,0,85685.47143471992,85592.57179608115,POLYMARKET_OFFICIAL,UP,0,0,HIGH,5356cf95f81ee074cbde43427e3dbbbba254fd454a24283d2fd88a1e7ee20120
btc-updown-15m-1791263700,1791263700,DOWN,DOWN,DOWN,1,0,85657.03240179928,85684.20103945257,POLYMARKET_OFFICIAL,DOWN,0,0,HIGH,5356cf95f81ee074cbde43427e3dbbbba254fd454a24283d2fd88a1e7ee20120
btc-updown-15m-1791264600,1791264600,DOWN,DOWN,DOWN,1,0,85565.54559412885,85657.01899853461,POLYMARKET_OFFICIAL,DOWN,0,0,HIGH,5356cf95f81ee074cbde43427e3dbbbba254fd454a24283d2fd88a1e7ee20120
btc-updown-15m-1791265500,1791265500,DOWN,DOWN,DOWN,1,0,85493.24330492654,85565.56241500772,POLYMARKET_OFFICIAL,DOWN,0,0,HIGH,5356cf95f81ee074cbde43427e3dbbbba254fd454a24283d2fd88a1e7ee20120
btc-updown-15m-1791266400,1791266400,DOWN,DOWN,DOWN,1,0,85158.51129376204,85491.56828890921,POLYMARKET_OFFICIAL,DOWN,0,0,HIGH,5356cf95f81ee074cbde43427e3dbbbba254fd454a24283d2fd88a1e7ee20120
btc-updown-15m-1791267300,1791267300,UP,UP,UP,1,0,85225.31226705227,85156.55027446517,POLYMARKET_OFFICIAL,UP,0,0,HIGH,5356cf95f81ee074cbde43427e3dbbbba254fd454a24283d2fd88a1e7ee20120
btc-updown-15m-1791268200,1791268200,UP,UP,UP,1,0,85293.20253582357,85224.91058167005,POLYMARKET_OFFICIAL,UP,0,0,HIGH,5356cf95f81ee074cbde43427e3dbbbba254fd454a24283d2fd88a1e7ee20120
btc-updown-15m-1791269100,1791269100,DOWN,DOWN,UP,1,0,85309.13100539857,85295.47336815632,POLYMARKET_OFFICIAL,DOWN,1,0,HIGH,5356cf95f81ee074cbde43427e3dbbbba254fd454a24283d2fd88a1e7ee20120
btc-updown-15m-1791270000,1791270000,UP,UP,UP,1,0,85329.20498017131,85287.77311452378,POLYMARKET_OFFICIAL,UP,0,0,HIGH,5356cf95f81ee074cbde43427e3dbbbba254fd454a24283d2fd88a1e7ee20120
btc-updown-15m-1791270900,1791270900,DOWN,DOWN,DOWN,1,0,85280.39595945798,85332.17580327809,POLYMARKET_OFFICIAL,DOWN,0,0,HIGH,5356cf95f81ee074cbde43427e3dbbbba254fd454a24283d2fd88a1e7ee20120
btc-updown-15m-1791271800,1791271800,UP,UP,UP,1,0,85475.56473908221,85281.26079221825,POLYMARKET_OFFICIAL,UP,0,0,HIGH,5356cf95f81ee074cbde43427e3dbbbba254fd454a24283d2fd88a1e7ee20120
btc-updown-15m-1791272700,1791272700,UP,UP,UP,1,0,85544.31366810361,85476.0901764942,POLYMARKET_OFFICIAL,UP,0,0,HIGH,5356cf95f81ee074cbde43427e3dbbbba254fd454a24283d2fd88a1e7ee20120
btc-updown-15m-1791273600,1791273600,UP,UP,UP,1,0,85771.75790478651,85542.86228465258,POLYMARKET_OFFICIAL,UP,0,0,HIGH,5356cf95f81ee074cbde43427e3dbbbba254fd454a24283d2fd88a1e7ee20120
btc-updown-15m-1791274500,1791274500,UP,UP,UP,1,0,85873.94317123077,85770.66383676163,POLYMARKET_OFFICIAL,UP,0,0,HIGH,5356cf95f81ee074cbde43427e3dbbbba254fd454a24283d2fd88a1e7ee20120
btc-updown-15m-1791275400,1791275400,UP,UP,UP,1,0,85897.62744035179,85873.41210712916,POLYMARKET_OFFICIAL,UP,0,0,HIGH,5356cf95f81ee074cbde43427e3dbbbba254fd454a24283d2fd88a1e7ee20120
btc-updown-15m-1791276300,1791276300,UP,UP,UP,1,0,86014.90550297657,85929.61110328132,POLYMARKET_OFFICIAL,UP,0,0,HIGH,5356cf95f81ee074cbde43427e3dbbbba254fd454a24283d2fd88a1e7ee20120
btc-updown-15m-1791277200,1791277200,DOWN,DOWN,DOWN,1,0,85904.9690339408,86014.51812503442,POLYMARKET_OFFICIAL,DOWN,0,0,HIGH,5356cf95f81ee074cbde43427e3dbbbba254fd454a24283d2fd88a1e7ee20120
btc-updown-15m-1791278100,1791278100,DOWN,DOWN,DOWN,1,0,85821.61299351245,85905.85835137122,POLYMARKET_OFFICIAL,DOWN,0,0,HIGH,5356cf95f81ee074cbde43427e3dbbbba254fd454a24283d2fd88a1e7ee20120
btc-updown-15m-1791279000,1791279000,UP,UP,UP,1,0,85883.03642730274,85729.68745445427,POLYMARKET_OFFICIAL,UP,0,0,HIGH,5356cf95f81ee074cbde43427e3dbbbba254fd454a24283d2fd88a1e7ee20120
btc-updown-15m-1791279900,1791279900,UP,UP,UP,1,0,85966.7438399117,85882.38236120905,POLYMARKET_OFFICIAL,UP,0,0,HIGH,5356cf95f81ee074cbde43427e3dbbbba254fd454a24283d2fd88a1e7ee20120
btc-updown-15m-1791280800,1791280800,UP,UP,UP,1,0,86125.33234647219,85966.09379545925,POLYMARKET_OFFICIAL,UP,0,0,HIGH,5356cf95f81ee074cbde43427e3dbbbba254fd454a24283d2fd88a1e7ee20120
btc-updown-15m-1791281700,1791281700,DOWN,DOWN,DOWN,1,0,86090.5168825045,86126.39317613121,POLYMARKET_OFFICIAL,DOWN,0,0,HIGH,5356cf95f81ee074cbde43427e3dbbbba254fd454a24283d2fd88a1e7ee20120
btc-updown-15m-1791282600,1791282600,UP,UP,UP,1,0,86101.2462179497,86093.34509939972,POLYMARKET_OFFICIAL,UP,0,0,HIGH,5356cf95f81ee074cbde43427e3dbbbba254fd454a24283d2fd88a1e7ee20120
btc-updown-15m-1791283500,1791283500,DOWN,DOWN,DOWN,1,0,86142.52533888197,86170.897028244,POLYMARKET_OFFICIAL,DOWN,0,0,HIGH,5356cf95f81ee074cbde43427e3dbbbba254fd454a24283d2fd88a1e7ee20120
btc-updown-15m-1791284400,1791284400,UP,UP,UP,1,0,86143.64578359155,86118.08636809785,POLYMARKET_OFFICIAL,UP,0,0,HIGH,5356cf95f81ee074cbde43427e3dbbbba254fd454a24283d2fd88a1e7ee20120
btc-updown-15m-1791285300,1791285300,UP,UP,UP,1,0,86186.17662351896,86178.30511075805,POLYMARKET_OFFICIAL,UP,0,0,HIGH,5356cf95f81ee074cbde43427e3dbbbba254fd454a24283d2fd88a1e7ee20120
btc-updown-15m-1791286200,1791286200,UP,UP,UP,1,0,86281.95140081066,86185.8772598607,POLYMARKET_OFFICIAL,UP,0,0,HIGH,5356cf95f81ee074cbde43427e3dbbbba254fd454a24283d2fd88a1e7ee20120
btc-updown-15m-1791287100,1791287100,DOWN,DOWN,DOWN,1,0,86237.57152978684,86284.01637303314,POLYMARKET_OFFICIAL,DOWN,0,0,HIGH,5356cf95f81ee074cbde43427e3dbbbba254fd454a24283d2fd88a1e7ee20120
btc-updown-15m-1791288000,1791288000,UP,UP,UP,1,0,86344.04773947054,86236.05926677122,POLYMARKET_OFFICIAL,UP,0,0,HIGH,5356cf95f81ee074cbde43427e3dbbbba254fd454a24283d2fd88a1e7ee20120
btc-updown-15m-1791288900,1791288900,DOWN,DOWN,DOWN,1,0,86147.16079944224,86349.64791595661,POLYMARKET_OFFICIAL,DOWN,0,0,HIGH,5356cf95f81ee074cbde43427e3dbbbba254fd454a24283d2fd88a1e7ee20120
btc-updown-15m-1791289800,1791289800,UP,UP,UP,1,0,86232.39637319228,86146.4100221236,POLYMARKET_OFFICIAL,UP,0,0,HIGH,5356cf95f81ee074cbde43427e3dbbbba254fd454a24283d2fd88a1e7ee20120
btc-updown-15m-1791290700,1791290700,DOWN,DOWN,DOWN,1,0,86198.21526935708,86233.69958738114,POLYMARKET_OFFICIAL,DOWN,0,0,HIGH,5356cf95f81ee074cbde43427e3dbbbba254fd454a24283d2fd88a1e7ee20120
btc-updown-15m-1791291600,1791291600,DOWN,DOWN,DOWN,1,0,86074.51845474116,86198.28900043032,POLYMARKET_OFFICIAL,DOWN,0,0,HIGH,5356cf95f81ee074cbde43427e3dbbbba254fd454a24283d2fd88a1e7ee20120
btc-updown-15m-1791292500,1791292500,DOWN,DOWN,DOWN,1,0,86004.54951750425,86074.21340200947,POLYMARKET_OFFICIAL,DOWN,0,0,HIGH,5356cf95f81ee074cbde43427e3dbbbba254fd454a24283d2fd88a1e7ee20120
btc-updown-15m-1791293400,1791293400,UP,UP,UP,1,0,86334.21783246605,86004.0944351752,POLYMARKET_OFFICIAL,UP,0,0,HIGH,5356cf95f81ee074cbde43427e3dbbbba254fd454a24283d2fd88a1e7ee20120
btc-updown-15m-1791294300,1791294300,DOWN,DOWN,DOWN,1,0,86279.87052677371,86334.46676920896,POLYMARKET_OFFICIAL,DOWN,0,0,HIGH,5356cf95f81ee074cbde43427e3dbbbba254fd454a24283d2fd88a1e7ee20120
btc-updown-15m-1791295200,1791295200,UP,UP,UP,1,0,86320.35,86269.16278569425,POLYMARKET_OFFICIAL,UP,0,0,HIGH,5356cf95f81ee074cbde43427e3dbbbba254fd454a24283d2fd88a1e7ee20120
btc-updown-15m-1791296100,1791296100,DOWN,DOWN,DOWN,1,0,86070.20873891747,86297.53913284992,POLYMARKET_OFFICIAL,DOWN,0,0,HIGH,5356cf95f81ee074cbde43427e3dbbbba254fd454a24283d2fd88a1e7ee20120
btc-updown-15m-1791297000,1791297000,UP,UP,UP,1,0,86291.32924220861,86064.94212536172,POLYMARKET_OFFICIAL,UP,0,0,HIGH,5356cf95f81ee074cbde43427e3dbbbba254fd454a24283d2fd88a1e7ee20120
btc-updown-15m-1791297900,1791297900,UP,UP,UP,1,0,86584.87075630642,86294.17276389491,POLYMARKET_OFFICIAL,UP,0,0,HIGH,5356cf95f81ee074cbde43427e3dbbbba254fd454a24283d2fd88a1e7ee20120
btc-updown-15m-1791298800,1791298800,UP,UP,UP,1,0,86596.2627762061,86585.62981758449,POLYMARKET_OFFICIAL,UP,0,0,HIGH,5356cf95f81ee074cbde43427e3dbbbba254fd454a24283d2fd88a1e7ee20120
btc-updown-15m-1791299700,1791299700,DOWN,DOWN,DOWN,1,0,86280.28299086924,86587.36267133593,POLYMARKET_OFFICIAL,DOWN,0,0,HIGH,5356cf95f81ee074cbde43427e3dbbbba254fd454a24283d2fd88a1e7ee20120
btc-updown-15m-1791300600,1791300600,DOWN,DOWN,DOWN,1,0,86107.90025858626,86279.36873275043,POLYMARKET_OFFICIAL,DOWN,0,0,HIGH,5356cf95f81ee074cbde43427e3dbbbba254fd454a24283d2fd88a1e7ee20120
btc-updown-15m-1791301500,1791301500,DOWN,DOWN,DOWN,1,0,85738.47993705887,86103.15518288492,POLYMARKET_OFFICIAL,DOWN,0,0,HIGH,5356cf95f81ee074cbde43427e3dbbbba254fd454a24283d2fd88a1e7ee20120
btc-updown-15m-1791302400,1791302400,UP,UP,DOWN,1,0,85733.86267340211,85736.55317199207,POLYMARKET_OFFICIAL,UP,1,0,HIGH,5356cf95f81ee074cbde43427e3dbbbba254fd454a24283d2fd88a1e7ee20120
btc-updown-15m-1791303300,1791303300,DOWN,,,0,0,,,POLYMARKET_OFFICIAL,DOWN,,,HIGH,5356cf95f81ee074cbde43427e3dbbbba254fd454a24283d2fd88a1e7ee20120
btc-updown-15m-1791304200,1791304200,DOWN,DOWN,DOWN,1,0,85682.02312665687,85727.93830773325,POLYMARKET_OFFICIAL,DOWN,0,0,HIGH,5356cf95f81ee074cbde43427e3dbbbba254fd454a24283d2fd88a1e7ee20120
btc-updown-15m-1791305100,1791305100,DOWN,DOWN,DOWN,1,0,85588.60952025835,85686.50351237247,POLYMARKET_OFFICIAL,DOWN,0,0,HIGH,5356cf95f81ee074cbde43427e3dbbbba254fd454a24283d2fd88a1e7ee20120
btc-updown-15m-1791306000,1791306000,DOWN,DOWN,DOWN,1,0,85526.97930962576,85587.83272743449,POLYMARKET_OFFICIAL,DOWN,0,0,HIGH,5356cf95f81ee074cbde43427e3dbbbba254fd454a24283d2fd88a1e7ee20120
btc-updown-15m-1791306900,1791306900,UP,UP,UP,1,0,85629.56902793098,85527.89235729307,POLYMARKET_OFFICIAL,UP,0,0,HIGH,5356cf95f81ee074cbde43427e3dbbbba254fd454a24283d2fd88a1e7ee20120
btc-updown-15m-1791307800,1791307800,DOWN,DOWN,DOWN,1,0,85584.04995489973,85628.19451872403,POLYMARKET_OFFICIAL,DOWN,0,0,HIGH,5356cf95f81ee074cbde43427e3dbbbba254fd454a24283d2fd88a1e7ee20120
btc-updown-15m-1791308700,1791308700,UP,UP,UP,1,0,85700.94885229513,85585.08182378113,POLYMARKET_OFFICIAL,UP,0,0,HIGH,5356cf95f81ee074cbde43427e3dbbbba254fd454a24283d2fd88a1e7ee20120
btc-updown-15m-1791309600,1791309600,UP,UP,UP,1,0,85765.92525358396,85702.51624621503,POLYMARKET_OFFICIAL,UP,0,0,HIGH,5356cf95f81ee074cbde43427e3dbbbba254fd454a24283d2fd88a1e7ee20120
btc-updown-15m-1791310500,1791310500,DOWN,DOWN,DOWN,1,0,85715.96551488068,85766.11750224666,POLYMARKET_OFFICIAL,DOWN,0,0,HIGH,5356cf95f81ee074cbde43427e3dbbbba254fd454a24283d2fd88a1e7ee20120
btc-updown-15m-1791311400,1791311400,DOWN,DOWN,DOWN,1,0,85622.52034639924,85716.059718924,POLYMARKET_OFFICIAL,DOWN,0,0,HIGH,5356cf95f81ee074cbde43427e3dbbbba254fd454a24283d2fd88a1e7ee20120
btc-updown-15m-1791312300,1791312300,DOWN,,DOWN,1,0,85498.28275180221,85623.1438974962,POLYMARKET_OFFICIAL,DOWN,0,,HIGH,5356cf95f81ee074cbde43427e3dbbbba254fd454a24283d2fd88a1e7ee20120
btc-updown-15m-1791313200,1791313200,DOWN,DOWN,DOWN,1,0,85475.8311464757,85498.23600931789,POLYMARKET_OFFICIAL,DOWN,0,0,HIGH,5356cf95f81ee074cbde43427e3dbbbba254fd454a24283d2fd88a1e7ee20120
btc-updown-15m-1791314100,1791314100,UP,,,0,0,,,POLYMARKET_OFFICIAL,UP,,,HIGH,5356cf95f81ee074cbde43427e3dbbbba254fd454a24283d2fd88a1e7ee20120
btc-updown-15m-1791329400,1791329400,UP,UP,UP,1,0,85552.47898096924,85475.45928445959,POLYMARKET_OFFICIAL,UP,0,0,HIGH,5356cf95f81ee074cbde43427e3dbbbba254fd454a24283d2fd88a1e7ee20120
btc-updown-15m-1791330300,1791330300,DOWN,DOWN,UP,1,0,85567.84721709846,85553.38242188889,POLYMARKET_OFFICIAL,DOWN,1,0,HIGH,5356cf95f81ee074cbde43427e3dbbbba254fd454a24283d2fd88a1e7ee20120
btc-updown-15m-1791331200,1791331200,UP,UP,UP,1,0,85565.40948427604,85543.89513547276,POLYMARKET_OFFICIAL,UP,0,0,HIGH,5356cf95f81ee074cbde43427e3dbbbba254fd454a24283d2fd88a1e7ee20120
btc-updown-15m-1791332100,1791332100,DOWN,DOWN,DOWN,1,0,85430.27263439032,85564.80143213898,POLYMARKET_OFFICIAL,DOWN,0,0,HIGH,5356cf95f81ee074cbde43427e3dbbbba254fd454a24283d2fd88a1e7ee20120
btc-updown-15m-1791333000,1791333000,UP,UP,UP,1,0,85499.27335089426,85426.53400216124,POLYMARKET_OFFICIAL,UP,0,0,HIGH,5356cf95f81ee074cbde43427e3dbbbba254fd454a24283d2fd88a1e7ee20120
btc-updown-15m-1791333900,1791333900,UP,UP,UP,1,0,85534.62454025475,85499.24421617501,POLYMARKET_OFFICIAL,UP,0,0,HIGH,5356cf95f81ee074cbde43427e3dbbbba254fd454a24283d2fd88a1e7ee20120
btc-updown-15m-1791334800,1791334800,DOWN,DOWN,DOWN,1,0,85440.45371912523,85534.02494431159,POLYMARKET_OFFICIAL,DOWN,0,0,HIGH,5356cf95f81ee074cbde43427e3dbbbba254fd454a24283d2fd88a1e7ee20120
btc-updown-15m-1791335700,1791335700,DOWN,DOWN,DOWN,1,0,85254.72507136108,85441.26492301581,POLYMARKET_OFFICIAL,DOWN,0,0,HIGH,5356cf95f81ee074cbde43427e3dbbbba254fd454a24283d2fd88a1e7ee20120
btc-updown-15m-1791336600,1791336600,UP,UP,UP,1,0,85271.77103000252,85254.73136132912,POLYMARKET_OFFICIAL,UP,0,0,HIGH,5356cf95f81ee074cbde43427e3dbbbba254fd454a24283d2fd88a1e7ee20120
btc-updown-15m-1791337500,1791337500,DOWN,DOWN,DOWN,1,0,84591.98583499345,85272.90804512188,POLYMARKET_OFFICIAL,DOWN,0,0,HIGH,5356cf95f81ee074cbde43427e3dbbbba254fd454a24283d2fd88a1e7ee20120
btc-updown-15m-1791338400,1791338400,DOWN,DOWN,DOWN,1,0,83916.99451467114,84578.21917202859,POLYMARKET_OFFICIAL,DOWN,0,0,HIGH,5356cf95f81ee074cbde43427e3dbbbba254fd454a24283d2fd88a1e7ee20120
btc-updown-15m-1791339300,1791339300,DOWN,DOWN,DOWN,1,0,83812.84387950278,83919.08175640785,POLYMARKET_OFFICIAL,DOWN,0,0,HIGH,5356cf95f81ee074cbde43427e3dbbbba254fd454a24283d2fd88a1e7ee20120
btc-updown-15m-1791340200,1791340200,DOWN,DOWN,DOWN,1,0,83797.82608181486,83815.13691063208,POLYMARKET_OFFICIAL,DOWN,0,0,HIGH,5356cf95f81ee074cbde43427e3dbbbba254fd454a24283d2fd88a1e7ee20120
btc-updown-15m-1791341100,1791341100,UP,UP,UP,1,0,83851.76345868694,83784.89704172924,POLYMARKET_OFFICIAL,UP,0,0,HIGH,5356cf95f81ee074cbde43427e3dbbbba254fd454a24283d2fd88a1e7ee20120
btc-updown-15m-1791342000,1791342000,UP,UP,UP,1,0,83935.38089193281,83850.08166721389,POLYMARKET_OFFICIAL,UP,0,0,HIGH,5356cf95f81ee074cbde43427e3dbbbba254fd454a24283d2fd88a1e7ee20120
btc-updown-15m-1791342900,1791342900,UP,UP,UP,1,0,83952.13003470832,83933.82554129585,POLYMARKET_OFFICIAL,UP,0,0,HIGH,5356cf95f81ee074cbde43427e3dbbbba254fd454a24283d2fd88a1e7ee20120
btc-updown-15m-1791343800,1791343800,UP,UP,UP,1,0,84125.52758029707,83951.86367670757,POLYMARKET_OFFICIAL,UP,0,0,HIGH,5356cf95f81ee074cbde43427e3dbbbba254fd454a24283d2fd88a1e7ee20120
btc-updown-15m-1791344700,1791344700,DOWN,DOWN,UP,1,0,84134.31287369691,84124.47979807397,POLYMARKET_OFFICIAL,DOWN,1,0,HIGH,5356cf95f81ee074cbde43427e3dbbbba254fd454a24283d2fd88a1e7ee20120
btc-updown-15m-1791345600,1791345600,UP,UP,UP,1,0,84117.8186767765,84114.33818460356,POLYMARKET_OFFICIAL,UP,0,0,HIGH,5356cf95f81ee074cbde43427e3dbbbba254fd454a24283d2fd88a1e7ee20120
btc-updown-15m-1791346500,1791346500,DOWN,DOWN,UP,1,0,84134.089860644,84121.23052162453,POLYMARKET_OFFICIAL,DOWN,1,0,HIGH,5356cf95f81ee074cbde43427e3dbbbba254fd454a24283d2fd88a1e7ee20120
btc-updown-15m-1791347400,1791347400,DOWN,DOWN,DOWN,1,0,84034.30931248708,84114.82192065073,POLYMARKET_OFFICIAL,DOWN,0,0,HIGH,5356cf95f81ee074cbde43427e3dbbbba254fd454a24283d2fd88a1e7ee20120
btc-updown-15m-1791348300,1791348300,UP,UP,UP,1,0,84078.55228801731,84038.00997140074,POLYMARKET_OFFICIAL,UP,0,0,HIGH,5356cf95f81ee074cbde43427e3dbbbba254fd454a24283d2fd88a1e7ee20120
btc-updown-15m-1791349200,1791349200,UP,UP,UP,1,0,84157.19997625185,84078.69277692914,POLYMARKET_OFFICIAL,UP,0,0,HIGH,5356cf95f81ee074cbde43427e3dbbbba254fd454a24283d2fd88a1e7ee20120
btc-updown-15m-1791350100,1791350100,UP,UP,UP,1,0,84182.81926396002,84156.5392613043,POLYMARKET_OFFICIAL,UP,0,0,HIGH,5356cf95f81ee074cbde43427e3dbbbba254fd454a24283d2fd88a1e7ee20120
btc-updown-15m-1791351000,1791351000,UP,UP,UP,1,0,84214.32560858509,84181.92819110614,POLYMARKET_OFFICIAL,UP,0,0,HIGH,5356cf95f81ee074cbde43427e3dbbbba254fd454a24283d2fd88a1e7ee20120
btc-updown-15m-1791351900,1791351900,UP,UP,UP,1,0,84307.87914062549,84194.77342353691,POLYMARKET_OFFICIAL,UP,0,0,HIGH,5356cf95f81ee074cbde43427e3dbbbba254fd454a24283d2fd88a1e7ee20120
btc-updown-15m-1791352800,1791352800,DOWN,DOWN,DOWN,1,0,84277.64384793323,84310.29564817586,POLYMARKET_OFFICIAL,DOWN,0,0,HIGH,5356cf95f81ee074cbde43427e3dbbbba254fd454a24283d2fd88a1e7ee20120
btc-updown-15m-1791353700,1791353700,DOWN,DOWN,DOWN,1,0,84198.02655129801,84277.87906967501,POLYMARKET_OFFICIAL,DOWN,0,0,HIGH,5356cf95f81ee074cbde43427e3dbbbba254fd454a24283d2fd88a1e7ee20120
btc-updown-15m-1791354600,1791354600,UP,UP,UP,1,0,84323.51143869723,84196.7768468017,POLYMARKET_OFFICIAL,UP,0,0,HIGH,5356cf95f81ee074cbde43427e3dbbbba254fd454a24283d2fd88a1e7ee20120
btc-updown-15m-1791355500,1791355500,DOWN,DOWN,DOWN,1,0,84220.92735155896,84321.64893263613,POLYMARKET_OFFICIAL,DOWN,0,0,HIGH,5356cf95f81ee074cbde43427e3dbbbba254fd454a24283d2fd88a1e7ee20120
btc-updown-15m-1791356400,1791356400,UP,UP,DOWN,1,0,84211.66225367683,84219.45751600133,POLYMARKET_OFFICIAL,UP,1,0,HIGH,5356cf95f81ee074cbde43427e3dbbbba254fd454a24283d2fd88a1e7ee20120
btc-updown-15m-1791357300,1791357300,DOWN,DOWN,DOWN,1,0,84198.80730898472,84237.21593800467,POLYMARKET_OFFICIAL,DOWN,0,0,HIGH,5356cf95f81ee074cbde43427e3dbbbba254fd454a24283d2fd88a1e7ee20120
btc-updown-15m-1791358200,1791358200,UP,UP,UP,1,0,84282.1296613492,84199.3944083935,POLYMARKET_OFFICIAL,UP,0,0,HIGH,5356cf95f81ee074cbde43427e3dbbbba254fd454a24283d2fd88a1e7ee20120
btc-updown-15m-1791359100,1791359100,DOWN,DOWN,DOWN,1,0,84142.02833984481,84281.94908075217,POLYMARKET_OFFICIAL,DOWN,0,0,HIGH,5356cf95f81ee074cbde43427e3dbbbba254fd454a24283d2fd88a1e7ee20120
btc-updown-15m-1791360000,1791360000,DOWN,DOWN,DOWN,1,0,84009.73227470339,84141.3073093369,POLYMARKET_OFFICIAL,DOWN,0,0,HIGH,5356cf95f81ee074cbde43427e3dbbbba254fd454a24283d2fd88a1e7ee20120
btc-updown-15m-1791360900,1791360900,UP,UP,UP,1,0,84052.73,84010.44881462224,POLYMARKET_OFFICIAL,UP,0,0,HIGH,5356cf95f81ee074cbde43427e3dbbbba254fd454a24283d2fd88a1e7ee20120
btc-updown-15m-1791361800,1791361800,DOWN,DOWN,DOWN,1,0,83963.23270447554,84018.44512865522,POLYMARKET_OFFICIAL,DOWN,0,0,HIGH,5356cf95f81ee074cbde43427e3dbbbba254fd454a24283d2fd88a1e7ee20120
btc-updown-15m-1791362700,1791362700,DOWN,DOWN,DOWN,1,0,83952.89638953307,83964.37291756923,POLYMARKET_OFFICIAL,DOWN,0,0,HIGH,5356cf95f81ee074cbde43427e3dbbbba254fd454a24283d2fd88a1e7ee20120
btc-updown-15m-1791363600,1791363600,DOWN,DOWN,DOWN,1,0,83911.83264435024,83926.3632338363,POLYMARKET_OFFICIAL,DOWN,0,0,HIGH,5356cf95f81ee074cbde43427e3dbbbba254fd454a24283d2fd88a1e7ee20120
btc-updown-15m-1791364500,1791364500,DOWN,DOWN,DOWN,1,0,83792.26752791964,83909.65374630947,POLYMARKET_OFFICIAL,DOWN,0,0,HIGH,5356cf95f81ee074cbde43427e3dbbbba254fd454a24283d2fd88a1e7ee20120
btc-updown-15m-1791365400,1791365400,DOWN,DOWN,DOWN,1,0,83757.379712559,83795.32705822377,POLYMARKET_OFFICIAL,DOWN,0,0,HIGH,5356cf95f81ee074cbde43427e3dbbbba254fd454a24283d2fd88a1e7ee20120
btc-updown-15m-1791366300,1791366300,UP,UP,DOWN,1,0,83745.57304989034,83757.11526718126,POLYMARKET_OFFICIAL,UP,1,0,HIGH,5356cf95f81ee074cbde43427e3dbbbba254fd454a24283d2fd88a1e7ee20120
btc-updown-15m-1791367200,1791367200,UP,UP,UP,1,0,83792.96729518234,83769.90805672827,POLYMARKET_OFFICIAL,UP,0,0,HIGH,5356cf95f81ee074cbde43427e3dbbbba254fd454a24283d2fd88a1e7ee20120
btc-updown-15m-1791368100,1791368100,UP,UP,UP,1,0,83855.36261273143,83793.22550860496,POLYMARKET_OFFICIAL,UP,0,0,HIGH,5356cf95f81ee074cbde43427e3dbbbba254fd454a24283d2fd88a1e7ee20120
btc-updown-15m-1791369000,1791369000,DOWN,DOWN,DOWN,1,0,83626.8987072829,83852.96017578765,POLYMARKET_OFFICIAL,DOWN,0,0,HIGH,5356cf95f81ee074cbde43427e3dbbbba254fd454a24283d2fd88a1e7ee20120
btc-updown-15m-1791369900,1791369900,UP,UP,UP,1,0,83722.99740691514,83626.26472655707,POLYMARKET_OFFICIAL,UP,0,0,HIGH,5356cf95f81ee074cbde43427e3dbbbba254fd454a24283d2fd88a1e7ee20120
btc-updown-15m-1791370800,1791370800,UP,UP,UP,1,0,83806.81211597411,83722.874293231,POLYMARKET_OFFICIAL,UP,0,0,HIGH,5356cf95f81ee074cbde43427e3dbbbba254fd454a24283d2fd88a1e7ee20120
btc-updown-15m-1791371700,1791371700,DOWN,DOWN,DOWN,1,0,83738.01,83806.75581138565,POLYMARKET_OFFICIAL,DOWN,0,0,HIGH,5356cf95f81ee074cbde43427e3dbbbba254fd454a24283d2fd88a1e7ee20120
btc-updown-15m-1791372600,1791372600,DOWN,DOWN,DOWN,1,0,83622.53465074711,83705.58921029027,POLYMARKET_OFFICIAL,DOWN,0,0,HIGH,5356cf95f81ee074cbde43427e3dbbbba254fd454a24283d2fd88a1e7ee20120
btc-updown-15m-1791373500,1791373500,UP,UP,UP,1,0,83709.9777578382,83623.33738424927,POLYMARKET_OFFICIAL,UP,0,0,HIGH,5356cf95f81ee074cbde43427e3dbbbba254fd454a24283d2fd88a1e7ee20120
btc-updown-15m-1791374400,1791374400,DOWN,DOWN,DOWN,1,0,83621.38423698502,83710.08818999212,POLYMARKET_OFFICIAL,DOWN,0,0,HIGH,5356cf95f81ee074cbde43427e3dbbbba254fd454a24283d2fd88a1e7ee20120
btc-updown-15m-1791375300,1791375300,DOWN,DOWN,DOWN,1,0,83439.23209104165,83622.07676999057,POLYMARKET_OFFICIAL,DOWN,0,0,HIGH,5356cf95f81ee074cbde43427e3dbbbba254fd454a24283d2fd88a1e7ee20120
btc-updown-15m-1791376200,1791376200,UP,UP,UP,1,0,83486.23092366343,83440.81449369928,POLYMARKET_OFFICIAL,UP,0,0,HIGH,5356cf95f81ee074cbde43427e3dbbbba254fd454a24283d2fd88a1e7ee20120
btc-updown-15m-1791377100,1791377100,DOWN,,,0,0,,,POLYMARKET_OFFICIAL,DOWN,,,HIGH,5356cf95f81ee074cbde43427e3dbbbba254fd454a24283d2fd88a1e7ee20120
btc-updown-15m-1791378900,1791378900,DOWN,DOWN,DOWN,1,0,83299.25239147869,83347.16106487777,POLYMARKET_OFFICIAL,DOWN,0,0,HIGH,5356cf95f81ee074cbde43427e3dbbbba254fd454a24283d2fd88a1e7ee20120
btc-updown-15m-1791379800,1791379800,DOWN,DOWN,DOWN,1,0,83077.81488321674,83301.53431794536,POLYMARKET_OFFICIAL,DOWN,0,0,HIGH,5356cf95f81ee074cbde43427e3dbbbba254fd454a24283d2fd88a1e7ee20120
btc-updown-15m-1791380700,1791380700,UP,UP,UP,1,0,83188.36952287618,83077.33917391491,POLYMARKET_OFFICIAL,UP,0,0,HIGH,5356cf95f81ee074cbde43427e3dbbbba254fd454a24283d2fd88a1e7ee20120
btc-updown-15m-1791381600,1791381600,DOWN,DOWN,UP,1,0,83222.34628341724,83186.8186589798,POLYMARKET_OFFICIAL,DOWN,1,0,HIGH,5356cf95f81ee074cbde43427e3dbbbba254fd454a24283d2fd88a1e7ee20120
btc-updown-15m-1791382500,1791382500,DOWN,,,0,0,,,POLYMARKET_OFFICIAL,DOWN,,,HIGH,5356cf95f81ee074cbde43427e3dbbbba254fd454a24283d2fd88a1e7ee20120
btc-updown-15m-1791384300,1791384300,DOWN,DOWN,DOWN,1,0,82951.97028133467,82965.21556923346,POLYMARKET_OFFICIAL,DOWN,0,0,HIGH,5356cf95f81ee074cbde43427e3dbbbba254fd454a24283d2fd88a1e7ee20120
btc-updown-15m-1791385200,1791385200,UP,UP,UP,1,0,82986.04929967443,82954.17699795177,POLYMARKET_OFFICIAL,UP,0,0,HIGH,5356cf95f81ee074cbde43427e3dbbbba254fd454a24283d2fd88a1e7ee20120
btc-updown-15m-1791386100,1791386100,DOWN,,,0,0,,,POLYMARKET_OFFICIAL,DOWN,,,HIGH,5356cf95f81ee074cbde43427e3dbbbba254fd454a24283d2fd88a1e7ee20120
btc-updown-15m-1791471600,1791471600,DOWN,DOWN,DOWN,1,0,82177.18461439398,82670.71626038224,POLYMARKET_OFFICIAL,DOWN,0,0,HIGH,5356cf95f81ee074cbde43427e3dbbbba254fd454a24283d2fd88a1e7ee20120
btc-updown-15m-1791472500,1791472500,DOWN,DOWN,DOWN,1,0,81307.96683572313,82171.43447581469,POLYMARKET_OFFICIAL,DOWN,0,0,HIGH,5356cf95f81ee074cbde43427e3dbbbba254fd454a24283d2fd88a1e7ee20120
btc-updown-15m-1791473400,1791473400,DOWN,DOWN,DOWN,1,0,81167.40063678332,81302.23039372238,POLYMARKET_OFFICIAL,DOWN,0,0,HIGH,5356cf95f81ee074cbde43427e3dbbbba254fd454a24283d2fd88a1e7ee20120
btc-updown-15m-1791474300,1791474300,DOWN,,,0,0,,,POLYMARKET_OFFICIAL,DOWN,,,HIGH,5356cf95f81ee074cbde43427e3dbbbba254fd454a24283d2fd88a1e7ee20120
btc-updown-15m-1791477000,1791477000,DOWN,DOWN,UP,1,0,81275.52371365334,81268.26232981068,POLYMARKET_OFFICIAL,DOWN,1,0,HIGH,5356cf95f81ee074cbde43427e3dbbbba254fd454a24283d2fd88a1e7ee20120
btc-updown-15m-1791477900,1791477900,DOWN,DOWN,DOWN,1,0,80883.73079439541,81210.36002838117,POLYMARKET_OFFICIAL,DOWN,0,0,HIGH,5356cf95f81ee074cbde43427e3dbbbba254fd454a24283d2fd88a1e7ee20120
btc-updown-15m-1791478800,1791478800,DOWN,DOWN,DOWN,1,0,80875.71976385948,80883.51341270335,POLYMARKET_OFFICIAL,DOWN,0,0,HIGH,5356cf95f81ee074cbde43427e3dbbbba254fd454a24283d2fd88a1e7ee20120
btc-updown-15m-1791479700,1791479700,DOWN,,,0,0,,,POLYMARKET_OFFICIAL,DOWN,,,HIGH,5356cf95f81ee074cbde43427e3dbbbba254fd454a24283d2fd88a1e7ee20120
