market_slug,condition_id,token_ids,identity_source,gamma_status,trade_fetch_status,trade_rows_raw,trade_rows_matched,trade_identity_mismatch_count,trade_error_code,trade_error_endpoint,price_fetch_status,price_points,price_error_code,price_error_endpoint,gamma_error_code,gamma_error_endpoint,cache_used,fetch_status,error_code,error_stage,error_endpoint,error_message
btc-updown-15m-1788781500,0x0627acd22c825c8a37d6df2c5efba557b817f6ddfc65d3163fef231bf1a8a14e,"[""103785453979224315208500391029349537549176334887175366095276329785453943694621""]",LOCAL_INSTRUMENT_ID,dns_error,failed,0,0,0,dns_error,https://data-api.polymarket.com/v2/trades,failed,0,dns_error,https://data-api.polymarket.com/v2/prices-history,dns_error,https://gamma-api.polymarket.com/markets/slug/btc-updown-15m-1788781500,True,FAILED_PUBLIC_HISTORY,dns_error,gamma_lookup,https://gamma-api.polymarket.com/markets/slug/btc-updown-15m-1788781500,"<urlopen error [Errno 8] nodename nor servname provided, or not known>"
btc-updown-15m-1788782400,0x76b4adc6613366a9d3598bccce6afc7d7ac20bad166c73fff212c83c599abfc6,"[""12078582343777313846910549240188687924473898548521096740438749848732663853325"", ""86466700819012815208283383240655972600643152534198203577057015552772057626788""]",LOCAL_JOURNAL,not_fetched,not_fetched,,,,,,not_fetched,,,,,,False,NOT_FETCHED,not_fetched_offline,cache_lookup,data/polymarket_history/btc-updown-15m-1788782400-b737976636.json,offline mode: no reusable structured cache entry
btc-updown-15m-1788783300,0x8127b0d007e319a084c3e163700e6e55bb8eb6936cb4a15d26558fce913ae904,"[""74693646024854166083386458864682607649620217324184985466219010034330446851946""]",LOCAL_JOURNAL,not_fetched,not_fetched,,,,,,not_fetched,,,,,,False,NOT_FETCHED,not_fetched_offline,cache_lookup,data/polymarket_history/btc-updown-15m-1788783300-de5de7b642.json,offline mode: no reusable structured cache entry
btc-updown-15m-1788784200,0x0c712706cbe5ab94e9a5be8e34abf289e2861a683ec51ea5a2153daf2734935b,"[""30056874158677066721126483674927248093633629538868409317066363822764194564760"", ""48144840406039134731625999788897451578444864865712988463346237767924663480348""]",LOCAL_JOURNAL,not_fetched,not_fetched,,,,,,not_fetched,,,,,,False,NOT_FETCHED,not_fetched_offline,cache_lookup,data/polymarket_history/btc-updown-15m-1788784200-ebd7674212.json,offline mode: no reusable structured cache entry
btc-updown-15m-1788785100,0xd621f0621ceff272a5e4544bc3b6f37edf86817ff6b1c8a72af4e80fa790fc7c,"[""12556587961371672890486899159886180448987097598662561669584143165444622963062""]",LOCAL_JOURNAL,not_fetched,not_fetched,,,,,,not_fetched,,,,,,False,NOT_FETCHED,not_fetched_offline,cache_lookup,data/polymarket_history/btc-updown-15m-1788785100-54580634d8.json,offline mode: no reusable structured cache entry
btc-updown-15m-1788786000,0x97d5ad1390fa6fa091549e6fbee2dc3a9c5815d5d2a76e5e4f0eee7c0f16f53d,"[""105498557767503095963993524318017693563347288013133695443456422978554457189841"", ""71235046846136431655093756540422916818533680541392113535181929494649649401574""]",LOCAL_JOURNAL,not_fetched,not_fetched,,,,,,not_fetched,,,,,,False,NOT_FETCHED,not_fetched_offline,cache_lookup,data/polymarket_history/btc-updown-15m-1788786000-eef6f62b85.json,offline mode: no reusable structured cache entry
btc-updown-15m-1788786900,0x292164d4303ed2c7f5f1eed01f543b88ee0f74b65e7da99cebd9d0c2919629ce,"[""38776263870699727385388918022585826796143717231940123128884979505348238255457"", ""73805579309456200213625487137880592001320695571754495582897649027841773510440""]",LOCAL_JOURNAL,not_fetched,not_fetched,,,,,,not_fetched,,,,,,False,NOT_FETCHED,not_fetched_offline,cache_lookup,data/polymarket_history/btc-updown-15m-1788786900-3108f5fce1.json,offline mode: no reusable structured cache entry
btc-updown-15m-1788787800,0xcfc7b0503853c97ab68686bc6e5c183ca429b33d40a3cc050cbdf422a3ede807,"[""3778196242807677282135111735797794022161655532125901195979292700267068755213""]",LOCAL_INSTRUMENT_ID,not_fetched,not_fetched,,,,,,not_fetched,,,,,,False,NOT_FETCHED,not_fetched_offline,cache_lookup,data/polymarket_history/btc-updown-15m-1788787800-2ea2baa4e7.json,offline mode: no reusable structured cache entry
btc-updown-15m-1788788700,0x0dd65e3b25a4214ddbfbad267beb55197d863e2f417c6790e6a984c1acb9f93c,"[""48583495052708205420803943214436424922450202946909738799626184460731102454445"", ""92041041904166197909696677685961136648824864766276807760307543484082038438855""]",LOCAL_JOURNAL,not_fetched,not_fetched,,,,,,not_fetched,,,,,,False,NOT_FETCHED,not_fetched_offline,cache_lookup,data/polymarket_history/btc-updown-15m-1788788700-8498cbb39f.json,offline mode: no reusable structured cache entry
btc-updown-15m-1788789600,0x8c398136866dadbe3ea10864bc61c5a268acea951eac2fc201e7620c4b739ae7,"[""16149526368722805202764346135702388506263118789738670165514195305832397325429"", ""74485414799285445176319515414107553771460489042804936134192059477824293685235""]",LOCAL_JOURNAL,not_fetched,not_fetched,,,,,,not_fetched,,,,,,False,NOT_FETCHED,not_fetched_offline,cache_lookup,data/polymarket_history/btc-updown-15m-1788789600-5cb5df84ce.json,offline mode: no reusable structured cache entry
btc-updown-15m-1788790500,0xf701a2d02af94c1377d59a68d6ff403117faff946a0637d811ba46a9744bd11b,"[""1416803865663921708365228533933547339818544549519999769857059598694953750559"", ""54071740660217345844731311233344561069727496186010876687367177371801113679096""]",LOCAL_JOURNAL,not_fetched,not_fetched,,,,,,not_fetched,,,,,,False,NOT_FETCHED,not_fetched_offline,cache_lookup,data/polymarket_history/btc-updown-15m-1788790500-76c73a88b6.json,offline mode: no reusable structured cache entry
btc-updown-15m-1788791400,0x6abd3ff9266819a549c7a73ac2f0f8c83a456f408db79c901c674d52d7bcaec9,"[""89713716005498028207585570891001480793174297459273476319755593775643396232223"", ""93119853921675920621022394522771672456318989803744305604000549772313030337976""]",LOCAL_JOURNAL,not_fetched,not_fetched,,,,,,not_fetched,,,,,,False,NOT_FETCHED,not_fetched_offline,cache_lookup,data/polymarket_history/btc-updown-15m-1788791400-73761b4300.json,offline mode: no reusable structured cache entry
btc-updown-15m-1788792300,0xdb0a4d1bd9f0363cef193185bfa5e450d3e929b26bba1814cd74b3197f2bcaa5,"[""33539205744501591367821212777483577085470307053365573495147832369054723420853""]",LOCAL_INSTRUMENT_ID,not_fetched,not_fetched,,,,,,not_fetched,,,,,,False,NOT_FETCHED,not_fetched_offline,cache_lookup,data/polymarket_history/btc-updown-15m-1788792300-9f07f8fba1.json,offline mode: no reusable structured cache entry
btc-updown-15m-1788794100,0x30e120759644449cfda0746703f4fbce1b029f0ce34623949a68972137b8a988,"[""78564436324086219125244912804965961580782514018525891263087206782596393429792"", ""86315369273270810158705672217037335234610552601230672243825186792458011973804""]",LOCAL_JOURNAL,not_fetched,not_fetched,,,,,,not_fetched,,,,,,False,NOT_FETCHED,not_fetched_offline,cache_lookup,data/polymarket_history/btc-updown-15m-1788794100-99c619b518.json,offline mode: no reusable structured cache entry
btc-updown-15m-1788795000,0x0284c4cf48ef0008deef4e0a4df7d9bcf844f41de79b7b7bbf277b3a7f7cb9e0,"[""35545210909152120436449358887970344991776277996869623247193403583877449424296"", ""97405748010543772833727312614888822881488724416897266222692773740757277346941""]",LOCAL_JOURNAL,not_fetched,not_fetched,,,,,,not_fetched,,,,,,False,NOT_FETCHED,not_fetched_offline,cache_lookup,data/polymarket_history/btc-updown-15m-1788795000-acab887800.json,offline mode: no reusable structured cache entry
btc-updown-15m-1788795900,0xfd739e845ffb1934ea03a06867986c0133f8eb8e1f5b3d579c579b5f9ec6ea25,"[""48869034052603642146100692754857361631651409466529604991436403457840169564105"", ""53478071462319831782985530696032526494233529472632711181092804437627288827283""]",LOCAL_JOURNAL,not_fetched,not_fetched,,,,,,not_fetched,,,,,,False,NOT_FETCHED,not_fetched_offline,cache_lookup,data/polymarket_history/btc-updown-15m-1788795900-581a2c96a4.json,offline mode: no reusable structured cache entry
btc-updown-15m-1788796800,0x51ba3a8279ab37d63c6c2735272a4de756f4a117008b74cba69e146e44491748,"[""66751292329046436677335244781777885100104268865501233453928452519112041683644""]",LOCAL_JOURNAL,not_fetched,not_fetched,,,,,,not_fetched,,,,,,False,NOT_FETCHED,not_fetched_offline,cache_lookup,data/polymarket_history/btc-updown-15m-1788796800-4d535d9abe.json,offline mode: no reusable structured cache entry
btc-updown-15m-1788797700,0xe1e3e15adf16202a90ae05a8cc006464c3c8e28cf8f47aea1010f8b7cc959234,"[""2939123306542627690142418217068398951370657132911955312528067176853925300686"", ""69279180405188399626844478437734793123761923614558387733716671023505478662166""]",LOCAL_JOURNAL,not_fetched,not_fetched,,,,,,not_fetched,,,,,,False,NOT_FETCHED,not_fetched_offline,cache_lookup,data/polymarket_history/btc-updown-15m-1788797700-57f5cc9033.json,offline mode: no reusable structured cache entry
btc-updown-15m-1788798600,0x1bc11998b3a7cf5115d46af724872887151d6f8e7c9426e6a31008acd72260b0,"[""22450805815117915960027866419542968706600709239407159805436402874724771927586""]",LOCAL_JOURNAL,not_fetched,not_fetched,,,,,,not_fetched,,,,,,False,NOT_FETCHED,not_fetched_offline,cache_lookup,data/polymarket_history/btc-updown-15m-1788798600-e933b27783.json,offline mode: no reusable structured cache entry
btc-updown-15m-1788799500,0x91efc10a541d92c763aac4422c7d4211d1bec1f3c3eed1d9c300efc74f474318,"[""44939844109870095499413827077799536809123954522828283592247672064220152242715"", ""58428267960006587479941357627193788530013594694976053765706359759063028374027""]",LOCAL_JOURNAL,not_fetched,not_fetched,,,,,,not_fetched,,,,,,False,NOT_FETCHED,not_fetched_offline,cache_lookup,data/polymarket_history/btc-updown-15m-1788799500-c529f6937c.json,offline mode: no reusable structured cache entry
btc-updown-15m-1788800400,0xd5d155ae8b75e5bef51dbc4f3bf7cb76f914bf370d1db94b05781e3ed76c61de,"[""2129299163434865308928962440905503464392560393678503106658626664370732085817""]",LOCAL_JOURNAL,not_fetched,not_fetched,,,,,,not_fetched,,,,,,False,NOT_FETCHED,not_fetched_offline,cache_lookup,data/polymarket_history/btc-updown-15m-1788800400-03db960885.json,offline mode: no reusable structured cache entry
btc-updown-15m-1788801300,0x4489f58343c438be66787587b54b21817c3c1c4730856844cc401a5a30c5bb08,"[""101907635042777283879913163105330590135852576785942758046518117212546729524038"", ""88354689119761926257445869489499638533632819034604114797858801596585872993328""]",LOCAL_JOURNAL,not_fetched,not_fetched,,,,,,not_fetched,,,,,,False,NOT_FETCHED,not_fetched_offline,cache_lookup,data/polymarket_history/btc-updown-15m-1788801300-bb2c25d8d7.json,offline mode: no reusable structured cache entry
btc-updown-15m-1788802200,0x27f4f7b268633f9bd8d51c2dbdc7b05b039a96d87dfa4c818b17def46f413211,"[""4040711825037106923036444488435532734701795493501586801400758351981542043486"", ""62413671105845184172054452180871863255342501641908579329897615091608357173740""]",LOCAL_JOURNAL,not_fetched,not_fetched,,,,,,not_fetched,,,,,,False,NOT_FETCHED,not_fetched_offline,cache_lookup,data/polymarket_history/btc-updown-15m-1788802200-dd1593d4a4.json,offline mode: no reusable structured cache entry
btc-updown-15m-1788803100,0xae3292c4f4606041eaf9a70e5e93a65b91763b058b9cd36bb858bff0f5a5e185,"[""39403670489538272497552542577056656240230618997973967301010425838679829028638""]",LOCAL_JOURNAL,not_fetched,not_fetched,,,,,,not_fetched,,,,,,False,NOT_FETCHED,not_fetched_offline,cache_lookup,data/polymarket_history/btc-updown-15m-1788803100-5d3c0762f6.json,offline mode: no reusable structured cache entry
btc-updown-15m-1788804000,0x6aa0d7bddfe8eed71cbdf0e3b3a667a12bc534778766e208192956bf29335f29,"[""23043375749135628439469337995608739319606775232391017670045575485545089799815"", ""30394639705306652274909006092541420121686283504283926929050023008885359548889""]",LOCAL_JOURNAL,not_fetched,not_fetched,,,,,,not_fetched,,,,,,False,NOT_FETCHED,not_fetched_offline,cache_lookup,data/polymarket_history/btc-updown-15m-1788804000-1b87b40388.json,offline mode: no reusable structured cache entry
btc-updown-15m-1788804900,0x3a04b942e1da6df5bb57f25d8008c3aca4a5d1e115e5cdb7afb4fc6e6321dbbc,"[""10568241037687596557644991465872648594655661772124323017145852859625162252939"", ""13416770055011674761038859137340821497973923770212495202602409967902276985911""]",LOCAL_JOURNAL,not_fetched,not_fetched,,,,,,not_fetched,,,,,,False,NOT_FETCHED,not_fetched_offline,cache_lookup,data/polymarket_history/btc-updown-15m-1788804900-60b794a461.json,offline mode: no reusable structured cache entry
btc-updown-15m-1788805800,0x123a98785aa18ce577ca6f05388787b472021c59e87216ba319f4ddbc171bfac,"[""41068969304854880667013891923114700877399084916202668628152562817291449436107"", ""653486371009814791798057373099825872988060140211414341535195831793479867611""]",LOCAL_JOURNAL,not_fetched,not_fetched,,,,,,not_fetched,,,,,,False,NOT_FETCHED,not_fetched_offline,cache_lookup,data/polymarket_history/btc-updown-15m-1788805800-2710a8b82b.json,offline mode: no reusable structured cache entry
btc-updown-15m-1788806700,0x976ba5d3cadbbbedb83c3b34f59cf3c55a9e502c8993c484e31f1a91e468c969,"[""90968544960039571806229860718079702137506529142664443123751419704933357387908""]",LOCAL_JOURNAL,not_fetched,not_fetched,,,,,,not_fetched,,,,,,False,NOT_FETCHED,not_fetched_offline,cache_lookup,data/polymarket_history/btc-updown-15m-1788806700-5597c8b847.json,offline mode: no reusable structured cache entry
btc-updown-15m-1788807600,0xbc8275c641825811b57a7b457e484fdf57675ca9781f90565c4637d3c05110b9,"[""7412322745746266365145858857096819106948290594721567399741685315714836248533"", ""86973631928535099075169448356697574183783338736445574064115522813371015763331""]",LOCAL_JOURNAL,not_fetched,not_fetched,,,,,,not_fetched,,,,,,False,NOT_FETCHED,not_fetched_offline,cache_lookup,data/polymarket_history/btc-updown-15m-1788807600-95002a12d9.json,offline mode: no reusable structured cache entry
btc-updown-15m-1788808500,0x92f8e5f77576b8ab20a9e0602fe2d6ade73406a9cbddbc73465d59851bed76cd,"[""51987012135744074818045936319568276230583645543471763863162357169193980991129""]",LOCAL_JOURNAL,not_fetched,not_fetched,,,,,,not_fetched,,,,,,False,NOT_FETCHED,not_fetched_offline,cache_lookup,data/polymarket_history/btc-updown-15m-1788808500-acbc3138c5.json,offline mode: no reusable structured cache entry
btc-updown-15m-1788809400,0xc1b34fb52772e27e6e93510293b90f7138b365c5e9578388337f878a05c13eae,"[""67173206093019110086836904262553849067231120673033601037110111949909174872418""]",LOCAL_JOURNAL,not_fetched,not_fetched,,,,,,not_fetched,,,,,,False,NOT_FETCHED,not_fetched_offline,cache_lookup,data/polymarket_history/btc-updown-15m-1788809400-e3ad3e641e.json,offline mode: no reusable structured cache entry
btc-updown-15m-1788810300,0xad322578d4a0d54b45321de7656c25ab5cd8fe0f5d8c8e4b3c8d33ebdef76f3d,"[""108210128296674866122179840525428297847684151367370068598858360300353331415639""]",LOCAL_JOURNAL,not_fetched,not_fetched,,,,,,not_fetched,,,,,,False,NOT_FETCHED,not_fetched_offline,cache_lookup,data/polymarket_history/btc-updown-15m-1788810300-1bb746b6c9.json,offline mode: no reusable structured cache entry
btc-updown-15m-1788811200,0xcb78690f4d7ea32d072e424919eb3bafab84bff9cd03941d0a97bf9ebc3a7dc1,"[""60880794092995723502656293487191264938144940407451872775501398671805473613991"", ""95584379660365861407639880129406644083121985314779835530099177700081067335810""]",LOCAL_JOURNAL,not_fetched,not_fetched,,,,,,not_fetched,,,,,,False,NOT_FETCHED,not_fetched_offline,cache_lookup,data/polymarket_history/btc-updown-15m-1788811200-73628f2c29.json,offline mode: no reusable structured cache entry
btc-updown-15m-1788812100,0x55791df4f432e391474f2d8b10ec4ff3f80cd5b5e4ddcf2e9c534ded8e3afc7f,"[""32169068367404650490429362752051466839436236989852824105119599664333715852440"", ""33722317489820455618313404308993863905635705552772905961680192159668294277010""]",LOCAL_JOURNAL,not_fetched,not_fetched,,,,,,not_fetched,,,,,,False,NOT_FETCHED,not_fetched_offline,cache_lookup,data/polymarket_history/btc-updown-15m-1788812100-32a07ed4d7.json,offline mode: no reusable structured cache entry
btc-updown-15m-1788813000,0x42e2faf6cc8488a58ceb637268a96a2cc65fb712f04cf56812d4ae0ce1db8167,"[""101700813736982602042074461212481293536890101780281775410493408146384625178059""]",LOCAL_JOURNAL,not_fetched,not_fetched,,,,,,not_fetched,,,,,,False,NOT_FETCHED,not_fetched_offline,cache_lookup,data/polymarket_history/btc-updown-15m-1788813000-8676e4f961.json,offline mode: no reusable structured cache entry
btc-updown-15m-1788813900,0x373cb0dc1a55002e08479b38fa3204e439057c727e9730b671bf2ee0ad9477aa,"[""29226425136818754668291893445979962437310754256862465965471071503680376237739""]",LOCAL_JOURNAL,not_fetched,not_fetched,,,,,,not_fetched,,,,,,False,NOT_FETCHED,not_fetched_offline,cache_lookup,data/polymarket_history/btc-updown-15m-1788813900-bcb0b8a4ff.json,offline mode: no reusable structured cache entry
btc-updown-15m-1788814800,0xb9754974a126725fe7d56e161f3c07ca29ceb8d64070baf37bdb449b20f9a1e0,"[""40681105660594828473101497284989667297134641855491175528602436991133274330087""]",LOCAL_JOURNAL,not_fetched,not_fetched,,,,,,not_fetched,,,,,,False,NOT_FETCHED,not_fetched_offline,cache_lookup,data/polymarket_history/btc-updown-15m-1788814800-cc1b5ab0fd.json,offline mode: no reusable structured cache entry
btc-updown-15m-1788815700,0xfaa869fac03c517fc550bb0a269cffa8836c726a6d7acd29e9067642a8e3a3b4,"[""104946509506469694291319025906480465298185996578163348837824169793273383350457"", ""59462287029180098464852307329525244205838249189154021696507010277957892159587""]",LOCAL_JOURNAL,not_fetched,not_fetched,,,,,,not_fetched,,,,,,False,NOT_FETCHED,not_fetched_offline,cache_lookup,data/polymarket_history/btc-updown-15m-1788815700-bb1569c26d.json,offline mode: no reusable structured cache entry
btc-updown-15m-1788816600,0x105d066a2689259d47da78483ad1e1652ff1c7a7467b2c99b9086e40a20f9640,"[""87375572487233871456292673170156680170371847368547880910095015375008266743322"", ""90592178890816320804238877378279489255292652547394264786769997037838631620155""]",LOCAL_JOURNAL,not_fetched,not_fetched,,,,,,not_fetched,,,,,,False,NOT_FETCHED,not_fetched_offline,cache_lookup,data/polymarket_history/btc-updown-15m-1788816600-5573392453.json,offline mode: no reusable structured cache entry
btc-updown-15m-1788817500,0xc062faf2481e550507a66c9eb3411deb56198ffeb4e19d51f6a9887c4dc22e89,"[""97211855613380150654205637110859148605470698640549078273837891945102712398224""]",LOCAL_JOURNAL,not_fetched,not_fetched,,,,,,not_fetched,,,,,,False,NOT_FETCHED,not_fetched_offline,cache_lookup,data/polymarket_history/btc-updown-15m-1788817500-970be218d9.json,offline mode: no reusable structured cache entry
btc-updown-15m-1788818400,0x344b7dbf2636e063c76c67488d68e35e29b967cf614366cf384a8c44132ad70d,"[""15244528170697602182381301006191513890778015679850092927863152955845459708202"", ""28479541555984018166276579186011964990179106678401290304590611729095286215488""]",LOCAL_JOURNAL,not_fetched,not_fetched,,,,,,not_fetched,,,,,,False,NOT_FETCHED,not_fetched_offline,cache_lookup,data/polymarket_history/btc-updown-15m-1788818400-712a749653.json,offline mode: no reusable structured cache entry
btc-updown-15m-1788819300,0x8b7682844f1e06744770e2c81a4505e38eb675dc9e96f237fe47d0e18ebc1230,"[""87069812873251439759359212067798572284858159704385945839587155135912743887852"", ""96230770694070680992541432536246947552050987768247088036898035644718775445190""]",LOCAL_JOURNAL,not_fetched,not_fetched,,,,,,not_fetched,,,,,,False,NOT_FETCHED,not_fetched_offline,cache_lookup,data/polymarket_history/btc-updown-15m-1788819300-322e11284b.json,offline mode: no reusable structured cache entry
btc-updown-15m-1788820200,0x58bdd4df6fbeb53a72e44b7ecb978e5be6bab5b5b67c6872649673dfdfeb065d,"[""50046527150258155810714437710814689608053809192302653741763451898652241469003"", ""98901258015166732398857331267142165997466781447645397316490392464214119263800""]",LOCAL_JOURNAL,not_fetched,not_fetched,,,,,,not_fetched,,,,,,False,NOT_FETCHED,not_fetched_offline,cache_lookup,data/polymarket_history/btc-updown-15m-1788820200-7126307f29.json,offline mode: no reusable structured cache entry
btc-updown-15m-1788821100,0x88fa71e8784279763d27ddbb545e1bf6d8bc5245fa26d1b5698e49b8123a3c75,"[""35364659034230269977277155690618670547301991022077875080452123701999073089320""]",LOCAL_JOURNAL,not_fetched,not_fetched,,,,,,not_fetched,,,,,,False,NOT_FETCHED,not_fetched_offline,cache_lookup,data/polymarket_history/btc-updown-15m-1788821100-b67372d5b6.json,offline mode: no reusable structured cache entry
btc-updown-15m-1788822000,0xef532aa8ad1e927b37cab50638ec2c44ceb27a9d2c70425ccdddb94392173262,"[""26027758488625056796089874404984474193796701320975325072041253943107752766534""]",LOCAL_JOURNAL,not_fetched,not_fetched,,,,,,not_fetched,,,,,,False,NOT_FETCHED,not_fetched_offline,cache_lookup,data/polymarket_history/btc-updown-15m-1788822000-a811977d39.json,offline mode: no reusable structured cache entry
btc-updown-15m-1788822900,0x803b7cfc1c2c4db4792dcdde7130f37f97ac809bf1827bc7f23beac46294e408,"[""11103456790189813062521892960957916406132567234606720931064038127567691322939"", ""66164045934060271786144991025460930264955973611326269106691984568149719048792""]",LOCAL_JOURNAL,not_fetched,not_fetched,,,,,,not_fetched,,,,,,False,NOT_FETCHED,not_fetched_offline,cache_lookup,data/polymarket_history/btc-updown-15m-1788822900-db8a1a8500.json,offline mode: no reusable structured cache entry
btc-updown-15m-1788823800,0xf92121d79dabcbb8c11048259eaec75f988991ee3dca4d604cb218ad24aaa0a5,"[""43288384196895013348403320111979166898008573411761804235762612858211277524468"", ""65177003460902786687664778781330584476443467902826033855223866564519671926748""]",LOCAL_JOURNAL,not_fetched,not_fetched,,,,,,not_fetched,,,,,,False,NOT_FETCHED,not_fetched_offline,cache_lookup,data/polymarket_history/btc-updown-15m-1788823800-1d243919f2.json,offline mode: no reusable structured cache entry
btc-updown-15m-1788824700,0xc45e13897a9e532f6c429de9d13366e64b24c33e0fa8757c976c765007ab0b4e,"[""74188658428783678845016418049001164256535275568924749708477741734117437646042""]",LOCAL_JOURNAL,not_fetched,not_fetched,,,,,,not_fetched,,,,,,False,NOT_FETCHED,not_fetched_offline,cache_lookup,data/polymarket_history/btc-updown-15m-1788824700-3306a69c15.json,offline mode: no reusable structured cache entry
btc-updown-15m-1788825600,0x5bbdc6168633a8c44bcaee82cf9fbeac55383ce0dff4aa45bbde6e87d9077074,"[""27430453043427351677228798989029030019209678342731508372333791308035612602387"", ""55870132619117592322677936124123853442656379374527122216353727864713219795886""]",LOCAL_JOURNAL,not_fetched,not_fetched,,,,,,not_fetched,,,,,,False,NOT_FETCHED,not_fetched_offline,cache_lookup,data/polymarket_history/btc-updown-15m-1788825600-405ed78cc9.json,offline mode: no reusable structured cache entry
btc-updown-15m-1788863400,0x3c97cc80688361aed93acb258419490c6bfdbc026e7beeb8d919cd7eb9a583bf,"[""40318450309933149207925277500887734132211060635650062733047064488040855919004"", ""58809927025029949435787244755383041487762410462026084119928138093353977768840""]",LOCAL_JOURNAL,not_fetched,not_fetched,,,,,,not_fetched,,,,,,False,NOT_FETCHED,not_fetched_offline,cache_lookup,data/polymarket_history/btc-updown-15m-1788863400-830959968f.json,offline mode: no reusable structured cache entry
btc-updown-15m-1788864300,0x46bca111e8ce383fa2c8174d1f273846f344ce61ba6a6ce8e5cae2c2c6c98b3c,"[""60180453066388051371612804397783685353895963165658889014040331062236256122036"", ""96961863540647238068814075689261931912797731986908901788816088801293899481945""]",LOCAL_JOURNAL,not_fetched,not_fetched,,,,,,not_fetched,,,,,,False,NOT_FETCHED,not_fetched_offline,cache_lookup,data/polymarket_history/btc-updown-15m-1788864300-6a99a96598.json,offline mode: no reusable structured cache entry
btc-updown-15m-1788865200,0x8bbafecc851171f9ee441ec3c976b83ae749b20a58c20fa4b027cbe985a1976d,"[""55553974947327847468635632080247772416894112308734658322120892168435424708738"", ""66467465509059036373439349996936716230079325929202765543698126698732335339674""]",LOCAL_JOURNAL,not_fetched,not_fetched,,,,,,not_fetched,,,,,,False,NOT_FETCHED,not_fetched_offline,cache_lookup,data/polymarket_history/btc-updown-15m-1788865200-bbae927c0c.json,offline mode: no reusable structured cache entry
btc-updown-15m-1788866100,0xfeb4aa69acfe24ba31246edbfc28b6c356442b6937fd99c343931e611aec8817,"[""48897993088344066776211045650243423868945250412838941773599242859623149425445""]",LOCAL_JOURNAL,not_fetched,not_fetched,,,,,,not_fetched,,,,,,False,NOT_FETCHED,not_fetched_offline,cache_lookup,data/polymarket_history/btc-updown-15m-1788866100-3666c3d261.json,offline mode: no reusable structured cache entry
btc-updown-15m-1788867000,0xc5736d80404363f96b90a49ad67bfe7079d18f850753253c3b2efd6edddf5334,"[""1051439550083028082164954073104356917437686138616711908501801322850453020286"", ""8847810217278528166777933001632078457994978153896261298362883911269144969794""]",LOCAL_JOURNAL,not_fetched,not_fetched,,,,,,not_fetched,,,,,,False,NOT_FETCHED,not_fetched_offline,cache_lookup,data/polymarket_history/btc-updown-15m-1788867000-a28f8ac1b7.json,offline mode: no reusable structured cache entry
btc-updown-15m-1788867900,0x5e6a36003e036614ba19ede3f7dc0f4bfc9fb1ad5d04cc68c0308e8d3c13a2be,"[""101846162566786139393219262781154701980110540026736218985444961640154417378979"", ""25802121041135028867439118366552565392582183896788884555650820104961280522588""]",LOCAL_JOURNAL,not_fetched,not_fetched,,,,,,not_fetched,,,,,,False,NOT_FETCHED,not_fetched_offline,cache_lookup,data/polymarket_history/btc-updown-15m-1788867900-5be5a007cf.json,offline mode: no reusable structured cache entry
btc-updown-15m-1788869700,0x44e56aa8d33dc617e688f0adbac5479c4027027f6de95bba00b80c48e0fc3175,"[""56709371708825444074318207295953372724739601429222923173393844965788189403255""]",LOCAL_INSTRUMENT_ID,not_fetched,not_fetched,,,,,,not_fetched,,,,,,False,NOT_FETCHED,not_fetched_offline,cache_lookup,data/polymarket_history/btc-updown-15m-1788869700-34156131d5.json,offline mode: no reusable structured cache entry
btc-updown-15m-1788870600,0x2b6b68e138ed1e4958bc783ab882ca17f454f33f0cc03183e1f1fa1f5a82735d,"[""106218400078242034947030494309185560589555410160430263531487448836541355357203"", ""67191640368622917512032614663425672484930209426671799569215082351124981727696""]",LOCAL_JOURNAL,not_fetched,not_fetched,,,,,,not_fetched,,,,,,False,NOT_FETCHED,not_fetched_offline,cache_lookup,data/polymarket_history/btc-updown-15m-1788870600-5699153f43.json,offline mode: no reusable structured cache entry
btc-updown-15m-1788871500,0x2cf6a4cd7f6048e6a6bbcf50bdbeffb8094a3d6f33530809ef23094d21c46742,"[""340063201114075088180380545414177630818234750481649265053826267618056281317""]",LOCAL_JOURNAL,not_fetched,not_fetched,,,,,,not_fetched,,,,,,False,NOT_FETCHED,not_fetched_offline,cache_lookup,data/polymarket_history/btc-updown-15m-1788871500-38b45f2924.json,offline mode: no reusable structured cache entry
btc-updown-15m-1788872400,0x16b1b2fd8e51ae253c05abcfc17bcd0cc51a354e32722c8577127a9c2f87009c,"[""30826511397121145059842375238820923833016018975935371348504739913661596972229""]",LOCAL_JOURNAL,not_fetched,not_fetched,,,,,,not_fetched,,,,,,False,NOT_FETCHED,not_fetched_offline,cache_lookup,data/polymarket_history/btc-updown-15m-1788872400-8e4be9da02.json,offline mode: no reusable structured cache entry
btc-updown-15m-1788873300,0x9e231ad78d69f1cfa988f27b6e34e82c4897d5713b607289038a026ab4ef5f36,"[""101292331040726950431796872209071414996617267884567778744169436885511192605716"", ""20722066961110321329601917556730111562447873831394079376437207158313514338166""]",LOCAL_JOURNAL,not_fetched,not_fetched,,,,,,not_fetched,,,,,,False,NOT_FETCHED,not_fetched_offline,cache_lookup,data/polymarket_history/btc-updown-15m-1788873300-ee8076bd03.json,offline mode: no reusable structured cache entry
btc-updown-15m-1788874200,0x104a5ab6ce28a31af9956f9114228267b4758510813516af20b9eda07f507933,"[""77852580780859149537550259896728914370089441081013013973360488274223474014450"", ""80487984732595044280324240295045935233426951578624067702698948032432347591942""]",LOCAL_JOURNAL,not_fetched,not_fetched,,,,,,not_fetched,,,,,,False,NOT_FETCHED,not_fetched_offline,cache_lookup,data/polymarket_history/btc-updown-15m-1788874200-663655e26e.json,offline mode: no reusable structured cache entry
btc-updown-15m-1788875100,0xce8f7c208e7173100d73601bf641b139b03b5867bae314a461ba4ad61059bb3e,"[""115636443806801620130438784457961212443108673679025326669916820860797879130277"", ""69791933296714947418930349124461396731228005250192743094687246975241962363795""]",LOCAL_JOURNAL,not_fetched,not_fetched,,,,,,not_fetched,,,,,,False,NOT_FETCHED,not_fetched_offline,cache_lookup,data/polymarket_history/btc-updown-15m-1788875100-9108d205d5.json,offline mode: no reusable structured cache entry
btc-updown-15m-1788876000,0x1a189054f5768a00bcb7b0b67c4b967045be4f838b657fc75b422543226ca9ba,"[""101225582406717246578645771300621558898719798062440443717649531613269628006310"", ""103831338462351315442294373760685812616438906320527892609446953438572007171857""]",LOCAL_JOURNAL,not_fetched,not_fetched,,,,,,not_fetched,,,,,,False,NOT_FETCHED,not_fetched_offline,cache_lookup,data/polymarket_history/btc-updown-15m-1788876000-8bcb6bc303.json,offline mode: no reusable structured cache entry
btc-updown-15m-1788876900,0xf22c30c44ba6f5d260dad6dd3f517987b0e2c6fad5e26fbab527522fce25bf48,"[""40826598359822100132570024171284069557904233085986523813508482799314724017213""]",LOCAL_JOURNAL,not_fetched,not_fetched,,,,,,not_fetched,,,,,,False,NOT_FETCHED,not_fetched_offline,cache_lookup,data/polymarket_history/btc-updown-15m-1788876900-e32458c118.json,offline mode: no reusable structured cache entry
btc-updown-15m-1788877800,0x56c0b3ddb18ec11f932b25497d9bbc38cbade1cd398b361daf6ce9305987962d,"[""11862021886282096742243011293088924092955028730250907544249148111484298656607"", ""29997496835072323463444316937323950956040292842439376606833659025391147531373""]",LOCAL_JOURNAL,not_fetched,not_fetched,,,,,,not_fetched,,,,,,False,NOT_FETCHED,not_fetched_offline,cache_lookup,data/polymarket_history/btc-updown-15m-1788877800-7bcf382d8f.json,offline mode: no reusable structured cache entry
btc-updown-15m-1788878700,0x22b238bd4901bfffb996b34f01274d6267fc87260bccf0e199a175f57c3c3642,"[""8799069734878108021690727480850540364444811745165939734126493362664970612981""]",LOCAL_JOURNAL,not_fetched,not_fetched,,,,,,not_fetched,,,,,,False,NOT_FETCHED,not_fetched_offline,cache_lookup,data/polymarket_history/btc-updown-15m-1788878700-98e9a8e3d7.json,offline mode: no reusable structured cache entry
btc-updown-15m-1788879600,0xdc878a099651e6af06b4cd7ca1c9e2979aa0827066869cdd726a726b554791ac,"[""19340509732818836927922772944366307159780231450924768830059891707475935344147"", ""70327018045610408213598601351786861362190380881530166433449026073285669325058""]",LOCAL_JOURNAL,not_fetched,not_fetched,,,,,,not_fetched,,,,,,False,NOT_FETCHED,not_fetched_offline,cache_lookup,data/polymarket_history/btc-updown-15m-1788879600-33229c0a3e.json,offline mode: no reusable structured cache entry
btc-updown-15m-1788880500,0x79de86cfb98ac7e2c696da3ba71b46dae42beccfed6559020d029f5d7d830c91,"[""431070808961345825159567908956309915907296538968744309561909276556414699154"", ""75152158371589629552356773645845823954752092010396634460191530975662490827079""]",LOCAL_JOURNAL,not_fetched,not_fetched,,,,,,not_fetched,,,,,,False,NOT_FETCHED,not_fetched_offline,cache_lookup,data/polymarket_history/btc-updown-15m-1788880500-26cbff72b9.json,offline mode: no reusable structured cache entry
btc-updown-15m-1788881400,0x412f0628321011f96d92c3faaa094d713b06e0ab966f3602f5893a26d6546c19,"[""66404301571771262401270628566883889226042998715621988363729425685844183933200""]",LOCAL_JOURNAL,not_fetched,not_fetched,,,,,,not_fetched,,,,,,False,NOT_FETCHED,not_fetched_offline,cache_lookup,data/polymarket_history/btc-updown-15m-1788881400-2829cdd414.json,offline mode: no reusable structured cache entry
btc-updown-15m-1788882300,0x279979d91f3bd9ad5eee9b780c62667f6170a94a76dadfe4947e4ef40b61d42f,"[""46455259813213633314306350560074460762489991104223838002036891589753702754836""]",LOCAL_JOURNAL,not_fetched,not_fetched,,,,,,not_fetched,,,,,,False,NOT_FETCHED,not_fetched_offline,cache_lookup,data/polymarket_history/btc-updown-15m-1788882300-35b5fbba31.json,offline mode: no reusable structured cache entry
btc-updown-15m-1788884100,0x509ea76d104ec912315cddd9ce28544dfde80976001628310d566d8c1fc29e37,"[""73790177244705268963454072410701164882112514907091827564939869693709286894259""]",LOCAL_JOURNAL,not_fetched,not_fetched,,,,,,not_fetched,,,,,,False,NOT_FETCHED,not_fetched_offline,cache_lookup,data/polymarket_history/btc-updown-15m-1788884100-84e1fafc9c.json,offline mode: no reusable structured cache entry
btc-updown-15m-1788885000,0x988fde73d00f4646c6f80767962f95238c001208b4841c52a494c3abb31b3410,"[""100065001200526026065513843995504021556397352707439984270027085969443866200996""]",LOCAL_JOURNAL,not_fetched,not_fetched,,,,,,not_fetched,,,,,,False,NOT_FETCHED,not_fetched_offline,cache_lookup,data/polymarket_history/btc-updown-15m-1788885000-a15cfbe7e1.json,offline mode: no reusable structured cache entry
btc-updown-15m-1788885900,0x30f5a71ae13cd8c53de8a5a212305c96bca641dd56ebd5acc8a01a44cc70bf36,"[""1662468065195202685146852468863271026919778335100266207455709795387104352028"", ""87396910852428617336748765251102081089992855646806309633121755179968514542861""]",LOCAL_JOURNAL,not_fetched,not_fetched,,,,,,not_fetched,,,,,,False,NOT_FETCHED,not_fetched_offline,cache_lookup,data/polymarket_history/btc-updown-15m-1788885900-39a666114c.json,offline mode: no reusable structured cache entry
btc-updown-15m-1788886800,0x147cef565e9eb9381f6270f89c965168c5d000b6218ad8923b4f06cd31986a67,"[""3894545410026669035150538740272344534046427598793322819079144438032639547275"", ""51396900891074958033291188164343907690542961215184266446269823549619217802541""]",LOCAL_JOURNAL,not_fetched,not_fetched,,,,,,not_fetched,,,,,,False,NOT_FETCHED,not_fetched_offline,cache_lookup,data/polymarket_history/btc-updown-15m-1788886800-ebfb1edccc.json,offline mode: no reusable structured cache entry
btc-updown-15m-1788887700,0xab74a8be852f0e443acd217958b25cff461026b987cf50714065f221df517804,"[""105110193131606043988186104354827867616642033242216978318546494773675050493879"", ""12850984518875659938752575189870161506014889093786291604338865930525278653528""]",LOCAL_JOURNAL,not_fetched,not_fetched,,,,,,not_fetched,,,,,,False,NOT_FETCHED,not_fetched_offline,cache_lookup,data/polymarket_history/btc-updown-15m-1788887700-7633d60a29.json,offline mode: no reusable structured cache entry
btc-updown-15m-1788888600,0x0a14d146ce0f73b05b354685c018047c9f1c4502544af491daed2d1c98a27ca9,"[""101209583050312962959231589713384804048030002809076437988096703611304371249708"", ""27987487547761572343625336704279470470264675101320456972115199209985460538793""]",LOCAL_JOURNAL,not_fetched,not_fetched,,,,,,not_fetched,,,,,,False,NOT_FETCHED,not_fetched_offline,cache_lookup,data/polymarket_history/btc-updown-15m-1788888600-418595fc1e.json,offline mode: no reusable structured cache entry
btc-updown-15m-1788889500,0x66dc53ce43b0a69795da46f00f0798be09d36194c2749ab50beb906a7bf8e9e1,"[""12575944670805748916049993760967267587916765302964191228087471325980419628163"", ""94526919297738147642637600903587005378210136423475358261447418147026539210325""]",LOCAL_JOURNAL,not_fetched,not_fetched,,,,,,not_fetched,,,,,,False,NOT_FETCHED,not_fetched_offline,cache_lookup,data/polymarket_history/btc-updown-15m-1788889500-b4c53f9955.json,offline mode: no reusable structured cache entry
btc-updown-15m-1788890400,0x928d27c4335337def4568067ab39814f1195547fcb53c15972a3b1b553db3408,"[""7714005032387869725067392415654648145931042387345276863953410442521499939710""]",LOCAL_JOURNAL,not_fetched,not_fetched,,,,,,not_fetched,,,,,,False,NOT_FETCHED,not_fetched_offline,cache_lookup,data/polymarket_history/btc-updown-15m-1788890400-8578d405e7.json,offline mode: no reusable structured cache entry
btc-updown-15m-1788891300,0x355be51d9cefa120bac8240755ca1a9e23e7747e4f31d22510b0d58708ee4ac3,"[""9833820572604899824507865714932754196332567683303816145775371768959055429467""]",LOCAL_JOURNAL,not_fetched,not_fetched,,,,,,not_fetched,,,,,,False,NOT_FETCHED,not_fetched_offline,cache_lookup,data/polymarket_history/btc-updown-15m-1788891300-7baf2fda5d.json,offline mode: no reusable structured cache entry
btc-updown-15m-1788892200,0x227060ea7b3606072a890c3c5bef19bad0b284021b3450a6c47a668a2f6e514d,"[""47699405351362899227782473117279512331412572010411746457463660318053341012648"", ""97917986044002338456488065347708726090958440502557215256517281798577525973129""]",LOCAL_JOURNAL,not_fetched,not_fetched,,,,,,not_fetched,,,,,,False,NOT_FETCHED,not_fetched_offline,cache_lookup,data/polymarket_history/btc-updown-15m-1788892200-599a0d2007.json,offline mode: no reusable structured cache entry
btc-updown-15m-1788893100,0xb47a5e6240d8b0a8584d43d896e8039517f259c120a2b2731470660b6af0c5cb,"[""25152768016560332687662653914872188674627625467776094621675444958074734241217"", ""77988995309680043844062159915141844169758064810902724764014675269807403289872""]",LOCAL_JOURNAL,not_fetched,not_fetched,,,,,,not_fetched,,,,,,False,NOT_FETCHED,not_fetched_offline,cache_lookup,data/polymarket_history/btc-updown-15m-1788893100-0bda4d0470.json,offline mode: no reusable structured cache entry
btc-updown-15m-1788894000,0x0eb43ca0e2fd2a4d5bee0187e6e0c8b1d26ceed860abd21a68009c06ed74fe39,"[""110511982298221648166578230417519923423067258842556546070330653489720356483243"", ""29986403606720081698770266400196712491743877034453374986843884721476706191624""]",LOCAL_JOURNAL,not_fetched,not_fetched,,,,,,not_fetched,,,,,,False,NOT_FETCHED,not_fetched_offline,cache_lookup,data/polymarket_history/btc-updown-15m-1788894000-67f72b75b2.json,offline mode: no reusable structured cache entry
btc-updown-15m-1788894900,0xb9fe8fc8c65ebdaac6df11f60978bf638fb4a5d5650863043bc048ef43ca6c6d,"[""92567903508630966362046404319645710225464867698144375302898073840989916584550"", ""96026061938469454580976841671071236781102416956105101893774747415537602275554""]",LOCAL_JOURNAL,not_fetched,not_fetched,,,,,,not_fetched,,,,,,False,NOT_FETCHED,not_fetched_offline,cache_lookup,data/polymarket_history/btc-updown-15m-1788894900-887c18bb7e.json,offline mode: no reusable structured cache entry
btc-updown-15m-1788895800,0x6c63fd8a1adab4f7c0bde94db063d685e3e8fe736ae8424ab2e489102fd794b6,"[""13927864042176984300368289102102380416864439165332078852599345768733120348492"", ""66207510803287233875473748739657002406582696507490644881129151011363663765215""]",LOCAL_JOURNAL,not_fetched,not_fetched,,,,,,not_fetched,,,,,,False,NOT_FETCHED,not_fetched_offline,cache_lookup,data/polymarket_history/btc-updown-15m-1788895800-0187849ee6.json,offline mode: no reusable structured cache entry
btc-updown-15m-1788896700,0x0de94bb691ab7e4c626c43a3abea2e33dda2a22ca5594d193a22ed845ab42c54,"[""114558379021281676658239791194993465018152777680025345099998739947445533754248"", ""46926620185810907921570790016025887358700525045128415549548363376647065614603""]",LOCAL_JOURNAL,not_fetched,not_fetched,,,,,,not_fetched,,,,,,False,NOT_FETCHED,not_fetched_offline,cache_lookup,data/polymarket_history/btc-updown-15m-1788896700-84354668fa.json,offline mode: no reusable structured cache entry
btc-updown-15m-1788897600,0xe0ef609607957e88f1de152f4dfd4815d28688768fa74560c1e4ab1840cebd29,"[""15927417488202596756207924283982792822764501957474597823683211973017081714111""]",LOCAL_JOURNAL,not_fetched,not_fetched,,,,,,not_fetched,,,,,,False,NOT_FETCHED,not_fetched_offline,cache_lookup,data/polymarket_history/btc-updown-15m-1788897600-440a2b0026.json,offline mode: no reusable structured cache entry
btc-updown-15m-1788898500,0x12b45ade4c6eee40a24ca784d0fcb8c1ee1a3a986bf2bc0a677e4e2cd59847c4,"[""12313140253411309648301219953937640690647689059173526783148417074941478421379"", ""96036776377023924636702752202983606000641691587218850466216680442589038610519""]",LOCAL_JOURNAL,not_fetched,not_fetched,,,,,,not_fetched,,,,,,False,NOT_FETCHED,not_fetched_offline,cache_lookup,data/polymarket_history/btc-updown-15m-1788898500-4c8f3ea7c4.json,offline mode: no reusable structured cache entry
btc-updown-15m-1788899400,0xc84c3682026c7009b7a64f09e349976533b520232e2727dabcf4828717814c55,"[""25018002473760295464031385481163902465079148095399626896813413841595989746946"", ""44418540174645971463341920767582472892414039034135447261752771679891315391100""]",LOCAL_JOURNAL,not_fetched,not_fetched,,,,,,not_fetched,,,,,,False,NOT_FETCHED,not_fetched_offline,cache_lookup,data/polymarket_history/btc-updown-15m-1788899400-c696c4b405.json,offline mode: no reusable structured cache entry
btc-updown-15m-1788900300,0xf03d400ae4961596c0c4aa60171904b7d534538bfd73cd933dbea393da162065,"[""78119930641446030144169422653651150857395082272293610573745540414026506290156"", ""93720519352918536501353854512912974309884301657373258875566400453854556049297""]",LOCAL_JOURNAL,not_fetched,not_fetched,,,,,,not_fetched,,,,,,False,NOT_FETCHED,not_fetched_offline,cache_lookup,data/polymarket_history/btc-updown-15m-1788900300-31951eadf3.json,offline mode: no reusable structured cache entry
btc-updown-15m-1788901200,0xbbcea2001fa073b570dc35c1b36b8b64aa7d0e1ed9a87cb33006bb0ce9bc6059,"[""15913843069338482776931857467943676349398321433974420134456105271277700397050"", ""27116984335553785010688687100874882989826365241041645294725556552384470466317""]",LOCAL_JOURNAL,not_fetched,not_fetched,,,,,,not_fetched,,,,,,False,NOT_FETCHED,not_fetched_offline,cache_lookup,data/polymarket_history/btc-updown-15m-1788901200-0606962c12.json,offline mode: no reusable structured cache entry
btc-updown-15m-1788902100,0x0ae5991ea3e0db7afe979cd80dc3ad57fc1b41ce4ec6a3eb1a208a75fd85b58b,"[""30855089003805045434074315673290851927031309453338105527465999949710128324105"", ""63398392121731726837523688211306342050254569800094133208066255142455544361410""]",LOCAL_JOURNAL,not_fetched,not_fetched,,,,,,not_fetched,,,,,,False,NOT_FETCHED,not_fetched_offline,cache_lookup,data/polymarket_history/btc-updown-15m-1788902100-2d68d30dc5.json,offline mode: no reusable structured cache entry
btc-updown-15m-1788903000,0x6d0e67f503a256e6f7fd215720b99421aa344917aceb19c07ab85c5300135e4c,"[""102018203633916101173902106184422492544184417317522238327094435036258340354397"", ""74486982003572352757180346023262534684827447495517652731025687515803534729543""]",LOCAL_JOURNAL,not_fetched,not_fetched,,,,,,not_fetched,,,,,,False,NOT_FETCHED,not_fetched_offline,cache_lookup,data/polymarket_history/btc-updown-15m-1788903000-d894c12944.json,offline mode: no reusable structured cache entry
btc-updown-15m-1788903900,0x1f4c12fb766ec0d75011ecfe58dac25676d7b7de11b5ccb8b5d5506e5ac25f65,"[""1544062738017913522063631488540467208137506029190143671948821112850917623084"", ""32014153476449862768915469618074624124329114854831085922203592812927956645827""]",LOCAL_JOURNAL,not_fetched,not_fetched,,,,,,not_fetched,,,,,,False,NOT_FETCHED,not_fetched_offline,cache_lookup,data/polymarket_history/btc-updown-15m-1788903900-b4536552b1.json,offline mode: no reusable structured cache entry
btc-updown-15m-1788904800,0x7f59ac7f64e505510eef2820821d4d07b3f12d327396919a3ff731e5db8ba02c,"[""112619448682415102909475672228440920313686738574870800234583668292921987128413""]",LOCAL_JOURNAL,not_fetched,not_fetched,,,,,,not_fetched,,,,,,False,NOT_FETCHED,not_fetched_offline,cache_lookup,data/polymarket_history/btc-updown-15m-1788904800-7baa7e1a3a.json,offline mode: no reusable structured cache entry
btc-updown-15m-1788905700,0x5c78f7cebe32fd06976868af7309e7dcf031d00035a2be7847db4a22ef4fbd82,"[""6724079456289562672118467556081792509606260200763275540981645491408621944540""]",LOCAL_JOURNAL,not_fetched,not_fetched,,,,,,not_fetched,,,,,,False,NOT_FETCHED,not_fetched_offline,cache_lookup,data/polymarket_history/btc-updown-15m-1788905700-15968c3467.json,offline mode: no reusable structured cache entry
btc-updown-15m-1788906600,0xeff1a565a86db3d5a470624c00b15c5ecdfac4a665d1c60c61b5e1bebc4e3f25,"[""101926765093812036259218212257801843879311580530254558324191303477444300899508"", ""84627459517668310588324814050309641031233638620257940112139584445275852220281""]",LOCAL_JOURNAL,not_fetched,not_fetched,,,,,,not_fetched,,,,,,False,NOT_FETCHED,not_fetched_offline,cache_lookup,data/polymarket_history/btc-updown-15m-1788906600-67c243610b.json,offline mode: no reusable structured cache entry
btc-updown-15m-1788954300,0xe77940fe4846afcad2c197b7693607fa220c3b5cb6e8e4b4c1b9200de7e1e555,"[""94889783485612361285364540580172969779364225360217736543835932231286575155120""]",LOCAL_JOURNAL,not_fetched,not_fetched,,,,,,not_fetched,,,,,,False,NOT_FETCHED,not_fetched_offline,cache_lookup,data/polymarket_history/btc-updown-15m-1788954300-66fb218b15.json,offline mode: no reusable structured cache entry
btc-updown-15m-1788955200,0xd8f641ba4ed57c0006cd56006d59ab3f441292aa53619f8b031c424658df08be,"[""44245793776775665746190833287648642990261003932336448513135212557757185052560"", ""8060804303634027670688819658566749661518631575278188654843327010461597421791""]",LOCAL_JOURNAL,not_fetched,not_fetched,,,,,,not_fetched,,,,,,False,NOT_FETCHED,not_fetched_offline,cache_lookup,data/polymarket_history/btc-updown-15m-1788955200-ac3d5bd558.json,offline mode: no reusable structured cache entry
btc-updown-15m-1788956100,0xe44c84825714903ab7814f9f6ad45b6433a0e2ab2bdaaa16bfde9c73cc395c4c,"[""113531053099950695090712207804928577931727701293047976472233158860671078321127"", ""41497678424928978595327285774000371596522544108869365792558326144763880464691""]",LOCAL_JOURNAL,not_fetched,not_fetched,,,,,,not_fetched,,,,,,False,NOT_FETCHED,not_fetched_offline,cache_lookup,data/polymarket_history/btc-updown-15m-1788956100-2d29142806.json,offline mode: no reusable structured cache entry
btc-updown-15m-1788957000,0xf1a5829316a5c2321ff1dcb795f28ad15f22c6c9f7ecb31db2eaec02a8772fe2,"[""86469404738275292803244068011915971605735346333406833663793709991895562357894""]",LOCAL_JOURNAL,not_fetched,not_fetched,,,,,,not_fetched,,,,,,False,NOT_FETCHED,not_fetched_offline,cache_lookup,data/polymarket_history/btc-updown-15m-1788957000-8df8385a9d.json,offline mode: no reusable structured cache entry
btc-updown-15m-1788957900,0xdc21afc5725ae15fbae72acc47df2054a55d5cdccadcea332973aef3227b5edf,"[""83725297574203481984722840419705286162507692003076796547726980031723048219364""]",LOCAL_JOURNAL,not_fetched,not_fetched,,,,,,not_fetched,,,,,,False,NOT_FETCHED,not_fetched_offline,cache_lookup,data/polymarket_history/btc-updown-15m-1788957900-5a78d6bd5e.json,offline mode: no reusable structured cache entry
btc-updown-15m-1788958800,0x5be9b42ea0ed825d179a4b849877906eec6d0b8ac211cf9f842c2aa046e184b6,"[""13917599135288643678725056986733164574134618058463708045096396013132291277112"", ""16708488127957505828594759913839208976820143859125304554296821110676596515866""]",LOCAL_JOURNAL,not_fetched,not_fetched,,,,,,not_fetched,,,,,,False,NOT_FETCHED,not_fetched_offline,cache_lookup,data/polymarket_history/btc-updown-15m-1788958800-69f0f0e995.json,offline mode: no reusable structured cache entry
btc-updown-15m-1788959700,0xdfd149a821d5c6fbca2084b37e73b13e52409b7c08b3b356330b1f510032deeb,"[""49877837878898775114600598864239879148100871498958822142195433745753808244987"", ""95057086381917061133888034673626399496223270968289306830320385652345544253822""]",LOCAL_JOURNAL,not_fetched,not_fetched,,,,,,not_fetched,,,,,,False,NOT_FETCHED,not_fetched_offline,cache_lookup,data/polymarket_history/btc-updown-15m-1788959700-86399c3e60.json,offline mode: no reusable structured cache entry
btc-updown-15m-1788960600,0xaaeff05c4d9b0a526cdcd69dc9886d5fe5b2585752047130f9407c2c348a7c9b,"[""107113571455343947777502178225465504975511585593650256656676954996583412678996"", ""49198237791921891411739300724487527178224887061071749485198833512784681128793""]",LOCAL_JOURNAL,not_fetched,not_fetched,,,,,,not_fetched,,,,,,False,NOT_FETCHED,not_fetched_offline,cache_lookup,data/polymarket_history/btc-updown-15m-1788960600-b86b48d136.json,offline mode: no reusable structured cache entry
btc-updown-15m-1788961500,0xef1e2a3f78808d0ab6324b178bfa32f9d606dceee187748099f5cc343a9ef4a7,"[""31852785402184132722528826345018981540467279185024678627003820919515459904409"", ""32068096407214753750229387274107591499740598141813129150853486358380484702505""]",LOCAL_JOURNAL,not_fetched,not_fetched,,,,,,not_fetched,,,,,,False,NOT_FETCHED,not_fetched_offline,cache_lookup,data/polymarket_history/btc-updown-15m-1788961500-14c329e940.json,offline mode: no reusable structured cache entry
btc-updown-15m-1788962400,0x6707fee9bc587e57365196d18f97e9cbb203116dd6b6de49788a8007ebfbcd82,"[""33385253269844420109228558949232756358849897904148454328569659405360315837681"", ""5365446798232125936445759496391006939051303318937969588805879334672688597991""]",LOCAL_JOURNAL,not_fetched,not_fetched,,,,,,not_fetched,,,,,,False,NOT_FETCHED,not_fetched_offline,cache_lookup,data/polymarket_history/btc-updown-15m-1788962400-7479d9b95d.json,offline mode: no reusable structured cache entry
btc-updown-15m-1788963300,0xf91f666555283c7a9f3376f906020aed337695cf11513c3e89897ec940856ffc,"[""28948173998065119018388665886253750047048169847256578262775404092621369206967"", ""47729929253699100497733057626431528330381499045404681078454896202159163927828""]",LOCAL_JOURNAL,not_fetched,not_fetched,,,,,,not_fetched,,,,,,False,NOT_FETCHED,not_fetched_offline,cache_lookup,data/polymarket_history/btc-updown-15m-1788963300-769b893a30.json,offline mode: no reusable structured cache entry
btc-updown-15m-1788964200,0x2aa091f02eb58bc6cd12070e61b783e5b87cdee102cb7c5db4f3ae1968e99626,"[""106116934173134213013626613535671900201662004288750090813609326975001152667341""]",LOCAL_JOURNAL,not_fetched,not_fetched,,,,,,not_fetched,,,,,,False,NOT_FETCHED,not_fetched_offline,cache_lookup,data/polymarket_history/btc-updown-15m-1788964200-f122d7599c.json,offline mode: no reusable structured cache entry
btc-updown-15m-1788965100,0x7affdb58683c121ae50e90e713b7f48b65966b06ce069a404214f51a5b09853e,"[""106333945828272013257839783964849000378407384720870497998163617224934180227096"", ""35586791131430064020671016639993788217367742772753600232966289795639995759109""]",LOCAL_JOURNAL,not_fetched,not_fetched,,,,,,not_fetched,,,,,,False,NOT_FETCHED,not_fetched_offline,cache_lookup,data/polymarket_history/btc-updown-15m-1788965100-e591b64656.json,offline mode: no reusable structured cache entry
btc-updown-15m-1788966000,0x29b60978ad1cf336217f1dba4f9779a189f804bb84ae76a9eb08c142137c0dee,"[""1181754777807911917269054215323544973967685256264095743985607111574445195286"", ""27933597412796754301011805060220422775914778998675397093803530463689714863388""]",LOCAL_JOURNAL,not_fetched,not_fetched,,,,,,not_fetched,,,,,,False,NOT_FETCHED,not_fetched_offline,cache_lookup,data/polymarket_history/btc-updown-15m-1788966000-9782930f51.json,offline mode: no reusable structured cache entry
btc-updown-15m-1788966900,0x271a4aa7abd8fef350894991f798fcbd2ee0569f8a42195589aca6c179cae5db,"[""91064254062851420939429106122641459402520679669093503024221364307404120097617""]",LOCAL_INSTRUMENT_ID,not_fetched,not_fetched,,,,,,not_fetched,,,,,,False,NOT_FETCHED,not_fetched_offline,cache_lookup,data/polymarket_history/btc-updown-15m-1788966900-bc2f5947be.json,offline mode: no reusable structured cache entry
btc-updown-15m-1788967800,0x6cb227df60c66517d61b97081a0fca2334d2b6fb334dbe97345cc0dc1cb5f000,"[""8323388128014415905979039486377263020755043345566752582191684328729450639451""]",LOCAL_INSTRUMENT_ID,not_fetched,not_fetched,,,,,,not_fetched,,,,,,False,NOT_FETCHED,not_fetched_offline,cache_lookup,data/polymarket_history/btc-updown-15m-1788967800-247483d75b.json,offline mode: no reusable structured cache entry
btc-updown-15m-1788968700,0xe539fc1111ffac0e2581c1f1247a673197b5265a68f6e9562db9d7417f08cb6d,"[""70282913278312529256507164484969092307899866168600514715696379572969832823122"", ""76383055647440681047241750904178253950812179658571769974169602393963839489004""]",LOCAL_JOURNAL,not_fetched,not_fetched,,,,,,not_fetched,,,,,,False,NOT_FETCHED,not_fetched_offline,cache_lookup,data/polymarket_history/btc-updown-15m-1788968700-ebde2b196c.json,offline mode: no reusable structured cache entry
btc-updown-15m-1788969600,0x4480df062450519a8f39602c25a4fdaa75f8f0174911981225bece95f699a189,"[""101095773371030602780717649172075222342493594447313870713864879901192202211003"", ""69213536423999195882060104588393692280389316198036674968622700330965673432688""]",LOCAL_JOURNAL,not_fetched,not_fetched,,,,,,not_fetched,,,,,,False,NOT_FETCHED,not_fetched_offline,cache_lookup,data/polymarket_history/btc-updown-15m-1788969600-f986dc5662.json,offline mode: no reusable structured cache entry
btc-updown-15m-1788970500,0x4ff2e55a2a1ff33d791549d7342aea20d68d0a925b0a50ef58e64ff04b7dbe36,"[""30425670473394034000176017172317909793940747594082972080525891778179392535607"", ""85398387197887534570073181983766086496587892628208572699078066505137737158420""]",LOCAL_JOURNAL,not_fetched,not_fetched,,,,,,not_fetched,,,,,,False,NOT_FETCHED,not_fetched_offline,cache_lookup,data/polymarket_history/btc-updown-15m-1788970500-55e0d213e3.json,offline mode: no reusable structured cache entry
btc-updown-15m-1788971400,0x50b7d2bda95fe892092af4ea57d23b6f729871a5c706464a63972d78b41cec3d,"[""4511648983209280246308619979546262714339650152794444985275841807360018828436""]",LOCAL_JOURNAL,not_fetched,not_fetched,,,,,,not_fetched,,,,,,False,NOT_FETCHED,not_fetched_offline,cache_lookup,data/polymarket_history/btc-updown-15m-1788971400-21ef08a438.json,offline mode: no reusable structured cache entry
btc-updown-15m-1788972300,0x84407aefc55c8408a3f12beaa11637b0e8dca8351814e0066c777c5223a4a0a5,"[""75888953972399186292203298469597786911028797233875283104534199984488714801320"", ""98485524239832816707594867655928266724434765534961605999977867138049074474992""]",LOCAL_JOURNAL,not_fetched,not_fetched,,,,,,not_fetched,,,,,,False,NOT_FETCHED,not_fetched_offline,cache_lookup,data/polymarket_history/btc-updown-15m-1788972300-182d64b2f4.json,offline mode: no reusable structured cache entry
btc-updown-15m-1788973200,0xaaa43bd10731b1201b5321c1ffc52aeb7ff427d8b5a093840173dc19b61053fe,"[""54464474937585260595867411406588976409890181177846903790969266105392583250012"", ""75810299405160558551567498237026723420010380531998718846954025833967082816569""]",LOCAL_JOURNAL,not_fetched,not_fetched,,,,,,not_fetched,,,,,,False,NOT_FETCHED,not_fetched_offline,cache_lookup,data/polymarket_history/btc-updown-15m-1788973200-106b808731.json,offline mode: no reusable structured cache entry
btc-updown-15m-1788974100,0x8bd395627b5e9f5a5d5f29e1a3bfd8cc4ac20825cfa2eec20cbe4c2c77778227,"[""142426479088197770426326556870549844105456529900279637411111695249593458192"", ""34898657611151156268048112517032247422517764737010372728221182897366082087815""]",LOCAL_JOURNAL,not_fetched,not_fetched,,,,,,not_fetched,,,,,,False,NOT_FETCHED,not_fetched_offline,cache_lookup,data/polymarket_history/btc-updown-15m-1788974100-15daf7642a.json,offline mode: no reusable structured cache entry
btc-updown-15m-1788975000,0xc350d9275bea331c887cff5bdc771bc224676a23d54369f7d82429b8e7daf928,"[""31996080857757167325501234740332323139791483630646175644759039415604980852004"", ""57320321885144579019964607116333317766768372849610531255135199159638658466145""]",LOCAL_JOURNAL,not_fetched,not_fetched,,,,,,not_fetched,,,,,,False,NOT_FETCHED,not_fetched_offline,cache_lookup,data/polymarket_history/btc-updown-15m-1788975000-a432e39ca7.json,offline mode: no reusable structured cache entry
btc-updown-15m-1788975900,0x68e4dd66581537ed29145735018dab17bbb2db5c5f21d57086435e3566825fa7,"[""3415389354183939731371050277160820832232541575523222036806740416101791488309"", ""90558494115155053667251737088001063881157334940682517622744179948074302352228""]",LOCAL_JOURNAL,not_fetched,not_fetched,,,,,,not_fetched,,,,,,False,NOT_FETCHED,not_fetched_offline,cache_lookup,data/polymarket_history/btc-updown-15m-1788975900-174a7e4b8c.json,offline mode: no reusable structured cache entry
btc-updown-15m-1788976800,0x9fb9e4c8f82f0a261731594d6a45e0f15f320f522de6b46d6d8b71ab5aad2388,"[""21359253230231785541176745047802815644841767211367419069602905357131185185060"", ""96016573769563491313224462430377662182315073765300341580894767109459348520747""]",LOCAL_JOURNAL,not_fetched,not_fetched,,,,,,not_fetched,,,,,,False,NOT_FETCHED,not_fetched_offline,cache_lookup,data/polymarket_history/btc-updown-15m-1788976800-a24a85402a.json,offline mode: no reusable structured cache entry
btc-updown-15m-1788977700,0x8b13b6f269c5d85050d6ebacde454286f9b08b7f56b0d77f3cce94dd3428190e,"[""5192026291488412227736789665562134002669983506704515042599070786596393044102"", ""5453617797570965718550423481716269043381424994184642277335569782930116925142""]",LOCAL_JOURNAL,not_fetched,not_fetched,,,,,,not_fetched,,,,,,False,NOT_FETCHED,not_fetched_offline,cache_lookup,data/polymarket_history/btc-updown-15m-1788977700-fc7360f62c.json,offline mode: no reusable structured cache entry
btc-updown-15m-1788978600,0xe3add6d12cadf4b2dbf28b8667cb599f825625a48bd8ea1acf53c915447306c4,"[""57412491420683139541382452299573837025296930335604965671990493834473316098973"", ""81516810706896146975078753361249832578136808832686396495125654741517662272648""]",LOCAL_JOURNAL,not_fetched,not_fetched,,,,,,not_fetched,,,,,,False,NOT_FETCHED,not_fetched_offline,cache_lookup,data/polymarket_history/btc-updown-15m-1788978600-a663147571.json,offline mode: no reusable structured cache entry
btc-updown-15m-1788979500,0x6398076ec1934a33ce99947d6f6621ecd465cee81c1f870f764f026a06f2cfe7,"[""82942959634557802623474775652551175525681758237922619342890288491195946421001"", ""91728103115421667316270638717110832716469380844988252000003213022267725406649""]",LOCAL_JOURNAL,not_fetched,not_fetched,,,,,,not_fetched,,,,,,False,NOT_FETCHED,not_fetched_offline,cache_lookup,data/polymarket_history/btc-updown-15m-1788979500-604350abc2.json,offline mode: no reusable structured cache entry
btc-updown-15m-1788980400,0x290ea594d211b8f9b13932525099035c38d98a460f32748a010cbb8e4d94dd59,"[""31306055658772351390095105283727718022361064067555911582935470304867489492314"", ""96993215693570488419381512214626130888907844820410606502537270548067495657070""]",LOCAL_JOURNAL,not_fetched,not_fetched,,,,,,not_fetched,,,,,,False,NOT_FETCHED,not_fetched_offline,cache_lookup,data/polymarket_history/btc-updown-15m-1788980400-72bd7ecae1.json,offline mode: no reusable structured cache entry
btc-updown-15m-1788981300,0x4ada79c5659a8648cda974b5ea394b1f332adce02e3456b83233196983ffde3a,"[""115295869728745247454951377052593192836583107328555694835024975025221182235001""]",LOCAL_JOURNAL,not_fetched,not_fetched,,,,,,not_fetched,,,,,,False,NOT_FETCHED,not_fetched_offline,cache_lookup,data/polymarket_history/btc-updown-15m-1788981300-ef8aa59a61.json,offline mode: no reusable structured cache entry
btc-updown-15m-1788982200,0x4d0e1e43916a7d6289de5e1102e8d941676899cf01e1e737cac2e7ce0e8e7116,"[""108489251129786284562809558247820403830135413805775272372379522770300871464765"", ""76803967597817567549706214869359683071690059634404276901984510668877581736457""]",LOCAL_JOURNAL,not_fetched,not_fetched,,,,,,not_fetched,,,,,,False,NOT_FETCHED,not_fetched_offline,cache_lookup,data/polymarket_history/btc-updown-15m-1788982200-cc1f82dd1f.json,offline mode: no reusable structured cache entry
btc-updown-15m-1788983100,0x2fa1d173dc1bd785b3615d83dfdbc00066b3ae245650bdef48eb4454a36181bb,"[""27280153806729090771246812722429379433487430113934698716987604554457076747871"", ""50408687334433409062072666721749150446011505179681263518864907514232308385071""]",LOCAL_JOURNAL,not_fetched,not_fetched,,,,,,not_fetched,,,,,,False,NOT_FETCHED,not_fetched_offline,cache_lookup,data/polymarket_history/btc-updown-15m-1788983100-6e0478511c.json,offline mode: no reusable structured cache entry
btc-updown-15m-1788984000,0x24b9ec3f570bd971315f979d32f3bc61d7c5bdefa7a42fe584ed7b3955a787f7,"[""19315418250064822880972470358438217915383773797132778890744013754568309130724"", ""76919984772061217004449641376520276428611722765385242824170309143171933835540""]",LOCAL_JOURNAL,not_fetched,not_fetched,,,,,,not_fetched,,,,,,False,NOT_FETCHED,not_fetched_offline,cache_lookup,data/polymarket_history/btc-updown-15m-1788984000-d5c1a3f287.json,offline mode: no reusable structured cache entry
btc-updown-15m-1788984900,0xc373c44e9fe97a395857bfefa660303f36153b77ca856bc06fcea8c0ee6d9aff,"[""90975245107989599552783976164576438262602644494421918880676216347231796850447"", ""99704254505437081553398679329330389078626666612819118441498236551963342162478""]",LOCAL_JOURNAL,not_fetched,not_fetched,,,,,,not_fetched,,,,,,False,NOT_FETCHED,not_fetched_offline,cache_lookup,data/polymarket_history/btc-updown-15m-1788984900-7f169ccc40.json,offline mode: no reusable structured cache entry
btc-updown-15m-1788985800,0x9ab84bc7d0301c88b25af0cbff0b7a49f132034c198f3c68c983d665f4204b5c,"[""20998751027060956822947692983145959199296216875649378182135562648838444574383""]",LOCAL_JOURNAL,not_fetched,not_fetched,,,,,,not_fetched,,,,,,False,NOT_FETCHED,not_fetched_offline,cache_lookup,data/polymarket_history/btc-updown-15m-1788985800-0993d0095b.json,offline mode: no reusable structured cache entry
btc-updown-15m-1788986700,0xe8aeff6061bb7035a6bc355cdad0e011999daf623724896e2e4bbf3173c02957,"[""110831633697442764947303891567816033129534877919956432497423014661870035307036"", ""43960905392894679462409015494303909657403651089992847735289248889485114635632""]",LOCAL_JOURNAL,not_fetched,not_fetched,,,,,,not_fetched,,,,,,False,NOT_FETCHED,not_fetched_offline,cache_lookup,data/polymarket_history/btc-updown-15m-1788986700-583227d7f6.json,offline mode: no reusable structured cache entry
btc-updown-15m-1788987600,0x20cff6971ac16538f3d2e6a11b21889b12b9cd43c0240ea027da93af89f8b8d0,"[""11613946208806877649435331553284177690831690790496134110302334009677247114594"", ""57546519559358019172308192028698419256934500462090567598245686450686787324185""]",LOCAL_JOURNAL,not_fetched,not_fetched,,,,,,not_fetched,,,,,,False,NOT_FETCHED,not_fetched_offline,cache_lookup,data/polymarket_history/btc-updown-15m-1788987600-6feb65a4eb.json,offline mode: no reusable structured cache entry
btc-updown-15m-1788988500,0x04fb6bf57c549a6557e2394b80c9f9f6ee0316fd87bc9aa56b26adb35da60ae9,"[""42908599504655265614590895351486860896681711216900191211553504103673497634929"", ""83603373594411492641443878209151636353292893553663168402685043216866130912756""]",LOCAL_JOURNAL,not_fetched,not_fetched,,,,,,not_fetched,,,,,,False,NOT_FETCHED,not_fetched_offline,cache_lookup,data/polymarket_history/btc-updown-15m-1788988500-d346f29a8a.json,offline mode: no reusable structured cache entry
btc-updown-15m-1788989400,0xac53a0fde49d5b18cfa614fd0f2bb01e97424c09f5e5dbb0a36cdadbc0eb3b27,"[""41783517711767779111803055042938968586153356768814146410249485984208041457473"", ""60201785917880142824533955639303888456619100297755246879839130793815608452601""]",LOCAL_JOURNAL,not_fetched,not_fetched,,,,,,not_fetched,,,,,,False,NOT_FETCHED,not_fetched_offline,cache_lookup,data/polymarket_history/btc-updown-15m-1788989400-091660eb98.json,offline mode: no reusable structured cache entry
btc-updown-15m-1788990300,0x3ec70d709f762a6938d01b72bcec79e6e322b1052a0c92b648657ee854763235,"[""78124256938797880359990522209112566855954428869574529837476296595605858426951"", ""80263091644410408964476931595950060390607532556620050770005960583045453466762""]",LOCAL_JOURNAL,not_fetched,not_fetched,,,,,,not_fetched,,,,,,False,NOT_FETCHED,not_fetched_offline,cache_lookup,data/polymarket_history/btc-updown-15m-1788990300-5610ad9869.json,offline mode: no reusable structured cache entry
btc-updown-15m-1788991200,0x3fab6f2baf9ef208969c2d243c21d2a5361597a1695d888e202b6548673f8524,"[""42402917567977451565367202518728104746968724615689165166093522628028486772334"", ""69488784366946619346722513236685304139959385544731621556277922035218396316223""]",LOCAL_JOURNAL,not_fetched,not_fetched,,,,,,not_fetched,,,,,,False,NOT_FETCHED,not_fetched_offline,cache_lookup,data/polymarket_history/btc-updown-15m-1788991200-6f4036c67d.json,offline mode: no reusable structured cache entry
btc-updown-15m-1788992100,0x2103bfc832a6dba4a8c90da2fea9799a0924d7507e3a446d5288980822cde33e,"[""111004609200495055454295698373302822958298802495351902079720691318598668167003"", ""14946241920601094273836306177365389350245257648664727108748568663957448646123""]",LOCAL_JOURNAL,not_fetched,not_fetched,,,,,,not_fetched,,,,,,False,NOT_FETCHED,not_fetched_offline,cache_lookup,data/polymarket_history/btc-updown-15m-1788992100-ad050c4dc5.json,offline mode: no reusable structured cache entry
btc-updown-15m-1788993000,0x54631865077f64dfb88fb43d8d003934de3bf4147ec345cf5c7a82102a331248,"[""76080920334664128760705554053538013653620462156019509455756002844158206333556"", ""84054628490179591593305903410320546773443391949563712111557945189974248393052""]",LOCAL_JOURNAL,not_fetched,not_fetched,,,,,,not_fetched,,,,,,False,NOT_FETCHED,not_fetched_offline,cache_lookup,data/polymarket_history/btc-updown-15m-1788993000-f8baa4f894.json,offline mode: no reusable structured cache entry
btc-updown-15m-1789040700,0x3a3e212e8f91d522135e75a5b7818e20a6aadb1653e34ceae0497ea9ccf10a77,"[""39098711138024838920945865105239984078387674171440824616187792477945631650717"", ""82640048595523445018891935805674255942863685432439846784320259346903019567303""]",LOCAL_JOURNAL,not_fetched,not_fetched,,,,,,not_fetched,,,,,,False,NOT_FETCHED,not_fetched_offline,cache_lookup,data/polymarket_history/btc-updown-15m-1789040700-a34dfd200e.json,offline mode: no reusable structured cache entry
btc-updown-15m-1789041600,0x47483ee81451813363dfbfdcbc71b2d35164614e45e222652085256dc07f7bd1,"[""28910791659169365172144429939671587671521699338686882543014308948907020091409"", ""84201768708205956175071563170327985290296695690875254261679091656032226089511""]",LOCAL_JOURNAL,not_fetched,not_fetched,,,,,,not_fetched,,,,,,False,NOT_FETCHED,not_fetched_offline,cache_lookup,data/polymarket_history/btc-updown-15m-1789041600-1e04ee8b5c.json,offline mode: no reusable structured cache entry
btc-updown-15m-1789042500,0xc6fb5427e93aef0669b0f127a563d3fa196e40f5c4acab8c52ce87c96ad9acd8,"[""55649898193053398697569546272083775533309840060155138088337836390229403605497"", ""7697385365869990735206298901277247705988851517179339187393620621685502217080""]",LOCAL_JOURNAL,not_fetched,not_fetched,,,,,,not_fetched,,,,,,False,NOT_FETCHED,not_fetched_offline,cache_lookup,data/polymarket_history/btc-updown-15m-1789042500-cd758a7d25.json,offline mode: no reusable structured cache entry
btc-updown-15m-1789043400,0x1b8c9fa5d4b819220b5fa4a1aec664d1a2f25e13467e46e33c5776c0fa1c14a2,"[""29734683213298980633257618859037476523082724358762419566406518155175156054524"", ""93764769856407477335356624004588344805148938242597061186079453548973368140395""]",LOCAL_JOURNAL,not_fetched,not_fetched,,,,,,not_fetched,,,,,,False,NOT_FETCHED,not_fetched_offline,cache_lookup,data/polymarket_history/btc-updown-15m-1789043400-47b3d2315c.json,offline mode: no reusable structured cache entry
btc-updown-15m-1789044300,0x57430b85aab9c6615ec60d5edd44c62e0abec565268efb8d25ccf809643022a0,"[""21637997008735614721380645372208182269943883142822158868307999905554474868731"", ""56377290103146322980734411616897559675005527504603861353366196828337529271942""]",LOCAL_JOURNAL,not_fetched,not_fetched,,,,,,not_fetched,,,,,,False,NOT_FETCHED,not_fetched_offline,cache_lookup,data/polymarket_history/btc-updown-15m-1789044300-bc13aa6e13.json,offline mode: no reusable structured cache entry
btc-updown-15m-1789045200,0x04977a733173af4c6399deb690a71015843a40ec5331827288aa7358fc3c8509,"[""57323926388342537956157922536850433698847967357230101200763331289676387230870""]",LOCAL_JOURNAL,not_fetched,not_fetched,,,,,,not_fetched,,,,,,False,NOT_FETCHED,not_fetched_offline,cache_lookup,data/polymarket_history/btc-updown-15m-1789045200-0de3fb0581.json,offline mode: no reusable structured cache entry
btc-updown-15m-1789046100,0x05605d11fd2c76e34c5345e187937812fc427771962bea50bb155bcb6d58aca4,"[""111114097344078426059509941521746227069792247645538568238067242233938753263851"", ""55575981785940296080410092073451765996830777011021895836111926512335769359712""]",LOCAL_JOURNAL,not_fetched,not_fetched,,,,,,not_fetched,,,,,,False,NOT_FETCHED,not_fetched_offline,cache_lookup,data/polymarket_history/btc-updown-15m-1789046100-f07e48b64f.json,offline mode: no reusable structured cache entry
btc-updown-15m-1789047000,0x74cb1a6552b9537ceaf63767567a1f05ffd6faa6844e055b3fd788cdb926fffc,"[""61338684679268028344209262916609234006775315605269435204442719425184904672980"", ""76652708060744757157589675322920242025652472360374646745983735323635373828969""]",LOCAL_JOURNAL,not_fetched,not_fetched,,,,,,not_fetched,,,,,,False,NOT_FETCHED,not_fetched_offline,cache_lookup,data/polymarket_history/btc-updown-15m-1789047000-21f17500da.json,offline mode: no reusable structured cache entry
btc-updown-15m-1789047900,0x640320129e152a9ed12ce42d7477cbbbfc3635404fe97b5e7fe3603f45ec1fbb,"[""398077197787463692827700006155922779702922977369773513793753168857613171647""]",LOCAL_JOURNAL,not_fetched,not_fetched,,,,,,not_fetched,,,,,,False,NOT_FETCHED,not_fetched_offline,cache_lookup,data/polymarket_history/btc-updown-15m-1789047900-1d28b12fe0.json,offline mode: no reusable structured cache entry
btc-updown-15m-1789048800,0xe0126491dd3a2f1b42bdf70c7ee294e4373854a7922e75621a6b2cd648649539,"[""110810248544842088009162168421145770579229174991373814692119683505812326603114"", ""92912522221079604251896641726299381058071922811926910277515288386052925203948""]",LOCAL_JOURNAL,not_fetched,not_fetched,,,,,,not_fetched,,,,,,False,NOT_FETCHED,not_fetched_offline,cache_lookup,data/polymarket_history/btc-updown-15m-1789048800-94a1e20ef6.json,offline mode: no reusable structured cache entry
btc-updown-15m-1789049700,0xc6feca83747d43666c73cb40386fa7f81279a831aba2a567bb6f8dd6867bc781,"[""37163439524063149063756980383598421773925223895576763867050111946639001491194"", ""65297736359334747420908403688970125276308475412121861902485799598976458787491""]",LOCAL_JOURNAL,not_fetched,not_fetched,,,,,,not_fetched,,,,,,False,NOT_FETCHED,not_fetched_offline,cache_lookup,data/polymarket_history/btc-updown-15m-1789049700-3765a13c26.json,offline mode: no reusable structured cache entry
btc-updown-15m-1789050600,0xc15743b9e12b7092e7c69741b5267719f368af5c62e59ef1c16648d6c0e0d969,"[""57283875155883702400022090246467614028130884254369162309273122797550213532358"", ""71137995721038559189569895148419642349063370832195061977066206284332282735972""]",LOCAL_JOURNAL,not_fetched,not_fetched,,,,,,not_fetched,,,,,,False,NOT_FETCHED,not_fetched_offline,cache_lookup,data/polymarket_history/btc-updown-15m-1789050600-55e8082e76.json,offline mode: no reusable structured cache entry
btc-updown-15m-1789051500,0x5785f6365c3bfa8bb7f75aacb85b45c81b1a903e8b01a930283885a6a20e91d3,"[""92976378603322901461781119375416814181094794114880412412586228534429103325623""]",LOCAL_JOURNAL,not_fetched,not_fetched,,,,,,not_fetched,,,,,,False,NOT_FETCHED,not_fetched_offline,cache_lookup,data/polymarket_history/btc-updown-15m-1789051500-083c43742e.json,offline mode: no reusable structured cache entry
btc-updown-15m-1789052400,0x5e65300019a0ce7c25f6f087101f8e73d1bbc18f9b364ec462530ce7d2735c92,"[""110845505512817174718152644201669940505384312767964789681218885406776591706428"", ""115237327375438319567235108674550016063987034330016996391632206661781208236488""]",LOCAL_JOURNAL,not_fetched,not_fetched,,,,,,not_fetched,,,,,,False,NOT_FETCHED,not_fetched_offline,cache_lookup,data/polymarket_history/btc-updown-15m-1789052400-710672eb93.json,offline mode: no reusable structured cache entry
btc-updown-15m-1789053300,0x58609ab4fa1e67924fd93baa43c6f8f1e9390914cf3a986428162e90e3c9bc8d,"[""60973135523490410082339745726635297201219489944851837576430719025418239618893"", ""70910682250766253503283693416193730498081851992634291739646422786706785701098""]",LOCAL_JOURNAL,not_fetched,not_fetched,,,,,,not_fetched,,,,,,False,NOT_FETCHED,not_fetched_offline,cache_lookup,data/polymarket_history/btc-updown-15m-1789053300-79d54c7a8d.json,offline mode: no reusable structured cache entry
btc-updown-15m-1789054200,0x3b25efb06baadfb1b98abe114b4c0383b1f3cb313a18ce171e686c09216ae400,"[""112287187494614208179712778869709646806779927263047884358888473756965608986243"", ""13478037376706166045201285278942982371703244993057954156694134589471993208709""]",LOCAL_JOURNAL,not_fetched,not_fetched,,,,,,not_fetched,,,,,,False,NOT_FETCHED,not_fetched_offline,cache_lookup,data/polymarket_history/btc-updown-15m-1789054200-5532ea6aaa.json,offline mode: no reusable structured cache entry
btc-updown-15m-1789055100,0x9f2391be2a318ec53dbcf139615fab2a250da340751c532f6ae90924f76ad2bf,"[""101814218952424713525165857201813084738346692001985825568205305802954203792930"", ""89383050059464225576707852985333247322622714067841943600911385743445202582880""]",LOCAL_JOURNAL,not_fetched,not_fetched,,,,,,not_fetched,,,,,,False,NOT_FETCHED,not_fetched_offline,cache_lookup,data/polymarket_history/btc-updown-15m-1789055100-720f00e4ff.json,offline mode: no reusable structured cache entry
btc-updown-15m-1789056000,0xcea5d06410bc7dd2763f799e685e3518aa38045ea3e98a67c2ffbacfb1876124,"[""112210344831971794273661011357643463032417581613172331242889750469801211963251"", ""65648073321714564237766777755816956751586657560829726589989347402379896432365""]",LOCAL_JOURNAL,not_fetched,not_fetched,,,,,,not_fetched,,,,,,False,NOT_FETCHED,not_fetched_offline,cache_lookup,data/polymarket_history/btc-updown-15m-1789056000-ef5b6949b6.json,offline mode: no reusable structured cache entry
btc-updown-15m-1789129800,0x7995de7fc21ca65997665692b1a390459ccb6017dd48879e305d99a7a25ee529,"[""94993459115115790157003813271670399441445496475420000477149847928880677755952""]",LOCAL_JOURNAL,not_fetched,not_fetched,,,,,,not_fetched,,,,,,False,NOT_FETCHED,not_fetched_offline,cache_lookup,data/polymarket_history/btc-updown-15m-1789129800-afb5b9ad48.json,offline mode: no reusable structured cache entry
btc-updown-15m-1789130700,0x52d8cf453f72f4d592bff60ecc2a89371e3914317877458151c233e0a746b9d5,"[""109776606138432983934592410837714184823378346948708601778821260219135195358627""]",LOCAL_JOURNAL,not_fetched,not_fetched,,,,,,not_fetched,,,,,,False,NOT_FETCHED,not_fetched_offline,cache_lookup,data/polymarket_history/btc-updown-15m-1789130700-91f6e9e442.json,offline mode: no reusable structured cache entry
btc-updown-15m-1789131600,0xdfe6b2e87716858811d406fec246cf971a9a5e93a41133297aac1e4c3b845622,"[""62243515066662973510471275425942330353166526908517759070749663024250126893997"", ""79925838034512002409366893926159300322493356663991094515322083570893578046228""]",LOCAL_JOURNAL,not_fetched,not_fetched,,,,,,not_fetched,,,,,,False,NOT_FETCHED,not_fetched_offline,cache_lookup,data/polymarket_history/btc-updown-15m-1789131600-7df2af56a9.json,offline mode: no reusable structured cache entry
btc-updown-15m-1789132500,0xf599c06482d2ea0ba6d570116e520bd2e340b6baae0ca64bd7e6430f3697a331,"[""11761222765450251939162319259239569441896987057833129979422474394373799988225"", ""32833417565094198977446163786087311676959159066797669883398658056236734114943""]",LOCAL_JOURNAL,not_fetched,not_fetched,,,,,,not_fetched,,,,,,False,NOT_FETCHED,not_fetched_offline,cache_lookup,data/polymarket_history/btc-updown-15m-1789132500-9ce739d280.json,offline mode: no reusable structured cache entry
btc-updown-15m-1789133400,0x675b537f38db6507c21e12214f1bf0889e64cf91e26dcae9403c0319fc8c0455,"[""61102798766437533030244181259040220661249697683908275129345029470498184670546"", ""87839310369107937641475976065690141443915091900011695540934503152826924536966""]",LOCAL_JOURNAL,not_fetched,not_fetched,,,,,,not_fetched,,,,,,False,NOT_FETCHED,not_fetched_offline,cache_lookup,data/polymarket_history/btc-updown-15m-1789133400-4f16b92235.json,offline mode: no reusable structured cache entry
btc-updown-15m-1789134300,0x4b676aa95748f40f3a4f847f9bf7ca63e212197a812e651de2d6ec758f8d5cb7,"[""10702055219077727821040992601931927460595805132916165145796950192554292550645""]",LOCAL_JOURNAL,not_fetched,not_fetched,,,,,,not_fetched,,,,,,False,NOT_FETCHED,not_fetched_offline,cache_lookup,data/polymarket_history/btc-updown-15m-1789134300-ef606ba0c0.json,offline mode: no reusable structured cache entry
btc-updown-15m-1789135200,0x3cbc19996da597651d053882d7f5e1b4eb71a4a703f81dd6533ce44d56832f48,"[""20986723560759271933135091781073124604041830460272420335311023158690784275813"", ""60206527864174007902335683501492048249307623128191693203801153383074493401542""]",LOCAL_JOURNAL,not_fetched,not_fetched,,,,,,not_fetched,,,,,,False,NOT_FETCHED,not_fetched_offline,cache_lookup,data/polymarket_history/btc-updown-15m-1789135200-ed64d794c0.json,offline mode: no reusable structured cache entry
btc-updown-15m-1789136100,0x323b2b6ba6356ea9c674cc21d85d4b1818919573019b9c0916ae41191f009e21,"[""58704912914925446400627119982497060944085271332002217797850248984026256340713"", ""60804011784729974900107802488008120648974927591629666880044365667909134541974""]",LOCAL_JOURNAL,not_fetched,not_fetched,,,,,,not_fetched,,,,,,False,NOT_FETCHED,not_fetched_offline,cache_lookup,data/polymarket_history/btc-updown-15m-1789136100-410561daf0.json,offline mode: no reusable structured cache entry
btc-updown-15m-1789137000,0x74d6ca156cac5222d9fe38c8759a943a793765d366039dcf9b7408ac022ba3f8,"[""112815471171902418254876024123701431721785371754104434332462699488602552228231"", ""18199195613532266600707811711778377443101414821264074426302384843658094697917""]",LOCAL_JOURNAL,not_fetched,not_fetched,,,,,,not_fetched,,,,,,False,NOT_FETCHED,not_fetched_offline,cache_lookup,data/polymarket_history/btc-updown-15m-1789137000-d4a13be7a4.json,offline mode: no reusable structured cache entry
btc-updown-15m-1789138800,0xcd34358e964921e503be80707a4cb0e8b3d45d2edfd6fe1fd28def70243a2ba5,"[""99604251769546349491585517772514635483600224915503557359831129652523053745980""]",LOCAL_INSTRUMENT_ID,not_fetched,not_fetched,,,,,,not_fetched,,,,,,False,NOT_FETCHED,not_fetched_offline,cache_lookup,data/polymarket_history/btc-updown-15m-1789138800-ad3b083740.json,offline mode: no reusable structured cache entry
btc-updown-15m-1789139700,0xa9b1daae8040880f05d4461370896f3aadf39e75b6d3800bddbf64e312402f27,"[""9520148807123319792316379783229581244127542888594430085027829994492115732168""]",LOCAL_JOURNAL,not_fetched,not_fetched,,,,,,not_fetched,,,,,,False,NOT_FETCHED,not_fetched_offline,cache_lookup,data/polymarket_history/btc-updown-15m-1789139700-14e8e3932d.json,offline mode: no reusable structured cache entry
btc-updown-15m-1789140600,0xe4ddcca996be73de5992e7e5e3813db131533c505babd1fd9ad316551c119252,"[""35244619115292700141037218763773395170126082764871982128415335623736789575664"", ""90769039639826338556625983569037676035402280771029522888619703796751359269133""]",LOCAL_JOURNAL,not_fetched,not_fetched,,,,,,not_fetched,,,,,,False,NOT_FETCHED,not_fetched_offline,cache_lookup,data/polymarket_history/btc-updown-15m-1789140600-8bb95a3def.json,offline mode: no reusable structured cache entry
btc-updown-15m-1789141500,0xd43f5a98ab9d83e9f7d847af749340d27e824743a21e25337340942587e38414,"[""25361244819908036066807067209058239143148273557609457392665373184851058560440"", ""44355296160661310524286461098052234353387814524822799030007187330414598932933""]",LOCAL_JOURNAL,not_fetched,not_fetched,,,,,,not_fetched,,,,,,False,NOT_FETCHED,not_fetched_offline,cache_lookup,data/polymarket_history/btc-updown-15m-1789141500-c1db285648.json,offline mode: no reusable structured cache entry
btc-updown-15m-1789142400,0x93748a596f5b7adec491c032cc1b82c8ba83d41297e723b5df829a89df135a79,"[""74852018422757654682781200701880189527027891877910973953100263262776356666009""]",LOCAL_JOURNAL,not_fetched,not_fetched,,,,,,not_fetched,,,,,,False,NOT_FETCHED,not_fetched_offline,cache_lookup,data/polymarket_history/btc-updown-15m-1789142400-f1746f666f.json,offline mode: no reusable structured cache entry
btc-updown-15m-1789143300,0xc1f0c1fb3d30b9544c861597838e8141d806ecd2869b849a32f75ed328010756,"[""14135975064074958758102558859914167353292182345932514018399534771171922654641"", ""2587542851657551634412523357420785189952155390884017854637146847814273491368""]",LOCAL_JOURNAL,not_fetched,not_fetched,,,,,,not_fetched,,,,,,False,NOT_FETCHED,not_fetched_offline,cache_lookup,data/polymarket_history/btc-updown-15m-1789143300-b19f02eaf8.json,offline mode: no reusable structured cache entry
btc-updown-15m-1789144200,0x1cf74c7168324e57bf33806ed95ce051d36e472982c6cb3c65cb74f16696c5e7,"[""31794496739007920374111914878167670321961750887311519689361535538899199501064""]",LOCAL_INSTRUMENT_ID,not_fetched,not_fetched,,,,,,not_fetched,,,,,,False,NOT_FETCHED,not_fetched_offline,cache_lookup,data/polymarket_history/btc-updown-15m-1789144200-dbcb944805.json,offline mode: no reusable structured cache entry
btc-updown-15m-1789145100,0x188add3662eebea50b710b515f3c6720f27bf565092decf94e853c70da658730,"[""98219314974529382687578688068806573305652028592996139139821817638860219266710""]",LOCAL_JOURNAL,not_fetched,not_fetched,,,,,,not_fetched,,,,,,False,NOT_FETCHED,not_fetched_offline,cache_lookup,data/polymarket_history/btc-updown-15m-1789145100-751c303971.json,offline mode: no reusable structured cache entry
btc-updown-15m-1789146000,0x79bed9a16a9515f68fc6bf207ab789d7899f23f1748818bc40dba183f7827115,"[""67040523977001426080466112797613057020182683818543297821737687334791548422184"", ""93786933231968127355161481874949440249093009373962800201449290049554684551821""]",LOCAL_JOURNAL,not_fetched,not_fetched,,,,,,not_fetched,,,,,,False,NOT_FETCHED,not_fetched_offline,cache_lookup,data/polymarket_history/btc-updown-15m-1789146000-d08bf4c857.json,offline mode: no reusable structured cache entry
btc-updown-15m-1789146900,0xea69cf414ae8f417f3a8263be5302e2c3c06ce0438cf58c5b2316f7503943c6d,"[""19764110342716582625521179769018798051188465063252064377714419630255027113723"", ""34810841080733922797807136372588993831889175475012716365700078136725158474133""]",LOCAL_JOURNAL,not_fetched,not_fetched,,,,,,not_fetched,,,,,,False,NOT_FETCHED,not_fetched_offline,cache_lookup,data/polymarket_history/btc-updown-15m-1789146900-aac15ee1c1.json,offline mode: no reusable structured cache entry
btc-updown-15m-1789147800,0x28a6d8133f32bd2ca8e469a3cfe18875ce8797d161af4503af8ef672a8c1852a,"[""31731254693124452724021405407584470133878137816893910192157846686134286436103"", ""8188794969973894219348649240440424085238074425568113628389817029399373895560""]",LOCAL_JOURNAL,not_fetched,not_fetched,,,,,,not_fetched,,,,,,False,NOT_FETCHED,not_fetched_offline,cache_lookup,data/polymarket_history/btc-updown-15m-1789147800-6cf06ba2a4.json,offline mode: no reusable structured cache entry
btc-updown-15m-1789148700,0xaf201be17e5a2bceb376ea5aa27b264b0bff7708d239531510d9025384c711d3,"[""16501590383767739001980072748749937999112515272661022162460749521917468762763"", ""87061460153445169630259322369259706948241922991616964683767054260429145660034""]",LOCAL_JOURNAL,not_fetched,not_fetched,,,,,,not_fetched,,,,,,False,NOT_FETCHED,not_fetched_offline,cache_lookup,data/polymarket_history/btc-updown-15m-1789148700-ddc461c81a.json,offline mode: no reusable structured cache entry
btc-updown-15m-1789149600,0xc76a0ff4270adecb828cd67de292d2ad6fcaa25c17b9da4ffbad49a1705ab8f3,"[""15430183918791236322366089919400926251964065065652494613683123536586184856103"", ""16894380234180938143348736760310877147052319974105158145903840653788979414777""]",LOCAL_JOURNAL,not_fetched,not_fetched,,,,,,not_fetched,,,,,,False,NOT_FETCHED,not_fetched_offline,cache_lookup,data/polymarket_history/btc-updown-15m-1789149600-3ef0a804ff.json,offline mode: no reusable structured cache entry
btc-updown-15m-1789150500,0x4bc4fd4a89a591b823fd665e08c61adcc97b91a7d9c74d8f745cf7a13ff7229f,"[""99386069566073585121866489437580139662179914428568476741385217931003737005169""]",LOCAL_JOURNAL,not_fetched,not_fetched,,,,,,not_fetched,,,,,,False,NOT_FETCHED,not_fetched_offline,cache_lookup,data/polymarket_history/btc-updown-15m-1789150500-6b55181ada.json,offline mode: no reusable structured cache entry
btc-updown-15m-1789151400,0x65b796bbb0bf4da3613411b04de0c41c416a033f99d44bcb7feba5afc3738887,"[""2831259523204812566438546369710155280477930197023288901108293049377008424098"", ""73077281486810094855064249624692627288722780294598383509839654695774563603336""]",LOCAL_JOURNAL,not_fetched,not_fetched,,,,,,not_fetched,,,,,,False,NOT_FETCHED,not_fetched_offline,cache_lookup,data/polymarket_history/btc-updown-15m-1789151400-eea7cf03cf.json,offline mode: no reusable structured cache entry
btc-updown-15m-1789152300,0x30d64ed2d7a338b5d298808719c04b0dcb826eac3f5f93717963283027a558aa,"[""42377675512153581179344570076217891273638868707791594487659421539359421195950"", ""49016469518434155535877926471861355968317720048620653144910401350124636757816""]",LOCAL_JOURNAL,not_fetched,not_fetched,,,,,,not_fetched,,,,,,False,NOT_FETCHED,not_fetched_offline,cache_lookup,data/polymarket_history/btc-updown-15m-1789152300-4a0c3dd86e.json,offline mode: no reusable structured cache entry
btc-updown-15m-1789153200,0xb8d375a1ca6a6b6834670bf516b4b1f4bf9bc74e53185f6070f46bd5ebad65a6,"[""106750101598239770489255422985584860661710515642378954922752377368333508448476"", ""50339972930623338722389094406520385212049774319619880375957998225337472374104""]",LOCAL_JOURNAL,not_fetched,not_fetched,,,,,,not_fetched,,,,,,False,NOT_FETCHED,not_fetched_offline,cache_lookup,data/polymarket_history/btc-updown-15m-1789153200-39cc789e0f.json,offline mode: no reusable structured cache entry
btc-updown-15m-1789154100,0x11b05bf18d23d2e68b9c6bd9b960404534f00b0f82d612626733c17bebc1572a,"[""34279622677678863054617911869969534142370133646816453879821272224767977507394"", ""35207224210379669831600638082251367240967502954445061085017073669015205264732""]",LOCAL_JOURNAL,not_fetched,not_fetched,,,,,,not_fetched,,,,,,False,NOT_FETCHED,not_fetched_offline,cache_lookup,data/polymarket_history/btc-updown-15m-1789154100-2fa947babc.json,offline mode: no reusable structured cache entry
btc-updown-15m-1789155000,0xf48290ddfbeeea3ea93c216840b27a71e8c96f629fd135da19b6e82e56ceea7f,"[""111366523941119838847857732847333531145568159200519615308538592882178938425663"", ""5598966591540459385710499074260625352922809579839554317312235800028118374693""]",LOCAL_JOURNAL,not_fetched,not_fetched,,,,,,not_fetched,,,,,,False,NOT_FETCHED,not_fetched_offline,cache_lookup,data/polymarket_history/btc-updown-15m-1789155000-05c3e9a334.json,offline mode: no reusable structured cache entry
btc-updown-15m-1789155900,0x802a469481280c39d0bc491664ef47e073cb2cad528a9ab2effa7d2673e75efc,"[""113309535357237837760859696450876616455633218699462062610226477995931831454536"", ""85799083227869856424213336378527085140924008071696730277897853801168530453097""]",LOCAL_JOURNAL,not_fetched,not_fetched,,,,,,not_fetched,,,,,,False,NOT_FETCHED,not_fetched_offline,cache_lookup,data/polymarket_history/btc-updown-15m-1789155900-b5b857b95e.json,offline mode: no reusable structured cache entry
btc-updown-15m-1789156800,0xa9833deeb660797e9bdde049f7dedb8a88b3d9fa713453450a22152744f19904,"[""61186727478482016146369339095407708713555501544526958738242002747014911578414""]",LOCAL_JOURNAL,not_fetched,not_fetched,,,,,,not_fetched,,,,,,False,NOT_FETCHED,not_fetched_offline,cache_lookup,data/polymarket_history/btc-updown-15m-1789156800-0ceb5159ce.json,offline mode: no reusable structured cache entry
btc-updown-15m-1789157700,0x2d7657e6ff71a976e90f212ba034d79958a5451d72d3899b88df663b234fb737,"[""3259540712039553167659944416834255698721620746774906374568105671845001038654"", ""68926437773930677763001227056126864371917644255693346545532501954885528024677""]",LOCAL_JOURNAL,not_fetched,not_fetched,,,,,,not_fetched,,,,,,False,NOT_FETCHED,not_fetched_offline,cache_lookup,data/polymarket_history/btc-updown-15m-1789157700-eb7cb325c2.json,offline mode: no reusable structured cache entry
btc-updown-15m-1789158600,0xf197e1dfcfb679744aade951c1f97ac6b7760eda1d7a656c8a9d0c122e7df088,"[""114621943899458812506015568664926933989054796856361166355457540358117973987501"", ""22225547931134178118957871380793655754703369776821168023643938129748286795997""]",LOCAL_JOURNAL,not_fetched,not_fetched,,,,,,not_fetched,,,,,,False,NOT_FETCHED,not_fetched_offline,cache_lookup,data/polymarket_history/btc-updown-15m-1789158600-d270071eb5.json,offline mode: no reusable structured cache entry
btc-updown-15m-1789159500,0x6e42e22a02808fab7991b4288691c84b886b28acec7045383b949c1fea1358ea,"[""77010345709670572244346234609901229753936843175544008405893706210157201686042"", ""84494185389827824677473450367418861569565736679286808240991936813964954889437""]",LOCAL_JOURNAL,not_fetched,not_fetched,,,,,,not_fetched,,,,,,False,NOT_FETCHED,not_fetched_offline,cache_lookup,data/polymarket_history/btc-updown-15m-1789159500-442b465f5d.json,offline mode: no reusable structured cache entry
btc-updown-15m-1789160400,0x8094551218a192eb77cad602ff02e62237da479ce44e5f9282522dd7bb66fcf7,"[""38094835868933044056579672116427783127935997498774661467531876506966490754262""]",LOCAL_JOURNAL,not_fetched,not_fetched,,,,,,not_fetched,,,,,,False,NOT_FETCHED,not_fetched_offline,cache_lookup,data/polymarket_history/btc-updown-15m-1789160400-aa04d36851.json,offline mode: no reusable structured cache entry
btc-updown-15m-1789161300,0x99f9f1d5beead30b48b65c7112c1bb1de43795d51d7012439a024d653438070b,"[""26620071375977687913375588228573421541748464079549521395611032307825821315333""]",LOCAL_JOURNAL,not_fetched,not_fetched,,,,,,not_fetched,,,,,,False,NOT_FETCHED,not_fetched_offline,cache_lookup,data/polymarket_history/btc-updown-15m-1789161300-37f0780195.json,offline mode: no reusable structured cache entry
btc-updown-15m-1789162200,0x455d1364909c1d5a1bd5bf819bea98c6709c005908142dc56429440f379a4e03,"[""9543937715918378146891016680949588274414826451448020384996137864051940247495""]",LOCAL_JOURNAL,not_fetched,not_fetched,,,,,,not_fetched,,,,,,False,NOT_FETCHED,not_fetched_offline,cache_lookup,data/polymarket_history/btc-updown-15m-1789162200-34bb7fddd8.json,offline mode: no reusable structured cache entry
btc-updown-15m-1789163100,0xc256790c6b36e60eb9149c89fe31b978422b4f3e51e853cc6ae89c8d4f634dd4,"[""60328009564183098132840394111189925267352405496082033252822084478172020551007"", ""99988702726023676710059851311778282246277937474498290468986411997060055542237""]",LOCAL_JOURNAL,not_fetched,not_fetched,,,,,,not_fetched,,,,,,False,NOT_FETCHED,not_fetched_offline,cache_lookup,data/polymarket_history/btc-updown-15m-1789163100-d1c930ed42.json,offline mode: no reusable structured cache entry
btc-updown-15m-1789164000,0x7c93393cb0e5ef3b8c5e40dc24df76892ba23b8fa16eae3524df3981f8b07027,"[""37010166027123921959411296026770602786001100277999960402954392261224294730934"", ""48297245774390190831795138311435395608085190486261949863616415168671965348406""]",LOCAL_JOURNAL,not_fetched,not_fetched,,,,,,not_fetched,,,,,,False,NOT_FETCHED,not_fetched_offline,cache_lookup,data/polymarket_history/btc-updown-15m-1789164000-935570d434.json,offline mode: no reusable structured cache entry
btc-updown-15m-1789164900,0x9dc4e093572d0109ad7a7e8c8bc3adcc9e76f730892e9958a3c00fe54870bbef,"[""53299859113673034846372287852017571984957566372357215958102343169797425671077"", ""77361030829007941696462127359659677481616357915448825539748729371553383522770""]",LOCAL_JOURNAL,not_fetched,not_fetched,,,,,,not_fetched,,,,,,False,NOT_FETCHED,not_fetched_offline,cache_lookup,data/polymarket_history/btc-updown-15m-1789164900-0b2207f541.json,offline mode: no reusable structured cache entry
btc-updown-15m-1789165800,0x2eb1905bdb9219a82b90ae637773c01853fe1ce903b6796d8fe0520b28adb06d,"[""46347822945277893306849388266238144705513480436684233080159861274158963317720"", ""97512775217163922025461781807037992100208480655177182812773311913979784393365""]",LOCAL_JOURNAL,not_fetched,not_fetched,,,,,,not_fetched,,,,,,False,NOT_FETCHED,not_fetched_offline,cache_lookup,data/polymarket_history/btc-updown-15m-1789165800-3e6bb19038.json,offline mode: no reusable structured cache entry
btc-updown-15m-1789166700,0x35fd0639c79604c2b1e101db9dff2704a626b6a092017a53a2ada7c6ca24d3e1,"[""100582009784876892277998563801758345372959282082770290921339932984526558382265"", ""106680894560739259971230289070522484807955350028339711964905159713059779193594""]",LOCAL_JOURNAL,not_fetched,not_fetched,,,,,,not_fetched,,,,,,False,NOT_FETCHED,not_fetched_offline,cache_lookup,data/polymarket_history/btc-updown-15m-1789166700-a49431e261.json,offline mode: no reusable structured cache entry
btc-updown-15m-1789167600,0x0f1ca5d7b15547fb89b36b324271dab07e4558ee781a97d542fad432645a059c,"[""105098373415051906491751672145717324065501017782108959453771519976004935583901"", ""67194416413003647245724369294104131747899100636656532048971429875093059003054""]",LOCAL_JOURNAL,not_fetched,not_fetched,,,,,,not_fetched,,,,,,False,NOT_FETCHED,not_fetched_offline,cache_lookup,data/polymarket_history/btc-updown-15m-1789167600-e31452b999.json,offline mode: no reusable structured cache entry
btc-updown-15m-1789168500,0xee622b6519b1d129bf76ee7f435f5a9c99d6168e98e8b704930f1e81b8c858fa,"[""64721027451601014101885499797578302889817778353550824792260630848033517303186""]",LOCAL_JOURNAL,not_fetched,not_fetched,,,,,,not_fetched,,,,,,False,NOT_FETCHED,not_fetched_offline,cache_lookup,data/polymarket_history/btc-updown-15m-1789168500-fc29b45d8f.json,offline mode: no reusable structured cache entry
btc-updown-15m-1789169400,0xf54b75f2d7cfe8b44822c4731728663bf7833c2c6d8b241204220067ecdd139b,"[""28126173789183810679610508738212455293066475344016565894606498656803666387177""]",LOCAL_JOURNAL,not_fetched,not_fetched,,,,,,not_fetched,,,,,,False,NOT_FETCHED,not_fetched_offline,cache_lookup,data/polymarket_history/btc-updown-15m-1789169400-5fab65dac6.json,offline mode: no reusable structured cache entry
btc-updown-15m-1789170300,0x300d9a44af6e02e04e67c1c66fa1a4036234edc1fc4290dbeb8570372e026687,"[""49930318059293557425632282929801765972435380234995206632672561267976994491106"", ""88235721594846341034129783192603293435538259389314211607574264705916901480254""]",LOCAL_JOURNAL,not_fetched,not_fetched,,,,,,not_fetched,,,,,,False,NOT_FETCHED,not_fetched_offline,cache_lookup,data/polymarket_history/btc-updown-15m-1789170300-70313c7a58.json,offline mode: no reusable structured cache entry
btc-updown-15m-1789385400,0xfabb75e28e540869d7d256d648ae7f94cf56406473fef40712d30257b24b6982,"[""26802553823169167876176160093023209577597759200663495392121975885134499723619""]",LOCAL_INSTRUMENT_ID,not_fetched,not_fetched,,,,,,not_fetched,,,,,,False,NOT_FETCHED,not_fetched_offline,cache_lookup,data/polymarket_history/btc-updown-15m-1789385400-fda6402e3e.json,offline mode: no reusable structured cache entry
btc-updown-15m-1789386300,0x2355da7cdaf430c9901ea1809c4386cd77d0005b147ff335840c3eae338a1255,"[""107258232218945849744671687657921416581821747301393577530675414669910258606442"", ""55910025952582347488390091666282379106011086952598419902691590123485697273174""]",LOCAL_JOURNAL,not_fetched,not_fetched,,,,,,not_fetched,,,,,,False,NOT_FETCHED,not_fetched_offline,cache_lookup,data/polymarket_history/btc-updown-15m-1789386300-b94bfd5170.json,offline mode: no reusable structured cache entry
btc-updown-15m-1789387200,0xbeeeef6e1c902dab3c4bfec5858329ebd5f8ae9c4f16a3892c206dd2d8343b0c,"[""28142513493480015907349831123097365123818203354363375047723451850330617413649"", ""44064676514513436602650472305723105074311258694389096309383342969844228711717""]",LOCAL_JOURNAL,not_fetched,not_fetched,,,,,,not_fetched,,,,,,False,NOT_FETCHED,not_fetched_offline,cache_lookup,data/polymarket_history/btc-updown-15m-1789387200-a6d98dbc62.json,offline mode: no reusable structured cache entry
btc-updown-15m-1789388100,0xd98a9fa6c60a8706c80bf6fe80f4449aa1c2cc9a2b1037d4d42611a5f627d9d3,"[""23217657054014680171664089666437289649420078594349891418146174230436562199987""]",LOCAL_JOURNAL,not_fetched,not_fetched,,,,,,not_fetched,,,,,,False,NOT_FETCHED,not_fetched_offline,cache_lookup,data/polymarket_history/btc-updown-15m-1789388100-3e0d67278e.json,offline mode: no reusable structured cache entry
btc-updown-15m-1789389000,0x4a705f76a1e3da272328159dd02dd9139bcd81ac8f2eabd8df37f2788d972cbc,"[""104277754570978136352681416309548182378348060265478477642660600317871203385435"", ""85465383467407609413485195834334396588484942668554166493501396284749718589248""]",LOCAL_JOURNAL,not_fetched,not_fetched,,,,,,not_fetched,,,,,,False,NOT_FETCHED,not_fetched_offline,cache_lookup,data/polymarket_history/btc-updown-15m-1789389000-a43e1aea57.json,offline mode: no reusable structured cache entry
btc-updown-15m-1789392600,0x196628c630df88ab5673cff3e401772e00558fc6e8e8fc5ba017a0da518146d0,"[""48108059237500045731782664128949868365816040420494815217702675498586426119071""]",LOCAL_JOURNAL,not_fetched,not_fetched,,,,,,not_fetched,,,,,,False,NOT_FETCHED,not_fetched_offline,cache_lookup,data/polymarket_history/btc-updown-15m-1789392600-0622032dfb.json,offline mode: no reusable structured cache entry
btc-updown-15m-1789393500,0xf3a63685956cb9b475d7da356c4b4c5cbb5b47fcbca19506abd966f81e451aee,"[""3323273178368495948369674933105559380876988467887209861110557388717251332010""]",LOCAL_JOURNAL,not_fetched,not_fetched,,,,,,not_fetched,,,,,,False,NOT_FETCHED,not_fetched_offline,cache_lookup,data/polymarket_history/btc-updown-15m-1789393500-3fbcd8ae3a.json,offline mode: no reusable structured cache entry
btc-updown-15m-1789394400,0x2c26a91c98368d330248247a4bd7ce6d9cac234c6f55f9d499f1ec4faf04e21e,"[""48087117032508445686019288993475760317691569424984587216380460868513192769308""]",LOCAL_JOURNAL,not_fetched,not_fetched,,,,,,not_fetched,,,,,,False,NOT_FETCHED,not_fetched_offline,cache_lookup,data/polymarket_history/btc-updown-15m-1789394400-4e589f063e.json,offline mode: no reusable structured cache entry
btc-updown-15m-1789395300,0x084cf7c1de59c3f56772c57bcdbfde3fa87dc3ce23c1405d1ed6cda916a40daa,"[""65487325422763182815466373779556042611874744865387727995857331201067554932860""]",LOCAL_JOURNAL,not_fetched,not_fetched,,,,,,not_fetched,,,,,,False,NOT_FETCHED,not_fetched_offline,cache_lookup,data/polymarket_history/btc-updown-15m-1789395300-ef9edf113f.json,offline mode: no reusable structured cache entry
btc-updown-15m-1789396200,0x6477449cd9fde9bab81aec04ca6308d27c56f6b3b45791ea4e2746341f2618ef,"[""22349743748879328302997733495569086868182981845753180483256675313834045873485""]",LOCAL_JOURNAL,not_fetched,not_fetched,,,,,,not_fetched,,,,,,False,NOT_FETCHED,not_fetched_offline,cache_lookup,data/polymarket_history/btc-updown-15m-1789396200-9b38436bcb.json,offline mode: no reusable structured cache entry
btc-updown-15m-1789397100,0xd62685e9beb601094d4dd8c5a6560cff98127bc35549b3040fc0331288ece309,"[""30352770403159325350397809009966104771212698371167069220853698740090969450188"", ""41763631699003615103081918995607849803757815953439291479355181135883837706011""]",LOCAL_JOURNAL,not_fetched,not_fetched,,,,,,not_fetched,,,,,,False,NOT_FETCHED,not_fetched_offline,cache_lookup,data/polymarket_history/btc-updown-15m-1789397100-87ca7cf1f5.json,offline mode: no reusable structured cache entry
btc-updown-15m-1789398000,0x5003ade61fd47af2cbb5bb285aab60156ea398dd30db466da38905b7f052cd97,"[""45844123427304948178831444880452325010786347275726691502816045522663528508719"", ""92272612381841714872725591167944254465870514401663960615470908581927102738658""]",LOCAL_JOURNAL,not_fetched,not_fetched,,,,,,not_fetched,,,,,,False,NOT_FETCHED,not_fetched_offline,cache_lookup,data/polymarket_history/btc-updown-15m-1789398000-aa702bd8c6.json,offline mode: no reusable structured cache entry
btc-updown-15m-1789735500,0x785bbfd76937ca05507533e2cc4d0b6e825e5fe1ab01a70821701f7e65b37489,"[""78768562765796151890916386426606648184737744619033092308156863409223387775806"", ""88231172047595983281076419369719978127024490879267127616270984755558220845578""]",LOCAL_JOURNAL,not_fetched,not_fetched,,,,,,not_fetched,,,,,,False,NOT_FETCHED,not_fetched_offline,cache_lookup,data/polymarket_history/btc-updown-15m-1789735500-b03ce91c43.json,offline mode: no reusable structured cache entry
btc-updown-15m-1789736400,0x048496182235bfe824b7ff84fb3cb7f6be6b336000ef24e3b02b99550e939db3,"[""43300967609598650571686373007330648607564170989248839967952669001353099633319"", ""5392742815081801451387591143492863676985415982748927074132171162723474543117""]",LOCAL_JOURNAL,not_fetched,not_fetched,,,,,,not_fetched,,,,,,False,NOT_FETCHED,not_fetched_offline,cache_lookup,data/polymarket_history/btc-updown-15m-1789736400-c90beea728.json,offline mode: no reusable structured cache entry
btc-updown-15m-1789737300,0x2f7177f0d76a227d14347b6af00edceb8a91afb62b0e83ae1f3bcd586b4356fe,"[""38045006142122670801486879353345706032469377699616225109329481566285301859214""]",LOCAL_JOURNAL,not_fetched,not_fetched,,,,,,not_fetched,,,,,,False,NOT_FETCHED,not_fetched_offline,cache_lookup,data/polymarket_history/btc-updown-15m-1789737300-a2775becdd.json,offline mode: no reusable structured cache entry
btc-updown-15m-1789738200,0x7e75490d6218e8155cb25ee52113ee7a09dab3a0c2834e59c79b0e9b1855d2bb,"[""73529352152955595073359364008511155623854487660154377767150165196580737995003""]",LOCAL_JOURNAL,not_fetched,not_fetched,,,,,,not_fetched,,,,,,False,NOT_FETCHED,not_fetched_offline,cache_lookup,data/polymarket_history/btc-updown-15m-1789738200-3b53b9b38e.json,offline mode: no reusable structured cache entry
btc-updown-15m-1789739100,0x9dcdc9a2af0d1296e29b9265c88a5402cd4d5151028e351f2d54cd923422f503,"[""71168160044361234215424370257031174246180378292979496852241678432844252557306""]",LOCAL_JOURNAL,not_fetched,not_fetched,,,,,,not_fetched,,,,,,False,NOT_FETCHED,not_fetched_offline,cache_lookup,data/polymarket_history/btc-updown-15m-1789739100-f724db9630.json,offline mode: no reusable structured cache entry
btc-updown-15m-1789740000,0x68cb2d458749bfb8bcd8917d9599663d9520a3a3d3a99bf235a13cd6aea57ae5,"[""107902098384112912014992372909878871203615887333983240959338756701345607104019""]",LOCAL_JOURNAL,not_fetched,not_fetched,,,,,,not_fetched,,,,,,False,NOT_FETCHED,not_fetched_offline,cache_lookup,data/polymarket_history/btc-updown-15m-1789740000-bcd54a2933.json,offline mode: no reusable structured cache entry
btc-updown-15m-1789740900,0x614f78f1d866c348b99be1f146c79dc3e8ed7655187f9675467702a7fac9935a,"[""105416131514904010564834555697007717432038061406415305341511337447614706312103""]",LOCAL_JOURNAL,not_fetched,not_fetched,,,,,,not_fetched,,,,,,False,NOT_FETCHED,not_fetched_offline,cache_lookup,data/polymarket_history/btc-updown-15m-1789740900-70645a1b5f.json,offline mode: no reusable structured cache entry
btc-updown-15m-1789741800,0xfb872f3710a6059f02e621dbc83560e4a71a381573b351cf898e6c7963b80113,"[""6162168951696550997511917033596399561557841111911121477924057380080042223798""]",LOCAL_INSTRUMENT_ID,not_fetched,not_fetched,,,,,,not_fetched,,,,,,False,NOT_FETCHED,not_fetched_offline,cache_lookup,data/polymarket_history/btc-updown-15m-1789741800-fae84a8361.json,offline mode: no reusable structured cache entry
btc-updown-15m-1789742700,0xdb2250b3a6e3dcaf9b14cf9ee5e826f06e8fb9d4c0481e77dcf3bad1720e9a54,"[""70531615003722378400194189665642613838174725437452443661728713999160970353112""]",LOCAL_JOURNAL,not_fetched,not_fetched,,,,,,not_fetched,,,,,,False,NOT_FETCHED,not_fetched_offline,cache_lookup,data/polymarket_history/btc-updown-15m-1789742700-a8ca598df4.json,offline mode: no reusable structured cache entry
btc-updown-15m-1789743600,0xd650679f6a30cf6825c53a54cd43023ce4c25aa3656c8b81e8f8f4c2ccc7f5e2,"[""26805075600148875137385598206853880435729853404217866892387131416927896346747""]",LOCAL_INSTRUMENT_ID,not_fetched,not_fetched,,,,,,not_fetched,,,,,,False,NOT_FETCHED,not_fetched_offline,cache_lookup,data/polymarket_history/btc-updown-15m-1789743600-428235e548.json,offline mode: no reusable structured cache entry
btc-updown-15m-1789744500,0x04ac27e25713d84d282dd0020b3efd8b86119b2e3b1d2e9bdd6af8d5d21cf173,"[""94866019111661688323905985361917845318851351537097499122155084938997266599451""]",LOCAL_JOURNAL,not_fetched,not_fetched,,,,,,not_fetched,,,,,,False,NOT_FETCHED,not_fetched_offline,cache_lookup,data/polymarket_history/btc-updown-15m-1789744500-d029a9ef5c.json,offline mode: no reusable structured cache entry
btc-updown-15m-1789745400,0xd7a92a2f66ecad5099d295f9d4b86a3003c5c406cfe7d55cf8497fde692c5b80,"[""66755980507703833437772387831662226394558181386079747045269743849409900693746"", ""97357067566740380873931297194434598966825559190381685067687694915768112971345""]",LOCAL_JOURNAL,not_fetched,not_fetched,,,,,,not_fetched,,,,,,False,NOT_FETCHED,not_fetched_offline,cache_lookup,data/polymarket_history/btc-updown-15m-1789745400-d6a9ca1396.json,offline mode: no reusable structured cache entry
btc-updown-15m-1789746300,0x582d469051d33d8d365aeb3f441025f16e20efdf71757fa77efe5f6e80495291,"[""112092526830006525831045088623731003969571318943943566113977147037526254241210""]",LOCAL_JOURNAL,not_fetched,not_fetched,,,,,,not_fetched,,,,,,False,NOT_FETCHED,not_fetched_offline,cache_lookup,data/polymarket_history/btc-updown-15m-1789746300-285f2fd3da.json,offline mode: no reusable structured cache entry
btc-updown-15m-1789747200,0xdc823a59e610c3c2514cafafcb786ff453fee9d60b8afe54936a3aa030147662,"[""10175817447627686053070790179946040752504500835344563773009716228582600708149""]",LOCAL_JOURNAL,not_fetched,not_fetched,,,,,,not_fetched,,,,,,False,NOT_FETCHED,not_fetched_offline,cache_lookup,data/polymarket_history/btc-updown-15m-1789747200-2445bc0716.json,offline mode: no reusable structured cache entry
btc-updown-15m-1789748100,0x443162a293ab05e9985d26c1f2a4b38703d31ef2b7a205f2a811974bb06bd282,"[""25771711618212122064013242618825185875546505660570625162111849041221174657451""]",LOCAL_JOURNAL,not_fetched,not_fetched,,,,,,not_fetched,,,,,,False,NOT_FETCHED,not_fetched_offline,cache_lookup,data/polymarket_history/btc-updown-15m-1789748100-75c6f294e3.json,offline mode: no reusable structured cache entry
btc-updown-15m-1789750800,0x8da5a1d276c9427a6603967b413de9a90b0c48959afed4eebfd5b4a38fc19fbf,"[""85975213569949193018693154087573909684752666563492870826999244573101299001906""]",LOCAL_INSTRUMENT_ID,not_fetched,not_fetched,,,,,,not_fetched,,,,,,False,NOT_FETCHED,not_fetched_offline,cache_lookup,data/polymarket_history/btc-updown-15m-1789750800-ec7b6adefd.json,offline mode: no reusable structured cache entry
btc-updown-15m-1789751700,0xa86a76f030d5d919a6b41c8be5f33159ba0574d8d04d930548de2b3fe4c95947,"[""10405259319099177971162582997089004006826558460935603780972183716179374216860"", ""106708415503747309974977241846718483813245410609357926632226776805046071439544""]",LOCAL_JOURNAL,not_fetched,not_fetched,,,,,,not_fetched,,,,,,False,NOT_FETCHED,not_fetched_offline,cache_lookup,data/polymarket_history/btc-updown-15m-1789751700-d566f5cf70.json,offline mode: no reusable structured cache entry
btc-updown-15m-1789752600,0x9468ce6f08dc3501a53bb9bc584e91fae703d65f2f94ae8cc7cf03fbfd0fe52f,"[""23172825741065903178053895783668512772031362197432337691383457495771618733898"", ""97611860939277452191284585088700400296749671230919288544828267365263690888446""]",LOCAL_JOURNAL,not_fetched,not_fetched,,,,,,not_fetched,,,,,,False,NOT_FETCHED,not_fetched_offline,cache_lookup,data/polymarket_history/btc-updown-15m-1789752600-0c25d36828.json,offline mode: no reusable structured cache entry
btc-updown-15m-1789753500,0x9e2dd1d028854cea5676b1dd5a5ea49239b93ba64899ae3c7775c5b5b2355f7b,"[""58985696996883364095130802218884531868961549107712773659617951420789461941704""]",LOCAL_JOURNAL,not_fetched,not_fetched,,,,,,not_fetched,,,,,,False,NOT_FETCHED,not_fetched_offline,cache_lookup,data/polymarket_history/btc-updown-15m-1789753500-c15849d565.json,offline mode: no reusable structured cache entry
btc-updown-15m-1789754400,0xf5ee533a85332d8ed272db955c43863f8fd48f52359c72bace2bb155615d51ef,"[""5101621808540728654339815434870165162425268349218948932310684106707286656231"", ""94709732384770967286853105608176109676743060752667156658684462103560515966499""]",LOCAL_JOURNAL,not_fetched,not_fetched,,,,,,not_fetched,,,,,,False,NOT_FETCHED,not_fetched_offline,cache_lookup,data/polymarket_history/btc-updown-15m-1789754400-2cedf4592c.json,offline mode: no reusable structured cache entry
btc-updown-15m-1789991100,0x0d0ea2d8f6a0e0a8c39dd98d8ffb27c9afac97889802304be8c505cfcbe74763,"[""80423870129658329838630077138699433351883997934208100655422353341044247679289"", ""92899593198935390956606735461050219312074566835958078710124087834598625621165""]",LOCAL_JOURNAL,not_fetched,not_fetched,,,,,,not_fetched,,,,,,False,NOT_FETCHED,not_fetched_offline,cache_lookup,data/polymarket_history/btc-updown-15m-1789991100-73db787ff2.json,offline mode: no reusable structured cache entry
btc-updown-15m-1789992000,0xed545536de07c75573d00fe185e662dc8fb88c560d36768344a85a1b9b53666e,"[""99039784485667201631546338628179139554194225474324310720269319184240448226391""]",LOCAL_JOURNAL,not_fetched,not_fetched,,,,,,not_fetched,,,,,,False,NOT_FETCHED,not_fetched_offline,cache_lookup,data/polymarket_history/btc-updown-15m-1789992000-ffa5c8a4dd.json,offline mode: no reusable structured cache entry
btc-updown-15m-1789992900,0xa61a07b28ca0a760f68a3b6e2f0123bcaa4fe787a94240b130556201e1ec0cf6,"[""24498228515707140780056293828631211853687395147834058550970867571273087973091""]",LOCAL_JOURNAL,not_fetched,not_fetched,,,,,,not_fetched,,,,,,False,NOT_FETCHED,not_fetched_offline,cache_lookup,data/polymarket_history/btc-updown-15m-1789992900-5a6b7a7b8f.json,offline mode: no reusable structured cache entry
btc-updown-15m-1789993800,0x8d4d75e89aa6f742574125589fda71490c15ab4f266e52f57c4b9ac3ce7b3875,"[""17179216393402335747866000366335931052798291081117561881995336433957572982202""]",LOCAL_JOURNAL,not_fetched,not_fetched,,,,,,not_fetched,,,,,,False,NOT_FETCHED,not_fetched_offline,cache_lookup,data/polymarket_history/btc-updown-15m-1789993800-88fb3742ee.json,offline mode: no reusable structured cache entry
btc-updown-15m-1789994700,0xa95a9e5031a258ae485a356c0e329d5e8ceb4d6fe062b66bf92aa18d2281cf79,"[""40708598042383937785609401689760635876840191267445580468493683899437406541587"", ""81504739615234731967693507483494627739070318849467610716206523966027193911379""]",LOCAL_JOURNAL,not_fetched,not_fetched,,,,,,not_fetched,,,,,,False,NOT_FETCHED,not_fetched_offline,cache_lookup,data/polymarket_history/btc-updown-15m-1789994700-965b20aa41.json,offline mode: no reusable structured cache entry
btc-updown-15m-1789995600,0xedc52fca7c854d3dc3a7d33dd0457c8801a70ded6bbed00741b3d98a9a3f8124,"[""55481338161461065046204142248557679931112506303947077813815436040246698062178"", ""86991511191896739352611946427302474280130496432307749605512418910066650504077""]",LOCAL_JOURNAL,not_fetched,not_fetched,,,,,,not_fetched,,,,,,False,NOT_FETCHED,not_fetched_offline,cache_lookup,data/polymarket_history/btc-updown-15m-1789995600-eb727da4f6.json,offline mode: no reusable structured cache entry
btc-updown-15m-1789996500,0x3c7e76dbeeea4bd04583c04b077a014fa9dfcca5160b64bd816d4b033b6f0436,"[""16229795545147255878880049172412356849464556440559364408047020711922161688439"", ""28236005250088734104382457397143618573836481208451172317830348703160230546832""]",LOCAL_JOURNAL,not_fetched,not_fetched,,,,,,not_fetched,,,,,,False,NOT_FETCHED,not_fetched_offline,cache_lookup,data/polymarket_history/btc-updown-15m-1789996500-7bdec1a18f.json,offline mode: no reusable structured cache entry
btc-updown-15m-1789997400,0x17da8970e6988f04a2404567943fb02ec21f8945ed96051feec4cbf299e53057,"[""113318933723158922318028236512441250250629685551457366328491915721710526886946"", ""45253256056001374430328686652422307778084016884388549543492718425038774333883""]",LOCAL_JOURNAL,not_fetched,not_fetched,,,,,,not_fetched,,,,,,False,NOT_FETCHED,not_fetched_offline,cache_lookup,data/polymarket_history/btc-updown-15m-1789997400-ccb8a465f7.json,offline mode: no reusable structured cache entry
btc-updown-15m-1790000100,0x7115d8ce47aeb0678d8e4491c0c9d21d05a9876dafd4bee734181fcfdae91230,"[""10019108028402611726867516804517618641679605234387334290494745495417737633008""]",LOCAL_JOURNAL,not_fetched,not_fetched,,,,,,not_fetched,,,,,,False,NOT_FETCHED,not_fetched_offline,cache_lookup,data/polymarket_history/btc-updown-15m-1790000100-a8a19ce6fd.json,offline mode: no reusable structured cache entry
btc-updown-15m-1790001000,0x373497f4ce2d74b4bbe235f9f62d18c6359739c427b6090ba2725bf42036297a,"[""29556234366411640992724212242894927153503747394950665666480897527732938405176"", ""37238081511298283170707600592318881301877503960998526736463410386444258284466""]",LOCAL_JOURNAL,not_fetched,not_fetched,,,,,,not_fetched,,,,,,False,NOT_FETCHED,not_fetched_offline,cache_lookup,data/polymarket_history/btc-updown-15m-1790001000-296210155b.json,offline mode: no reusable structured cache entry
btc-updown-15m-1790001900,0x3aa1c2d2330529f444896fcd461b5c71bd8daab22b079f914ca265e5e9128321,"[""23018129152755262606419608155248525737797883474421348352142972539267943733739""]",LOCAL_JOURNAL,not_fetched,not_fetched,,,,,,not_fetched,,,,,,False,NOT_FETCHED,not_fetched_offline,cache_lookup,data/polymarket_history/btc-updown-15m-1790001900-2bab343ab3.json,offline mode: no reusable structured cache entry
btc-updown-15m-1790005500,0x59bcc1ed5fe55dd31531c8b94e4b7b2fae39dc410961338c072001d1fbd4bf1d,"[""18320323674919191357755156004357461622206924866200222740807356574580058220162"", ""46872423113437181030387541447573706301014015396386910323047684852671915909636""]",LOCAL_JOURNAL,not_fetched,not_fetched,,,,,,not_fetched,,,,,,False,NOT_FETCHED,not_fetched_offline,cache_lookup,data/polymarket_history/btc-updown-15m-1790005500-87e8676207.json,offline mode: no reusable structured cache entry
btc-updown-15m-1790006400,0x87fa7cb3e72f259d1b62af283353595ee6d11dd4f50c5d27c2d0158256f78d06,"[""6434181679166652414331012933062654722158730818494477308497575095028126555941"", ""69313288663496995974854931315556031139445960470388749941664548556117215587052""]",LOCAL_JOURNAL,not_fetched,not_fetched,,,,,,not_fetched,,,,,,False,NOT_FETCHED,not_fetched_offline,cache_lookup,data/polymarket_history/btc-updown-15m-1790006400-467e88e9c4.json,offline mode: no reusable structured cache entry
btc-updown-15m-1790007300,0x2667deebc742931333c3b4265f36b56f5aab09553595a39459f74d71fbdc18f2,"[""70211046862489475433455651900155429166780501317252040465909941634276929277179""]",LOCAL_JOURNAL,not_fetched,not_fetched,,,,,,not_fetched,,,,,,False,NOT_FETCHED,not_fetched_offline,cache_lookup,data/polymarket_history/btc-updown-15m-1790007300-c1e08b6dcb.json,offline mode: no reusable structured cache entry
btc-updown-15m-1790008200,0xf07bfb821856ddb9c50d044449faae56dda267cf335bcce24b0da4ddc0429733,"[""13819031721650715520638699899188474029660231271229935516386564147009219677270"", ""73352039389097934159876685943813254267646501218090209681357494168835572865487""]",LOCAL_JOURNAL,not_fetched,not_fetched,,,,,,not_fetched,,,,,,False,NOT_FETCHED,not_fetched_offline,cache_lookup,data/polymarket_history/btc-updown-15m-1790008200-59a05e9b5a.json,offline mode: no reusable structured cache entry
btc-updown-15m-1790009100,0xa6510e80bbbe09d2d0a8850a92924e29a4b48877df47e44b6756dc2b1579263a,"[""110545038530377978340647476271189720124823888584959380783090190618888274630796"", ""88899478383778787602844797533649131170476046471012964168315924091442507547284""]",LOCAL_JOURNAL,not_fetched,not_fetched,,,,,,not_fetched,,,,,,False,NOT_FETCHED,not_fetched_offline,cache_lookup,data/polymarket_history/btc-updown-15m-1790009100-64550c03ed.json,offline mode: no reusable structured cache entry
btc-updown-15m-1790010000,0x96401d1a27b9cf5f02b0bae70a419f29f7b30cb48aae87da8d56d660c4ff3c48,"[""102955191079799271909496171228428434182076831489673680704369011667083708171318"", ""8980857052746562209840957627069207443661798316495361283133919878041153932014""]",LOCAL_JOURNAL,not_fetched,not_fetched,,,,,,not_fetched,,,,,,False,NOT_FETCHED,not_fetched_offline,cache_lookup,data/polymarket_history/btc-updown-15m-1790010000-cb61de29fc.json,offline mode: no reusable structured cache entry
btc-updown-15m-1790010900,0xfe2d67513e92b4d362dd1dff3acecf4e46c90bd72f9d18214042eb8b2d4f2f04,"[""82353773722541331726829345336212406168883012202919412160360067512385885436714"", ""9423638328961604833672409668366998204909509556590999938784915135635589971035""]",LOCAL_JOURNAL,not_fetched,not_fetched,,,,,,not_fetched,,,,,,False,NOT_FETCHED,not_fetched_offline,cache_lookup,data/polymarket_history/btc-updown-15m-1790010900-61cf2a9a42.json,offline mode: no reusable structured cache entry
btc-updown-15m-1790011800,0xbb55275e7dc5580fd6805aa46fa3ee38cc307a2532ab0251833ab47a00c97ae4,"[""2444500455929819756487385933663829682898746528188471716270596282916483602188"", ""84249979452596976619151911835411915347203246694808505007817782654300861829576""]",LOCAL_JOURNAL,not_fetched,not_fetched,,,,,,not_fetched,,,,,,False,NOT_FETCHED,not_fetched_offline,cache_lookup,data/polymarket_history/btc-updown-15m-1790011800-7bafe0073f.json,offline mode: no reusable structured cache entry
btc-updown-15m-1790012700,0x454061585f848e6b808bb2f30f1857d39a90e7264e090172ac6eda5330525606,"[""103670036990183892751389244774886103272232043387669003262866688378209520020062"", ""95575186769308134592948904800530195773496209612159328164966721788026111048652""]",LOCAL_JOURNAL,not_fetched,not_fetched,,,,,,not_fetched,,,,,,False,NOT_FETCHED,not_fetched_offline,cache_lookup,data/polymarket_history/btc-updown-15m-1790012700-d4ea6f10c8.json,offline mode: no reusable structured cache entry
btc-updown-15m-1790013600,0x2832a1bf7994c5a40db3244ee8983be04edb1247a576fd410bdffc572c94d65b,"[""73886808422248094622591223955086632620385368569906004557142328286004001946123""]",LOCAL_JOURNAL,not_fetched,not_fetched,,,,,,not_fetched,,,,,,False,NOT_FETCHED,not_fetched_offline,cache_lookup,data/polymarket_history/btc-updown-15m-1790013600-cd893ec775.json,offline mode: no reusable structured cache entry
btc-updown-15m-1790014500,0x030b70e0cab7d149900594833540a4a606aa5939064cdd9afcf99785de4fde81,"[""105183965528999013952386417854637371280320352471070443250039050719195383853280"", ""41906264315950950235201561140979869279960453810354354386562963285299768456442""]",LOCAL_JOURNAL,not_fetched,not_fetched,,,,,,not_fetched,,,,,,False,NOT_FETCHED,not_fetched_offline,cache_lookup,data/polymarket_history/btc-updown-15m-1790014500-5b57e38aee.json,offline mode: no reusable structured cache entry
btc-updown-15m-1790015400,0x5bc086283e9ebe039b33edc17e3e43ce4d04ff5a0e38988bf75cc5b38130238d,"[""24732904880921603889633655411364230284862375076472709872699652414599839666171"", ""80572014005544221089743746266730572002572832558412212134301911751023703869383""]",LOCAL_JOURNAL,not_fetched,not_fetched,,,,,,not_fetched,,,,,,False,NOT_FETCHED,not_fetched_offline,cache_lookup,data/polymarket_history/btc-updown-15m-1790015400-0727669349.json,offline mode: no reusable structured cache entry
btc-updown-15m-1790016300,0x444bd8cb6d97718d8563eba269916715bd734fa5f90c4aa6c4d30d25b0de5a4e,"[""49244470637111916838569622257754276520005302403860825571127804359628093834027"", ""76812801849423637125987051281925909332808853478531815357515036684839251921916""]",LOCAL_JOURNAL,not_fetched,not_fetched,,,,,,not_fetched,,,,,,False,NOT_FETCHED,not_fetched_offline,cache_lookup,data/polymarket_history/btc-updown-15m-1790016300-64c2458a23.json,offline mode: no reusable structured cache entry
btc-updown-15m-1790017200,0x5712d06402655dfe3b6fa63fe26d431d9088f7dacafe2e9fdfc26453544f86da,"[""30041095081663746489616314281617052278690424511377881150687397754320935872031"", ""64444949119872710505544515360298225600517386277269913290920564757006083847897""]",LOCAL_JOURNAL,not_fetched,not_fetched,,,,,,not_fetched,,,,,,False,NOT_FETCHED,not_fetched_offline,cache_lookup,data/polymarket_history/btc-updown-15m-1790017200-05a3c0b776.json,offline mode: no reusable structured cache entry
btc-updown-15m-1790018100,0xfc23d1bf436a5cfa4654d7a612690002f7a253432f086a123f0ec074bcde6636,"[""102137254553485587094053648990313221139982476927150531109715379925731813976500""]",LOCAL_JOURNAL,not_fetched,not_fetched,,,,,,not_fetched,,,,,,False,NOT_FETCHED,not_fetched_offline,cache_lookup,data/polymarket_history/btc-updown-15m-1790018100-a344f7456c.json,offline mode: no reusable structured cache entry
btc-updown-15m-1790019000,0xe3b00e1f3bc31f0fc729beb6fe56d78702d5795609af7812cc948ace939c3a8c,"[""56933946385332396955660523699493431969018013344875953172819559868094537649830""]",LOCAL_JOURNAL,not_fetched,not_fetched,,,,,,not_fetched,,,,,,False,NOT_FETCHED,not_fetched_offline,cache_lookup,data/polymarket_history/btc-updown-15m-1790019000-e7e2b526e3.json,offline mode: no reusable structured cache entry
btc-updown-15m-1790019900,0x243422b76a7b8df22641b08a856a990e493c8d6b7297789f19a8d0ce2d7ee63a,"[""18082815446966636512394691647641586793371721014552891013765945346881483659586"", ""72166942726023338063426350357035388556965095644315668710471116612717273108589""]",LOCAL_JOURNAL,not_fetched,not_fetched,,,,,,not_fetched,,,,,,False,NOT_FETCHED,not_fetched_offline,cache_lookup,data/polymarket_history/btc-updown-15m-1790019900-8bf0caa827.json,offline mode: no reusable structured cache entry
btc-updown-15m-1790020800,0xf0648b804874751c135f40a9206e9ea2dc7e534e9a1d3202e17e576875f0e128,"[""88671789187068792686079441353160298380064614194149823062439190786655416537110""]",LOCAL_JOURNAL,not_fetched,not_fetched,,,,,,not_fetched,,,,,,False,NOT_FETCHED,not_fetched_offline,cache_lookup,data/polymarket_history/btc-updown-15m-1790020800-7cbde4bc68.json,offline mode: no reusable structured cache entry
btc-updown-15m-1790021700,0x0756e30d2faca7b6c8bd7a718c2cf3195e846327e950f3f27a727c4a0cedcdca,"[""11921997965500808079177095916948718756967285708705973357423730611454572194946"", ""43579637633170045575600911776190155244507887855108088592277155139116768598728""]",LOCAL_JOURNAL,not_fetched,not_fetched,,,,,,not_fetched,,,,,,False,NOT_FETCHED,not_fetched_offline,cache_lookup,data/polymarket_history/btc-updown-15m-1790021700-986cac8951.json,offline mode: no reusable structured cache entry
btc-updown-15m-1790022600,0x19349aa82b1a34937695e07f28e62ef2710a3812a99d54471221580252d5382f,"[""45855212213074227395735242630791364904971811294591613019812195151300810939882"", ""57064210548804604247272511118006201481311557571506798397087818910732843935161""]",LOCAL_JOURNAL,not_fetched,not_fetched,,,,,,not_fetched,,,,,,False,NOT_FETCHED,not_fetched_offline,cache_lookup,data/polymarket_history/btc-updown-15m-1790022600-ba1a01ed93.json,offline mode: no reusable structured cache entry
btc-updown-15m-1790023500,0x2977683b1879bb8d380b88ff1a0ae864fb9356866cb4ead4d11aa4bbc5af9fe2,"[""109527355348627860260731102530722216840531501251568831080679531226273571266081"", ""80492275063579809095992240071718709583553447303327327206147131481405219010707""]",LOCAL_JOURNAL,not_fetched,not_fetched,,,,,,not_fetched,,,,,,False,NOT_FETCHED,not_fetched_offline,cache_lookup,data/polymarket_history/btc-updown-15m-1790023500-fda9dae36d.json,offline mode: no reusable structured cache entry
btc-updown-15m-1790024400,0x785c304206acc4348e330c644e9659e74ed99cba9ca277a528143a90fd04a405,"[""49938838205796412546038161676703022208953567943585540323141587715049426335819"", ""9551161420353142414944976375192814438728066963242700230081305055052435941797""]",LOCAL_JOURNAL,not_fetched,not_fetched,,,,,,not_fetched,,,,,,False,NOT_FETCHED,not_fetched_offline,cache_lookup,data/polymarket_history/btc-updown-15m-1790024400-7bc249351e.json,offline mode: no reusable structured cache entry
btc-updown-15m-1790025300,0x78ee162527944fce2031c28091a99e1c600bf34a72580d82d131c38c15efb261,"[""42067293534755051584221342142781265421926192215213473419608286315034036879660"", ""44156635061437401582417466502660133492893881469673353617325568856336213344110""]",LOCAL_JOURNAL,not_fetched,not_fetched,,,,,,not_fetched,,,,,,False,NOT_FETCHED,not_fetched_offline,cache_lookup,data/polymarket_history/btc-updown-15m-1790025300-20baddac9e.json,offline mode: no reusable structured cache entry
btc-updown-15m-1790026200,0x4aec5b32878cfa15f70eb41dc69af1229a7586d038cf1993650b150d40f13a1d,"[""15316396630441644994597549619212639896760418377074407190434091096518436863016""]",LOCAL_JOURNAL,not_fetched,not_fetched,,,,,,not_fetched,,,,,,False,NOT_FETCHED,not_fetched_offline,cache_lookup,data/polymarket_history/btc-updown-15m-1790026200-c49c963354.json,offline mode: no reusable structured cache entry
btc-updown-15m-1790027100,0x1ac9edee0f15665c49bdc547959ff1d2754ed03137e6911d5c423e17eb93c7bd,"[""31804774860992491139293384173616710593394545176828655240606314515058108124739"", ""66492222300143763937469933910212987377109578990321057939963716670642576354746""]",LOCAL_JOURNAL,not_fetched,not_fetched,,,,,,not_fetched,,,,,,False,NOT_FETCHED,not_fetched_offline,cache_lookup,data/polymarket_history/btc-updown-15m-1790027100-23065cba89.json,offline mode: no reusable structured cache entry
btc-updown-15m-1790028000,0x8318e7418ef7306e6196100c329c32eb241ebe5cd8316cce7a987e2aa1ae80b6,"[""1437392283761806615871506953287843592901944185596169121565901313116783784355"", ""3494701521801254972592921281468312456112068182082675618670279968983777854191""]",LOCAL_JOURNAL,not_fetched,not_fetched,,,,,,not_fetched,,,,,,False,NOT_FETCHED,not_fetched_offline,cache_lookup,data/polymarket_history/btc-updown-15m-1790028000-54c79aef79.json,offline mode: no reusable structured cache entry
btc-updown-15m-1790028900,0xec091cbcce50a6b072e050e9bebe9f5f2c02359e7dafc6419826751322c3e68c,"[""10562523159003953361907559216699653646261803062415540153283805148518870190433"", ""66404953886284880347512480136123868122690221812307969563972738842716107125529""]",LOCAL_JOURNAL,not_fetched,not_fetched,,,,,,not_fetched,,,,,,False,NOT_FETCHED,not_fetched_offline,cache_lookup,data/polymarket_history/btc-updown-15m-1790028900-b92575edff.json,offline mode: no reusable structured cache entry
btc-updown-15m-1790029800,0xea9e23a3ff563bbbce38a6e6f43e7bf2174506795d96b62edfd5024453e99c38,"[""12000076374134398606438176483233436404314433312284893745900282826701221762307"", ""95929805890772986910136960512906348650568987016325636438529507255813819659862""]",LOCAL_JOURNAL,not_fetched,not_fetched,,,,,,not_fetched,,,,,,False,NOT_FETCHED,not_fetched_offline,cache_lookup,data/polymarket_history/btc-updown-15m-1790029800-d101294c04.json,offline mode: no reusable structured cache entry
btc-updown-15m-1790077500,0xae14e7492904f98f1d689eb0acc22363196f2968615368e79417e3a2ea77c1d1,"[""23188476629862632301994977755268527089619810981091574115202954403426762571793"", ""40777031493515402329833824129092563912450726659829071850153796012156938775624""]",LOCAL_JOURNAL,not_fetched,not_fetched,,,,,,not_fetched,,,,,,False,NOT_FETCHED,not_fetched_offline,cache_lookup,data/polymarket_history/btc-updown-15m-1790077500-f650639e7c.json,offline mode: no reusable structured cache entry
btc-updown-15m-1790078400,0x775283a9496cf8db99fa9aae277d53ebebe86ed2551804e24ab55d06420ac405,"[""24984573531097953111940200602491548672151378851948657204886236749814970907254"", ""93387677851371296463830787272494437702844074510815240786292644297229388485004""]",LOCAL_JOURNAL,not_fetched,not_fetched,,,,,,not_fetched,,,,,,False,NOT_FETCHED,not_fetched_offline,cache_lookup,data/polymarket_history/btc-updown-15m-1790078400-2e91a103ce.json,offline mode: no reusable structured cache entry
btc-updown-15m-1790079300,0x4d1704e1b6ffd191a5ad20302410a910080268b1d13c15edf36046aa730de810,"[""17296482581564443673499857909741708776000708174739558167250776091619449004476"", ""91640056273194848338670324861038805164489827305692298763055272285877986673800""]",LOCAL_JOURNAL,not_fetched,not_fetched,,,,,,not_fetched,,,,,,False,NOT_FETCHED,not_fetched_offline,cache_lookup,data/polymarket_history/btc-updown-15m-1790079300-c39db754c2.json,offline mode: no reusable structured cache entry
btc-updown-15m-1790080200,0x96b54b103153aef4fefc3dc0ff1d48b1f6a592ce65e5d4925d74f457e6f55fc9,"[""101279081846580647871608970218176550756196177302584514445503733302024828074844"", ""50087274025371290690200903027444712913703400307195428531075235306206040569205""]",LOCAL_JOURNAL,not_fetched,not_fetched,,,,,,not_fetched,,,,,,False,NOT_FETCHED,not_fetched_offline,cache_lookup,data/polymarket_history/btc-updown-15m-1790080200-6ebbed9e11.json,offline mode: no reusable structured cache entry
btc-updown-15m-1790081100,0x36d6169d6cbd52228586fe6b21e5f5b1673fae297c3223f4c56aa6c9c124ced9,"[""72933444295424776530662140170376274125373835793670754119656884757785763662969"", ""83450942233442339030592791394236079182661876712786538293065128076212027821142""]",LOCAL_JOURNAL,not_fetched,not_fetched,,,,,,not_fetched,,,,,,False,NOT_FETCHED,not_fetched_offline,cache_lookup,data/polymarket_history/btc-updown-15m-1790081100-eaad5a3cab.json,offline mode: no reusable structured cache entry
btc-updown-15m-1790082000,0xa230a66ab47c75a8981fc8e74ae8cfba2498f02ffaaa697b10b6f2a1ba1d4e93,"[""21666602984999540690064810896969728787101521435156707679123809745651313153288""]",LOCAL_JOURNAL,not_fetched,not_fetched,,,,,,not_fetched,,,,,,False,NOT_FETCHED,not_fetched_offline,cache_lookup,data/polymarket_history/btc-updown-15m-1790082000-2ce119bfeb.json,offline mode: no reusable structured cache entry
btc-updown-15m-1790082900,0x35fdfb68b792b1933de7f179f294cb181a53ab05e15c79ebdc54394882ecaa54,"[""11495554118079602351367366651739806488468852289791281750094411299286259881240""]",LOCAL_INSTRUMENT_ID,not_fetched,not_fetched,,,,,,not_fetched,,,,,,False,NOT_FETCHED,not_fetched_offline,cache_lookup,data/polymarket_history/btc-updown-15m-1790082900-fcc34391e3.json,offline mode: no reusable structured cache entry
btc-updown-15m-1790083800,0x0f5be4c30ed3e4f7ad082b4af0b2fd3cbcf17fa0c8fe6e940ab504c970ab5f5b,"[""109515555098055595923555482022470102044123090994281869929787229516423708782113""]",LOCAL_JOURNAL,not_fetched,not_fetched,,,,,,not_fetched,,,,,,False,NOT_FETCHED,not_fetched_offline,cache_lookup,data/polymarket_history/btc-updown-15m-1790083800-f7ff815071.json,offline mode: no reusable structured cache entry
btc-updown-15m-1790089200,0x94acfc6c0213633fff21edf73e84918c3c49d0ad675d154a80d9fffe2350cb52,"[""99077007463254627595501481949806793743887192214322645091786343795083895981304""]",LOCAL_INSTRUMENT_ID,not_fetched,not_fetched,,,,,,not_fetched,,,,,,False,NOT_FETCHED,not_fetched_offline,cache_lookup,data/polymarket_history/btc-updown-15m-1790089200-fafb52ca61.json,offline mode: no reusable structured cache entry
btc-updown-15m-1790090100,0x9a570b13d207579208bcceb0f30e34c566ba789170283c80133a6b6b47442320,"[""39807590795632087180523737948756450263213404433286141371797161875490925714390"", ""58947760027596066086516721354787981354184347305776164790921457951207036006582""]",LOCAL_JOURNAL,not_fetched,not_fetched,,,,,,not_fetched,,,,,,False,NOT_FETCHED,not_fetched_offline,cache_lookup,data/polymarket_history/btc-updown-15m-1790090100-3f0355da66.json,offline mode: no reusable structured cache entry
btc-updown-15m-1790091000,0x07b5b278e3af0e199251c1f1a2b79ee07fba602abd90cfd62d00b9ead95b7db9,"[""10676665750174935985735154378313548181581365804874744964232138971606954429161"", ""95259538152957415679209093923066152941303855438127521255345995128625988125835""]",LOCAL_JOURNAL,not_fetched,not_fetched,,,,,,not_fetched,,,,,,False,NOT_FETCHED,not_fetched_offline,cache_lookup,data/polymarket_history/btc-updown-15m-1790091000-fe8ebce7ac.json,offline mode: no reusable structured cache entry
btc-updown-15m-1790091900,0x44628700e264beb9e26625b1810b442ebd926fe3d473c2d966157183a97ea6c3,"[""46661696342298187648652676657346506349778543853594635431004724291208810104076"", ""50105112117713551245759927656109477606110906984468967492295175716142116895517""]",LOCAL_JOURNAL,not_fetched,not_fetched,,,,,,not_fetched,,,,,,False,NOT_FETCHED,not_fetched_offline,cache_lookup,data/polymarket_history/btc-updown-15m-1790091900-3542d8f65c.json,offline mode: no reusable structured cache entry
btc-updown-15m-1790092800,0xba1d6dd6986f1efc5cc6d1569407bc405244fc5eed43ef082af87e5a62ca1143,"[""12899915540616647278176355215767715218095393684895118498871598507109557057202"", ""62372154834461947354393206200117245530585588359519205750949468294357516432729""]",LOCAL_JOURNAL,not_fetched,not_fetched,,,,,,not_fetched,,,,,,False,NOT_FETCHED,not_fetched_offline,cache_lookup,data/polymarket_history/btc-updown-15m-1790092800-b55124acba.json,offline mode: no reusable structured cache entry
btc-updown-15m-1790163900,0xfdd74873e27e6b7032c8d9913a5cec2ba489250b1de67f1e34ba9de3e5ef9abb,"[""71428439077255997971021314697058809504274941807804156600694217038814684448114""]",LOCAL_JOURNAL,not_fetched,not_fetched,,,,,,not_fetched,,,,,,False,NOT_FETCHED,not_fetched_offline,cache_lookup,data/polymarket_history/btc-updown-15m-1790163900-8d88114628.json,offline mode: no reusable structured cache entry
btc-updown-15m-1790164800,0xc1190835dd5108f1e75993f7ed36241021e98149d754783e7ea9fbbc9d5d5786,"[""78858099550188273928738887227031682610174516466813955867760476239335728653300"", ""8148866310435617240764439020771676247384614265882924061090745695096172832390""]",LOCAL_JOURNAL,not_fetched,not_fetched,,,,,,not_fetched,,,,,,False,NOT_FETCHED,not_fetched_offline,cache_lookup,data/polymarket_history/btc-updown-15m-1790164800-c45c6d92e3.json,offline mode: no reusable structured cache entry
btc-updown-15m-1790165700,0xfe4dc85c2b20a3d688285800116cde94628996f44aa217466ec1fbd81e34224d,"[""34556454871187336867155224766533683995934404414574929023399098775739151010114"", ""35101582051531208708683103793734591525555542828150976216194050412755672929786""]",LOCAL_JOURNAL,not_fetched,not_fetched,,,,,,not_fetched,,,,,,False,NOT_FETCHED,not_fetched_offline,cache_lookup,data/polymarket_history/btc-updown-15m-1790165700-0389a370de.json,offline mode: no reusable structured cache entry
btc-updown-15m-1790167500,0xed8c83258c972d2ace6ef47af4a145d83227e84b7f63f787d48148dcaf06f171,"[""5477557543314193070879027743409226388335798297173972478628092084529722126655""]",LOCAL_INSTRUMENT_ID,not_fetched,not_fetched,,,,,,not_fetched,,,,,,False,NOT_FETCHED,not_fetched_offline,cache_lookup,data/polymarket_history/btc-updown-15m-1790167500-b2f18aaa1b.json,offline mode: no reusable structured cache entry
btc-updown-15m-1790168400,0x1d6289bfdbbfe294bba8fb86a3235bf8da81d143b8b5cbd5ea3c85ab8194c623,"[""3531399362106483027406293166371142728395104118651399558607030089410181331691"", ""49502194665616026617165195529310106747459128438916326300448506279379267099428""]",LOCAL_JOURNAL,not_fetched,not_fetched,,,,,,not_fetched,,,,,,False,NOT_FETCHED,not_fetched_offline,cache_lookup,data/polymarket_history/btc-updown-15m-1790168400-11f80f50a4.json,offline mode: no reusable structured cache entry
btc-updown-15m-1790169300,0x79a1c8641da146ccae7fe550ea8b5b1e76209debe4a6c1f7279671813114ff90,"[""36132436612636664534224568655793815173677348092196962725693916907545996334592""]",LOCAL_JOURNAL,not_fetched,not_fetched,,,,,,not_fetched,,,,,,False,NOT_FETCHED,not_fetched_offline,cache_lookup,data/polymarket_history/btc-updown-15m-1790169300-2e5b2581a4.json,offline mode: no reusable structured cache entry
btc-updown-15m-1790170200,0x2534ce937dae3b76a6be07197d4ed5bf9c1b34906c8075c0ea72decb9af314cf,"[""102467054011875175217991649223353920297784353004691549022148879283392252054155""]",LOCAL_JOURNAL,not_fetched,not_fetched,,,,,,not_fetched,,,,,,False,NOT_FETCHED,not_fetched_offline,cache_lookup,data/polymarket_history/btc-updown-15m-1790170200-7b4a181b87.json,offline mode: no reusable structured cache entry
btc-updown-15m-1790171100,0x9d5b759e29a9ca0d61ea8fa5f0e1e0ec78c22487a47649707e94833c2566c477,"[""71964521875401085291129991330920280750165583801318504951792114652835524174764"", ""95462571468379035556972937957499307785475704166123737804196622220408849917050""]",LOCAL_JOURNAL,not_fetched,not_fetched,,,,,,not_fetched,,,,,,False,NOT_FETCHED,not_fetched_offline,cache_lookup,data/polymarket_history/btc-updown-15m-1790171100-210af760ef.json,offline mode: no reusable structured cache entry
btc-updown-15m-1790172000,0x37df116ad202c07021f43cb9151041bfd79b72b19211f0d0b8f5a5ccd48d85e1,"[""6536701121167973667573351399798347867785607460341856598997332280052891422464"", ""85456713899369434831467653058243838741612393741188220119105559307933509296518""]",LOCAL_JOURNAL,not_fetched,not_fetched,,,,,,not_fetched,,,,,,False,NOT_FETCHED,not_fetched_offline,cache_lookup,data/polymarket_history/btc-updown-15m-1790172000-4d36a0b5e2.json,offline mode: no reusable structured cache entry
btc-updown-15m-1790174700,0x77ec36db1b3bf2f9d70822668bb794fb16c02d16fd2cc0aad9d93ac998e9b4f8,"[""14596903674915659305061087769808720421911085301289682041991117001847230886386"", ""59837409745784701206571246098693097743396034966022744260488713343313798578206""]",LOCAL_JOURNAL,not_fetched,not_fetched,,,,,,not_fetched,,,,,,False,NOT_FETCHED,not_fetched_offline,cache_lookup,data/polymarket_history/btc-updown-15m-1790174700-98d651859a.json,offline mode: no reusable structured cache entry
btc-updown-15m-1790175600,0xfefa1a75eb033187b2309ef7a17849fca261ece008bfd260f47c43f539c6c426,"[""34623856702914281126116881843807035363013932787366255687309808355507942442483""]",LOCAL_JOURNAL,not_fetched,not_fetched,,,,,,not_fetched,,,,,,False,NOT_FETCHED,not_fetched_offline,cache_lookup,data/polymarket_history/btc-updown-15m-1790175600-221434534a.json,offline mode: no reusable structured cache entry
btc-updown-15m-1790181900,0xa973b185ad912880a82f3efa0f5c1b2cc3a6f6ded2104bfbb4c4eea2b13978ca,"[""30043928018545626695249980684808647231431192965311709464982311353439182713078"", ""50862554854231031394928930181772024266054479271654509570266266773204678644314""]",LOCAL_JOURNAL,not_fetched,not_fetched,,,,,,not_fetched,,,,,,False,NOT_FETCHED,not_fetched_offline,cache_lookup,data/polymarket_history/btc-updown-15m-1790181900-5df3eef15f.json,offline mode: no reusable structured cache entry
btc-updown-15m-1790182800,0xb8cdaa63d70ebb48ad763afd25aece9de00af6e02477083e526ce59b8217c709,"[""13681824193554140021077466866898536784749628479038564971651013256459931863984"", ""94899041935999318226543567876650771452647592911038026608407883520104877185646""]",LOCAL_JOURNAL,not_fetched,not_fetched,,,,,,not_fetched,,,,,,False,NOT_FETCHED,not_fetched_offline,cache_lookup,data/polymarket_history/btc-updown-15m-1790182800-efbfc9467b.json,offline mode: no reusable structured cache entry
btc-updown-15m-1790183700,0x6175685e1fe28086a487c3eb090d033a194a07950c89c1f2b8623c0b1a8becb5,"[""102988373507858945741345190924022095636614135083037756325034856438215835538096""]",LOCAL_JOURNAL,not_fetched,not_fetched,,,,,,not_fetched,,,,,,False,NOT_FETCHED,not_fetched_offline,cache_lookup,data/polymarket_history/btc-updown-15m-1790183700-19a2b85f5b.json,offline mode: no reusable structured cache entry
btc-updown-15m-1790184600,0x6d90e2f780e0666915084d4934978ba8eea147f0fcd109f4e6d77c27f370f83d,"[""103839176219195552985567711328642354049523736946228017126111314897310072323120"", ""110286310952091361060679136017957318741160413157872213853175639614637635165972""]",LOCAL_JOURNAL,not_fetched,not_fetched,,,,,,not_fetched,,,,,,False,NOT_FETCHED,not_fetched_offline,cache_lookup,data/polymarket_history/btc-updown-15m-1790184600-4054f70f1e.json,offline mode: no reusable structured cache entry
btc-updown-15m-1790185500,0xe64bbea441371fd2a8375784b7b670290b435630057f62f0d69d0314effb9284,"[""98086982014701639892308875703386164116830526136805111041592757460267136561737""]",LOCAL_JOURNAL,not_fetched,not_fetched,,,,,,not_fetched,,,,,,False,NOT_FETCHED,not_fetched_offline,cache_lookup,data/polymarket_history/btc-updown-15m-1790185500-1b0e1e6926.json,offline mode: no reusable structured cache entry
btc-updown-15m-1790186400,0xd4b5648eb078c9c933626a1b140036e0012ccbffe547d0a06bc76b75a5b9d048,"[""33305781470836163800649830248646502626703486938657423246747193880328495591821"", ""66709848850690624994238896873397577514530887633276625606877921757035675360546""]",LOCAL_JOURNAL,not_fetched,not_fetched,,,,,,not_fetched,,,,,,False,NOT_FETCHED,not_fetched_offline,cache_lookup,data/polymarket_history/btc-updown-15m-1790186400-64c36b6291.json,offline mode: no reusable structured cache entry
btc-updown-15m-1790187300,0xa370f973dcc248547457f717f639cd73205f936f0a132f860592652f643655bf,"[""110638350895805161886074066358020355259157358151118505752483157104742909646366"", ""64367602748946616479738703751841294821181180914750664233343149587358707990569""]",LOCAL_JOURNAL,not_fetched,not_fetched,,,,,,not_fetched,,,,,,False,NOT_FETCHED,not_fetched_offline,cache_lookup,data/polymarket_history/btc-updown-15m-1790187300-01c1d28e49.json,offline mode: no reusable structured cache entry
btc-updown-15m-1790188200,0x5b0a89e2ab63e42ed0d0bd35f8ac138d4b875bd18ac0a7c2a807447d47957fcd,"[""48651328758716166147440391164818602812838700438352869009824735707400047979514"", ""76321819900959026643984102678040743605751569341504632643642583360966590052558""]",LOCAL_JOURNAL,not_fetched,not_fetched,,,,,,not_fetched,,,,,,False,NOT_FETCHED,not_fetched_offline,cache_lookup,data/polymarket_history/btc-updown-15m-1790188200-a7c649bf76.json,offline mode: no reusable structured cache entry
btc-updown-15m-1790189100,0xb7ac3127fc3cf9d1faac7ee531ff6762e92474cb1aa7727758102f476bc48ed9,"[""14978313610716360226082736593131635526925626725977905742803950883119673266446"", ""43747252859820062601235535675322213144212837429907225621195372849753728690428""]",LOCAL_JOURNAL,not_fetched,not_fetched,,,,,,not_fetched,,,,,,False,NOT_FETCHED,not_fetched_offline,cache_lookup,data/polymarket_history/btc-updown-15m-1790189100-b9aadc2d8a.json,offline mode: no reusable structured cache entry
btc-updown-15m-1790190000,0x537818ff61e3322353e602a2285bbcf9f34e99c7cd8b16f00f1816f432018e0c,"[""23714285287342162997125870162797784629230869425881002409762719846808735959731"", ""55884907550478024867703480783488264010533080798070559554902516851148520296256""]",LOCAL_JOURNAL,not_fetched,not_fetched,,,,,,not_fetched,,,,,,False,NOT_FETCHED,not_fetched_offline,cache_lookup,data/polymarket_history/btc-updown-15m-1790190000-6a28fc36a3.json,offline mode: no reusable structured cache entry
btc-updown-15m-1790190900,0x8ea7879e930c67f5985001e12e352e263be276d241c6174fe544c382dad9fd19,"[""26871646752247755713502048675029573948491378026581917972348736047998029563573"", ""29291622079104933155909049516098399547549652245563285231249607934527080327354""]",LOCAL_JOURNAL,not_fetched,not_fetched,,,,,,not_fetched,,,,,,False,NOT_FETCHED,not_fetched_offline,cache_lookup,data/polymarket_history/btc-updown-15m-1790190900-01587235c3.json,offline mode: no reusable structured cache entry
btc-updown-15m-1790191800,0xfcd855498e4d33dba7fa5947020c41089359bebc78b7ff99b3c7bb0471fc1b19,"[""59185946453350915872147526116839805183207497498426155593345395240699262395188""]",LOCAL_JOURNAL,not_fetched,not_fetched,,,,,,not_fetched,,,,,,False,NOT_FETCHED,not_fetched_offline,cache_lookup,data/polymarket_history/btc-updown-15m-1790191800-1a091dd417.json,offline mode: no reusable structured cache entry
btc-updown-15m-1790192700,0x5fb3e67143e7e530bb7e8b73429ec9606bd5d37550ff8db2ac22855bb1d1a2c1,"[""77855516044700307924830341515412970351444896330549642685989478116326194083717""]",LOCAL_JOURNAL,not_fetched,not_fetched,,,,,,not_fetched,,,,,,False,NOT_FETCHED,not_fetched_offline,cache_lookup,data/polymarket_history/btc-updown-15m-1790192700-0b1e033c40.json,offline mode: no reusable structured cache entry
btc-updown-15m-1790193600,0xecf07745e96dee772d5ab64489a158a3d71a20cb62ebab065bca7ef4fadaa25f,"[""58762648704386135459572925252896569800813898964082636521542901511112027728581"", ""97789123757978649931193400115508773221092992667727294404235127019923156397005""]",LOCAL_JOURNAL,not_fetched,not_fetched,,,,,,not_fetched,,,,,,False,NOT_FETCHED,not_fetched_offline,cache_lookup,data/polymarket_history/btc-updown-15m-1790193600-3be8173cde.json,offline mode: no reusable structured cache entry
btc-updown-15m-1790194500,0x99afdc74ee140794b238a08a720d7fbc6ce0bbc9d610335ffb08ce5254dd369e,"[""10151953129450177085426229416922060364889747819694292269901403670739451301627"", ""115232932572633125472951732069142651997921025483069018392456117671431011776709""]",LOCAL_JOURNAL,not_fetched,not_fetched,,,,,,not_fetched,,,,,,False,NOT_FETCHED,not_fetched_offline,cache_lookup,data/polymarket_history/btc-updown-15m-1790194500-164f1873c0.json,offline mode: no reusable structured cache entry
btc-updown-15m-1790195400,0x18d81b9c9e385f1d65511ec0e74f8b0dfaaebb5bc4ecd0cbbfb2f801b0fdce6d,"[""27838853328250279544501797963931627171408864632913247762972292017237615585586""]",LOCAL_JOURNAL,not_fetched,not_fetched,,,,,,not_fetched,,,,,,False,NOT_FETCHED,not_fetched_offline,cache_lookup,data/polymarket_history/btc-updown-15m-1790195400-a7b6b7ce05.json,offline mode: no reusable structured cache entry
btc-updown-15m-1790196300,0xb856333d6fcce20c3b66a4fafbf87f7274482f4709cd707a206e48159dabfd9c,"[""17126124657692979941673286890296903913621552235481627696435028768663660143240"", ""37925371367067589927965734960232294774262635410371604877889040871208739847726""]",LOCAL_JOURNAL,not_fetched,not_fetched,,,,,,not_fetched,,,,,,False,NOT_FETCHED,not_fetched_offline,cache_lookup,data/polymarket_history/btc-updown-15m-1790196300-0fb234d446.json,offline mode: no reusable structured cache entry
btc-updown-15m-1790197200,0x3b2e5436361a9fdc2d3e0e8b541c9b0de5ce6904dc98684a26da2fe8cf63f66b,"[""115502353466190627096850951386051569580054165537815325599714393758784116499635""]",LOCAL_JOURNAL,not_fetched,not_fetched,,,,,,not_fetched,,,,,,False,NOT_FETCHED,not_fetched_offline,cache_lookup,data/polymarket_history/btc-updown-15m-1790197200-bd3a8119a2.json,offline mode: no reusable structured cache entry
btc-updown-15m-1790198100,0x85402329a94f44caf7a5c0cdb7b6df2623898a29da841133d43500317d245fe3,"[""11916784093225534701664505816197128981235358006296269310043950255012758401293"", ""64267423639832540072151964721707892597903039931889254030020032336828263510693""]",LOCAL_JOURNAL,not_fetched,not_fetched,,,,,,not_fetched,,,,,,False,NOT_FETCHED,not_fetched_offline,cache_lookup,data/polymarket_history/btc-updown-15m-1790198100-20ba72e40e.json,offline mode: no reusable structured cache entry
btc-updown-15m-1790199000,0x744ad6c72fb7742546b26b790fcabfb4c2dd2f98237a0d1c80a71747ffeced85,"[""19140220183518374098194483572879890915126501048715746242590523998667605517949""]",LOCAL_JOURNAL,not_fetched,not_fetched,,,,,,not_fetched,,,,,,False,NOT_FETCHED,not_fetched_offline,cache_lookup,data/polymarket_history/btc-updown-15m-1790199000-24e1a260c8.json,offline mode: no reusable structured cache entry
btc-updown-15m-1790199900,0x0f2c673d7eed6ed7a009c67b5785eec8bc77ff1eb6daf759226bab39c6f3957e,"[""107232191159761596479967774143936479660490704636202198380391084606015980645981"", ""14722493028492525383871422112597209699832745191199070944820699432105801274957""]",LOCAL_JOURNAL,not_fetched,not_fetched,,,,,,not_fetched,,,,,,False,NOT_FETCHED,not_fetched_offline,cache_lookup,data/polymarket_history/btc-updown-15m-1790199900-659e15344e.json,offline mode: no reusable structured cache entry
btc-updown-15m-1790200800,0xfb4fea5cf88a110d032c4108f8ab03333b91aca458c1d669ae07834abee0c326,"[""32325359868553242882714127226727885197648780544168866333375866824336091358106"", ""9740057006214164715045771743341960937645111713512308910965815880492255410078""]",LOCAL_JOURNAL,not_fetched,not_fetched,,,,,,not_fetched,,,,,,False,NOT_FETCHED,not_fetched_offline,cache_lookup,data/polymarket_history/btc-updown-15m-1790200800-940aae7590.json,offline mode: no reusable structured cache entry
btc-updown-15m-1790201700,0xcbed4c40ac06519fab554c03b09d2d6fc4842d662eab4f84bb24748fcc79bdae,"[""71103551772845070759275617620169343059614763038996158114381260364854303738019"", ""713139743611714646643199604109859235663061058291007827914596760038890619261""]",LOCAL_JOURNAL,not_fetched,not_fetched,,,,,,not_fetched,,,,,,False,NOT_FETCHED,not_fetched_offline,cache_lookup,data/polymarket_history/btc-updown-15m-1790201700-290c85c71b.json,offline mode: no reusable structured cache entry
btc-updown-15m-1790202600,0xeb2077efcbd47c80c952d7c100cb0956bbba88a5ea4d79f83a242a5acb350316,"[""33564103456696283526750283813210092010603221150187007277753029970318241989588"", ""62313205347312308168160379914543118616919624684616663497528683100312793507615""]",LOCAL_JOURNAL,not_fetched,not_fetched,,,,,,not_fetched,,,,,,False,NOT_FETCHED,not_fetched_offline,cache_lookup,data/polymarket_history/btc-updown-15m-1790202600-275d6e69eb.json,offline mode: no reusable structured cache entry
btc-updown-15m-1790252100,0xe58b43bbed24408525f7bfde4f28e864b7111ffa2f40da9858ec42860423c169,"[""27911787146162911317907146573517756129102959128242696943163558162673928480689""]",LOCAL_INSTRUMENT_ID,not_fetched,not_fetched,,,,,,not_fetched,,,,,,False,NOT_FETCHED,not_fetched_offline,cache_lookup,data/polymarket_history/btc-updown-15m-1790252100-3d528734a2.json,offline mode: no reusable structured cache entry
btc-updown-15m-1790253000,0xd873b604956e46e5749705cade49e480a65ae8b8cfe9c2c92e8c3965975b3a2f,"[""13353615037023520573992547880972009837657778308787345485718263555897221796573"", ""15490509379016085861557378022341274079286160484840318080377815397151339416864""]",LOCAL_JOURNAL,not_fetched,not_fetched,,,,,,not_fetched,,,,,,False,NOT_FETCHED,not_fetched_offline,cache_lookup,data/polymarket_history/btc-updown-15m-1790253000-a87244202c.json,offline mode: no reusable structured cache entry
btc-updown-15m-1790253900,0xe07833ba93bba4e299ae84624904417bc97ce9d6cc690734356db3545e66ac7e,"[""110447786914821251043766622446725834270862796896393795373950972275702893013218"", ""113878225391960824153794588383983960923236079002019179934159933487629996607283""]",LOCAL_JOURNAL,not_fetched,not_fetched,,,,,,not_fetched,,,,,,False,NOT_FETCHED,not_fetched_offline,cache_lookup,data/polymarket_history/btc-updown-15m-1790253900-3062f7b1cd.json,offline mode: no reusable structured cache entry
btc-updown-15m-1790254800,0x7b30c9f42982465b578acc1a6c75d6dcd7cca5a106a41b887daa2fb707987397,"[""86514867455733887692076766953344945694264952048835065518187637494772858806413""]",LOCAL_JOURNAL,not_fetched,not_fetched,,,,,,not_fetched,,,,,,False,NOT_FETCHED,not_fetched_offline,cache_lookup,data/polymarket_history/btc-updown-15m-1790254800-d913586481.json,offline mode: no reusable structured cache entry
btc-updown-15m-1790255700,0x9e5eaa0a79f29c0878c9c898e4c1942289c7312dab30e105c5ba070b3f7f5f20,"[""25512129285732787670508052094133688575967603336146696117413391873842415635884""]",LOCAL_JOURNAL,not_fetched,not_fetched,,,,,,not_fetched,,,,,,False,NOT_FETCHED,not_fetched_offline,cache_lookup,data/polymarket_history/btc-updown-15m-1790255700-0306b4f242.json,offline mode: no reusable structured cache entry
btc-updown-15m-1790256600,0xfbf4d66d25d078219f8d78c6e985f0b7360fddbfc812478c387633999164cc8c,"[""48563132417420847663650697349909447485340282191308501300312153921957068219960""]",LOCAL_JOURNAL,not_fetched,not_fetched,,,,,,not_fetched,,,,,,False,NOT_FETCHED,not_fetched_offline,cache_lookup,data/polymarket_history/btc-updown-15m-1790256600-3845671c3e.json,offline mode: no reusable structured cache entry
btc-updown-15m-1790257500,0x3fa4699619408c7ee4fe957cb0e69c5a8a6e1676c234045e7a7f54a566127db6,"[""113005833973086258551658671297173854680414184569610570406143497252793552601360"", ""86342943392804186013122775882178770388597628698690412455513329775011802272843""]",LOCAL_JOURNAL,not_fetched,not_fetched,,,,,,not_fetched,,,,,,False,NOT_FETCHED,not_fetched_offline,cache_lookup,data/polymarket_history/btc-updown-15m-1790257500-4da8fd9fb7.json,offline mode: no reusable structured cache entry
btc-updown-15m-1790258400,0x5b160a0a90174d2a2814601638e89aaf485b761c9655b1c4519dc87f9807afb9,"[""11468536784330149034781734076526021067639514008838900496932986765349638229399"", ""64793672543400331775778307080809720081152827737215690152635176559584474745856""]",LOCAL_JOURNAL,not_fetched,not_fetched,,,,,,not_fetched,,,,,,False,NOT_FETCHED,not_fetched_offline,cache_lookup,data/polymarket_history/btc-updown-15m-1790258400-de51f17d26.json,offline mode: no reusable structured cache entry
btc-updown-15m-1790262900,0xb99bacd2200483984bd559d38bac6c217fe38839f759593c2cec348a4149038c,"[""54467306907065950306495655732826402972297635122815955725933589694066778618317""]",LOCAL_JOURNAL,not_fetched,not_fetched,,,,,,not_fetched,,,,,,False,NOT_FETCHED,not_fetched_offline,cache_lookup,data/polymarket_history/btc-updown-15m-1790262900-262ad1fb66.json,offline mode: no reusable structured cache entry
btc-updown-15m-1790263800,0x70bb35774f194a50b9a166785d7fa303bc3a59759a38176280069a15fc8e009a,"[""42999569667686374115769506898472938179040738185162702716069729517215849397345""]",LOCAL_JOURNAL,not_fetched,not_fetched,,,,,,not_fetched,,,,,,False,NOT_FETCHED,not_fetched_offline,cache_lookup,data/polymarket_history/btc-updown-15m-1790263800-c7028a7226.json,offline mode: no reusable structured cache entry
btc-updown-15m-1790264700,0xa4141b9e3fdf46e7a9e111a48722d874c5df98d5fd6ef955f1a1cb12c52dcf59,"[""111029649738098727518623007150730453985439463638584180629584854930875542911089"", ""45583190090824923663471775857923523099678219082660003146375369251314545301423""]",LOCAL_JOURNAL,not_fetched,not_fetched,,,,,,not_fetched,,,,,,False,NOT_FETCHED,not_fetched_offline,cache_lookup,data/polymarket_history/btc-updown-15m-1790264700-bfe2fc76df.json,offline mode: no reusable structured cache entry
btc-updown-15m-1790265600,0x6bb395c888eafa97a8f7520bf82957803834ccc59d8c233e0f07338002d25b74,"[""26271512218631719824771183655173178243381875329336994293586085331380597793723"", ""27931813441281991517650996282235323588437166945668035894396531657522106783506""]",LOCAL_JOURNAL,not_fetched,not_fetched,,,,,,not_fetched,,,,,,False,NOT_FETCHED,not_fetched_offline,cache_lookup,data/polymarket_history/btc-updown-15m-1790265600-5f0b6c2888.json,offline mode: no reusable structured cache entry
btc-updown-15m-1790266500,0x3f07a0f12c9d3da69fecebe81fa5d34b605e961d46eb8f91a688ffd2a53e4dd3,"[""20599810577066213897881894401711582971384886751408418641900669298481782374741""]",LOCAL_JOURNAL,not_fetched,not_fetched,,,,,,not_fetched,,,,,,False,NOT_FETCHED,not_fetched_offline,cache_lookup,data/polymarket_history/btc-updown-15m-1790266500-85125edbf6.json,offline mode: no reusable structured cache entry
btc-updown-15m-1790267400,0x27cfaf5c07dedf32325ff6c0b4638178e5d816e36287317350fd9f082ff5f78b,"[""32221220175044978295202843459241600891335066930239188806616910743283133540467"", ""84131008230919373665765982913290158679420199885966596116704561154994786825287""]",LOCAL_JOURNAL,not_fetched,not_fetched,,,,,,not_fetched,,,,,,False,NOT_FETCHED,not_fetched_offline,cache_lookup,data/polymarket_history/btc-updown-15m-1790267400-aa97c4d029.json,offline mode: no reusable structured cache entry
btc-updown-15m-1790268300,0x06fb249d000a806114a16116b76736e8233bf5444848718c172826b955f05cf1,"[""100740579834561810692759070795975566048563169342707868693516812615475245913895"", ""10150311971458959535499904846220561492823190034748085003302541825006000632797""]",LOCAL_JOURNAL,not_fetched,not_fetched,,,,,,not_fetched,,,,,,False,NOT_FETCHED,not_fetched_offline,cache_lookup,data/polymarket_history/btc-updown-15m-1790268300-1d80ee530e.json,offline mode: no reusable structured cache entry
btc-updown-15m-1790269200,0x18a20f73b3aac634e66c4fc49637c4e10241dd45a5329efc82699874942f0bec,"[""61500932711411894511874864495491062221184030968762577553320107163792910379667"", ""6882137704263277673329677381438293619267632172296987488218778362259311450183""]",LOCAL_JOURNAL,not_fetched,not_fetched,,,,,,not_fetched,,,,,,False,NOT_FETCHED,not_fetched_offline,cache_lookup,data/polymarket_history/btc-updown-15m-1790269200-72f8556057.json,offline mode: no reusable structured cache entry
btc-updown-15m-1790270100,0x51683ffbb9899dbc66c5e6d6d087e3e3b2981d1cc75a1615af3ea68e558916d9,"[""112562708270075860952981308769378109592861524760390912522792902026365088022714"", ""35797058834868768157551084016186268612575019903831366137557129187313519899370""]",LOCAL_JOURNAL,not_fetched,not_fetched,,,,,,not_fetched,,,,,,False,NOT_FETCHED,not_fetched_offline,cache_lookup,data/polymarket_history/btc-updown-15m-1790270100-52b24e8987.json,offline mode: no reusable structured cache entry
btc-updown-15m-1790271000,0xaf926c2c84bf508bd24d7056c4b25bed8abdf6a9f4745935260aa0611b39fd62,"[""85139194715115369110370696342736180396344013497112749732966252399412374206773"", ""9362197724574210898890251715007144616146133894463145115913523335137759262660""]",LOCAL_JOURNAL,not_fetched,not_fetched,,,,,,not_fetched,,,,,,False,NOT_FETCHED,not_fetched_offline,cache_lookup,data/polymarket_history/btc-updown-15m-1790271000-2c5f297f21.json,offline mode: no reusable structured cache entry
btc-updown-15m-1790271900,0xb225865d9b7f8f35cdd7451ec442c0d319cdb015327078a796cae504795a283b,"[""2411555143899342215554657719275508422816818275690904950839194671294837666393"", ""28018658919815911951117385792125744893230101209758598770129363811292773485549""]",LOCAL_JOURNAL,not_fetched,not_fetched,,,,,,not_fetched,,,,,,False,NOT_FETCHED,not_fetched_offline,cache_lookup,data/polymarket_history/btc-updown-15m-1790271900-a69ce10c0d.json,offline mode: no reusable structured cache entry
btc-updown-15m-1790272800,0x6067f69d72ee495ead73c125400e2b25cb7ee8d1f9c1ba7e0202c80bbfc19fc9,"[""53025153427508179202133810457193700856365446646595071808859593827078032142358"", ""7742397501046194149265585636693966425924401005756319566279831749893939781039""]",LOCAL_JOURNAL,not_fetched,not_fetched,,,,,,not_fetched,,,,,,False,NOT_FETCHED,not_fetched_offline,cache_lookup,data/polymarket_history/btc-updown-15m-1790272800-bb6c83b650.json,offline mode: no reusable structured cache entry
btc-updown-15m-1790273700,0x68a5e5c48abda6dc015cc680cc34e3741caa8a6077a88f9b607257e24700fbcf,"[""39812369089997555176035187139543850192360114038310231872564832096670102779021""]",LOCAL_JOURNAL,not_fetched,not_fetched,,,,,,not_fetched,,,,,,False,NOT_FETCHED,not_fetched_offline,cache_lookup,data/polymarket_history/btc-updown-15m-1790273700-3f50b32751.json,offline mode: no reusable structured cache entry
btc-updown-15m-1790274600,0x03ac4c88f9e7d7abc8a6f428c68c62936da5a2660d4906bc4952557ca3c2fc72,"[""56334443211081317135322371329450290805994693000512588341094837679901651474678"", ""7190449226938354857008095517893793161092800374971871296309665928223087455358""]",LOCAL_JOURNAL,not_fetched,not_fetched,,,,,,not_fetched,,,,,,False,NOT_FETCHED,not_fetched_offline,cache_lookup,data/polymarket_history/btc-updown-15m-1790274600-f8b3dddb25.json,offline mode: no reusable structured cache entry
btc-updown-15m-1790275500,0xe7a747e98719a136e0470868e7b4819104b19078f29b7ca1959831f0f2419446,"[""11851172975535545355492373026423837004124624517791134130113015654294446618055"", ""82043476601257858196841526379986758153366487696221431355994397060286491955632""]",LOCAL_JOURNAL,not_fetched,not_fetched,,,,,,not_fetched,,,,,,False,NOT_FETCHED,not_fetched_offline,cache_lookup,data/polymarket_history/btc-updown-15m-1790275500-27400861d5.json,offline mode: no reusable structured cache entry
btc-updown-15m-1790276400,0x715366024dfb6b677b68fa7670a7061ee5c0b221dcc0a8ed9586b5785e541da3,"[""47230595281967106371801359512214622104131460404647776364965606446026228917484"", ""78413142925501843589652872122708486649472856993433620214177226165852185941336""]",LOCAL_JOURNAL,not_fetched,not_fetched,,,,,,not_fetched,,,,,,False,NOT_FETCHED,not_fetched_offline,cache_lookup,data/polymarket_history/btc-updown-15m-1790276400-7a2aa2c64a.json,offline mode: no reusable structured cache entry
btc-updown-15m-1790277300,0x8018baee76fd50b9ed8bff916652cb6f8236aeed14e286a51ac706806cf608f1,"[""107536240176472308881385090369506078002145524710780471943973177847113047895965"", ""109726480136226298379349191654088699598911062082825293518507798581490619662943""]",LOCAL_JOURNAL,not_fetched,not_fetched,,,,,,not_fetched,,,,,,False,NOT_FETCHED,not_fetched_offline,cache_lookup,data/polymarket_history/btc-updown-15m-1790277300-741c1d1a04.json,offline mode: no reusable structured cache entry
btc-updown-15m-1790278200,0x237e1e12e4e2b488512cf670eeeaa84f0412f4d8188da83a00b3d5c27ccddf97,"[""47779198824530906368024493512777059901489476859010977655025962016054065064829"", ""72387351495188412123593948691169525387731745147753590447500882622397127111683""]",LOCAL_JOURNAL,not_fetched,not_fetched,,,,,,not_fetched,,,,,,False,NOT_FETCHED,not_fetched_offline,cache_lookup,data/polymarket_history/btc-updown-15m-1790278200-639772dfd5.json,offline mode: no reusable structured cache entry
btc-updown-15m-1790279100,0xfab5234333fe68b9e9b9cb9dd1a9376fd41b1bbd81ad96774eb00ae467348cb8,"[""79471833885112715493999986771935567331412893215382661482234616527050057702034""]",LOCAL_JOURNAL,not_fetched,not_fetched,,,,,,not_fetched,,,,,,False,NOT_FETCHED,not_fetched_offline,cache_lookup,data/polymarket_history/btc-updown-15m-1790279100-d8589fcb18.json,offline mode: no reusable structured cache entry
btc-updown-15m-1790280000,0x8dad4004c7d9ae8f115cfd8f1182655ee26affa1a5b80729e8d13139692a202e,"[""107686305293004277627802003749117888909158875645383166350514595922316742314207"", ""70189808922247743021981014993864640449992871075759680180772761439802310707060""]",LOCAL_JOURNAL,not_fetched,not_fetched,,,,,,not_fetched,,,,,,False,NOT_FETCHED,not_fetched_offline,cache_lookup,data/polymarket_history/btc-updown-15m-1790280000-c5a4916fdc.json,offline mode: no reusable structured cache entry
btc-updown-15m-1790280900,0x426acc9f9b71a3264204d1958e40c203748ff6bc56273a0c95d21b281d7679fd,"[""17065165484581108240460527106125446745868386269847554523676928202238160711186"", ""71098738493466418046229619971334461412499556790348308037892724724178742616047""]",LOCAL_JOURNAL,not_fetched,not_fetched,,,,,,not_fetched,,,,,,False,NOT_FETCHED,not_fetched_offline,cache_lookup,data/polymarket_history/btc-updown-15m-1790280900-b81ce9a867.json,offline mode: no reusable structured cache entry
btc-updown-15m-1790281800,0x21834928cce02080a6ef8c7fcd01d5fc44fdbc6a0afbc00ad4f0a54dc8bc3111,"[""28887033911710227487915372663647446301990042886126119025174208605285986882732"", ""90197727357730135314005101762596484984681867966509409871804058549421018730197""]",LOCAL_JOURNAL,not_fetched,not_fetched,,,,,,not_fetched,,,,,,False,NOT_FETCHED,not_fetched_offline,cache_lookup,data/polymarket_history/btc-updown-15m-1790281800-e126191a09.json,offline mode: no reusable structured cache entry
btc-updown-15m-1790282700,0x9c198bd9b12ec541cad8cddc7645f6023af1236c8493595d29d57693aae3feb2,"[""44471275499003005329056669878203171325342781263291431680681719597957615053052"", ""74633776640498622941127554634774270141014875415851199893657108907982682957308""]",LOCAL_JOURNAL,not_fetched,not_fetched,,,,,,not_fetched,,,,,,False,NOT_FETCHED,not_fetched_offline,cache_lookup,data/polymarket_history/btc-updown-15m-1790282700-452e74e580.json,offline mode: no reusable structured cache entry
btc-updown-15m-1790283600,0x1d80359f6b6157014eb5fbdbe4590238415dd9b22bcd52241c0b1a9828c1fbd7,"[""53448442992338375502383084286230398861178687465444465653233488277454229618128"", ""55122971275227608893800542259840294865913405097888887698922064170891211060212""]",LOCAL_JOURNAL,not_fetched,not_fetched,,,,,,not_fetched,,,,,,False,NOT_FETCHED,not_fetched_offline,cache_lookup,data/polymarket_history/btc-updown-15m-1790283600-4266618975.json,offline mode: no reusable structured cache entry
btc-updown-15m-1790284500,0x5ff2e31dc09b83f1c1a9c79c96873db3abc307ecf2d39c040b4cf58a854a3bda,"[""38679057484845674054776831517518147389438410900817871213210331796009295497536""]",LOCAL_JOURNAL,not_fetched,not_fetched,,,,,,not_fetched,,,,,,False,NOT_FETCHED,not_fetched_offline,cache_lookup,data/polymarket_history/btc-updown-15m-1790284500-bd145dfbb3.json,offline mode: no reusable structured cache entry
btc-updown-15m-1790285400,0xc8547525eaa1047c10ec85ef7001d5db0122abc9bbb3cf25ea30cab60ffa8f8c,"[""40614141005289961122228574181150719493219200861314010593393896601131594639498""]",LOCAL_JOURNAL,not_fetched,not_fetched,,,,,,not_fetched,,,,,,False,NOT_FETCHED,not_fetched_offline,cache_lookup,data/polymarket_history/btc-updown-15m-1790285400-7426d925d5.json,offline mode: no reusable structured cache entry
btc-updown-15m-1790286300,0xe541ad96ea8e63347c2efb2a197e799ee6c2a9b3f615b84ddd1330f3bec81719,"[""20157884173817691384022377263702303604241042871080136606873685448741618809809"", ""36373570965862136389628480227679301629995297938610859251882317988096827493477""]",LOCAL_JOURNAL,not_fetched,not_fetched,,,,,,not_fetched,,,,,,False,NOT_FETCHED,not_fetched_offline,cache_lookup,data/polymarket_history/btc-updown-15m-1790286300-e314f4bf95.json,offline mode: no reusable structured cache entry
btc-updown-15m-1790287200,0x42e518f878b07cca0e96a63791268cb40adce110cc09a4360209204375d5f951,"[""28844765299486765076469493078394496949983859596228057256492405984221325938120"", ""40186362688444402113317625574395146348982745647845913074007128858848358584529""]",LOCAL_JOURNAL,not_fetched,not_fetched,,,,,,not_fetched,,,,,,False,NOT_FETCHED,not_fetched_offline,cache_lookup,data/polymarket_history/btc-updown-15m-1790287200-ab242382a8.json,offline mode: no reusable structured cache entry
btc-updown-15m-1790288100,0x82b393b445c53d51a483be52d5fedccf0d6318c2474d71932ed2ab3223b5cf57,"[""44732344584730855984728887756717644752079098101659975818809691540113235662304"", ""49746190274728127216562523607373974782654581225126652556809288084600962231007""]",LOCAL_JOURNAL,not_fetched,not_fetched,,,,,,not_fetched,,,,,,False,NOT_FETCHED,not_fetched_offline,cache_lookup,data/polymarket_history/btc-updown-15m-1790288100-cda89aea31.json,offline mode: no reusable structured cache entry
btc-updown-15m-1790289000,0xf284e3945530b130f3ace2032a76a6d347d5f803d51ffec5b4e1c53ed5547dd8,"[""111316596110071032522297847383406415489835162406818962113366186689781641141257"", ""82840076985896041688605815535257214251774439728959701779386099735542873170379""]",LOCAL_JOURNAL,not_fetched,not_fetched,,,,,,not_fetched,,,,,,False,NOT_FETCHED,not_fetched_offline,cache_lookup,data/polymarket_history/btc-updown-15m-1790289000-727723a477.json,offline mode: no reusable structured cache entry
btc-updown-15m-1790289900,0x8d6637fde9ab6328ed8de3a51c129526c95c3387a0ba131e3f2738d2dd291c66,"[""90713737282992612553058034319953485177889203539154595085572981870890535430898""]",LOCAL_JOURNAL,not_fetched,not_fetched,,,,,,not_fetched,,,,,,False,NOT_FETCHED,not_fetched_offline,cache_lookup,data/polymarket_history/btc-updown-15m-1790289900-b31c17a5ac.json,offline mode: no reusable structured cache entry
btc-updown-15m-1790290800,0x9ad6db069b372845547770781c164aef6880958703ab4b8b8c5c68c3cac76496,"[""109198107549800648120318842990586263473271701079456072389977903110188391988397""]",LOCAL_JOURNAL,not_fetched,not_fetched,,,,,,not_fetched,,,,,,False,NOT_FETCHED,not_fetched_offline,cache_lookup,data/polymarket_history/btc-updown-15m-1790290800-98de81b0ca.json,offline mode: no reusable structured cache entry
btc-updown-15m-1790291700,0xae7114a2e1495afe29429bca26215644565087640fa3f5f73b73ccc9747e6de5,"[""90827073081863786193502279626420026295426986315665109612990990707281132451088""]",LOCAL_JOURNAL,not_fetched,not_fetched,,,,,,not_fetched,,,,,,False,NOT_FETCHED,not_fetched_offline,cache_lookup,data/polymarket_history/btc-updown-15m-1790291700-77a777443c.json,offline mode: no reusable structured cache entry
btc-updown-15m-1790292600,0xbf66d1fd82e2a2581088ba1230379c9e8d245a68c77d19f17c210ea0a59b8591,"[""101825645322107272229395578048580111912633946387929526391330192722251271592317""]",LOCAL_JOURNAL,not_fetched,not_fetched,,,,,,not_fetched,,,,,,False,NOT_FETCHED,not_fetched_offline,cache_lookup,data/polymarket_history/btc-updown-15m-1790292600-4a7f865111.json,offline mode: no reusable structured cache entry
btc-updown-15m-1790293500,0x124b08575c88b0b15934fa7eaea42db74c784b7f4574352a5203b890e1a1da10,"[""104008768100283250270225432930136286393162046970362015652865543617263121375972"", ""18517215788125856066414379750061368455206517787581778594943366647481806406183""]",LOCAL_JOURNAL,not_fetched,not_fetched,,,,,,not_fetched,,,,,,False,NOT_FETCHED,not_fetched_offline,cache_lookup,data/polymarket_history/btc-updown-15m-1790293500-f241294b70.json,offline mode: no reusable structured cache entry
btc-updown-15m-1790294400,0x53f28ed527d6d3dd95eda9f6ca2eaecdb985c50acf66e644c68ecc953080de9f,"[""20662243405875148575405327378560833897302955242986440839620299705685591515912""]",LOCAL_JOURNAL,not_fetched,not_fetched,,,,,,not_fetched,,,,,,False,NOT_FETCHED,not_fetched_offline,cache_lookup,data/polymarket_history/btc-updown-15m-1790294400-9d1a1ef158.json,offline mode: no reusable structured cache entry
btc-updown-15m-1790295300,0xfc22c9d7456172e78b4aac213b0e25467193761f475b29737046bcf44130bf33,"[""19390102916367128952345098590637811643683309283471611037203612669503284563045"", ""88116619830296481583494942212328231228250417792802801179901493901461068342463""]",LOCAL_JOURNAL,not_fetched,not_fetched,,,,,,not_fetched,,,,,,False,NOT_FETCHED,not_fetched_offline,cache_lookup,data/polymarket_history/btc-updown-15m-1790295300-1b4e8d1b61.json,offline mode: no reusable structured cache entry
btc-updown-15m-1790296200,0x7e0177dcddb49a03ba8ba206607ebc49776111c5ac8b7c353ed1db936fc973cf,"[""48695798739051241302062816779509944713797487017535509385798264905003593576491"", ""59486720932637499690960798998407486094946362454073932451126149559224445784574""]",LOCAL_JOURNAL,not_fetched,not_fetched,,,,,,not_fetched,,,,,,False,NOT_FETCHED,not_fetched_offline,cache_lookup,data/polymarket_history/btc-updown-15m-1790296200-407e468961.json,offline mode: no reusable structured cache entry
btc-updown-15m-1790303400,0x0a269bdfd20c722eb556df31d10478585ed1266f620a655c10a53ef0617f1b16,"[""29027871805352270665115921380340697437017019974783773993056428665778499538059"", ""53330388710726211338776255574447956905965282976026250636605026075244671415752""]",LOCAL_JOURNAL,not_fetched,not_fetched,,,,,,not_fetched,,,,,,False,NOT_FETCHED,not_fetched_offline,cache_lookup,data/polymarket_history/btc-updown-15m-1790303400-fb5036cb26.json,offline mode: no reusable structured cache entry
btc-updown-15m-1790304300,0x7cd9538bad48db7a3a801882a66d95bdb477f69c7248122d6b375c0714e6d13e,"[""19975212012878103711107533658229109070202309026675814466648221531783536337966"", ""43054589827908177104373834484900786779644078542621969217940287731830180841155""]",LOCAL_JOURNAL,not_fetched,not_fetched,,,,,,not_fetched,,,,,,False,NOT_FETCHED,not_fetched_offline,cache_lookup,data/polymarket_history/btc-updown-15m-1790304300-2dcb059bdb.json,offline mode: no reusable structured cache entry
btc-updown-15m-1790305200,0x257cf3d6270cc9594df0522a81a82b4812e7dbb33e14b4983ed410d9a6f0a1d5,"[""53839308618298511684044094809038295235287889961935135583804544581798107358233""]",LOCAL_JOURNAL,not_fetched,not_fetched,,,,,,not_fetched,,,,,,False,NOT_FETCHED,not_fetched_offline,cache_lookup,data/polymarket_history/btc-updown-15m-1790305200-2e10e2c34b.json,offline mode: no reusable structured cache entry
btc-updown-15m-1790306100,0x222d66655372cda9093f17564a567349844953b8c851886584e48ae2076140ff,"[""13174418745123420860107847038204392944181208292571243569502616134095407085225"", ""52048090446854203430793933779717721491073583840007222281274357964760016796413""]",LOCAL_JOURNAL,not_fetched,not_fetched,,,,,,not_fetched,,,,,,False,NOT_FETCHED,not_fetched_offline,cache_lookup,data/polymarket_history/btc-updown-15m-1790306100-3a67a1b37b.json,offline mode: no reusable structured cache entry
btc-updown-15m-1790312400,0x04dc24a6e505fdbf077110eb9e851b69dacc20f53df5baa11c68130fd8aa1c1d,"[""102648865547595829512270700642521207089007232022995277249319877370411160790360"", ""109496905140016508047556516864221038025827327274245467072416905081920345773928""]",LOCAL_JOURNAL,not_fetched,not_fetched,,,,,,not_fetched,,,,,,False,NOT_FETCHED,not_fetched_offline,cache_lookup,data/polymarket_history/btc-updown-15m-1790312400-f684cf6552.json,offline mode: no reusable structured cache entry
btc-updown-15m-1790313300,0x4be39681423f571f0048bbeb1f88fccc51b38d7a382d72a041ba39c6ea72bd76,"[""112907006456722636922250702980925674113825863957343125057564337810103109738765"", ""42302073032657594779877068056344431124365242798507282652214225337767420745234""]",LOCAL_JOURNAL,not_fetched,not_fetched,,,,,,not_fetched,,,,,,False,NOT_FETCHED,not_fetched_offline,cache_lookup,data/polymarket_history/btc-updown-15m-1790313300-39a1f835f4.json,offline mode: no reusable structured cache entry
btc-updown-15m-1790314200,0x623fd1484e3057e08ab97c3fbac4fb172ffde73942dcc8929e28f6e042086a8d,"[""103944088065692856602483118782360223171801628643636564188839687296988538503029"", ""7235998337020201797658899519387763731966812083150828151834585015369961648500""]",LOCAL_JOURNAL,not_fetched,not_fetched,,,,,,not_fetched,,,,,,False,NOT_FETCHED,not_fetched_offline,cache_lookup,data/polymarket_history/btc-updown-15m-1790314200-93b8d8865c.json,offline mode: no reusable structured cache entry
btc-updown-15m-1790315100,0x818036ddcc38c94a77432ce313ac9b37225687ae8b0073715208ce605b56ff30,"[""105145608978590277487067670674335328902446802374239833641349283205898873244248"", ""85588907100396487652092717884951250947274219139213075430594618778683340703163""]",LOCAL_JOURNAL,not_fetched,not_fetched,,,,,,not_fetched,,,,,,False,NOT_FETCHED,not_fetched_offline,cache_lookup,data/polymarket_history/btc-updown-15m-1790315100-b9e0a1bc0d.json,offline mode: no reusable structured cache entry
btc-updown-15m-1790316000,0xcad6017e20ae3be39f2a45c7f2b9cdf0cb41c25893683b9aa519bad8b65a72c3,"[""22351051085979775958229735149406618233718363768202110253920965159528987994367"", ""83522623456238149773283069241028108836710186893995520006224886780826007015899""]",LOCAL_JOURNAL,not_fetched,not_fetched,,,,,,not_fetched,,,,,,False,NOT_FETCHED,not_fetched_offline,cache_lookup,data/polymarket_history/btc-updown-15m-1790316000-e299f39255.json,offline mode: no reusable structured cache entry
btc-updown-15m-1790316900,0x8009883cd04de393602bb8c80644684f8f9fc3fc375cde1915aef48f19d9c091,"[""100925740837302431011735553310704042782733043998916007908219697916093276690073""]",LOCAL_JOURNAL,not_fetched,not_fetched,,,,,,not_fetched,,,,,,False,NOT_FETCHED,not_fetched_offline,cache_lookup,data/polymarket_history/btc-updown-15m-1790316900-86edc0cf2d.json,offline mode: no reusable structured cache entry
btc-updown-15m-1790317800,0xd9dabe618cb1d4023c8161c3f83150e60aaf85e2dc39c37b7d1a0eb2a8d906df,"[""113215505249229586441962860460245252838541254433544337385419953199226756417210"", ""97626802225799667192432858749499050190266578330899498608251462959416211309002""]",LOCAL_JOURNAL,not_fetched,not_fetched,,,,,,not_fetched,,,,,,False,NOT_FETCHED,not_fetched_offline,cache_lookup,data/polymarket_history/btc-updown-15m-1790317800-173aaf79b2.json,offline mode: no reusable structured cache entry
btc-updown-15m-1790318700,0xbd0c544f63365492171b4e205430d4f9b9731d4cdede19212589fabeb5cc5fdf,"[""66857895856161810432223564808965327926629961554050476781943353050584106420570""]",LOCAL_JOURNAL,not_fetched,not_fetched,,,,,,not_fetched,,,,,,False,NOT_FETCHED,not_fetched_offline,cache_lookup,data/polymarket_history/btc-updown-15m-1790318700-76be4709e5.json,offline mode: no reusable structured cache entry
btc-updown-15m-1790319600,0xc16d51db3070498f7c4190969d4bc213f9f163d6cc95050ea398593fe7272800,"[""5226472662007628398204669118477225916106103146355879798858976984151161426391"", ""56172865700532311386651917188404152911905422260310703113543005040795619288074""]",LOCAL_JOURNAL,not_fetched,not_fetched,,,,,,not_fetched,,,,,,False,NOT_FETCHED,not_fetched_offline,cache_lookup,data/polymarket_history/btc-updown-15m-1790319600-b83f1f9e8d.json,offline mode: no reusable structured cache entry
btc-updown-15m-1790320500,0x13e5eb9a581b84899a81f329d35b5c564ed5e400494e2c3210f2c2f9b20ea72f,"[""89556497748324865402957069373705365933949064079717497165655714324085624556116""]",LOCAL_JOURNAL,not_fetched,not_fetched,,,,,,not_fetched,,,,,,False,NOT_FETCHED,not_fetched_offline,cache_lookup,data/polymarket_history/btc-updown-15m-1790320500-acf7228873.json,offline mode: no reusable structured cache entry
btc-updown-15m-1790321400,0x9bed3e63e2b0cb8a1ab19a5cb069eed33072077d848af9a7e8c3d8e05719dbec,"[""107877992921781520280779538038653850546609833202660796878137187540116358967621"", ""8097580639230034203645245525634497701341070714230162901544035277431071095318""]",LOCAL_JOURNAL,not_fetched,not_fetched,,,,,,not_fetched,,,,,,False,NOT_FETCHED,not_fetched_offline,cache_lookup,data/polymarket_history/btc-updown-15m-1790321400-c2a1941ae3.json,offline mode: no reusable structured cache entry
btc-updown-15m-1790322300,0x1ecde9ec55d852b7002c29cdbc2e2a24c2edc61bd945f9a2e54023c0ee56767d,"[""4412020995721701818153505277478698686295984147156141181072080829312367753458""]",LOCAL_JOURNAL,not_fetched,not_fetched,,,,,,not_fetched,,,,,,False,NOT_FETCHED,not_fetched_offline,cache_lookup,data/polymarket_history/btc-updown-15m-1790322300-bf4107496a.json,offline mode: no reusable structured cache entry
btc-updown-15m-1790323200,0xd859ceea3207559f55c1704a8c63d3aee9f969fe75b29503bc56f3f2695946b2,"[""58975025925128975142117581519264329490661582058487660916136932004466408796711""]",LOCAL_JOURNAL,not_fetched,not_fetched,,,,,,not_fetched,,,,,,False,NOT_FETCHED,not_fetched_offline,cache_lookup,data/polymarket_history/btc-updown-15m-1790323200-c56ab61985.json,offline mode: no reusable structured cache entry
btc-updown-15m-1790324100,0xa4f6cafecda23ed3b811c017a2898b80884f3c7430078ff6100f0bafdb30a016,"[""42139661986747096854720762678237189737835661993524271147761191916782082128785""]",LOCAL_JOURNAL,not_fetched,not_fetched,,,,,,not_fetched,,,,,,False,NOT_FETCHED,not_fetched_offline,cache_lookup,data/polymarket_history/btc-updown-15m-1790324100-1a0e209312.json,offline mode: no reusable structured cache entry
btc-updown-15m-1790325000,0xcec3baa828c6c40adb1a833a6f590ade35278f8b7674903104687bb34fd77afd,"[""72140094007494443123780270198339529563849340182659275164162026226119181461878"", ""82536681012595513645677294541159646582100387594529560182860318836350670090130""]",LOCAL_JOURNAL,not_fetched,not_fetched,,,,,,not_fetched,,,,,,False,NOT_FETCHED,not_fetched_offline,cache_lookup,data/polymarket_history/btc-updown-15m-1790325000-d09326d975.json,offline mode: no reusable structured cache entry
btc-updown-15m-1790325900,0x452e6eee990527f08277e55063e4160675d0ec02d7b4bad0d2bce07f87523d5c,"[""76793836355160811784800323663408460738910197287103864124946060718538097595405"", ""79910657224021442455294254407592262547332300337233603941672401162789447539600""]",LOCAL_JOURNAL,not_fetched,not_fetched,,,,,,not_fetched,,,,,,False,NOT_FETCHED,not_fetched_offline,cache_lookup,data/polymarket_history/btc-updown-15m-1790325900-03230a67fc.json,offline mode: no reusable structured cache entry
btc-updown-15m-1790326800,0x7b92b9e5e7dcfa068e2561039ab22fd056fe3112c9a3244b97f21d3411aeee05,"[""71453493476747192381183250015800176180815854454146630457048141289962522615918""]",LOCAL_JOURNAL,not_fetched,not_fetched,,,,,,not_fetched,,,,,,False,NOT_FETCHED,not_fetched_offline,cache_lookup,data/polymarket_history/btc-updown-15m-1790326800-408fc3255a.json,offline mode: no reusable structured cache entry
btc-updown-15m-1790327700,0x111d86977f251aa70085fea3a1ae48d4c04d4d7af2ffa27629b136aa169f643f,"[""49342561748700143424600064920926997015065711557777950687902137339450659203695"", ""53086627502783612144025928320399107254227786937376829787531153862963634596648""]",LOCAL_JOURNAL,not_fetched,not_fetched,,,,,,not_fetched,,,,,,False,NOT_FETCHED,not_fetched_offline,cache_lookup,data/polymarket_history/btc-updown-15m-1790327700-b9820889ba.json,offline mode: no reusable structured cache entry
btc-updown-15m-1790328600,0xad1e453c22cf29ec59a3bcff198d3b2cac11d45bca3f769a3d8072397d2ad78e,"[""115786148792872326945890479976262920393577764511564246340982574193052850680279"", ""1174577081022007081739004824198129946123230893875458948017466696409157165630""]",LOCAL_JOURNAL,not_fetched,not_fetched,,,,,,not_fetched,,,,,,False,NOT_FETCHED,not_fetched_offline,cache_lookup,data/polymarket_history/btc-updown-15m-1790328600-0451413223.json,offline mode: no reusable structured cache entry
btc-updown-15m-1790329500,0xfa951f2b1e9b39b3bdb6edca73a489acfa5a7f5da94130ae510aa37fbb5782e6,"[""38258507008144231421970305302204853407196099225013173310789465681805905244728"", ""39651929207697537646515413490567172605338409056857267724419381774365730138811""]",LOCAL_JOURNAL,not_fetched,not_fetched,,,,,,not_fetched,,,,,,False,NOT_FETCHED,not_fetched_offline,cache_lookup,data/polymarket_history/btc-updown-15m-1790329500-46032c1d7b.json,offline mode: no reusable structured cache entry
btc-updown-15m-1790330400,0x665d4e605eb327ed4605a98954fd9fbbce8cb0359d2e4263f91a848095572c01,"[""30075541404580522041621340132512820781949760266287424988974995107675903305736"", ""3882376143129391623805576839391854021165917292316908474147247281323442283021""]",LOCAL_JOURNAL,not_fetched,not_fetched,,,,,,not_fetched,,,,,,False,NOT_FETCHED,not_fetched_offline,cache_lookup,data/polymarket_history/btc-updown-15m-1790330400-38a30e7a1c.json,offline mode: no reusable structured cache entry
btc-updown-15m-1790331300,0x412abfad4abd56f620771f6cfe9ad72a5c345b8fe9c9c41f4490b8473924ac46,"[""109352211316981170423882254620122243123664660579343909580806778899494093607173"", ""47476140503187588242778933348140588815228213195861964872414129647360807537510""]",LOCAL_JOURNAL,not_fetched,not_fetched,,,,,,not_fetched,,,,,,False,NOT_FETCHED,not_fetched_offline,cache_lookup,data/polymarket_history/btc-updown-15m-1790331300-fe7dda43f1.json,offline mode: no reusable structured cache entry
btc-updown-15m-1790332200,0xb2e49ba6a6e9de919fc62406bed38139277ab9047aabba80b9f54ccc1b360da6,"[""45541831792028398948768938356952069197343005830449088296475675937582189488492"", ""99874548617067830808205212322406958918164792890461452057914778833184104640300""]",LOCAL_JOURNAL,not_fetched,not_fetched,,,,,,not_fetched,,,,,,False,NOT_FETCHED,not_fetched_offline,cache_lookup,data/polymarket_history/btc-updown-15m-1790332200-17762baad0.json,offline mode: no reusable structured cache entry
btc-updown-15m-1790333100,0x901589721d696f9532f860479cfc9f1058a312b2a8f9297fa3ebed15f86ab885,"[""26054593192442446560510581583036925133445947844347050945503851972790595480855"", ""8230217736823327145674049506979864938683157239737008476032309371962368852604""]",LOCAL_JOURNAL,not_fetched,not_fetched,,,,,,not_fetched,,,,,,False,NOT_FETCHED,not_fetched_offline,cache_lookup,data/polymarket_history/btc-updown-15m-1790333100-63fa04f779.json,offline mode: no reusable structured cache entry
btc-updown-15m-1790334000,0xe5bdffbb2b3db958f4927bdf35cd9b5f1bc9f7970997bfabe61d533be3397d1f,"[""88667147715591809450095137124834512772366764598556917594828809509280084186010""]",LOCAL_JOURNAL,not_fetched,not_fetched,,,,,,not_fetched,,,,,,False,NOT_FETCHED,not_fetched_offline,cache_lookup,data/polymarket_history/btc-updown-15m-1790334000-1381d5dfe9.json,offline mode: no reusable structured cache entry
btc-updown-15m-1790334900,0xae3cf571f2d8657c9b4de057adf7eb3170ab77f15538d054b2ddf226db0c55d8,"[""52965954144463852724167475863386242129594941340964822320700373351125057981121"", ""89285069665507459891963507982323648273633333928391160899248892086506790917949""]",LOCAL_JOURNAL,not_fetched,not_fetched,,,,,,not_fetched,,,,,,False,NOT_FETCHED,not_fetched_offline,cache_lookup,data/polymarket_history/btc-updown-15m-1790334900-8d5cc2b444.json,offline mode: no reusable structured cache entry
btc-updown-15m-1790335800,0x715f5d7cfecab62245ce8fba5f77054903663786012728b57842ee1c5dc90acf,"[""12683446688018243722851680654373807965482118170693072905977436090983225960473"", ""13966147296910393886559738753082037656515747341798099466553522507332944903388""]",LOCAL_JOURNAL,not_fetched,not_fetched,,,,,,not_fetched,,,,,,False,NOT_FETCHED,not_fetched_offline,cache_lookup,data/polymarket_history/btc-updown-15m-1790335800-19d11f3325.json,offline mode: no reusable structured cache entry
btc-updown-15m-1790336700,0xaa20259964dcd109ac25ea4b816d2211af2500e0082cd707745d76f8930c1389,"[""39781841311872079064353798246714059775642724351155410026129655477004293941476"", ""6339635430778887287133740358572626269298465789195808321052012402027747312570""]",LOCAL_JOURNAL,not_fetched,not_fetched,,,,,,not_fetched,,,,,,False,NOT_FETCHED,not_fetched_offline,cache_lookup,data/polymarket_history/btc-updown-15m-1790336700-76f9b49cc0.json,offline mode: no reusable structured cache entry
btc-updown-15m-1790337600,0xc08b76f56c85158a702e36dce8cd0bdbb7828ddecdde69460805d3260c72f1ad,"[""3800186955722816014901960709544099552321175516004351047914365091129158238748"", ""50602387385154699619823562953625997631866049905433592931228947686720995120796""]",LOCAL_JOURNAL,not_fetched,not_fetched,,,,,,not_fetched,,,,,,False,NOT_FETCHED,not_fetched_offline,cache_lookup,data/polymarket_history/btc-updown-15m-1790337600-c2deb3f1d8.json,offline mode: no reusable structured cache entry
btc-updown-15m-1790338500,0x7902764897b07a118fd2340ae05810d6181d787a1a701b5172ab5096fbb91fd8,"[""3816000172476204157226599759268508869530395828804906903678507559883134361226"", ""990657402628464600279635899702169418886182849756548140133490426311888275101""]",LOCAL_JOURNAL,not_fetched,not_fetched,,,,,,not_fetched,,,,,,False,NOT_FETCHED,not_fetched_offline,cache_lookup,data/polymarket_history/btc-updown-15m-1790338500-50ae456e10.json,offline mode: no reusable structured cache entry
btc-updown-15m-1790339400,0xc78456fec6bfd3a55d51e71fb23acd780ba1747d3d077bc503fbcb1a988f310a,"[""56551524294041850432482192304648669144104242797653198715656768322809287517871"", ""65980095437885644817031072603873270614757455220399879435244995295540468470421""]",LOCAL_JOURNAL,not_fetched,not_fetched,,,,,,not_fetched,,,,,,False,NOT_FETCHED,not_fetched_offline,cache_lookup,data/polymarket_history/btc-updown-15m-1790339400-fe57b03ce3.json,offline mode: no reusable structured cache entry
btc-updown-15m-1790340300,0xabc9372b64480ff6ebef404ac6c4baf1d1b710b94378e26f341ef971069d869c,"[""77457683392161434295748782816634920566241685895005355191598269662688420770673"", ""94415791971959474897650410790387066707797298746195626425678896818875995456890""]",LOCAL_JOURNAL,not_fetched,not_fetched,,,,,,not_fetched,,,,,,False,NOT_FETCHED,not_fetched_offline,cache_lookup,data/polymarket_history/btc-updown-15m-1790340300-579b3c0d1a.json,offline mode: no reusable structured cache entry
btc-updown-15m-1790341200,0x7e6f54296fa6cdac631b4a4f827f83803885099be0aa698ae147107b7c9b42ea,"[""24526310302696277279067221662334546792434574359106743986485579654425765349910"", ""75970907658824457798309433222051688446130399861017545436521871369295919118635""]",LOCAL_JOURNAL,not_fetched,not_fetched,,,,,,not_fetched,,,,,,False,NOT_FETCHED,not_fetched_offline,cache_lookup,data/polymarket_history/btc-updown-15m-1790341200-749a9fe1b8.json,offline mode: no reusable structured cache entry
btc-updown-15m-1790342100,0x73d3d3a15108fc883ac0d0a7804f374581cd45a0ff9f0597fc0b2fcace2f87d0,"[""2012355698265229375683463903924029688466247056844028418902845004783913925058"", ""27949909284273728440542856041206308074701331898894797767200057613280317967115""]",LOCAL_JOURNAL,not_fetched,not_fetched,,,,,,not_fetched,,,,,,False,NOT_FETCHED,not_fetched_offline,cache_lookup,data/polymarket_history/btc-updown-15m-1790342100-cd4790a4e3.json,offline mode: no reusable structured cache entry
btc-updown-15m-1790343000,0xe2dcc50d21686cdfbf35a46cd8ecd4ed5d580773041acb967b137057c042382c,"[""20100404930707144165248058199472042101327704761878886999613379978886455406456"", ""87826093640746074270281538217422846502707418851155992356137669584769677751883""]",LOCAL_JOURNAL,not_fetched,not_fetched,,,,,,not_fetched,,,,,,False,NOT_FETCHED,not_fetched_offline,cache_lookup,data/polymarket_history/btc-updown-15m-1790343000-f3962954bb.json,offline mode: no reusable structured cache entry
btc-updown-15m-1790343900,0xa3756b32ff6de37f0c846859382253f818ac3b7efb130db5b6b55b2dc0c4b83a,"[""17953044984647635628184258223021194232802263816834995906933128052561482717506"", ""34357824520292923635083476929901111303983009356903453011318512556171385085856""]",LOCAL_JOURNAL,not_fetched,not_fetched,,,,,,not_fetched,,,,,,False,NOT_FETCHED,not_fetched_offline,cache_lookup,data/polymarket_history/btc-updown-15m-1790343900-640289fbfd.json,offline mode: no reusable structured cache entry
btc-updown-15m-1790344800,0x655dad301709d69267f9b7238b9a2ff399fd9026e6b86dd1b19960ec2324eb31,"[""14907775083642634134281241402703673487197768234604825881484144642078890043010"", ""17519917609064028039922751017698865115055367835948512236676682056824573310935""]",LOCAL_JOURNAL,not_fetched,not_fetched,,,,,,not_fetched,,,,,,False,NOT_FETCHED,not_fetched_offline,cache_lookup,data/polymarket_history/btc-updown-15m-1790344800-8808cf193c.json,offline mode: no reusable structured cache entry
btc-updown-15m-1790345700,0xcf92f3f48b277e1675eb040f3ac467d14b24edeacf18b8c1b448f3932195bb10,"[""18174881615168452916730507072018979897042779803992980975553958113925314181091"", ""42755809873503971395437782450364411780369002113306203897459534062029683692193""]",LOCAL_JOURNAL,not_fetched,not_fetched,,,,,,not_fetched,,,,,,False,NOT_FETCHED,not_fetched_offline,cache_lookup,data/polymarket_history/btc-updown-15m-1790345700-559bd96b1f.json,offline mode: no reusable structured cache entry
btc-updown-15m-1790346600,0x2916ccf9f6b7b46f44a7acb2153b14d02188cc8f41c7e6e51c7af818bf5a72ca,"[""70703465373463742835254074451344313941317055091816329260054744507336746965633""]",LOCAL_JOURNAL,not_fetched,not_fetched,,,,,,not_fetched,,,,,,False,NOT_FETCHED,not_fetched_offline,cache_lookup,data/polymarket_history/btc-updown-15m-1790346600-49b47b6bf1.json,offline mode: no reusable structured cache entry
btc-updown-15m-1790347500,0x13b9b3e061fcfb6fe36fe4b08ce5f7af517ab51e387233da3e92538e6f583689,"[""110037064739304892093429361493976676710973542252055824803077684796217878726932""]",LOCAL_JOURNAL,not_fetched,not_fetched,,,,,,not_fetched,,,,,,False,NOT_FETCHED,not_fetched_offline,cache_lookup,data/polymarket_history/btc-updown-15m-1790347500-a343c54ba4.json,offline mode: no reusable structured cache entry
