analytic_p_up,approx_replacement_pressure_bps_per_sec,best_ask,best_ask_down,best_ask_up,best_bid,best_bid_down,best_bid_up,checkpoint_capture_lag_sec,checkpoint_sec,conditioning_mode,crossing_eta_confidence,currently_dominant_side,data_quality,empirical_resolution_note,empirical_sample_count,empirical_window_end,empirical_window_start,event_type,executable_buy_probability_down,executable_buy_probability_up,executable_sell_probability_down,executable_sell_probability_up,fast_spot,fast_spot_source,final_window_integral_clock,final_window_integral_source,historical_horizon_sec,market_age_receive_sec,market_age_source_sec,market_bbo_age_sec,market_bbo_down_age_sec,market_bbo_down_unavailable_reason,market_bbo_up_age_sec,market_bbo_up_unavailable_reason,market_mid_probability_down,market_mid_probability_up,market_slug,market_start_ts,model_minus_best_ask_down,model_minus_best_ask_up,model_minus_best_bid_down,model_minus_best_bid_up,model_minus_market_mid_down,model_minus_market_mid_up,observed_final_window_avg,observed_final_window_sec,observed_ts,official_current_twap,p_down_ex_market,p_down_market_conditioned,p_up_empirical,p_up_empirical_vol_conditioned,p_up_ex_market,p_up_market_conditioned,path_boundary_proxy,path_boundary_proxy_source,path_spot,path_spot_age_sec,path_spot_side,path_spot_source,probability_model_mode,probability_model_version,projected_crossing_eta_sec,projected_settlement_side_flat,projected_settlement_side_trend,projected_settlement_twap_flat,projected_settlement_twap_flat_bps_vs_strike,projected_settlement_twap_trend,projected_settlement_twap_trend_bps_vs_strike,remaining_avg_decision_boundary,remaining_final_window_sec,required_avg_for_down,required_avg_for_up,required_future_avg_basis,required_future_avg_is_exact_partial_integral,required_future_avg_to_flip,required_move_bps,required_move_mode,required_move_mode_group,required_move_sigma,required_move_usd,required_path_mode,settlement_path_side_divergence,settlement_reference_is_canonical,settlement_side,settlement_state_side,sigma_after_time_decay_ex_market,sigma_ex_market,sigma_ex_market_age_sec,sigma_ex_market_available,sigma_ex_market_fresh,sigma_ex_market_sample_count,sigma_ex_market_source,sigma_ex_market_window_sec,sigma_final,sigma_implied_floor_applied,source_ts,spot_minus_twap_bps,strike,time_left_sec,twap_minus_strike_bps,twap_required_path_math_mode,twap_slope_10s_bps_per_sec,twap_slope_5s_bps_per_sec,vol_conditioning_fallback,vol_empirical_sample_count,volatility_regime
,-0.00011305828050611622,,,,,,,,120,UNAVAILABLE,MEDIUM,,,required_move_unavailable,0,,,TMINUS_CHECKPOINT,,,,,83072.8,binance_ws,,,120,,,,,,,,,,btc-updown-15m-1790595000,,,,,,,,,,1790595780.1671062,83046.33780130658,,,,,,,,,,,,,,,,UP,UP,83072.8,10.607483844974869,83072.68745213213,10.593921372922123,,,,,,,,,,UNAVAILABLE,,,,,True,UP,,,,,,,,,,,,1790595779.0,3.186437764027103,82984.77403500448,119.83289384841919,7.418682164047083,,-0.009277915424618645,-0.00931293684115758,,,
,-0.0205597718845893,,,,,,,,60,UNAVAILABLE,HIGH,,,required_move_unavailable,0,,,TMINUS_CHECKPOINT,,,,,83088.24,binance_ws,,,60,,,,,,,,,,btc-updown-15m-1790595000,,,,,,,,,,1790595840.852287,83057.60491351114,,,,,,,,,,,,,,,,UP,UP,83087.80483520642,12.415627011104986,83077.84430368754,11.21534278611241,,,,,,,,,,UNAVAILABLE,,,,,True,UP,,,,,,,,,,,,1790595840.0,3.6884143867101202,82984.77403500448,59.14771294593811,8.776414631909542,,0.03109598591859873,0.03453653566105235,,,
,-0.11342640166917595,,,,,,,,30,UNAVAILABLE,MEDIUM,,,required_move_unavailable,0,,,TMINUS_CHECKPOINT,,,,,83077.52,binance_ws,,,,,,,,,,,,,btc-updown-15m-1790595000,,,,,,,,,,1790595870.2633758,83057.00558325581,,,,,,,,,,,,,,,,UP,UP,83067.17274162652,9.929376512767217,83053.28505979797,8.255854834838297,,,,,,,,,,UNAVAILABLE,,,,,True,UP,,,,,,,,,,,,1790595869.0,2.4699200988670573,82984.77403500448,29.736624240875244,8.704192918675869,,-0.029210335340803077,-0.043671448179950764,,,
,-0.00012325305954046962,,,,,,,,15,UNAVAILABLE,MEDIUM,,,required_move_unavailable,0,,,TMINUS_CHECKPOINT,,,,,83077.51,binance_ws,,,,,,,,,,,,,btc-updown-15m-1790595000,,,,,,,,,,1790595885.836292,83048.74354109161,,,,,,,,,,,,,,,,UP,UP,83055.53420314752,8.526885680642359,83055.5307795409,8.526473122235203,,,,,,,,,,UNAVAILABLE,,,,,True,UP,,,,,,,,,,,,1790595885.0,3.463804228917172,82984.77403500448,14.163707971572876,7.708583511976236,,-0.054172848630816096,-0.051676090804116524,,,
,0.0,,,,,,,,10,UNAVAILABLE,MEDIUM,,,required_move_unavailable,0,,,TMINUS_CHECKPOINT,,,,,83077.51,binance_ws,,,,,,,,,,,,,btc-updown-15m-1790595000,,,,,,,,,,1790595890.2062268,83047.23340248423,,,,,,,,,,,,,,,,UP,UP,83052.1754379602,8.122140927598249,83052.1754379602,8.122140927598249,,,,,,,,,,UNAVAILABLE,,,,,True,UP,,,,,,,,,,,,1790595889.0,3.6457081440682884,82984.77403500448,9.793773174285889,7.526605718465394,,-0.04991422047014712,-0.04375258335628365,,,
,0.0001242522548250551,,,,,,,,5,UNAVAILABLE,MEDIUM,,,required_move_unavailable,0,,,TMINUS_CHECKPOINT,,,,,83077.52,binance_ws,,,,,,,,,,,,,btc-updown-15m-1790595000,,,,,,,,,,1790595895.523804,83045.876897234,,,,,,,,,,,,,,,,UP,UP,83048.23757609453,7.647612688958876,83048.23792080522,7.6476542279874185,,,,,,,,,,UNAVAILABLE,,,,,True,UP,,,,,,,,,,,,1790595894.0,3.810315929970788,82984.77403500448,4.476196050643921,7.363141364192102,,-0.035631033927850664,-0.0282147490300886,,,
,-0.06584256732046918,,,,,,,,120,UNAVAILABLE,HIGH,,,required_move_unavailable,0,,,TMINUS_CHECKPOINT,,,,,83080.53,binance_ws,,,120,,,,,,,,,,btc-updown-15m-1790595900,,,,,,,,,,1790596680.530328,83035.68909864809,,,,,,,,,,,,,,,17.21342448390245,UP,DOWN,83080.53,4.296791885478898,83015.17727724416,-3.5727779717090327,,,,,,,,,,UNAVAILABLE,,,,,True,UP,,,,,,,,,,,,1790596679.0,5.400196209444432,83044.8473573744,119.46967196464539,-1.102808785583169,,0.06406678616532621,0.059774634880953206,,,
,0.00012215082212551365,,,,,,,,60,UNAVAILABLE,MEDIUM,,,required_move_unavailable,0,,,TMINUS_CHECKPOINT,,,,,83082.02,binance_ws,,,60,,,,,,,,,,btc-updown-15m-1790595900,,,,,,,,,,1790596740.581103,83050.14483414093,,,,,,,,,,,,,,,,UP,UP,83081.71128737896,4.439038805853721,83081.77100484361,4.44622979560821,,,,,,,,,,UNAVAILABLE,,,,,True,UP,,,,,,,,,,,,1790596740.0,3.8380626454927764,83044.8473573744,59.41889691352844,0.6379055335889501,,-0.00957069472600161,-0.005876379571549927,,,
,-0.02498559103456783,,,,,,,,30,UNAVAILABLE,MEDIUM,,,required_move_unavailable,0,,,TMINUS_CHECKPOINT,,,,,83080.01,binance_ws,,,,,,,,,,,,,btc-updown-15m-1790595900,,,,,,,,,,1790596770.659093,83049.05742415767,,,,,,,,,,,,,,,,UP,UP,83064.19370169431,2.3296260918695215,83061.215308784,1.9709773610837789,,,,,,,,,,UNAVAILABLE,,,,,True,UP,,,,,,,,,,,,1790596770.0,3.7270231357657932,83044.8473573744,29.340907096862793,0.5069630347015617,,-0.0035687405698749623,-0.007665259454091221,,,
,-0.00012082097163037166,,,,,,,,15,UNAVAILABLE,MEDIUM,,,required_move_unavailable,0,,,TMINUS_CHECKPOINT,,,,,83080.0,binance_ws,,,,,,,,,,,,,btc-updown-15m-1790595900,,,,,,,,,,1790596785.940105,83048.33609945589,,,,,,,,,,,,,,,,UP,UP,83055.75595142526,1.3135786744152302,83055.75264429183,1.313180439781261,,,,,,,,,,UNAVAILABLE,,,,,True,UP,,,,,,,,,,,,1790596785.0,3.812707398037801,83044.8473573744,14.059895038604736,0.42010337697100647,,-0.0029427687882099783,-0.0018603542948670106,,,
,0.0,,,,,,,,10,UNAVAILABLE,MEDIUM,,,required_move_unavailable,0,,,TMINUS_CHECKPOINT,,,,,83080.01,binance_ws,,,,,,,,,,,,,btc-updown-15m-1790595900,,,,,,,,,,1790596790.084547,83048.21972369355,,,,,,,,,,,,,,,,UP,UP,83053.47330684707,1.0387097751590313,83053.47330684707,1.0387097751590313,,,,,,,,,,UNAVAILABLE,,,,,True,UP,,,,,,,,,,,,1790596789.0,3.82792989569494,83044.8473573744,9.91545295715332,0.40608977275020086,,-0.0024559006424313724,-0.0030721628784374203,,,
,0.029966914092087314,,,,,,,,5,UNAVAILABLE,MEDIUM,,,required_move_unavailable,0,,,TMINUS_CHECKPOINT,,,,,83082.53,binance_ws,,,,,,,,,,,,,btc-updown-15m-1790595900,,,,,,,,,,1790596796.102171,83048.0302282443,,,,,,,,,,,,,,,,UP,UP,83050.27146512375,0.6531540392878361,83050.33450945799,0.660745640241129,,,,,,,,,,UNAVAILABLE,,,,,True,UP,,,,,,,,,,,,1790596795.0,4.154195067708177,83044.8473573744,3.897829055786133,0.38327132521511653,,-0.0036243126699068233,-0.0034667827371371563,,,
,-0.41572787140332873,,,,,,,,120,UNAVAILABLE,HIGH,,,required_move_unavailable,0,,,TMINUS_CHECKPOINT,,,,,83352.59,binance_ws,,,120,,,,,,,,,,btc-updown-15m-1790596800,,,,,,,,,,1790597580.642734,83360.69191094588,,,,,,,,,,,,,,,,UP,UP,83352.59,36.64395079563394,83144.208525,11.552340918644857,,,,,,,,,,UNAVAILABLE,,,,,True,UP,,,,,,,,,,,,1790597580.0,-0.9719102325274893,83048.26833415008,119.35726594924927,37.61951730754283,,-0.1099048502963411,-0.11161430711449463,,,
,0.24808894527191905,,,,,,,,60,UNAVAILABLE,MEDIUM,,,required_move_unavailable,0,,,TMINUS_CHECKPOINT,,,,,83326.73,binance_ws,,,60,,,,,,,,,,btc-updown-15m-1790596800,,,,,,,,,,1790597640.013986,83299.49199847845,,,,,,,,,,,,,,,,UP,UP,83326.7236507716,33.529334471025216,83450.70047545478,48.45761981279272,,,,,,,,,,UNAVAILABLE,,,,,True,UP,,,,,,,,,,,,1790597639.0,3.2698880711112595,83048.26833415008,59.986013889312744,30.250319406728636,,-0.1516234229079468,-0.14317260094930084,,,
,-0.31239375992154833,,,,,,,,30,UNAVAILABLE,MEDIUM,,,required_move_unavailable,0,,,TMINUS_CHECKPOINT,,,,,83316.48,binance_ws,,,,,,,,,,,,,btc-updown-15m-1790596800,,,,,,,,,,1790597670.9717162,83290.46146798058,,,,,,,,,,,,,,,,UP,UP,83303.04935685417,30.678667697075568,83266.4962130493,26.277234104527317,,,,,,,,,,UNAVAILABLE,,,,,True,UP,,,,,,,,,,,,1790597670.0,3.1238309358412795,83048.26833415008,29.028283834457397,29.162936047747905,,-0.008396896019631932,-0.012736954065315699,,,
,0.17801713629168892,,,,,,,,15,UNAVAILABLE,HIGH,,,required_move_unavailable,0,,,TMINUS_CHECKPOINT,,,,,83350.66,binance_ws,,,,,,,,,,,,,btc-updown-15m-1790596800,,,,,,,,,,1790597686.005535,83297.45530116449,,,,,,,,,,,,,,,,UP,UP,83309.86482285924,31.49933092603446,83314.70802070768,32.08250959376593,,,,,,,,,,UNAVAILABLE,,,,,True,UP,,,,,,,,,,,,1790597685.0,6.3873138312748114,83048.26833415008,13.994465112686157,30.005076808078382,,0.07587007668800275,0.08921826435512073,,,
,0.00821840792922555,,,,,,,,10,UNAVAILABLE,HIGH,,,required_move_unavailable,0,,,TMINUS_CHECKPOINT,,,,,83350.68,binance_ws,,,,,,,,,,,,,btc-updown-15m-1790596800,,,,,,,,,,1790597691.0914612,83301.21371281144,,,,,,,,,,,,,,,,UP,UP,83308.5582518051,31.34200421948827,83308.64885813609,31.35291430019429,,,,,,,,,,UNAVAILABLE,,,,,True,UP,,,,,,,,,,,,1790597690.0,5.938243272073361,83048.26833415008,8.908538818359375,30.457634305343145,,0.08896296208589052,0.08871612192432998,,,
,0.4082629237136935,,,,,,,,5,UNAVAILABLE,HIGH,,,required_move_unavailable,0,,,TMINUS_CHECKPOINT,,,,,83383.91,binance_ws,,,,,,,,,,,,,btc-updown-15m-1790596800,,,,,,,,,,1790597695.776617,83304.85723007287,,,,,,,,,,,,,,,,UP,UP,83310.42173208366,31.566389425338166,83311.43375855318,31.688249458041962,,,,,,,,,,UNAVAILABLE,,,,,True,UP,,,,,,,,,,,,1790597695.0,9.489575104702197,83048.26833415008,4.223382949829102,30.8963571510475,,0.09094325836964708,0.0933566928207448,,,
,0.0,,,,,,,,120,UNAVAILABLE,HIGH,,,noncanonical_or_missing_settlement_label,0,,,TMINUS_CHECKPOINT,,,,,83380.0,binance_ws,,,120,,,,,,,,,,btc-updown-15m-1790597700,,,,,,,,,,1790598480.484208,83347.06248172582,,,,,,,,,,,,,,,,UP,UP,83380.0,8.443652526876736,83380.0,8.443652526876736,,,,,,,,,,UNAVAILABLE,,,,,False,UP,,,,,,,,,,,,1790598480.0,3.951851126294896,83309.65622107357,119.51579189300537,4.490027008752676,,0.0010097625609434093,0.013692035007058331,,,
,-0.2965959417633832,,,,,,,,60,UNAVAILABLE,HIGH,,,noncanonical_or_missing_settlement_label,0,,,TMINUS_CHECKPOINT,,,,,83363.94,binance_ws,,,60,,,,,,,,,,btc-updown-15m-1790597700,,,,,,,,,,1790598540.63799,83362.17516395601,,,,,,,,,,,,,,,,UP,DOWN,83363.92123420427,6.513652269395779,83218.70693547097,-10.917016073294187,,,,,,,,,,UNAVAILABLE,,,,,False,UP,,,,,,,,,,,,1790598540.0,0.21170705305062648,83309.65622107357,59.36201000213623,6.304064290348129,,0.006207751522307229,-0.0005222148949156283,,,
,0.0,,,,,,,,30,UNAVAILABLE,MEDIUM,,,noncanonical_or_missing_settlement_label,0,,,TMINUS_CHECKPOINT,,,,,83369.71,binance_ws,,,,,,,,,,,,,btc-updown-15m-1790597700,,,,,,,,,,1790598570.545524,83351.68836408218,,,,,,,,,,,,,,,,UP,UP,83360.53532816135,6.107228068828311,83360.53532816135,6.107228068828311,,,,,,,,,,UNAVAILABLE,,,,,False,UP,,,,,,,,,,,,1790598570.0,2.162120080772545,83309.65622107357,29.45447611808777,5.045290655991212,,-0.03308759993051446,-0.026431072717119055,,,
,-0.00011673994067298057,,,,,,,,15,UNAVAILABLE,MEDIUM,,,noncanonical_or_missing_settlement_label,0,,,TMINUS_CHECKPOINT,,,,,83369.7,binance_ws,,,,,,,,,,,,,btc-updown-15m-1790597700,,,,,,,,,,1790598585.8374531,83346.77771199816,,,,,,,,,,,,,,,,UP,UP,83352.18834496924,5.105305414153039,83352.18509140656,5.104914875670249,,,,,,,,,,UNAVAILABLE,,,,,False,UP,,,,,,,,,,,,1790598585.0,2.7502308584797084,83309.65622107357,14.162546873092651,4.455844929438244,,-0.03939687287650936,-0.03462295979277952,,,
,0.0,,,,,,,,10,UNAVAILABLE,MEDIUM,,,noncanonical_or_missing_settlement_label,0,,,TMINUS_CHECKPOINT,,,,,83369.71,binance_ws,,,,,,,,,,,,,btc-updown-15m-1790597700,,,,,,,,,,1790598590.891671,83345.22587909247,,,,,,,,,,,,,,,,UP,UP,83348.94270292437,4.715717677017302,83348.94270292437,4.715717677017302,,,,,,,,,,UNAVAILABLE,,,,,False,UP,,,,,,,,,,,,1790598590.0,2.9376752716534886,83309.65622107357,9.108329057693481,4.269572055909415,,-0.03574596422762163,-0.03683852120991331,,,
,0.0,,,,,,,,5,UNAVAILABLE,MEDIUM,,,noncanonical_or_missing_settlement_label,0,,,TMINUS_CHECKPOINT,,,,,83369.7,binance_ws,,,,,,,,,,,,,btc-updown-15m-1790597700,,,,,,,,,,1790598595.218595,83344.42802643534,,,,,,,,,,,,,,,,UP,UP,83346.44195210295,4.415542291010732,83346.44195210295,4.415542291010732,,,,,,,,,,UNAVAILABLE,,,,,False,UP,,,,,,,,,,,,1790598595.0,3.0322331274079892,83309.65622107357,4.781404972076416,4.173802526503704,,-0.030051435972439554,-0.022123951211410055,,,
,,,,,,,,,120,UNAVAILABLE,UNAVAILABLE,,,noncanonical_or_missing_settlement_label,0,,,TMINUS_CHECKPOINT,,,,,,binance_ws,,,120,,,,,,,,,,btc-updown-15m-1790598600,,,,,,,,,,1790599390.17361,83253.41006884129,,,,,,,,,,,,,,,,DOWN,DOWN,83253.41006884129,-10.823714461659714,83253.41006884129,-10.823714461659714,,,,,,,,,,UNAVAILABLE,,,,,False,UP,,,,,,,,,,,,1790599390.0,,83343.61882207444,109.82639002799988,-10.823714461659714,,,,,,
,0.0,,,,,,,,60,UNAVAILABLE,HIGH,,,noncanonical_or_missing_settlement_label,0,,,TMINUS_CHECKPOINT,,,,,83284.37,binance_ws,,,60,,,,,,,,,,btc-updown-15m-1790598600,,,,,,,,,,1790599440.6999922,83258.598308693,,,,,,,,,,,,,,,,DOWN,DOWN,83284.06933362705,-7.145056728880204,83284.06933362705,-7.145056728880204,,,,,,,,,,UNAVAILABLE,,,,,False,UP,,,,,,,,,,,,1790599440.0,3.0953789555100326,83343.61882207444,59.300007820129395,-10.201202513529514,,0.02560544429685365,0.022083951281779052,,,
,0.0,,,,,,,,30,UNAVAILABLE,HIGH,,,noncanonical_or_missing_settlement_label,0,,,TMINUS_CHECKPOINT,,,,,83299.91,binance_ws,,,,,,,,,,,,,btc-updown-15m-1790598600,,,,,,,,,,1790599470.722537,83262.08778939802,,,,,,,,,,,,,,,,DOWN,DOWN,83280.54342889698,-7.56811308039226,83280.54342889698,-7.56811308039226,,,,,,,,,,UNAVAILABLE,,,,,False,UP,,,,,,,,,,,,1790599470.0,4.542548908652292,83343.61882207444,29.27746295928955,-9.782516505610358,,0.011806718517674755,0.019159925897509162,,,
,0.06041562668796138,,,,,,,,15,UNAVAILABLE,HIGH,,,noncanonical_or_missing_settlement_label,0,,,TMINUS_CHECKPOINT,,,,,83304.99,binance_ws,,,,,,,,,,,,,btc-updown-15m-1790598600,,,,,,,,,,1790599485.6585119,83265.60978638414,,,,,,,,,,,,,,,,DOWN,DOWN,83275.02263414832,-8.230526691259092,83276.74790579897,-8.02351964320523,,,,,,,,,,UNAVAILABLE,,,,,False,UP,,,,,,,,,,,,1790599485.0,4.7294691910487066,83343.61882207444,14.341488122940063,-9.359929025500538,,0.029709109568390336,0.02936131013215777,,,
,0.14848253227751476,,,,,,,,10,UNAVAILABLE,HIGH,,,noncanonical_or_missing_settlement_label,0,,,TMINUS_CHECKPOINT,,,,,83312.5,binance_ws,,,,,,,,,,,,,btc-updown-15m-1790598600,,,,,,,,,,1790599490.518241,83266.82540107687,,,,,,,,,,,,,,,,DOWN,DOWN,83274.04332678803,-8.348029071660479,83275.89691011196,-8.125626523015892,,,,,,,,,,UNAVAILABLE,,,,,False,UP,,,,,,,,,,,,1790599490.0,5.485329685997211,83343.61882207444,9.481759071350098,-9.214073264746192,,0.029686162419382423,0.030041265071119302,,,
,0.4363445077155547,,,,,,,,5,UNAVAILABLE,HIGH,,,noncanonical_or_missing_settlement_label,0,,,TMINUS_CHECKPOINT,,,,,83340.92,binance_ws,,,,,,,,,,,,,btc-updown-15m-1790598600,,,,,,,,,,1790599495.543057,83269.07738420217,,,,,,,,,,,,,,,,DOWN,DOWN,83274.4140249706,-8.303550779524159,83275.61798126186,-8.159093854293788,,,,,,,,,,UNAVAILABLE,,,,,False,UP,,,,,,,,,,,,1790599495.0,8.627766519657872,83343.61882207444,4.456943035125732,-8.943868639949063,,0.0421314462389966,0.05382362677187076,,,
,-0.15648313530168464,,,,,,,,120,UNAVAILABLE,HIGH,,,required_move_unavailable,0,,,TMINUS_CHECKPOINT,,,,,83596.54,binance_ws,,,120,,,,,,,,,,btc-updown-15m-1790599500,,,,,,,,,,1790600280.0518432,83529.05577712605,,,,,,,,,,,,,,,,UP,UP,83596.54,38.90843629038992,83439.63043421714,20.06554203098245,,,,,,,,,,UNAVAILABLE,,,,,True,UP,,,,,,,,,,,,1790600279.0,8.07913153645818,83272.5395699404,119.94815683364868,30.804417459875513,,0.12100904816295797,0.11930894334938937,,,
,0.0,,,,,,,,60,UNAVAILABLE,MEDIUM,,,required_move_unavailable,0,,,TMINUS_CHECKPOINT,,,,,83596.09,binance_ws,,,60,,,,,,,,,,btc-updown-15m-1790599500,,,,,,,,,,1790600340.023714,83567.72811605688,,,,,,,,,,,,,,,,UP,UP,83596.07879040709,38.85305073408306,83596.07879040709,38.85305073408306,,,,,,,,,,UNAVAILABLE,,,,,True,UP,,,,,,,,,,,,1790600339.0,3.393879980048141,83272.5395699404,59.97628593444824,35.448486096494356,,-0.023611103600133587,-0.033856059964084945,,,
,0.11538857168325078,,,,,,,,30,UNAVAILABLE,HIGH,,,required_move_unavailable,0,,,TMINUS_CHECKPOINT,,,,,83553.9,binance_ws,,,,,,,,,,,,,btc-updown-15m-1790599500,,,,,,,,,,1790600370.750169,83557.86940905762,,,,,,,,,,,,,,,,UP,UP,83555.93433332509,34.03219895157292,83569.68187340004,35.68310814035812,,,,,,,,,,UNAVAILABLE,,,,,True,UP,,,,,,,,,,,,1790600370.0,-0.47504909898803643,83272.5395699404,29.249830961227417,34.264577565520916,,-0.06913475969373423,-0.08663669058535142,,,
,0.00012673075380624315,,,,,,,,15,UNAVAILABLE,MEDIUM,,,required_move_unavailable,0,,,TMINUS_CHECKPOINT,,,,,83555.25,binance_ws,,,,,,,,,,,,,btc-updown-15m-1790599500,,,,,,,,,,1790600385.408366,83547.46156835374,,,,,,,,,,,,,,,,UP,UP,83549.35566742523,33.24218270686228,83549.359425041,33.242633949946296,,,,,,,,,,UNAVAILABLE,,,,,True,UP,,,,,,,,,,,,1790600385.0,0.9322164312418139,83272.5395699404,14.591634035110474,33.014724882076806,,-0.08599871298873288,-0.08223620729164038,,,
,0.014048761037313343,,,,,,,,10,UNAVAILABLE,MEDIUM,,,required_move_unavailable,0,,,TMINUS_CHECKPOINT,,,,,83556.41,binance_ws,,,,,,,,,,,,,btc-updown-15m-1790599500,,,,,,,,,,1790600390.314721,83543.93127507642,,,,,,,,,,,,,,,,UP,UP,83545.94560726154,32.83267674231501,83546.12913039226,32.85471559589837,,,,,,,,,,UNAVAILABLE,,,,,True,UP,,,,,,,,,,,,1790600390.0,1.493672219289694,83272.5395699404,9.68527889251709,32.590780410638956,,-0.08416416190424017,-0.08612288018684038,,,
,0.01391088799681038,,,,,,,,5,UNAVAILABLE,MEDIUM,,,required_move_unavailable,0,,,TMINUS_CHECKPOINT,,,,,83556.42,binance_ws,,,,,,,,,,,,,btc-updown-15m-1790599500,,,,,,,,,,1790600395.4743738,83540.94895120077,,,,,,,,,,,,,,,,UP,UP,83542.11588759272,32.37277487207075,83542.15556477151,32.37753960952046,,,,,,,,,,UNAVAILABLE,,,,,True,UP,,,,,,,,,,,,1790600395.0,1.8519120255942174,83272.5395699404,4.525626182556152,32.23264027332029,,-0.07743994300504675,-0.06918619185989282,,,
,0.0,,,,,,,,120,UNAVAILABLE,MEDIUM,,,required_move_unavailable,0,,,TMINUS_CHECKPOINT,,,,,83359.64,binance_ws,,,120,,,,,,,,,,btc-updown-15m-1790600400,,,,,,,,,,1790601180.974817,83339.81705395841,,,,,,,,,,,,,,,,DOWN,DOWN,83359.64,-21.35088643944314,83359.64,-21.35088643944314,,,,,,,,,,UNAVAILABLE,,,,,True,DOWN,,,,,,,,,,,,1790601180.0,2.37856846130941,83538.00103735266,119.0251829624176,-23.723812029644975,,-0.008636804053910182,-0.012064398444282514,,,
,0.0,,,,,,,,60,UNAVAILABLE,HIGH,,,required_move_unavailable,0,,,TMINUS_CHECKPOINT,,,,,83372.01,binance_ws,,,60,,,,,,,,,,btc-updown-15m-1790600400,,,,,,,,,,1790601240.91746,83342.05685072589,,,,,,,,,,,,,,,,DOWN,DOWN,83371.55198641204,-19.924950187183573,83371.55198641204,-19.924950187183573,,,,,,,,,,UNAVAILABLE,,,,,True,DOWN,,,,,,,,,,,,1790601240.0,3.594001684859455,83538.00103735266,59.0825400352478,-23.45569491651624,,0.025782046578356022,0.028553715541995775,,,
,0.0,,,,,,,,30,UNAVAILABLE,HIGH,,,required_move_unavailable,0,,,TMINUS_CHECKPOINT,,,,,83402.0,binance_ws,,,,,,,,,,,,,btc-updown-15m-1790600400,,,,,,,,,,1790601272.053388,83354.69944765574,,,,,,,,,,,,,,,,DOWN,DOWN,83376.73095062464,-19.304997094185335,83376.73095062464,-19.304997094185335,,,,,,,,,,UNAVAILABLE,,,,,True,DOWN,,,,,,,,,,,,1790601271.0,5.674611348572524,83538.00103735266,27.946611881256104,-21.94230020119246,,0.06656592344379644,0.0695966804007301,,,
,0.0,,,,,,,,15,UNAVAILABLE,HIGH,,,required_move_unavailable,0,,,TMINUS_CHECKPOINT,,,,,83402.01,binance_ws,,,,,,,,,,,,,btc-updown-15m-1790600400,,,,,,,,,,1790601286.028321,83361.02244657541,,,,,,,,,,,,,,,,DOWN,DOWN,83370.56686221385,-20.042875465016817,83370.56686221385,-20.042875465016817,,,,,,,,,,UNAVAILABLE,,,,,True,DOWN,,,,,,,,,,,,1790601285.0,4.9168726848152495,83538.00103735266,13.971678972244263,-21.18539928889496,,0.05945252014104491,0.05402263072224504,,,
,0.00011187813842378941,,,,,,,,10,UNAVAILABLE,HIGH,,,required_move_unavailable,0,,,TMINUS_CHECKPOINT,,,,,83402.01,binance_ws,,,,,,,,,,,,,btc-updown-15m-1790600400,,,,,,,,,,1790601290.0881972,83362.42003826967,,,,,,,,,,,,,,,,DOWN,DOWN,83368.96016980786,-20.235206187087428,83368.96169764057,-20.235023296345126,,,,,,,,,,UNAVAILABLE,,,,,True,DOWN,,,,,,,,,,,,1790601289.0,4.749137766412699,83538.00103735266,9.911802768707275,-21.01809917674261,,0.052257755140859334,0.051815033322564326,,,
,0.04816564283520276,,,,,,,,5,UNAVAILABLE,HIGH,,,required_move_unavailable,0,,,TMINUS_CHECKPOINT,,,,,83406.19,binance_ws,,,,,,,,,,,,,btc-updown-15m-1790600400,,,,,,,,,,1790601295.121832,83365.20680701899,,,,,,,,,,,,,,,,DOWN,DOWN,83368.53885543374,-20.28564004579783,83368.69818556664,-20.266567272817284,,,,,,,,,,UNAVAILABLE,,,,,True,DOWN,,,,,,,,,,,,1790601294.0,4.916102838428546,83538.00103735266,4.878168106079102,-20.68450623524194,,0.05887735780491253,0.06641236197002537,,,
,-0.18596493061103983,,,,,,,,120,UNAVAILABLE,HIGH,,,required_move_unavailable,0,,,TMINUS_CHECKPOINT,,,,,83508.61,binance_ws,,,120,,,,,,,,,,btc-updown-15m-1790601300,,,,,,,,,,1790602080.024513,83475.43451734095,,,,,,,,,,,,,,,,UP,DOWN,83508.61,16.905492821285467,83322.29199352785,-5.44345853166432,,,,,,,,,,UNAVAILABLE,,,,,True,UP,,,,,,,,,,,,1790602079.0,3.9742809187953045,83367.67284052672,119.97548699378967,12.926074717279784,,0.04563036964834717,0.04337119873077066,,,
,0.07475070045837898,,,,,,,,60,UNAVAILABLE,HIGH,,,required_move_unavailable,0,,,TMINUS_CHECKPOINT,,,,,83536.01,binance_ws,,,60,,,,,,,,,,btc-updown-15m-1790601300,,,,,,,,,,1790602140.7806132,83492.70314191263,,,,,,,,,,,,,,,,UP,UP,83535.44656826035,20.124554520617814,83571.94427325114,24.50247509189491,,,,,,,,,,UNAVAILABLE,,,,,True,UP,,,,,,,,,,,,1790602140.0,5.186903340973682,83367.67284052672,59.21938681602478,14.997456103288178,,0.013518062488414709,0.013086946532859607,,,
,-0.020351872293619518,,,,,,,,30,UNAVAILABLE,HIGH,,,required_move_unavailable,0,,,TMINUS_CHECKPOINT,,,,,83548.82,binance_ws,,,,,,,,,,,,,btc-updown-15m-1790601300,,,,,,,,,,1790602171.2290392,83502.77917199962,,,,,,,,,,,,,,,,UP,UP,83524.85648629892,18.854268137347013,83522.51062586806,18.57288083805885,,,,,,,,,,UNAVAILABLE,,,,,True,UP,,,,,,,,,,,,1790602170.0,5.513688101991068,83367.67284052672,28.770960807800293,16.20608167045031,,0.03852534948144739,0.03206772736429325,,,
,0.06987352288601366,,,,,,,,15,UNAVAILABLE,HIGH,,,required_move_unavailable,0,,,TMINUS_CHECKPOINT,,,,,83554.99,binance_ws,,,,,,,,,,,,,btc-updown-15m-1790601300,,,,,,,,,,1790602185.341356,83507.47453121399,,,,,,,,,,,,,,,,UP,UP,83519.08307020685,18.16174357772443,83521.17391297178,18.41254136224746,,,,,,,,,,UNAVAILABLE,,,,,True,UP,,,,,,,,,,,,1790602184.0,5.689965964455066,83367.67284052672,14.658643960952759,16.769292691507033,,0.03883575862691226,0.03969743647051248,,,
,-0.00012025584261798272,,,,,,,,10,UNAVAILABLE,HIGH,,,required_move_unavailable,0,,,TMINUS_CHECKPOINT,,,,,83554.99,binance_ws,,,,,,,,,,,,,btc-updown-15m-1790601300,,,,,,,,,,1790602190.1032162,83510.29493206533,,,,,,,,,,,,,,,,UP,UP,83517.66722249133,17.991911835122785,83517.66558222075,17.991715083729346,,,,,,,,,,UNAVAILABLE,,,,,True,UP,,,,,,,,,,,,1790602189.0,5.352042879387298,83367.67284052672,9.896783828735352,17.107601385423244,,0.054640349957111596,0.07092655276510831,,,
,0.0,,,,,,,,5,UNAVAILABLE,HIGH,,,required_move_unavailable,0,,,TMINUS_CHECKPOINT,,,,,83555.0,binance_ws,,,,,,,,,,,,,btc-updown-15m-1790601300,,,,,,,,,,1790602195.8191302,83512.75435546826,,,,,,,,,,,,,,,,UP,UP,83515.69808113748,17.755712204408333,83515.69808113748,17.755712204408333,,,,,,,,,,UNAVAILABLE,,,,,True,UP,,,,,,,,,,,,1790602195.0,5.058585943881267,83367.67284052672,4.180869817733765,17.402610628110857,,0.05800931337655649,0.0571878276021709,,,
,-0.15851455471670578,,,,,,,,120,UNAVAILABLE,HIGH,,,required_move_unavailable,0,,,TMINUS_CHECKPOINT,,,,,83358.72,binance_ws,,,120,,,,,,,,,,btc-updown-15m-1790610300,,,,,,,,,,1790611080.056826,83344.12743540511,,,,,,,,,,,,,,,,UP,UP,83358.72,22.88105269993474,83200.2322429959,3.82481075234609,,,,,,,,,,UNAVAILABLE,,,,,True,UP,,,,,,,,,,,,1790611079.0,1.7508809611323544,83168.42189556372,119.94317388534546,21.126472744911894,,0.018396682369481564,0.0203644821517735,,,
,-0.09414937533301064,,,,,,,,60,UNAVAILABLE,HIGH,,,required_move_unavailable,0,,,TMINUS_CHECKPOINT,,,,,83368.99,binance_ws,,,60,,,,,,,,,,btc-updown-15m-1790610300,,,,,,,,,,1790611140.52163,83344.41415058593,,,,,,,,,,,,,,,,UP,UP,83368.7763416412,24.090206536450758,83322.49682138249,18.52565220153432,,,,,,,,,,UNAVAILABLE,,,,,True,UP,,,,,,,,,,,,1790611139.0,2.9487098403102,83168.42189556372,59.47836995124817,21.160946788578592,,0.010128773448647342,0.01152849193934622,,,
,0.1340079234104055,,,,,,,,30,UNAVAILABLE,HIGH,,,required_move_unavailable,0,,,TMINUS_CHECKPOINT,,,,,83397.18,binance_ws,,,,,,,,,,,,,btc-updown-15m-1790610300,,,,,,,,,,1790611170.085825,83350.04215658424,,,,,,,,,,,,,,,,UP,UP,83373.54365156165,24.663418076574143,83390.21169615039,26.667549477514594,,,,,,,,,,UNAVAILABLE,,,,,True,UP,,,,,,,,,,,,1790611169.0,5.655407267486196,83168.42189556372,29.914175033569336,21.837646654950543,,0.03616488558414613,0.03951647363091687,,,
,0.0,,,,,,,,15,UNAVAILABLE,HIGH,,,required_move_unavailable,0,,,TMINUS_CHECKPOINT,,,,,83397.18,binance_ws,,,,,,,,,,,,,btc-updown-15m-1790610300,,,,,,,,,,1790611186.5012171,83355.49513498625,,,,,,,,,,,,,,,,UP,UP,83364.87338401821,23.62092293889809,83364.87338401821,23.62092293889809,,,,,,,,,,UNAVAILABLE,,,,,True,UP,,,,,,,,,,,,1790611185.0,5.000853866471882,83168.42189556372,13.498782873153687,22.493301563115416,,0.04290937678866276,0.04322795651637555,,,
,-0.06105753112702483,,,,,,,,10,UNAVAILABLE,HIGH,,,required_move_unavailable,0,,,TMINUS_CHECKPOINT,,,,,83392.0,binance_ws,,,,,,,,,,,,,btc-updown-15m-1790610300,,,,,,,,,,1790611191.0295548,83357.25155790533,,,,,,,,,,,,,,,,UP,UP,83362.44670780649,23.329144382037107,83361.7638341336,23.247037056042135,,,,,,,,,,UNAVAILABLE,,,,,True,UP,,,,,,,,,,,,1790611190.0,4.168616580470013,83168.42189556372,8.970445156097412,22.704490242549973,,0.04712221194461606,0.04653246414986509,,,
,-0.06536967257675477,,,,,,,,5,UNAVAILABLE,HIGH,,,required_move_unavailable,0,,,TMINUS_CHECKPOINT,,,,,83392.0,binance_ws,,,,,,,,,,,,,btc-updown-15m-1790610300,,,,,,,,,,1790611196.002934,83359.06289860135,,,,,,,,,,,,,,,,UP,UP,83361.25709474851,23.18610775456709,83361.11193971765,23.168654612190732,,,,,,,,,,UNAVAILABLE,,,,,True,UP,,,,,,,,,,,,1790611195.0,3.9512322059956975,83168.42189556372,3.997066020965576,22.922282122536163,,0.04504636506438994,0.04369232847146732,,,
,0.05277719803847635,,,,,,,,120,UNAVAILABLE,MEDIUM,,,noncanonical_or_missing_settlement_label,0,,,TMINUS_CHECKPOINT,,,,,83436.01,binance_ws,,,120,,,,,,,,,,btc-updown-15m-1790611200,,,,,,,,,,1790611980.440941,83422.50481754156,,,,,,,,,,,,,,,,UP,UP,83436.01,9.106685599702745,83488.6580566384,15.422424040252837,,,,,,,,,,UNAVAILABLE,,,,,False,UP,,,,,,,,,,,,1790611979.0,1.6188895895627275,83360.0965808877,119.55905890464783,7.486584014847715,,-0.04224745551590872,-0.037096866363738865,,,
,-0.04369937612771374,,,,,,,,60,UNAVAILABLE,MEDIUM,,,noncanonical_or_missing_settlement_label,0,,,TMINUS_CHECKPOINT,,,,,83420.27,binance_ws,,,60,,,,,,,,,,btc-updown-15m-1790611200,,,,,,,,,,1790612040.454419,83399.55938264988,,,,,,,,,,,,,,,,UP,UP,83420.11314506824,7.1996754613049045,83398.570716907,4.615414040692426,,,,,,,,,,UNAVAILABLE,,,,,False,UP,,,,,,,,,,,,1790612039.0,2.4833005717814864,83360.0965808877,59.545581102371216,4.734015839806734,,-0.0242414937226712,-0.03214797397302827,,,
,-0.10676189615809317,,,,,,,,30,UNAVAILABLE,MEDIUM,,,noncanonical_or_missing_settlement_label,0,,,TMINUS_CHECKPOINT,,,,,83405.0,binance_ws,,,,,,,,,,,,,btc-updown-15m-1790611200,,,,,,,,,,1790612071.4386759,83391.21979165904,,,,,,,,,,,,,,,,UP,UP,83397.77947494006,4.520495488605206,83385.67310919397,3.068198017436297,,,,,,,,,,UNAVAILABLE,,,,,False,UP,,,,,,,,,,,,1790612070.0,1.6524771283346862,83360.0965808877,28.56132411956787,3.733586217853664,,-0.03399919330214408,-0.03296147406818229,,,
,-0.061001278196986766,,,,,,,,15,UNAVAILABLE,MEDIUM,,,noncanonical_or_missing_settlement_label,0,,,TMINUS_CHECKPOINT,,,,,83400.01,binance_ws,,,,,,,,,,,,,btc-updown-15m-1790611200,,,,,,,,,,1790612085.192238,83386.11447110545,,,,,,,,,,,,,,,,UP,UP,83389.54383249629,3.5325356875054528,83387.68460457385,3.309499966734944,,,,,,,,,,UNAVAILABLE,,,,,False,UP,,,,,,,,,,,,1790612084.0,1.6664080084179778,83360.0965808877,14.807761907577515,3.121144442593459,,-0.04852837204219186,-0.049357503842398016,,,
,0.0,,,,,,,,10,UNAVAILABLE,MEDIUM,,,noncanonical_or_missing_settlement_label,0,,,TMINUS_CHECKPOINT,,,,,83400.0,binance_ws,,,,,,,,,,,,,btc-updown-15m-1790611200,,,,,,,,,,1790612090.437717,83383.93138131833,,,,,,,,,,,,,,,,UP,UP,83386.49225931635,3.1664644729676623,83386.49225931635,3.1664644729676623,,,,,,,,,,UNAVAILABLE,,,,,False,UP,,,,,,,,,,,,1790612089.0,1.9270641735740617,83360.0965808877,9.562283039093018,2.8592577753916677,,-0.04963682486120241,-0.049910591703456755,,,
,0.0,,,,,,,,5,UNAVAILABLE,MEDIUM,,,noncanonical_or_missing_settlement_label,0,,,TMINUS_CHECKPOINT,,,,,83400.01,binance_ws,,,,,,,,,,,,,btc-updown-15m-1790611200,,,,,,,,,,1790612095.057121,83381.81148142582,,,,,,,,,,,,,,,,UP,UP,83383.31069933568,2.7847998503038807,83383.31069933568,2.7847998503038807,,,,,,,,,,UNAVAILABLE,,,,,False,UP,,,,,,,,,,,,1790612094.0,2.182552555630533,83360.0965808877,4.94287896156311,2.6049514610435014,,-0.05230998921708916,-0.05503602155928919,,,
,-0.34719161004372084,,,,,,,,120,UNAVAILABLE,HIGH,,,required_move_unavailable,0,,,TMINUS_CHECKPOINT,,,,,83715.22,binance_ws,,,120,,,,,,,,,,btc-updown-15m-1790613000,,,,,,,,,,1790613781.265116,83695.18755756381,,,,,,,,,,,,,,,,DOWN,DOWN,83715.22,-37.68991034327185,83505.93195,-62.59568556741367,,,,,,,,,,UNAVAILABLE,,,,,True,DOWN,,,,,,,,,,,,1790613780.0,2.3934999156809735,84031.93561191848,118.73488402366638,-40.07381859081101,,0.01775835925481656,0.02633095133530863,,,
,0.00012084531975862866,,,,,,,,60,UNAVAILABLE,MEDIUM,,,required_move_unavailable,0,,,TMINUS_CHECKPOINT,,,,,83695.29,binance_ws,,,60,,,,,,,,,,btc-updown-15m-1790613000,,,,,,,,,,1790613840.178111,83677.16021257106,,,,,,,,,,,,,,,,DOWN,DOWN,83695.23618140079,-40.068032238679336,83695.2965067504,-40.060853378740525,,,,,,,,,,UNAVAILABLE,,,,,True,DOWN,,,,,,,,,,,,1790613839.0,2.166635122760156,84031.93561191848,59.82188892364502,-42.21911547841339,,-0.08981209463617389,-0.07797430272351324,,,
,0.05626002682864269,,,,,,,,30,UNAVAILABLE,HIGH,,,required_move_unavailable,0,,,TMINUS_CHECKPOINT,,,,,83738.7,binance_ws,,,,,,,,,,,,,btc-updown-15m-1790613000,,,,,,,,,,1790613870.888704,83678.20959869382,,,,,,,,,,,,,,,,DOWN,DOWN,83707.55883159152,-38.60160758702662,83714.21306418774,-37.80973809743722,,,,,,,,,,UNAVAILABLE,,,,,True,DOWN,,,,,,,,,,,,1790613869.0,7.228931115553929,84031.93561191848,29.11129593849182,-42.09423603643544,,0.07630276701821087,0.10249034296665821,,,
,0.06426116056063615,,,,,,,,15,UNAVAILABLE,HIGH,,,required_move_unavailable,0,,,TMINUS_CHECKPOINT,,,,,83740.01,binance_ws,,,,,,,,,,,,,btc-updown-15m-1790613000,,,,,,,,,,1790613885.4111328,83689.46499624546,,,,,,,,,,,,,,,,DOWN,DOWN,83701.7549020249,-39.2922889957508,83703.66375932841,-39.065130441135814,,,,,,,,,,UNAVAILABLE,,,,,True,DOWN,,,,,,,,,,,,1790613884.0,6.039589780722915,84031.93561191848,14.5888671875,-40.75481698465787,,0.08661981354123441,0.07026940156303725,,,
,-0.309266519450073,,,,,,,,10,UNAVAILABLE,HIGH,,,required_move_unavailable,0,,,TMINUS_CHECKPOINT,,,,,83714.71,binance_ws,,,,,,,,,,,,,btc-updown-15m-1790613000,,,,,,,,,,1790613890.172692,83693.19392138845,,,,,,,,,,,,,,,,DOWN,DOWN,83696.71800689123,-39.891691484458875,83692.55072802762,-40.38760757079711,,,,,,,,,,UNAVAILABLE,,,,,True,DOWN,,,,,,,,,,,,1790613889.0,2.570827758320218,84031.93561191848,9.827307939529419,-40.311066032613624,,0.08163079598199513,0.09357582850266213,,,
,-0.1962998346333425,,,,,,,,5,UNAVAILABLE,HIGH,,,required_move_unavailable,0,,,TMINUS_CHECKPOINT,,,,,83723.99,binance_ws,,,,,,,,,,,,,btc-updown-15m-1790613000,,,,,,,,,,1790613895.156755,83696.1538402454,,,,,,,,,,,,,,,,DOWN,DOWN,83698.40079595157,-39.691435587924225,83697.75826880179,-39.76789784541092,,,,,,,,,,UNAVAILABLE,,,,,True,DOWN,,,,,,,,,,,,1790613894.0,3.3258588928389377,84031.93561191848,4.843245029449463,-39.95882865578724,,0.08201073537292744,0.07095878133630897,,,
,0.14288732964547873,,,,,,,,120,UNAVAILABLE,MEDIUM,,,noncanonical_or_missing_settlement_label,0,,,TMINUS_CHECKPOINT,,,,,83687.87,binance_ws,,,120,,,,,,,,,,btc-updown-15m-1790613900,,,,,,,,,,1790614681.037538,83655.09405299048,,,,,,,,,,,,,,,,DOWN,UP,83687.87,-1.2450935363818187,83830.12455382654,15.751018541030682,,,,,,,,,,UNAVAILABLE,,,,,False,DOWN,,,,,,,,,,,,1790614679.0,3.917985793998918,83698.29122014044,118.96246194839478,-5.161057235487672,,-0.03633356503633131,-0.018816540085422877,,,
,0.00012742899326908627,,,,,,,,60,UNAVAILABLE,HIGH,,,noncanonical_or_missing_settlement_label,0,,,TMINUS_CHECKPOINT,,,,,83700.0,binance_ws,,,60,,,,,,,,,,btc-updown-15m-1790613900,,,,,,,,,,1790614741.677505,83670.00110628203,,,,,,,,,,,,,,,,UP,UP,83699.16127842173,0.10395173767674543,83699.22174489633,0.11117607567951253,,,,,,,,,,UNAVAILABLE,,,,,False,DOWN,,,,,,,,,,,,1790614740.0,3.5853822542519214,83698.29122014044,58.322494983673096,-3.3800109232818762,,0.04709354737159148,0.048135008257084194,,,
,0.03371786376060623,,,,,,,,30,UNAVAILABLE,MEDIUM,,,noncanonical_or_missing_settlement_label,0,,,TMINUS_CHECKPOINT,,,,,83704.1,binance_ws,,,,,,,,,,,,,btc-updown-15m-1790613900,,,,,,,,,,1790614770.3719091,83675.09265775615,,,,,,,,,,,,,,,,DOWN,DOWN,83689.4165272822,-1.0603194795099398,83693.54569827617,-0.5669795398551298,,,,,,,,,,UNAVAILABLE,,,,,False,DOWN,,,,,,,,,,,,1790614769.0,3.4666638927432936,83698.29122014044,29.628090858459473,-2.771688889476033,,-0.0035765783446355163,-0.001417918644012132,,,
,0.0,,,,,,,,15,UNAVAILABLE,MEDIUM,,,noncanonical_or_missing_settlement_label,0,,,TMINUS_CHECKPOINT,,,,,83704.1,binance_ws,,,,,,,,,,,,,btc-updown-15m-1790613900,,,,,,,,,,1790614785.280375,83675.0563809226,,,,,,,,,,,,,,,,DOWN,DOWN,83682.18156727846,-1.9247290030826878,83682.18156727846,-1.9247290030826878,,,,,,,,,,UNAVAILABLE,,,,,False,DOWN,,,,,,,,,,,,1790614784.0,3.471000837476054,83698.29122014044,14.719624996185303,-2.7760231277281804,,-0.0022194756955279727,-0.002782033811827359,,,
,-0.00012409400331016976,,,,,,,,10,UNAVAILABLE,MEDIUM,,,noncanonical_or_missing_settlement_label,0,,,TMINUS_CHECKPOINT,,,,,83704.09,binance_ws,,,,,,,,,,,,,btc-updown-15m-1790613900,,,,,,,,,,1790614790.392034,83675.06208304242,,,,,,,,,,,,,,,,DOWN,DOWN,83679.71040366936,-2.2199756052604918,83679.7088055503,-2.2201665433368314,,,,,,,,,,UNAVAILABLE,,,,,False,DOWN,,,,,,,,,,,,1790614789.0,3.4691240418538394,83698.29122014044,9.60796594619751,-2.7753418569720862,,-0.0012341089418769137,0.00013331482485095703,,,
,-0.00012219553711288408,,,,,,,,5,UNAVAILABLE,HIGH,,,noncanonical_or_missing_settlement_label,0,,,TMINUS_CHECKPOINT,,,,,83704.09,binance_ws,,,,,,,,,,,,,btc-updown-15m-1790613900,,,,,,,,,,1790614795.64192,83675.23897130227,,,,,,,,,,,,,,,,DOWN,DOWN,83677.33455611159,-2.5038341551969094,83677.3342323382,-2.503872838589962,,,,,,,,,,UNAVAILABLE,,,,,False,DOWN,,,,,,,,,,,,1790614794.0,3.4479768510278896,83698.29122014044,4.35807991027832,-2.754207822180795,,0.0025507710162480032,0.004026735379034156,,,
,0.13186976218287907,,,,,,,,120,UNAVAILABLE,HIGH,,,required_move_unavailable,0,,,TMINUS_CHECKPOINT,,,,,84011.36,binance_ws,,,120,,,,,,,,,,btc-updown-15m-1790614800,,,,,,,,,,1790615580.610991,83945.38631798557,,,,,,,,,,,,,,,,UP,UP,84011.36,40.12371425876253,84143.62580683807,55.93068445684644,,,,,,,,,,UNAVAILABLE,,,,,True,UP,,,,,,,,,,,,1790615579.0,7.859119471381751,83675.62232394499,119.38900899887085,32.2392575696899,,0.09487019129257311,0.08107479241601062,,,
,0.2559866007240841,,,,,,,,60,UNAVAILABLE,HIGH,,,required_move_unavailable,0,,,TMINUS_CHECKPOINT,,,,,84152.01,binance_ws,,,60,,,,,,,,,,btc-updown-15m-1790614800,,,,,,,,,,1790615640.514092,84040.22861315303,,,,,,,,,,,,,,,,UP,UP,84151.05223477984,56.81821032585186,84278.0975535665,72.0012845902806,,,,,,,,,,UNAVAILABLE,,,,,True,UP,,,,,,,,,,,,1790615639.0,13.300937978348498,83675.62232394499,59.48590803146362,43.57377681596219,,0.28341429504440935,0.2735806447513307,,,
,-0.9479366014274188,,,,,,,,30,UNAVAILABLE,MEDIUM,,,required_move_unavailable,0,,,TMINUS_CHECKPOINT,,,,,84109.6,binance_ws,,,,,,,,,,,,,btc-updown-15m-1790614800,,,,,,,,,,1790615670.941228,84132.68429249067,,,,,,,,,,,,,,,,UP,UP,84121.50427258603,53.28695936252958,84019.66586855533,41.116341301698974,,,,,,,,,,UNAVAILABLE,,,,,True,UP,,,,,,,,,,,,1790615670.0,-2.7437960270491253,83675.62232394499,29.058772087097168,54.62307370433342,,0.31160219931724553,0.2548756053151212,,,
,0.14287475722115575,,,,,,,,15,UNAVAILABLE,HIGH,,,required_move_unavailable,0,,,TMINUS_CHECKPOINT,,,,,84170.0,binance_ws,,,,,,,,,,,,,btc-updown-15m-1790614800,,,,,,,,,,1790615685.4697652,84137.63664546103,,,,,,,,,,,,,,,,UP,UP,84145.47409780785,56.15157208438355,84149.7057196256,56.657289484531695,,,,,,,,,,UNAVAILABLE,,,,,True,UP,,,,,,,,,,,,1790615684.0,3.8464777273638253,83675.62232394499,14.530234813690186,55.21492505037734,,0.016683136679447638,0.01869173831361755,,,
,0.3819834604866266,,,,,,,,10,UNAVAILABLE,HIGH,,,required_move_unavailable,0,,,TMINUS_CHECKPOINT,,,,,84199.99,binance_ws,,,,,,,,,,,,,btc-updown-15m-1790614800,,,,,,,,,,1790615690.153855,84138.3865521578,,,,,,,,,,,,,,,,UP,UP,84148.49582673605,56.512696249853484,84153.69264817784,57.133763807818724,,,,,,,,,,UNAVAILABLE,,,,,True,UP,,,,,,,,,,,,1790615689.0,7.321681620792155,83675.62232394499,9.846144914627075,55.30454573988622,,0.01885014588093943,0.01902793684919722,,,
,0.6908905895476406,,,,,,,,5,UNAVAILABLE,HIGH,,,required_move_unavailable,0,,,TMINUS_CHECKPOINT,,,,,84229.94,binance_ws,,,,,,,,,,,,,btc-updown-15m-1790614800,,,,,,,,,,1790615695.777189,84144.66777571413,,,,,,,,,,,,,,,,UP,UP,84150.66925046938,56.7724402078874,84152.39877928926,56.97913467538436,,,,,,,,,,UNAVAILABLE,,,,,True,UP,,,,,,,,,,,,1790615694.0,10.134002134652555,83675.62232394499,4.222810983657837,56.05520924042344,,0.08107457866685558,0.14780084725753292,,,
,0.00011597081201235696,,,,,,,,120,UNAVAILABLE,MEDIUM,,,required_move_unavailable,0,,,TMINUS_CHECKPOINT,,,,,84383.83,binance_ws,,,120,,,,,,,,,,btc-updown-15m-1790682300,,,,,,,,,,1790683080.252733,84382.76548014459,,,,,,,,,,,,,,,,UP,UP,84383.83,20.70441486763803,84383.94718540937,20.718330808038925,,,,,,,,,,UNAVAILABLE,,,,,True,UP,,,,,,,,,,,,1790683079.0,0.12615370559929254,84209.47920068413,119.74726700782776,20.57800156292364,,-0.07787687751463687,-0.07673703875639397,,,
,-0.029798555946895157,,,,,,,,60,UNAVAILABLE,HIGH,,,required_move_unavailable,0,,,TMINUS_CHECKPOINT,,,,,84391.5,binance_ws,,,60,,,,,,,,,,btc-updown-15m-1790682300,,,,,,,,,,1790683140.905396,84366.51499107898,,,,,,,,,,,,,,,,UP,UP,84391.12297788744,21.570466760686884,84376.48644112122,19.832356407178025,,,,,,,,,,UNAVAILABLE,,,,,True,UP,,,,,,,,,,,,1790683140.0,2.961484058417188,84209.47920068413,59.09460401535034,18.648231990676496,,0.008945304143555837,0.008796751922318472,,,
,-0.010400881229509407,,,,,,,,30,UNAVAILABLE,MEDIUM,,,required_move_unavailable,0,,,TMINUS_CHECKPOINT,,,,,84378.0,binance_ws,,,,,,,,,,,,,btc-updown-15m-1790682300,,,,,,,,,,1790683170.709623,84357.46140053189,,,,,,,,,,,,,,,,UP,UP,84367.48778918943,18.763753202740872,84366.23292121994,18.614735778408413,,,,,,,,,,UNAVAILABLE,,,,,True,UP,,,,,,,,,,,,1790683170.0,2.4347104722129256,84209.47920068413,29.290376901626587,17.573104744548818,,-0.04808013112630085,-0.04956098077867561,,,
,-0.20793604235665591,,,,,,,,15,UNAVAILABLE,MEDIUM,,,required_move_unavailable,0,,,TMINUS_CHECKPOINT,,,,,84358.75,binance_ws,,,,,,,,,,,,,btc-updown-15m-1790682300,,,,,,,,,,1790683185.847154,84352.38576910477,,,,,,,,,,,,,,,,UP,UP,84353.88696877797,17.148635695714503,84348.0310340486,16.453234799644882,,,,,,,,,,UNAVAILABLE,,,,,True,UP,,,,,,,,,,,,1790683185.0,0.75448143371462,84209.47920068413,14.152846097946167,16.97036601782911,,-0.04197883014467062,-0.04295659365398115,,,
,-0.15753997562579422,,,,,,,,10,UNAVAILABLE,MEDIUM,,,required_move_unavailable,0,,,TMINUS_CHECKPOINT,,,,,84358.75,binance_ws,,,,,,,,,,,,,btc-updown-15m-1790682300,,,,,,,,,,1790683190.986767,84350.27577729033,,,,,,,,,,,,,,,,UP,UP,84351.54877967903,16.870972287611238,84349.74936669254,16.6572893384277,,,,,,,,,,UNAVAILABLE,,,,,True,UP,,,,,,,,,,,,1790683190.0,1.004646710587188,84209.47920068413,9.013232946395874,16.719801374219692,,-0.045743570675921545,-0.04866906112370876,,,
,-0.009279422823990963,,,,,,,,5,UNAVAILABLE,MEDIUM,,,required_move_unavailable,0,,,TMINUS_CHECKPOINT,,,,,84358.0,binance_ws,,,,,,,,,,,,,btc-updown-15m-1790682300,,,,,,,,,,1790683195.428139,84347.55411003267,,,,,,,,,,,,,,,,UP,UP,84348.35006265352,16.49111991756287,84348.3227928487,16.4878815879721,,,,,,,,,,UNAVAILABLE,,,,,True,UP,,,,,,,,,,,,1790683195.0,1.238434247150806,84209.47920068413,4.571861028671265,16.39659936852112,,-0.059784520252547484,-0.07264929088368781,,,
,-0.024778181253760023,,,,,,,,120,UNAVAILABLE,HIGH,,,required_move_unavailable,0,,,TMINUS_CHECKPOINT,,,,,84319.16,binance_ws,,,120,,,,,,,,,,btc-updown-15m-1790683200,,,,,,,,,,1790683980.394262,84294.09427216166,,,,,,,,,,,,,,,,DOWN,DOWN,84319.16,-2.9884385375033156,84294.17106705096,-5.951165533361843,,,,,,,,,,UNAVAILABLE,,,,,True,DOWN,,,,,,,,,,,,1790683980.0,2.973604266677908,84344.3657953164,119.6057379245758,-5.960270455615486,,0.02235278089343416,0.017664460233967175,,,
,0.02707925876811444,,,,,,,,60,UNAVAILABLE,HIGH,,,required_move_unavailable,0,,,TMINUS_CHECKPOINT,,,,,84353.89,binance_ws,,,60,,,,,,,,,,btc-updown-15m-1790683200,,,,,,,,,,1790684040.548001,84301.60432927322,,,,,,,,,,,,,,,,UP,UP,84353.41245662486,1.0725863219391825,84366.86869152596,2.6679785896036488,,,,,,,,,,UNAVAILABLE,,,,,True,DOWN,,,,,,,,,,,,1790684040.0,6.202215384010138,84344.3657953164,59.4519989490509,-5.0698663319073685,,0.06930710479428906,0.08314690164797077,,,
,0.0,,,,,,,,30,UNAVAILABLE,HIGH,,,required_move_unavailable,0,,,TMINUS_CHECKPOINT,,,,,84352.52,binance_ws,,,,,,,,,,,,,btc-updown-15m-1790683200,,,,,,,,,,1790684070.141999,84319.4880371944,,,,,,,,,,,,,,,,DOWN,DOWN,84335.92584349898,-1.000653895235159,84335.92584349898,-1.000653895235159,,,,,,,,,,UNAVAILABLE,,,,,True,DOWN,,,,,,,,,,,,1790684069.0,3.917476680007922,84344.3657953164,29.858000993728638,-2.949545934385703,,0.07352294920031446,0.07487689602141642,,,
,-0.1688110557711431,,,,,,,,15,UNAVAILABLE,HIGH,,,required_move_unavailable,0,,,TMINUS_CHECKPOINT,,,,,84338.0,binance_ws,,,,,,,,,,,,,btc-updown-15m-1790683200,,,,,,,,,,1790684085.753427,84323.56225087552,,,,,,,,,,,,,,,,DOWN,DOWN,84326.99039164958,-2.060055049673106,84322.1743110402,-2.631057103452316,,,,,,,,,,UNAVAILABLE,,,,,True,DOWN,,,,,,,,,,,,1790684085.0,1.7121844403964275,84344.3657953164,14.246572971343994,-2.466500784576422,,0.02800577591671507,0.016618311569236054,,,
,-0.30616072426322083,,,,,,,,10,UNAVAILABLE,HIGH,,,required_move_unavailable,0,,,TMINUS_CHECKPOINT,,,,,84327.46,binance_ws,,,,,,,,,,,,,btc-updown-15m-1790683200,,,,,,,,,,1790684090.350734,84322.95019362021,,,,,,,,,,,,,,,,DOWN,DOWN,84323.67546564335,-2.453077864533247,84319.6690518415,-2.928084554555593,,,,,,,,,,UNAVAILABLE,,,,,True,DOWN,,,,,,,,,,,,1790684090.0,0.534825497617238,84344.3657953164,9.649266004562378,-2.53906725058034,,0.0009395694936281034,-0.01578845386411653,,,
,-0.12889831162297335,,,,,,,,5,UNAVAILABLE,MEDIUM,,,required_move_unavailable,0,,,TMINUS_CHECKPOINT,,,,,84327.45,binance_ws,,,,,,,,,,,,,btc-updown-15m-1790683200,,,,,,,,,,1790684095.458123,84321.2678804309,,,,,,,,,,,,,,,,DOWN,DOWN,84321.73585421217,-2.683041231130177,84321.362143377,-2.727348972570249,,,,,,,,,,UNAVAILABLE,,,,,True,DOWN,,,,,,,,,,,,1790684095.0,0.7331625489628251,84344.3657953164,4.541877031326294,-2.7385249349734284,,-0.028037072300851812,-0.03906268779370811,,,
,-0.1731076099560387,,,,,,,,120,UNAVAILABLE,MEDIUM,,,required_move_unavailable,0,,,TMINUS_CHECKPOINT,,,,,84372.0,binance_ws,,,120,,,,,,,,,,btc-updown-15m-1790685000,,,,,,,,,,1790685781.123806,84364.2037968257,,,,,,,,,,,,,,,,UP,UP,84372.0,24.680107836067727,84198.37614437171,4.050946363508225,,,,,,,,,,UNAVAILABLE,,,,,True,UP,,,,,,,,,,,,1790685781.0,0.9241126951276301,84164.28164530487,118.87619400024414,23.753800022124302,,-0.029285913133012934,-0.017201706617000656,,,
,-0.07762013125539644,,,,,,,,60,UNAVAILABLE,MEDIUM,,,required_move_unavailable,0,,,TMINUS_CHECKPOINT,,,,,84355.47,binance_ws,,,60,,,,,,,,,,btc-updown-15m-1790685000,,,,,,,,,,1790685840.004647,84338.58273077423,,,,,,,,,,,,,,,,UP,UP,84355.46869207635,22.71593638465312,84316.18868135753,18.04887216798657,,,,,,,,,,UNAVAILABLE,,,,,True,UP,,,,,,,,,,,,1790685840.0,2.002318355251582,84164.28164530487,59.99535298347473,20.709626704106743,,-0.05387764390485394,-0.06156001788391449,,,
,0.13664923760142306,,,,,,,,30,UNAVAILABLE,MEDIUM,,,required_move_unavailable,0,,,TMINUS_CHECKPOINT,,,,,84353.77,binance_ws,,,,,,,,,,,,,btc-updown-15m-1790685000,,,,,,,,,,1790685870.485238,84327.80602291483,,,,,,,,,,,,,,,,UP,UP,84340.57803295297,20.946699027393016,84357.3135459193,22.935133151605285,,,,,,,,,,UNAVAILABLE,,,,,True,UP,,,,,,,,,,,,1790685870.0,3.0789342578322376,84164.28164530487,29.514761924743652,19.4291894867107,,-0.04506363720281092,-0.045687612165399204,,,
,0.0,,,,,,,,15,UNAVAILABLE,MEDIUM,,,required_move_unavailable,0,,,TMINUS_CHECKPOINT,,,,,84353.78,binance_ws,,,,,,,,,,,,,btc-updown-15m-1790685000,,,,,,,,,,1790685886.077814,84325.63335370907,,,,,,,,,,,,,,,,UP,UP,84332.16440107679,19.947031269087123,84332.16440107679,19.947031269087123,,,,,,,,,,UNAVAILABLE,,,,,True,UP,,,,,,,,,,,,1790685886.0,3.337851750589634,84164.28164530487,13.922185897827148,19.171043256115677,,-0.015998365437275494,-0.012871453293786882,,,
,0.0,,,,,,,,10,UNAVAILABLE,MEDIUM,,,required_move_unavailable,0,,,TMINUS_CHECKPOINT,,,,,84353.77,binance_ws,,,,,,,,,,,,,btc-updown-15m-1790685000,,,,,,,,,,1790685890.600651,84324.89756917149,,,,,,,,,,,,,,,,UP,UP,84329.42060338968,19.621026266315404,84329.42060338968,19.621026266315404,,,,,,,,,,UNAVAILABLE,,,,,True,UP,,,,,,,,,,,,1790685891.0,3.4239508924190654,84164.28164530487,9.399348974227905,19.08362083377669,,-0.015796160659138817,-0.0192921271752168,,,
,-0.00011488919385400708,,,,,,,,5,UNAVAILABLE,MEDIUM,,,required_move_unavailable,0,,,TMINUS_CHECKPOINT,,,,,84353.77,binance_ws,,,,,,,,,,,,,btc-updown-15m-1790685000,,,,,,,,,,1790685895.038177,84324.002323179,,,,,,,,,,,,,,,,UP,UP,84326.46402223081,19.269739342565764,84326.463624568,19.269692094161954,,,,,,,,,,UNAVAILABLE,,,,,True,UP,,,,,,,,,,,,1790685895.0,3.530154641725213,84164.28164530487,4.961822986602783,18.977251959119915,,-0.02016997385089774,-0.02416950370535046,,,
,-0.1770124374188512,,,,,,,,120,UNAVAILABLE,MEDIUM,,,required_move_unavailable,0,,,TMINUS_CHECKPOINT,,,,,84350.0,binance_ws,,,120,,,,,,,,,,btc-updown-15m-1790685900,,,,,,,,,,1790686680.3041549,84341.23533323685,,,,,,,,,,,,,,,,UP,DOWN,84350.0,3.1528518547198363,84171.28214445787,-18.041481593337256,,,,,,,,,,UNAVAILABLE,,,,,True,DOWN,,,,,,,,,,,,1790686680.0,1.039191177188733,84323.41407675318,119.69584512710571,2.113441050601774,,-0.009611020065763747,-0.03306344078619966,,,
,0.0,,,,,,,,60,UNAVAILABLE,MEDIUM,,,required_move_unavailable,0,,,TMINUS_CHECKPOINT,,,,,84322.95,binance_ws,,,60,,,,,,,,,,btc-updown-15m-1790685900,,,,,,,,,,1790686740.287701,84311.83813982441,,,,,,,,,,,,,,,,DOWN,DOWN,84322.89671846536,-0.061354048989738064,84322.89671846536,-0.061354048989738064,,,,,,,,,,UNAVAILABLE,,,,,True,DOWN,,,,,,,,,,,,1790686740.0,1.3179478019637911,84323.41407675318,59.71229910850525,-1.3728022110483047,,-0.08029097939719625,-0.07018033323793597,,,
,0.0,,,,,,,,30,UNAVAILABLE,MEDIUM,,,required_move_unavailable,0,,,TMINUS_CHECKPOINT,,,,,84328.4,binance_ws,,,,,,,,,,,,,btc-updown-15m-1790685900,,,,,,,,,,1790686770.437498,84300.13151642213,,,,,,,,,,,,,,,,DOWN,DOWN,84314.05963475027,-1.1093528535728392,84314.05963475027,-1.1093528535728392,,,,,,,,,,UNAVAILABLE,,,,,True,DOWN,,,,,,,,,,,,1790686770.0,3.3533142913734446,84323.41407675318,29.562501907348633,-2.7611026647777313,,-0.0432669737290179,-0.03263001175880144,,,
,0.0280532598907515,,,,,,,,15,UNAVAILABLE,HIGH,,,required_move_unavailable,0,,,TMINUS_CHECKPOINT,,,,,84332.85,binance_ws,,,,,,,,,,,,,btc-updown-15m-1790685900,,,,,,,,,,1790686785.902206,84302.02360922193,,,,,,,,,,,,,,,,DOWN,DOWN,84309.26667769988,-1.6777545368859343,84310.05034402684,-1.5848187449077564,,,,,,,,,,UNAVAILABLE,,,,,True,DOWN,,,,,,,,,,,,1790686785.0,3.6566608318875935,84323.41407675318,14.09779405593872,-2.5367174426524506,,0.025263694586962215,0.022159454730150685,,,
,0.00011527577493224994,,,,,,,,10,UNAVAILABLE,HIGH,,,required_move_unavailable,0,,,TMINUS_CHECKPOINT,,,,,84332.85,binance_ws,,,,,,,,,,,,,btc-updown-15m-1790685900,,,,,,,,,,1790686790.572841,84303.15628655285,,,,,,,,,,,,,,,,DOWN,DOWN,84307.8217425541,-1.8491108750528695,84307.82318249691,-1.8489401107591854,,,,,,,,,,UNAVAILABLE,,,,,True,DOWN,,,,,,,,,,,,1790686790.0,3.522254059647897,84323.41407675318,9.427159070968628,-2.402392078419058,,0.027462631302950055,0.028766848161147978,,,
,0.0,,,,,,,,5,UNAVAILABLE,HIGH,,,required_move_unavailable,0,,,TMINUS_CHECKPOINT,,,,,84332.85,binance_ws,,,,,,,,,,,,,btc-updown-15m-1790685900,,,,,,,,,,1790686795.197812,84304.07658529264,,,,,,,,,,,,,,,,DOWN,DOWN,84306.3795077012,-2.0201469827197087,84306.3795077012,-2.0201469827197087,,,,,,,,,,UNAVAILABLE,,,,,True,DOWN,,,,,,,,,,,,1790686795.0,3.4130514054383205,84323.41407675318,4.802187919616699,-2.293252908728273,,0.026198002163232925,0.023603475984280087,,,
,0.13154860217610548,,,,,,,,120,UNAVAILABLE,MEDIUM,,,noncanonical_or_missing_settlement_label,0,,,TMINUS_CHECKPOINT,,,,,84414.13,binance_ws,,,120,,,,,,,,,,btc-updown-15m-1790686800,,,,,,,,,,1790687580.490152,84391.91679645398,,,,,,,,,,,,,,,,UP,UP,84414.13,12.938803367050584,84546.840437527,28.680498383345856,,,,,,,,,,UNAVAILABLE,,,,,False,UP,,,,,,,,,,,,1790687580.0,2.6321482423011164,84305.04935435545,119.50984811782837,10.303942974210635,,-0.014203949523875976,-0.03178686577704516,,,
,0.0,,,,,,,,60,UNAVAILABLE,MEDIUM,,,noncanonical_or_missing_settlement_label,0,,,TMINUS_CHECKPOINT,,,,,84401.98,binance_ws,,,60,,,,,,,,,,btc-updown-15m-1790686800,,,,,,,,,,1790687640.441974,84383.93885280231,,,,,,,,,,,,,,,,UP,UP,84401.84710472281,11.481844932026073,84401.84710472281,11.481844932026073,,,,,,,,,,UNAVAILABLE,,,,,False,UP,,,,,,,,,,,,1790687640.0,2.1379835360806743,84305.04935435545,59.55802607536316,9.35762437137834,,-0.005634390343876385,-0.004365487503555419,,,
,-0.11794928204556812,,,,,,,,30,UNAVAILABLE,HIGH,,,noncanonical_or_missing_settlement_label,0,,,TMINUS_CHECKPOINT,,,,,84410.0,binance_ws,,,,,,,,,,,,,btc-updown-15m-1790686800,,,,,,,,,,1790687670.158038,84384.52235845145,,,,,,,,,,,,,,,,UP,UP,84397.19407200921,10.929916815118428,84382.41685332128,9.177089576287337,,,,,,,,,,UNAVAILABLE,,,,,False,UP,,,,,,,,,,,,1790687669.0,3.0192315885056837,84305.04935435545,29.841962099075317,9.426837977633438,,0.025722519213361397,0.03436552062480809,,,
,-0.00012050130479359273,,,,,,,,15,UNAVAILABLE,HIGH,,,noncanonical_or_missing_settlement_label,0,,,TMINUS_CHECKPOINT,,,,,84410.0,binance_ws,,,,,,,,,,,,,btc-updown-15m-1790686800,,,,,,,,,,1790687685.72929,84385.62544863661,,,,,,,,,,,,,,,,UP,UP,84391.42281786459,10.245348786415661,84391.41936542919,10.244939269379442,,,,,,,,,,UNAVAILABLE,,,,,False,UP,,,,,,,,,,,,1790687685.0,2.8884719682774533,84305.04935435545,14.270709991455078,9.557683068599315,,0.003272205902420438,0.003965974758767032,,,
,0.00011776410013459736,,,,,,,,10,UNAVAILABLE,HIGH,,,noncanonical_or_missing_settlement_label,0,,,TMINUS_CHECKPOINT,,,,,84410.01,binance_ws,,,,,,,,,,,,,btc-updown-15m-1790686800,,,,,,,,,,1790687690.572223,84386.24670863201,,,,,,,,,,,,,,,,UP,UP,84389.98062551596,10.074280462552688,84389.98209808013,10.074455133485593,,,,,,,,,,UNAVAILABLE,,,,,False,UP,,,,,,,,,,,,1790687690.0,2.8160147292773923,84305.04935435545,9.42777705192566,9.631374976754076,,0.009375054959644046,0.01520185060096998,,,
,0.00012249360946634455,,,,,,,,5,UNAVAILABLE,HIGH,,,noncanonical_or_missing_settlement_label,0,,,TMINUS_CHECKPOINT,,,,,84410.01,binance_ws,,,,,,,,,,,,,btc-updown-15m-1790686800,,,,,,,,,,1790687695.400764,84386.75080180768,,,,,,,,,,,,,,,,UP,UP,84388.53371083977,9.902651991034203,84388.53407536494,9.902695229864676,,,,,,,,,,UNAVAILABLE,,,,,False,UP,,,,,,,,,,,,1790687695.0,2.756261850505788,84305.04935435545,4.599236011505127,9.691168924985979,,0.013788838902338132,0.012371524514689319,,,
,0.07168138558817902,,,,,,,,120,UNAVAILABLE,HIGH,,,required_move_unavailable,0,,,TMINUS_CHECKPOINT,,,,,84080.01,binance_ws,,,120,,,,,,,,,,btc-updown-15m-1790691300,,,,,,,,,,1790692080.310807,84044.34937879672,,,,,,,,,,,,,,,,UP,UP,84080.01,18.82297235393404,84152.1463369143,27.418608693873576,,,,,,,,,,UNAVAILABLE,,,,,True,UP,,,,,,,,,,,,1790692079.0,4.243071838483489,83922.043769025,119.6891930103302,14.573716782724269,,0.03432733936404084,0.02685926224731752,,,
,-0.28966843470063086,,,,,,,,60,UNAVAILABLE,HIGH,,,required_move_unavailable,0,,,TMINUS_CHECKPOINT,,,,,84008.0,binance_ws,,,60,,,,,,,,,,btc-updown-15m-1790691300,,,,,,,,,,1790692140.10791,84028.0895818255,,,,,,,,,,,,,,,,UP,DOWN,84008.0361310854,10.246695409024353,83862.55404968056,-7.088688105376397,,,,,,,,,,UNAVAILABLE,,,,,True,UP,,,,,,,,,,,,1790692139.0,-2.3908173951670464,83922.043769025,59.89209008216858,12.636228580461363,,-0.1001818062128149,-0.11252176450173981,,,
,-0.00011457586253008665,,,,,,,,30,UNAVAILABLE,HIGH,,,required_move_unavailable,0,,,TMINUS_CHECKPOINT,,,,,83966.38,binance_ws,,,,,,,,,,,,,btc-updown-15m-1790691300,,,,,,,,,,1790692170.840627,83983.28576052119,,,,,,,,,,,,,,,,UP,UP,83975.06973756042,6.318479168757863,83975.05610417605,6.316854639164128,,,,,,,,,,UNAVAILABLE,,,,,True,UP,,,,,,,,,,,,1790692169.0,-2.012991081272193,83922.043769025,29.15937304496765,7.297485707657453,,-0.193224565106628,-0.19746501825909185,,,
,-0.026876190879433125,,,,,,,,15,UNAVAILABLE,HIGH,,,required_move_unavailable,0,,,TMINUS_CHECKPOINT,,,,,83957.83,binance_ws,,,,,,,,,,,,,btc-updown-15m-1790691300,,,,,,,,,,1790692185.163223,83962.08390421314,,,,,,,,,,,,,,,,UP,UP,83961.03200041197,4.645767623853568,83960.20414058502,4.547121333822491,,,,,,,,,,UNAVAILABLE,,,,,True,UP,,,,,,,,,,,,1790692184.0,-0.5066458590990415,83922.043769025,14.836776971817017,4.771110591436537,,-0.19264941819366765,-0.20676143474941677,,,
,0.0,,,,,,,,10,UNAVAILABLE,MEDIUM,,,required_move_unavailable,0,,,TMINUS_CHECKPOINT,,,,,83957.83,binance_ws,,,,,,,,,,,,,btc-updown-15m-1790691300,,,,,,,,,,1790692191.1905391,83954.00441639335,,,,,,,,,,,,,,,,UP,UP,83954.56610521201,3.875303165461144,83954.56610521201,3.875303165461144,,,,,,,,,,UNAVAILABLE,,,,,True,UP,,,,,,,,,,,,1790692190.0,0.45567613281217184,83922.043769025,8.809460878372192,3.8083733346995325,,-0.17880397568494133,-0.16606260674057427,,,
,-0.08843773557424636,,,,,,,,5,UNAVAILABLE,MEDIUM,,,required_move_unavailable,0,,,TMINUS_CHECKPOINT,,,,,83950.31,binance_ws,,,,,,,,,,,,,btc-updown-15m-1790691300,,,,,,,,,,1790692195.291114,83949.03410357544,,,,,,,,,,,,,,,,UP,UP,83949.13423775366,3.2280515955053146,83948.85986245907,3.1953575282166082,,,,,,,,,,UNAVAILABLE,,,,,True,UP,,,,,,,,,,,,1790692194.0,0.15198464618306481,83922.043769025,4.708885908126831,3.2161197866820466,,-0.15346228010077384,-0.1400010814471846,,,
,-0.3795023981286523,,,,,,,,120,UNAVAILABLE,HIGH,,,required_move_unavailable,0,,,TMINUS_CHECKPOINT,,,,,83422.71,binance_ws,,,120,,,,,,,,,,btc-updown-15m-1790694000,,,,,,,,,,1790694780.814923,83487.56435876168,,,,,,,,,,,,,,,,DOWN,DOWN,83422.71,-41.06794406745312,83214.153225,-65.96527420728448,,,,,,,,,,UNAVAILABLE,,,,,True,DOWN,,,,,,,,,,,,1790694779.0,-7.768145981956061,83766.72270828979,119.18507695198059,-33.325685964849434,,-0.23328097275603038,-0.24158959964731733,,,
,-0.026368711430674954,,,,,,,,60,UNAVAILABLE,MEDIUM,,,required_move_unavailable,0,,,TMINUS_CHECKPOINT,,,,,83389.11,binance_ws,,,60,,,,,,,,,,btc-updown-15m-1790694000,,,,,,,,,,1790694840.714187,83365.76560535633,,,,,,,,,,,,,,,,DOWN,DOWN,83388.8321289833,-45.112255450468204,83375.95115933736,-46.649974634109945,,,,,,,,,,UNAVAILABLE,,,,,True,DOWN,,,,,,,,,,,,1790694839.0,2.800237540453995,83766.72270828979,59.285813093185425,-47.86591739177482,,-0.1128433535082051,-0.06600204249951484,,,
,0.04450225283090922,,,,,,,,30,UNAVAILABLE,HIGH,,,required_move_unavailable,0,,,TMINUS_CHECKPOINT,,,,,83427.39,binance_ws,,,,,,,,,,,,,btc-updown-15m-1790694000,,,,,,,,,,1790694870.79165,83364.6820008527,,,,,,,,,,,,,,,,DOWN,DOWN,83395.20862057486,-44.3510353160992,83400.48764230689,-43.72083019867862,,,,,,,,,,UNAVAILABLE,,,,,True,DOWN,,,,,,,,,,,,1790694869.0,7.522130192574183,83766.72270828979,29.20834994316101,-47.9952771743449,,0.07005408341709314,0.0782685858457415,,,
,-0.02629453027209951,,,,,,,,15,UNAVAILABLE,HIGH,,,required_move_unavailable,0,,,TMINUS_CHECKPOINT,,,,,83397.45,binance_ws,,,,,,,,,,,,,btc-updown-15m-1790694000,,,,,,,,,,1790694885.641292,83374.65113224913,,,,,,,,,,,,,,,,DOWN,DOWN,83380.10717029238,-46.15383358660958,83379.35364530231,-46.24378875803261,,,,,,,,,,UNAVAILABLE,,,,,True,DOWN,,,,,,,,,,,,1790694884.0,2.734508323724091,83766.72270828979,14.358707904815674,-46.805170760472194,,0.0722348586728686,0.06919893592015978,,,
,0.04698710285551006,,,,,,,,10,UNAVAILABLE,HIGH,,,required_move_unavailable,0,,,TMINUS_CHECKPOINT,,,,,83411.99,binance_ws,,,,,,,,,,,,,btc-updown-15m-1790694000,,,,,,,,,,1790694890.027114,83375.49443503398,,,,,,,,,,,,,,,,DOWN,DOWN,83381.56053690119,-45.9803319189052,83382.21021408787,-45.90277400978791,,,,,,,,,,UNAVAILABLE,,,,,True,DOWN,,,,,,,,,,,,1790694888.0,4.377253198115832,83766.72270828979,9.972886085510254,-46.704497992386784,,0.052233860476459275,0.023062082477689844,,,
,0.4953776785292464,,,,,,,,5,UNAVAILABLE,HIGH,,,required_move_unavailable,0,,,TMINUS_CHECKPOINT,,,,,83439.04,binance_ws,,,,,,,,,,,,,btc-updown-15m-1790694000,,,,,,,,,,1790694895.708284,83378.47988431457,,,,,,,,,,,,,,,,DOWN,DOWN,83382.81166470509,-45.830973347450644,83384.08053272702,-45.67949696388289,,,,,,,,,,UNAVAILABLE,,,,,True,DOWN,,,,,,,,,,,,1790694894.0,7.263278938336546,83766.72270828979,4.2917160987854,-46.34809760043225,,0.0456166616520237,0.06595310864496368,,,
,-0.2521432700981702,,,,,,,,120,UNAVAILABLE,UNAVAILABLE,,,noncanonical_or_missing_settlement_label,0,,,TMINUS_CHECKPOINT,,,,,83010.0,binance_ws,,,120,,,,,,,,,,btc-updown-15m-1790697600,,,,,,,,,,1790698380.606436,83027.90903813411,,,,,,,,,,,,,,,,UNKNOWN,UNKNOWN,83010.0,,82802.475,,,,,,,,,,,UNAVAILABLE,,,,,,,,,,,,,,,,,,1790698379.0,-2.1569901424205367,,119.39356398582458,,,,-0.07876203241487781,,,
,-0.00011843171269991516,,,,,,,,60,UNAVAILABLE,MEDIUM,,,noncanonical_or_missing_settlement_label,0,,,TMINUS_CHECKPOINT,,,,,83012.01,binance_ws,,,60,,,,,,,,,,btc-updown-15m-1790697600,,,,,,,,,,1790698440.2084138,83006.42857113207,,,,,,,,,,,,,,,,UNKNOWN,UNKNOWN,83011.99061254968,,83011.93203410474,,,,,,,,,,,UNAVAILABLE,,,,,,,,,,,,,,,,,,1790698438.0,0.6724092295033521,,59.79158616065979,,,-0.03617295223996415,-0.029967870695541188,,,
,0.00011787574781835899,,,,,,,,30,UNAVAILABLE,HIGH,,,noncanonical_or_missing_settlement_label,0,,,TMINUS_CHECKPOINT,,,,,82962.61,binance_ws,,,,,,,,,,,,,btc-updown-15m-1790697600,,,,,,,,,,1790698470.6346061,82982.31670736085,,,,,,,,,,,,,,,,UNKNOWN,UNKNOWN,82972.67178696634,,82972.68584185073,,,,,,,,,,,UNAVAILABLE,,,,,,,,,,,,,,,,,,1790698469.0,-2.374808048604522,,29.36539387702942,,,-0.16453743623260875,-0.1578974429514358,,,
,0.10380362530075517,,,,,,,,15,UNAVAILABLE,MEDIUM,,,noncanonical_or_missing_settlement_label,0,,,TMINUS_CHECKPOINT,,,,,82990.0,binance_ws,,,,,,,,,,,,,btc-updown-15m-1790697600,,,,,,,,,,1790698485.5010948,82970.3283254831,,,,,,,,,,,,,,,,UNKNOWN,UNKNOWN,82975.08195454293,,82978.10022015,,,,,,,,,,,UNAVAILABLE,,,,,,,,,,,,,,,,,,1790698484.0,2.370928850580288,,14.498905181884766,,,-0.0766294338143122,-0.048503614333505675,,,
,0.5164972140402478,,,,,,,,10,UNAVAILABLE,MEDIUM,,,noncanonical_or_missing_settlement_label,0,,,TMINUS_CHECKPOINT,,,,,83026.0,binance_ws,,,,,,,,,,,,,btc-updown-15m-1790697600,,,,,,,,,,1790698491.672003,82968.13915169201,,,,,,,,,,,,,,,,UNKNOWN,UNKNOWN,82976.17023451444,,82981.12715514319,,,,,,,,,,,UNAVAILABLE,,,,,,,,,,,,,,,,,,1790698489.0,6.9738635697486355,,8.327996969223022,,,-0.047447172745777304,-0.038195637766209725,,,
,0.4987792733670432,,,,,,,,5,UNAVAILABLE,MEDIUM,,,noncanonical_or_missing_settlement_label,0,,,TMINUS_CHECKPOINT,,,,,83030.0,binance_ws,,,,,,,,,,,,,btc-updown-15m-1790697600,,,,,,,,,,1790698495.164403,82968.25382288088,,,,,,,,,,,,,,,,UNKNOWN,UNKNOWN,82973.23015006757,,82974.84410867207,,,,,,,,,,,UNAVAILABLE,,,,,,,,,,,,,,,,,,1790698493.0,7.442144949914963,,4.835597038269043,,,-0.02587410562557826,-0.008836066755086802,,,
,0.0,,,,,,,,120,UNAVAILABLE,HIGH,,,required_move_unavailable,0,,,TMINUS_CHECKPOINT,,,,,83256.0,binance_ws,,,120,,,,,,,,,,btc-updown-15m-1790698500,,,,,,,,,,1790699280.505653,83237.06050753318,,,,,,,,,,,,,,,,UP,UP,83256.0,34.45197211189332,83256.0,34.45197211189332,,,,,,,,,,UNAVAILABLE,,,,,True,UP,,,,,,,,,,,,1790699279.0,2.2753677690364795,82970.1514655589,119.4943470954895,32.16928464751285,,0.026004477048482716,0.019989341039814618,,,
,-0.4865278084400406,,,,,,,,60,UNAVAILABLE,HIGH,,,required_move_unavailable,0,,,TMINUS_CHECKPOINT,,,,,83252.02,binance_ws,,,60,,,,,,,,,,btc-updown-15m-1790698500,,,,,,,,,,1790699340.298711,83249.28997177527,,,,,,,,,,,,,,,,UP,UP,83252.00640850619,33.97064341437102,83044.9125376422,9.01059848183282,,,,,,,,,,UNAVAILABLE,,,,,True,UP,,,,,,,,,,,,1790699339.0,0.3279341151925209,82970.1514655589,59.70128893852234,33.64324414090542,,0.0634968870835581,0.05273528184014611,,,
,0.04647731324549731,,,,,,,,30,UNAVAILABLE,MEDIUM,,,required_move_unavailable,0,,,TMINUS_CHECKPOINT,,,,,83263.76,binance_ws,,,,,,,,,,,,,btc-updown-15m-1790698500,,,,,,,,,,1790699370.743398,83247.58646773014,,,,,,,,,,,,,,,,UP,UP,83255.47284435254,34.388436534562636,83260.99353677458,35.05381948548159,,,,,,,,,,UNAVAILABLE,,,,,True,UP,,,,,,,,,,,,1790699369.0,1.942822964137522,82970.1514655589,29.2566020488739,33.43792885401817,,-0.012459420523410427,-0.014491278515639427,,,
,-0.01723922508633199,,,,,,,,15,UNAVAILABLE,MEDIUM,,,required_move_unavailable,0,,,TMINUS_CHECKPOINT,,,,,83276.67,binance_ws,,,,,,,,,,,,,btc-updown-15m-1790698500,,,,,,,,,,1790699385.534467,83246.34937207683,,,,,,,,,,,,,,,,UP,UP,83253.65943948271,34.16987542098097,83253.15876123658,34.109531039624514,,,,,,,,,,UNAVAILABLE,,,,,True,UP,,,,,,,,,,,,1790699384.0,3.642277187152914,82970.1514655589,14.465533018112183,33.28882756500483,,-0.01138830804154867,-0.016818420873215886,,,
,-0.08264625739486917,,,,,,,,10,UNAVAILABLE,MEDIUM,,,required_move_unavailable,0,,,TMINUS_CHECKPOINT,,,,,83270.0,binance_ws,,,,,,,,,,,,,btc-updown-15m-1790698500,,,,,,,,,,1790699390.301518,83245.21365563439,,,,,,,,,,,,,,,,UP,UP,83249.22015422744,33.634829362024306,83248.14128690951,33.50479858603088,,,,,,,,,,UNAVAILABLE,,,,,True,UP,,,,,,,,,,,,1790699389.0,2.977509850372828,82970.1514655589,9.698482036590576,33.151945032868205,,-0.022614250738100545,-0.028619030631356113,,,
,-0.14849211999074383,,,,,,,,5,UNAVAILABLE,MEDIUM,,,required_move_unavailable,0,,,TMINUS_CHECKPOINT,,,,,83264.0,binance_ws,,,,,,,,,,,,,btc-updown-15m-1790698500,,,,,,,,,,1790699395.780361,83243.29429734926,,,,,,,,,,,,,,,,UP,UP,83244.75047387808,33.096119926112785,83244.38356346618,33.05189794924217,,,,,,,,,,UNAVAILABLE,,,,,True,UP,,,,,,,,,,,,1790699394.0,2.4873718448448785,82970.1514655589,4.21963906288147,32.92061385518212,,-0.03581844961158747,-0.042083119554914894,,,
,-0.15281936220074807,,,,,,,,120,UNAVAILABLE,MEDIUM,,,required_move_unavailable,0,,,TMINUS_CHECKPOINT,,,,,83088.0,binance_ws,,,120,,,,,,,,,,btc-updown-15m-1790699400,,,,,,,,,,1790700180.065832,83077.67397978801,,,,,,,,,,,,,,,,DOWN,DOWN,83088.0,-18.476961626875386,82935.71412776099,-36.77135964069653,,,,,,,,,,UNAVAILABLE,,,,,True,DOWN,,,,,,,,,,,,1790700178.0,1.2429356429145573,83241.80556471711,119.93416810035706,-19.717446518083484,,-0.028890512390816435,-0.03885509518111641,,,
,-0.046510878053032334,,,,,,,,60,UNAVAILABLE,MEDIUM,,,required_move_unavailable,0,,,TMINUS_CHECKPOINT,,,,,83066.01,binance_ws,,,60,,,,,,,,,,btc-updown-15m-1790699400,,,,,,,,,,1790700240.554176,83046.45642705473,,,,,,,,,,,,,,,,DOWN,DOWN,83065.82939795597,-21.140359170168967,83043.07479094181,-23.87391436635598,,,,,,,,,,UNAVAILABLE,,,,,True,DOWN,,,,,,,,,,,,1790700239.0,2.35453429159179,83241.80556471711,59.44582390785217,-23.467671843146455,,-0.059425194247622895,-0.0440013589916487,,,
,-0.00012244092941649263,,,,,,,,30,UNAVAILABLE,MEDIUM,,,required_move_unavailable,0,,,TMINUS_CHECKPOINT,,,,,83060.0,binance_ws,,,,,,,,,,,,,btc-updown-15m-1790699400,,,,,,,,,,1790700270.751081,83043.48362343431,,,,,,,,,,,,,,,,DOWN,DOWN,83051.53505944283,-22.85756585689991,83051.52055881073,-22.859307846035442,,,,,,,,,,UNAVAILABLE,,,,,True,DOWN,,,,,,,,,,,,1790700269.0,1.988882913508387,83241.80556471711,29.248919010162354,-23.824800523891685,,-0.04717990573456765,-0.06499381290081543,,,
,0.0,,,,,,,,15,UNAVAILABLE,MEDIUM,,,required_move_unavailable,0,,,TMINUS_CHECKPOINT,,,,,83050.0,binance_ws,,,,,,,,,,,,,btc-updown-15m-1790699400,,,,,,,,,,1790700285.148256,83037.75677420059,,,,,,,,,,,,,,,,DOWN,DOWN,83040.78732844276,-24.148711685267894,83040.78732844276,-24.148711685267894,,,,,,,,,,UNAVAILABLE,,,,,True,DOWN,,,,,,,,,,,,1790700284.0,1.4744167322218005,83241.80556471711,14.851743936538696,-24.51277806052332,,-0.05864104928552586,-0.05471066906011003,,,
,0.14956434093012683,,,,,,,,10,UNAVAILABLE,MEDIUM,,,required_move_unavailable,0,,,TMINUS_CHECKPOINT,,,,,83056.0,binance_ws,,,,,,,,,,,,,btc-updown-15m-1790699400,,,,,,,,,,1790700290.2662458,83036.15750942407,,,,,,,,,,,,,,,,DOWN,DOWN,83039.37654150988,-24.318192263363372,83041.33813300177,-24.08254246233149,,,,,,,,,,UNAVAILABLE,,,,,True,DOWN,,,,,,,,,,,,1790700289.0,2.389620518469297,83241.80556471711,9.73375415802002,-24.70490084854825,,-0.05076689492242654,-0.03763096448856774,,,
,-0.022992335547641022,,,,,,,,5,UNAVAILABLE,MEDIUM,,,required_move_unavailable,0,,,TMINUS_CHECKPOINT,,,,,83048.01,binance_ws,,,,,,,,,,,,,btc-updown-15m-1790699400,,,,,,,,,,1790700295.569759,83035.3635955824,,,,,,,,,,,,,,,,DOWN,DOWN,83036.29737259437,-24.688098813878693,83036.2349106076,-24.69560249383126,,,,,,,,,,UNAVAILABLE,,,,,True,DOWN,,,,,,,,,,,,1790700294.0,1.5230142760860412,83241.80556471711,4.430241107940674,-24.800275262436074,,-0.02765471294406252,-0.01802778989533631,,,
,-0.05391040429179345,,,,,,,,120,UNAVAILABLE,HIGH,,,required_move_unavailable,0,,,TMINUS_CHECKPOINT,,,,,83013.61,binance_ws,,,120,,,,,,,,,,btc-updown-15m-1790700300,,,,,,,,,,1790701080.322416,82961.45713480221,,,,,,,,,,,,,,,43.3539074139575,DOWN,DOWN,83013.61,-2.3205593894502368,82960.05072345286,-8.770929129897228,,,,,,,,,,UNAVAILABLE,,,,,True,UP,,,,,,,,,,,,1790701079.0,6.286396960584387,83032.87827253084,119.67758393287659,-8.601549074838585,,0.19840308723982222,0.19375763541031674,,,
,0.00012520406134559377,,,,,,,,60,UNAVAILABLE,HIGH,,,required_move_unavailable,0,,,TMINUS_CHECKPOINT,,,,,83061.28,binance_ws,,,60,,,,,,,,,,btc-updown-15m-1790700300,,,,,,,,,,1790701140.2157388,83021.79912451385,,,,,,,,,,,,,,,14.197616796555186,UP,UP,83061.1380407392,3.403443165682588,83061.1999904837,3.410904034892897,,,,,,,,,,UNAVAILABLE,,,,,True,UP,,,,,,,,,,,,1790701139.0,4.7554830059666395,83032.87827253084,59.78426122665405,-1.3343085591488406,,0.09398116446364352,0.09030099300488251,,,
,0.00012260000582122943,,,,,,,,30,UNAVAILABLE,HIGH,,,required_move_unavailable,0,,,TMINUS_CHECKPOINT,,,,,83074.01,binance_ws,,,,,,,,,,,,,btc-updown-15m-1790700300,,,,,,,,,,1790701171.384438,83037.72394843936,,,,,,,,,,,,,,,,UP,UP,83055.0297110526,2.6677912391588623,83055.0436108661,2.66946525236778,,,,,,,,,,UNAVAILABLE,,,,,True,UP,,,,,,,,,,,,1790701170.0,4.3698273309095566,83032.87827253084,28.615561962127686,0.5835852025524362,,0.04820870387270742,0.040135634159666644,,,
,-0.04722878838648838,,,,,,,,15,UNAVAILABLE,HIGH,,,required_move_unavailable,0,,,TMINUS_CHECKPOINT,,,,,83069.99,binance_ws,,,,,,,,,,,,,btc-updown-15m-1790700300,,,,,,,,,,1790701185.499331,83041.88466990479,,,,,,,,,,,,,,,,UP,UP,83048.67710472007,1.902720045110687,83047.30218990805,1.7371332509831017,,,,,,,,,,UNAVAILABLE,,,,,True,UP,,,,,,,,,,,,1790701184.0,3.38447642499159,83032.87827253084,14.500669002532959,1.0846784504305438,,0.03021307983020279,0.015332315581656155,,,
,0.10389134316111012,,,,,,,,10,UNAVAILABLE,HIGH,,,required_move_unavailable,0,,,TMINUS_CHECKPOINT,,,,,83069.99,binance_ws,,,,,,,,,,,,,btc-updown-15m-1790700300,,,,,,,,,,1790701190.062759,83042.50713808296,,,,,,,,,,,,,,,,UP,UP,83047.05886848908,1.7078290254726671,83048.47924643604,1.8788911368334476,,,,,,,,,,UNAVAILABLE,,,,,True,UP,,,,,,,,,,,,1790701189.0,3.3094932781045054,83032.87827253084,9.937241077423096,1.159644920475116,,0.01772267732024512,0.01642588438015419,,,
,-0.05956178143631935,,,,,,,,5,UNAVAILABLE,HIGH,,,required_move_unavailable,0,,,TMINUS_CHECKPOINT,,,,,83065.16,binance_ws,,,,,,,,,,,,,btc-updown-15m-1790700300,,,,,,,,,,1790701196.187936,83042.70288659082,,,,,,,,,,,,,,,,UP,UP,83044.12968579172,1.355055189577809,83044.00985851609,1.3406238850001087,,,,,,,,,,UNAVAILABLE,,,,,True,UP,,,,,,,,,,,,1790701195.0,2.704284979721886,83032.87827253084,3.8120639324188232,1.1832197395039257,,0.008131163890572226,0.0036503635894419243,,,
,0.0,,,,,,,,120,UNAVAILABLE,MEDIUM,,,required_move_unavailable,0,,,TMINUS_CHECKPOINT,,,,,83126.67,binance_ws,,,120,,,,,,,,,,btc-updown-15m-1790701200,,,,,,,,,,1790701980.085654,83090.40825944123,,,,,,,,,,,,,,,103.44303496962227,UP,UP,83126.67,10.056933019366785,83126.67,10.056933019366785,,,,,,,,,,UNAVAILABLE,,,,,True,UP,,,,,,,,,,,,1790701979.0,4.3641307484664384,83043.15405619399,119.91434597969055,5.690318941314309,,-0.05500920330678004,-0.041496156732705465,,,
,-0.0001278591872739676,,,,,,,,60,UNAVAILABLE,HIGH,,,required_move_unavailable,0,,,TMINUS_CHECKPOINT,,,,,83132.73,binance_ws,,,60,,,,,,,,,,btc-updown-15m-1790701200,,,,,,,,,,1790702041.783355,83103.78909762918,,,,,,,,,,,,,,,,UP,UP,83131.86980161868,10.683089585525613,83131.80976073453,10.675859503186008,,,,,,,,,,UNAVAILABLE,,,,,True,UP,,,,,,,,,,,,1790702039.0,3.482500940698625,83043.15405619399,58.21664500236511,7.301630354040725,,0.0159834071082529,0.016324065774632524,,,
,-0.00012919987198387577,,,,,,,,30,UNAVAILABLE,HIGH,,,required_move_unavailable,0,,,TMINUS_CHECKPOINT,,,,,83136.41,binance_ws,,,,,,,,,,,,,btc-updown-15m-1790701200,,,,,,,,,,1790702070.223796,83111.97712417526,,,,,,,,,,,,,,,,UP,UP,83124.10242913413,9.747747886040035,83124.08655680116,9.745836550524805,,,,,,,,,,UNAVAILABLE,,,,,True,UP,,,,,,,,,,,,1790702069.0,2.9397538922983895,83043.15405619399,29.776204109191895,8.287626928849262,,0.032715785553296135,0.024470157515298845,,,
,-0.0001221705797813459,,,,,,,,15,UNAVAILABLE,MEDIUM,,,required_move_unavailable,0,,,TMINUS_CHECKPOINT,,,,,83136.41,binance_ws,,,,,,,,,,,,,btc-updown-15m-1790701200,,,,,,,,,,1790702085.0418339,83110.98703554689,,,,,,,,,,,,,,,,UP,UP,83117.3250509738,8.931620628187824,83117.32126338036,8.93116452876795,,,,,,,,,,UNAVAILABLE,,,,,True,UP,,,,,,,,,,,,1790702084.0,3.0589174018875407,83043.15405619399,14.958166122436523,8.168401131175735,,-0.011387703744112463,-0.009382355885095308,,,
,0.0,,,,,,,,10,UNAVAILABLE,HIGH,,,required_move_unavailable,0,,,TMINUS_CHECKPOINT,,,,,83136.41,binance_ws,,,,,,,,,,,,,btc-updown-15m-1790701200,,,,,,,,,,1790702091.091242,83111.30230375189,,,,,,,,,,,,,,,,UP,UP,83115.03027688405,8.655285496673846,83115.03027688405,8.655285496673846,,,,,,,,,,UNAVAILABLE,,,,,True,UP,,,,,,,,,,,,1790702090.0,3.020972545508408,83043.15405619399,8.90875792503357,8.206365513499973,,2.8791522095087757e-05,0.006808324257288026,,,
,0.0,,,,,,,,5,UNAVAILABLE,HIGH,,,required_move_unavailable,0,,,TMINUS_CHECKPOINT,,,,,83136.41,binance_ws,,,,,,,,,,,,,btc-updown-15m-1790701200,,,,,,,,,,1790702095.3753119,83111.66466206327,,,,,,,,,,,,,,,,UP,UP,83113.57198658137,8.479679172558548,83113.57198658137,8.479679172558548,,,,,,,,,,UNAVAILABLE,,,,,True,UP,,,,,,,,,,,,1790702094.0,2.9773604027001475,83043.15405619399,4.624688148498535,8.250000454332206,,0.007890153166498558,0.01096787292206661,,,
,0.0029514994045927827,,,,,,,,120,UNAVAILABLE,HIGH,,,required_move_unavailable,0,,,TMINUS_CHECKPOINT,,,,,83136.01,binance_ws,,,120,,,,,,,,,,btc-updown-15m-1790702100,,,,,,,,,,1790702880.505599,83093.67488247331,,,,,,,,,,,,,,,42.6246202376014,UP,UP,83136.01,2.854588074851156,83138.9421044275,3.207376405987092,,,,,,,,,,UNAVAILABLE,,,,,True,DOWN,,,,,,,,,,,,1790702879.0,5.0948664367736765,83112.28486627471,119.49440097808838,-2.2391375512468032,,0.052531554269932085,0.058112690827965024,,,
,0.0,,,,,,,,60,UNAVAILABLE,MEDIUM,,,required_move_unavailable,0,,,TMINUS_CHECKPOINT,,,,,83108.01,binance_ws,,,60,,,,,,,,,,btc-updown-15m-1790702100,,,,,,,,,,1790702940.539131,83098.92047024163,,,,,,,,,,,,,,,,DOWN,DOWN,83107.92832589005,-0.5241752638211219,83107.92832589005,-0.5241752638211219,,,,,,,,,,UNAVAILABLE,,,,,True,DOWN,,,,,,,,,,,,1790702939.0,1.0938204379709344,83112.28486627471,59.4608690738678,-1.607992856240216,,-0.05978050271328384,-0.06461022279946524,,,
,0.22001631497261034,,,,,,,,30,UNAVAILABLE,MEDIUM,,,required_move_unavailable,0,,,TMINUS_CHECKPOINT,,,,,83136.73,binance_ws,,,,,,,,,,,,,btc-updown-15m-1790702100,,,,,,,,,,1790702970.466191,83087.08282377014,,,,,,,,,,,,,,,,DOWN,UP,83111.52066072867,-0.09194856660208525,83138.11171135007,3.1074642114477737,,,,,,,,,,UNAVAILABLE,,,,,True,DOWN,,,,,,,,,,,,1790702968.0,5.975318249548268,83112.28486627471,29.533808946609497,-3.03228849322571,,-0.018466903564034947,-0.0011095132699099123,,,
,0.3100541720090417,,,,,,,,15,UNAVAILABLE,HIGH,,,required_move_unavailable,0,,,TMINUS_CHECKPOINT,,,,,83166.0,binance_ws,,,,,,,,,,,,,btc-updown-15m-1790702100,,,,,,,,,,1790702985.565857,83094.08827160484,,,,,,,,,,,,,,,,DOWN,UP,83111.38800786831,-0.10790924685074602,83120.3419473377,0.9694211963916659,,,,,,,,,,UNAVAILABLE,,,,,True,DOWN,,,,,,,,,,,,1790702984.0,8.654253255671273,83112.28486627471,14.43414306640625,-2.18939891968378,,0.06568783249891698,0.08585160222006621,,,
,0.25970287213438326,,,,,,,,10,UNAVAILABLE,HIGH,,,required_move_unavailable,0,,,TMINUS_CHECKPOINT,,,,,83177.03,binance_ws,,,,,,,,,,,,,btc-updown-15m-1790702100,,,,,,,,,,1790702991.42732,83098.7051987113,,,,,,,,,,,,,,,,DOWN,UP,83109.89608966524,-0.2874155864336604,83112.54192088316,0.030928593631623664,,,,,,,,,,UNAVAILABLE,,,,,True,DOWN,,,,,,,,,,,,1790702990.0,9.425514043980431,83112.28486627471,8.572679996490479,-1.633894145163208,,0.0944493316309444,0.10632696035082455,,,
,0.14395071255123298,,,,,,,,5,UNAVAILABLE,HIGH,,,required_move_unavailable,0,,,TMINUS_CHECKPOINT,,,,,83178.0,binance_ws,,,,,,,,,,,,,btc-updown-15m-1790702100,,,,,,,,,,1790702996.216877,83104.06934152525,,,,,,,,,,,,,,,,DOWN,DOWN,83108.73082112009,-0.4276197147441618,83109.01643017311,-0.3932554744286392,,,,,,,,,,UNAVAILABLE,,,,,True,DOWN,,,,,,,,,,,,1790702995.0,8.896153829835626,83112.28486627471,3.783123016357422,-0.9884850070819335,,0.1199354234875854,0.13477543142565543,,,
,0.07055485844785499,,,,,,,,120,UNAVAILABLE,MEDIUM,,,noncanonical_or_missing_settlement_label,0,,,TMINUS_CHECKPOINT,,,,,83160.01,binance_ws,,,120,,,,,,,,,,btc-updown-15m-1790703000,,,,,,,,,,1790703781.261132,83135.49473782975,,,,,,,,,,,,,,,94.11849110848833,UP,UP,83160.01,5.865415289947263,83229.67816344007,14.247933126486853,,,,,,,,,,UNAVAILABLE,,,,,False,UP,,,,,,,,,,,,1790703780.0,2.9488321742182864,83111.261793431,118.73886799812317,2.9157233178558957,,-0.030979282429156298,-0.02093698597287245,,,
,0.00012382392021433245,,,,,,,,60,UNAVAILABLE,MEDIUM,,,noncanonical_or_missing_settlement_label,0,,,TMINUS_CHECKPOINT,,,,,83137.44,binance_ws,,,60,,,,,,,,,,btc-updown-15m-1790703000,,,,,,,,,,1790703840.799598,83117.62162339217,,,,,,,,,,,,,,,24.60815176870962,UP,UP,83137.17588776875,3.1180003502010347,83137.23601888397,3.1252353643142627,,,,,,,,,,UNAVAILABLE,,,,,False,UP,,,,,,,,,,,,1790703840.0,2.3843772500645626,83111.261793431,59.20040202140808,0.7652187951348859,,-0.031096150671010417,-0.03671665486340933,,,
,0.02434544474586853,,,,,,,,30,UNAVAILABLE,HIGH,,,noncanonical_or_missing_settlement_label,0,,,TMINUS_CHECKPOINT,,,,,83148.0,binance_ws,,,,,,,,,,,,,btc-updown-15m-1790703000,,,,,,,,,,1790703871.326414,83113.486379173,,,,,,,,,,,,,,,,UP,UP,83129.98020035996,2.2522106541326843,83132.75404598514,2.5859615280005674,,,,,,,,,,UNAVAILABLE,,,,,False,UP,,,,,,,,,,,,1790703870.0,4.152589709634142,83111.261793431,28.673585891723633,0.2676635745865549,,0.001772619855588748,0.009289336648055853,,,
,-0.00012511635824167747,,,,,,,,15,UNAVAILABLE,HIGH,,,noncanonical_or_missing_settlement_label,0,,,TMINUS_CHECKPOINT,,,,,83148.0,binance_ws,,,,,,,,,,,,,btc-updown-15m-1790703000,,,,,,,,,,1790703886.0581398,83116.60685929109,,,,,,,,,,,,,,,,UP,UP,83123.90150560725,1.52081822649677,83123.89813540396,1.5204127214877539,,,,,,,,,,UNAVAILABLE,,,,,False,UP,,,,,,,,,,,,1790703885.0,3.7769997952466934,83111.261793431,13.94186019897461,0.6431217316096907,,0.025841558929660557,0.014536052559969162,,,
,0.00011578903063426486,,,,,,,,10,UNAVAILABLE,HIGH,,,noncanonical_or_missing_settlement_label,0,,,TMINUS_CHECKPOINT,,,,,83148.01,binance_ws,,,,,,,,,,,,,btc-updown-15m-1790703000,,,,,,,,,,1790703890.2668931,83116.8720852081,,,,,,,,,,,,,,,,UP,UP,83121.92322940486,1.2827907727292778,83121.92474950083,1.282973671646253,,,,,,,,,,UNAVAILABLE,,,,,False,UP,,,,,,,,,,,,1790703889.0,3.746280870624717,83111.261793431,9.733106851577759,0.6750338830189399,,0.013576858398852835,0.008126158534903243,,,
,0.00012121613478737692,,,,,,,,5,UNAVAILABLE,HIGH,,,noncanonical_or_missing_settlement_label,0,,,TMINUS_CHECKPOINT,,,,,83148.01,binance_ws,,,,,,,,,,,,,btc-updown-15m-1790703000,,,,,,,,,,1790703895.979878,83117.94378993117,,,,,,,,,,,,,,,,UP,UP,83119.9582871661,1.0463676699682958,83119.95855864714,1.0464003347411102,,,,,,,,,,UNAVAILABLE,,,,,False,UP,,,,,,,,,,,,1790703895.0,3.6172947378018208,83111.261793431,4.020122051239014,0.8039820784799563,,0.016211877380958476,0.024846236423137415,,,
,-0.00012238161474746023,,,,,,,,120,UNAVAILABLE,HIGH,,,noncanonical_or_missing_settlement_label,0,,,TMINUS_CHECKPOINT,,,,,83860.39,binance_ws,,,120,,,,,,,,,,btc-updown-15m-1790768700,,,,,,,,,,1790769480.11968,83818.7136358744,,,,,,,,,,,,,,,,UNKNOWN,UNKNOWN,83860.39,,83860.26696718785,,,,,,,,,,,UNAVAILABLE,,,,,,,,,,,,,,,,,,1790769479.0,4.972202783575339,,119.88032007217407,,,0.012090967414690524,0.011882585700350558,,,
,0.04758615657621455,,,,,,,,60,UNAVAILABLE,MEDIUM,,,noncanonical_or_missing_settlement_label,0,,,TMINUS_CHECKPOINT,,,,,83860.01,binance_ws,,,60,,,,,,,,,,btc-updown-15m-1790768700,,,,,,,,,,1790769540.368159,83815.55100052731,,,,,,,,,,,,,,,,UNKNOWN,UNKNOWN,83859.73720027893,,83883.38772184882,,,,,,,,,,,UNAVAILABLE,,,,,,,,,,,,,,,,,,1790769539.0,5.304385515810017,,59.63184094429016,,,-0.005075900351883885,-0.0035417358983167516,,,
,0.14472903311534255,,,,,,,,30,UNAVAILABLE,HIGH,,,noncanonical_or_missing_settlement_label,0,,,TMINUS_CHECKPOINT,,,,,83888.01,binance_ws,,,,,,,,,,,,,btc-updown-15m-1790768700,,,,,,,,,,1790769570.354955,83826.39308042503,,,,,,,,,,,,,,,,UNKNOWN,UNKNOWN,83856.83701969421,,83874.62016313554,,,,,,,,,,,UNAVAILABLE,,,,,,,,,,,,,,,,,,1790769569.0,7.35053928848679,,29.645045042037964,,,0.06485359742716844,0.07346053364823457,,,
,0.10077383561616712,,,,,,,,15,UNAVAILABLE,HIGH,,,noncanonical_or_missing_settlement_label,0,,,TMINUS_CHECKPOINT,,,,,83896.74,binance_ws,,,,,,,,,,,,,btc-updown-15m-1790768700,,,,,,,,,,1790769585.217107,83836.08423338657,,,,,,,,,,,,,,,,UNKNOWN,UNKNOWN,83851.02869512302,,83854.10805528963,,,,,,,,,,,UNAVAILABLE,,,,,,,,,,,,,,,,,,1790769584.0,7.2350429016432445,,14.782892942428589,,,0.07323883809254127,0.06774721721819743,,,
,0.14250261006495168,,,,,,,,10,UNAVAILABLE,HIGH,,,noncanonical_or_missing_settlement_label,0,,,TMINUS_CHECKPOINT,,,,,83900.0,binance_ws,,,,,,,,,,,,,btc-updown-15m-1790768700,,,,,,,,,,1790769590.1004329,83839.15480616591,,,,,,,,,,,,,,,,UNKNOWN,UNKNOWN,83849.19382417807,,83851.14666092678,,,,,,,,,,,UNAVAILABLE,,,,,,,,,,,,,,,,,,1790769589.0,7.2573720446917465,,9.899567127227783,,,0.07128066567034225,0.07500197659246162,,,
,0.21811653408647336,,,,,,,,5,UNAVAILABLE,HIGH,,,noncanonical_or_missing_settlement_label,0,,,TMINUS_CHECKPOINT,,,,,83915.17,binance_ws,,,,,,,,,,,,,btc-updown-15m-1790768700,,,,,,,,,,1790769595.2885492,83842.44808318422,,,,,,,,,,,,,,,,UNKNOWN,UNKNOWN,83848.15851208863,,83848.83566560772,,,,,,,,,,,UNAVAILABLE,,,,,,,,,,,,,,,,,,1790769594.0,8.673639484337299,,4.711450815200806,,,0.07536978455230423,0.07571321153301565,,,
,0.114662634473019,,,,,,,,120,UNAVAILABLE,HIGH,,,required_move_unavailable,0,,,TMINUS_CHECKPOINT,,,,,83846.0,binance_ws,,,120,,,,,,,,,,btc-updown-15m-1790769600,,,,,,,,,,1790770380.306319,83791.70396068494,,,,,,,,,,,,,,,,DOWN,UP,83846.0,-0.0974719559462005,83961.07354381574,13.626787063136671,,,,,,,,,,UNAVAILABLE,,,,,True,DOWN,,,,,,,,,,,,1790770379.0,6.479882464322258,83846.81727132793,119.69368100166321,-6.5730951318803195,,0.011856836227118337,0.01675302033070037,,,
,-0.007259557278031459,,,,,,,,60,UNAVAILABLE,HIGH,,,required_move_unavailable,0,,,TMINUS_CHECKPOINT,,,,,83852.01,binance_ws,,,60,,,,,,,,,,btc-updown-15m-1790769600,,,,,,,,,,1790770440.1747599,83811.6996731445,,,,,,,,,,,,,,,,UP,UP,83851.89258954547,0.6053083924604591,83848.26146400433,0.172241800393361,,,,,,,,,,UNAVAILABLE,,,,,True,DOWN,,,,,,,,,,,,1790770439.0,4.809630041236889,83846.81727132793,59.82524013519287,-4.188304258442819,,0.02164516320748413,0.018556817258050452,,,
,-0.00011549541703720473,,,,,,,,30,UNAVAILABLE,MEDIUM,,,required_move_unavailable,0,,,TMINUS_CHECKPOINT,,,,,83852.0,binance_ws,,,,,,,,,,,,,btc-updown-15m-1790769600,,,,,,,,,,1790770470.418472,83807.29453899714,,,,,,,,,,,,,,,,DOWN,DOWN,83829.33546973216,-2.084969014291692,83829.3213453932,-2.086653555151742,,,,,,,,,,UNAVAILABLE,,,,,True,DOWN,,,,,,,,,,,,1790770469.0,5.334316213018907,83846.81727132793,29.581527948379517,-4.713683073132871,,-0.028032871904125938,-0.030366527139512812,,,
,0.28192160519159626,,,,,,,,15,UNAVAILABLE,HIGH,,,required_move_unavailable,0,,,TMINUS_CHECKPOINT,,,,,83875.03,binance_ws,,,,,,,,,,,,,btc-updown-15m-1790769600,,,,,,,,,,1790770485.03405,83807.64833317,,,,,,,,,,,,,,,,DOWN,DOWN,83824.45551079528,-2.666977860386211,83833.28261753528,-1.6142119919531182,,,,,,,,,,UNAVAILABLE,,,,,True,DOWN,,,,,,,,,,,,1790770484.0,8.040037892738752,83846.81727132793,14.965950012207031,-4.671487771704027,,0.022040780928069135,0.03485191043465584,,,
,0.04781942008619119,,,,,,,,10,UNAVAILABLE,HIGH,,,required_move_unavailable,0,,,TMINUS_CHECKPOINT,,,,,83875.03,binance_ws,,,,,,,,,,,,,btc-updown-15m-1790769600,,,,,,,,,,1790770491.18013,83810.04083922411,,,,,,,,,,,,,,,,DOWN,DOWN,83819.59410504303,-3.246773958850582,83820.1141131454,-3.1847551346065757,,,,,,,,,,UNAVAILABLE,,,,,True,DOWN,,,,,,,,,,,,1790770490.0,7.754340664332269,83846.81727132793,8.819869995117188,-4.386145270704312,,0.04196256957864294,0.041117072703339794,,,
,0.0,,,,,,,,5,UNAVAILABLE,HIGH,,,required_move_unavailable,0,,,TMINUS_CHECKPOINT,,,,,83875.03,binance_ws,,,,,,,,,,,,,btc-updown-15m-1790769600,,,,,,,,,,1790770495.159874,83811.70609004878,,,,,,,,,,,,,,,,DOWN,DOWN,83816.81435180474,-3.578301538399326,83816.81435180474,-3.578301538399326,,,,,,,,,,UNAVAILABLE,,,,,True,DOWN,,,,,,,,,,,,1790770494.0,7.55549706662428,83846.81727132793,4.840126037597656,-4.187538945637539,,0.04781586259482754,0.04772089668557663,,,
,0.16068233632384663,,,,,,,,120,UNAVAILABLE,MEDIUM,,,noncanonical_or_missing_settlement_label,0,,,TMINUS_CHECKPOINT,,,,,83902.0,binance_ws,,,120,,,,,,,,,,btc-updown-15m-1790770500,,,,,,,,,,1790771280.75289,83850.9022469912,,,,,,,,,,,,,,,,UP,UP,83902.0,10.461912817357062,84062.76381856138,29.642863005288177,,,,,,,,,,UNAVAILABLE,,,,,False,UP,,,,,,,,,,,,1790771279.0,6.093882312474976,83814.31419520432,119.24710988998413,4.365370299596474,,-0.017848647517421358,-0.00953024757225932,,,
,-0.00011865196493190978,,,,,,,,60,UNAVAILABLE,HIGH,,,noncanonical_or_missing_settlement_label,0,,,TMINUS_CHECKPOINT,,,,,83926.0,binance_ws,,,60,,,,,,,,,,btc-updown-15m-1790770500,,,,,,,,,,1790771340.0838132,83866.85543494484,,,,,,,,,,,,,,,,UP,UP,83925.91738175508,13.31552821524347,83925.85780065173,13.308419512641116,,,,,,,,,,UNAVAILABLE,,,,,False,UP,,,,,,,,,,,,1790771338.0,7.052197766140742,83814.31419520432,59.916186809539795,6.268766886066062,,0.0748279399258949,0.07237740974211865,,,
,-0.2774339239513336,,,,,,,,30,UNAVAILABLE,HIGH,,,noncanonical_or_missing_settlement_label,0,,,TMINUS_CHECKPOINT,,,,,83908.64,binance_ws,,,,,,,,,,,,,btc-updown-15m-1790770500,,,,,,,,,,1790771370.329073,83887.33199465674,,,,,,,,,,,,,,,,UP,UP,83897.8691325246,9.969053391726025,83863.71232852324,5.893758577308664,,,,,,,,,,UNAVAILABLE,,,,,False,UP,,,,,,,,,,,,1790771369.0,2.540074268261214,83814.31419520432,29.670927047729492,8.711853118829982,,0.07283611993762339,0.05908483951052448,,,
,-0.10714669080750489,,,,,,,,15,UNAVAILABLE,MEDIUM,,,noncanonical_or_missing_settlement_label,0,,,TMINUS_CHECKPOINT,,,,,83890.86,binance_ws,,,,,,,,,,,,,btc-updown-15m-1790770500,,,,,,,,,,1790771385.575488,83884.89506158,,,,,,,,,,,,,,,,UP,UP,83886.32908366798,8.592194442578329,83883.21202905195,8.220294410233162,,,,,,,,,,UNAVAILABLE,,,,,False,UP,,,,,,,,,,,,1790771384.0,0.7110861157571069,83814.31419520432,14.424511909484863,8.421099313810927,,-0.041142074615670085,-0.06324871371898334,,,
,0.04957821124719241,,,,,,,,10,UNAVAILABLE,MEDIUM,,,noncanonical_or_missing_settlement_label,0,,,TMINUS_CHECKPOINT,,,,,83900.01,binance_ws,,,,,,,,,,,,,btc-updown-15m-1790770500,,,,,,,,,,1790771390.210976,83882.14437678135,,,,,,,,,,,,,,,,UP,UP,83885.05916038984,8.44067816635164,83885.72348510893,8.51993965354216,,,,,,,,,,UNAVAILABLE,,,,,False,UP,,,,,,,,,,,,1790771389.0,2.1298481758419463,83814.31419520432,9.789024114608765,8.092911363450762,,-0.06685834072871026,-0.07073944039474096,,,
,0.23453559622227155,,,,,,,,5,UNAVAILABLE,MEDIUM,,,noncanonical_or_missing_settlement_label,0,,,TMINUS_CHECKPOINT,,,,,83910.3,binance_ws,,,,,,,,,,,,,btc-updown-15m-1790770500,,,,,,,,,,1790771395.45585,83879.87480158197,,,,,,,,,,,,,,,,UP,UP,83882.17907939633,8.097051779718587,83882.85637480114,8.177860817089732,,,,,,,,,,UNAVAILABLE,,,,,False,UP,,,,,,,,,,,,1790771394.0,3.627234600670612,83814.31419520432,4.544150114059448,7.822125254758635,,-0.06057167681148643,-0.05158696683174992,,,
,0.03753077458997418,,,,,,,,120,UNAVAILABLE,MEDIUM,,,required_move_unavailable,0,,,TMINUS_CHECKPOINT,,,,,84828.32,binance_ws,,,120,,,,,,,,,,btc-updown-15m-1790771400,,,,,,,,,,1790772180.005867,84823.90917060067,,,,,,,,,,,,,,,,UP,UP,84828.32,113.27965973529916,84866.5222028191,117.83414767903717,,,,,,,,,,UNAVAILABLE,,,,,True,UP,,,,,,,,,,,,1790772179.0,0.5199983639590673,83878.15115776227,119.99413299560547,112.75379819228108,,-0.2750390492295004,-0.27706135122551623,,,
,0.05459438487309568,,,,,,,,60,UNAVAILABLE,HIGH,,,required_move_unavailable,0,,,TMINUS_CHECKPOINT,,,,,84924.43,binance_ws,,,60,,,,,,,,,,btc-updown-15m-1790771400,,,,,,,,,,1790772240.197282,84847.54186746117,,,,,,,,,,,,,,,,UP,UP,84924.17718916004,124.70780733237021,84951.81293640302,128.00255654435554,,,,,,,,,,UNAVAILABLE,,,,,True,UP,,,,,,,,,,,,1790772239.0,9.06191633211145,83878.15115776227,59.80271792411804,115.57130150325146,,0.19497544752219714,0.19339321606846235,,,
,0.2125829324963785,,,,,,,,30,UNAVAILABLE,MEDIUM,,,required_move_unavailable,0,,,TMINUS_CHECKPOINT,,,,,84884.52,binance_ws,,,,,,,,,,,,,btc-updown-15m-1790771400,,,,,,,,,,1790772270.145946,84861.42167872896,,,,,,,,,,,,,,,,UP,UP,84872.91465422793,118.59625930412501,84899.7194355041,121.79194028972023,,,,,,,,,,UNAVAILABLE,,,,,True,UP,,,,,,,,,,,,1790772269.0,2.7218871442530683,83878.15115776227,29.85405397415161,117.22606035000796,,-0.030479092973525888,-0.0173666581506536,,,
,-0.2244429333241757,,,,,,,,15,UNAVAILABLE,HIGH,,,required_move_unavailable,0,,,TMINUS_CHECKPOINT,,,,,84870.64,binance_ws,,,,,,,,,,,,,btc-updown-15m-1790771400,,,,,,,,,,1790772285.0804741,84859.7708541357,,,,,,,,,,,,,,,,UP,UP,84862.473562516,117.3514665222361,84855.4067721876,116.50895983475682,,,,,,,,,,UNAVAILABLE,,,,,True,UP,,,,,,,,,,,,1790772284.0,1.2808361081936306,83878.15115776227,14.919525861740112,117.02924812054435,,0.004130854770769066,-0.009158192929513897,,,
,0.18893015509535574,,,,,,,,10,UNAVAILABLE,MEDIUM,,,required_move_unavailable,0,,,TMINUS_CHECKPOINT,,,,,84885.27,binance_ws,,,,,,,,,,,,,btc-updown-15m-1790771400,,,,,,,,,,1790772290.5253901,84856.24995680207,,,,,,,,,,,,,,,,UP,UP,84860.83251658847,117.15582011076144,84863.23192974634,117.44187948674308,,,,,,,,,,UNAVAILABLE,,,,,True,UP,,,,,,,,,,,,1790772289.0,3.419906396133939,83878.15115776227,9.474609851837158,116.60948477514144,,-0.04592450296424166,-0.07620093880142866,,,
,0.050219203508558435,,,,,,,,5,UNAVAILABLE,MEDIUM,,,required_move_unavailable,0,,,TMINUS_CHECKPOINT,,,,,84875.03,binance_ws,,,,,,,,,,,,,btc-updown-15m-1790771400,,,,,,,,,,1790772295.380474,84853.65619556238,,,,,,,,,,,,,,,,UP,UP,84855.30180961874,116.49644613870933,84855.45340756763,116.5145197307939,,,,,,,,,,UNAVAILABLE,,,,,True,UP,,,,,,,,,,,,1790772294.0,2.51890200091897,83878.15115776227,4.619525909423828,116.30025511236192,,-0.06995731533808854,-0.06295778176281433,,,
,-0.04490266406667662,,,,,,,,120,UNAVAILABLE,HIGH,,,noncanonical_or_missing_settlement_label,0,,,TMINUS_CHECKPOINT,,,,,85462.4,binance_ws,,,120,,,,,,,,,,btc-updown-15m-1790772300,,,,,,,,,,1790773080.3129652,85419.31597262096,,,,,,,,,,,,,,,,UP,UP,85462.4,72.53248447846505,85416.47022679714,67.11923686793115,,,,,,,,,,UNAVAILABLE,,,,,,,,,,,,,,,,,,1790773079.0,5.043827252473817,84846.98374683382,119.68703484535217,67.45463427372567,,0.1126864538921446,0.11723765239078916,,,
1.0,-0.14195824770246848,,0.001,0.999,,0.001,0.999,,120,VOLATILITY_CONDITIONED_EMPIRICAL_CDF,HIGH,UP,pre_final_window_approximation,minute_close_coarse; market_mid_not_executable; endpoint_return_is_proxy_not_official_twap_path,66735,2026-09-20T23:58:00+00:00,2026-08-05T15:44:00+00:00,TMINUS_CHECKPOINT,0.001,0.999,0.001,0.999,84149.573,binance_ws,chainlink_source_observation_ts,unavailable,120,,,4.318083047866821,,,,,0.001,0.999,btc-updown-15m-1790782200,,-0.001,0.0010000000000000009,-0.001,0.0010000000000000009,-0.001,0.0010000000000000009,,0.0,1790782981.28654,84132.90894715764,0.0,0.0,0.998996029070203,0.9998237031160474,1.0,1.0,83808.38625820405,strike,84149.573,1.2865400314331055,UP,polymarket_chainlink_spot,PRE_FINAL_WINDOW_APPROX,existing_twap_average_approx_v1,,UP,UP,84204.17,47.22483744963011,84062.26614552394,30.292897722396432,,,,,strike_proxy,False,,-40.54527309318116,PRE_FINAL_STRIKE_PROXY,PRE_FINAL_PROXY,10.452308907409714,-341.18674179595837,PRE_FINAL_WINDOW_APPROX,False,True,UP,UP,0.2,0.26850429916125773,1.2865400314331055,True,True,120,polymarket_chainlink_spot_history,121.0,0.2,False,1790782980.0,8.470056929460783,83808.38625820405,118.7134599685669,38.72198278031224,PRE_FINAL_WINDOW_APPROX,0.06479804771899317,0.0643477133218942,False,22689,MID
1.0,-0.21934324247053508,,0.001,0.999,,0.001,0.999,,60,UNAVAILABLE,MEDIUM,UP,insufficient_raw_final_window_history,required_move_unavailable,0,,,TMINUS_CHECKPOINT,0.001,0.999,0.001,0.999,84114.23109032863,binance_ws,chainlink_source_observation_ts,unavailable,60,,,0.6777560710906982,,,,,0.001,0.999,btc-updown-15m-1790782200,,-0.001,0.0010000000000000009,-0.001,0.0010000000000000009,-0.001,0.0010000000000000009,,0.0,1790783040.3924701,84117.3344927376,0.0,0.0,,,1.0,1.0,,,84114.23109032863,2.392470121383667,UP,polymarket_chainlink_spot,FINAL_WINDOW_RAW_UNAVAILABLE,existing_twap_average_approx_v1,,UP,UP,84169.66544062117,43.10776027879476,84060.3371298515,30.062727955554422,,60.0,,,unavailable,False,,,UNAVAILABLE,UNAVAILABLE,,,UNAVAILABLE,False,True,UP,UP,0.2,0.2970456181314615,2.392470121383667,True,True,120,polymarket_chainlink_spot_history,121.0,0.2,False,1790783039.0,6.262146509997229,83808.38625820405,59.60752987861633,36.86364197273996,FINAL_WINDOW_RAW_UNAVAILABLE,-0.06154189555181302,-0.05938025789422166,,,
1.0,-0.062439340492029434,,0.001,0.999,,0.001,0.999,,30,UNAVAILABLE,MEDIUM,UP,ok,1m_close_data_cannot_reconstruct_remaining_average_path_boundary,0,,,TMINUS_CHECKPOINT,0.001,0.999,0.001,0.999,84079.32406804111,binance_ws,chainlink_source_observation_ts,polymarket_chainlink_raw_spot_history,,,,3.8032450675964355,,,,,0.001,0.999,btc-updown-15m-1790782200,,-0.001,0.0010000000000000009,-0.001,0.0010000000000000009,-0.001,0.0010000000000000009,84089.01339233959,30.0,1790783071.797069,84100.79217546586,0.0,0.0,,,1.0,1.0,,,84079.32406804111,1.7970690727233887,UP,polymarket_chainlink_spot,FINAL_WINDOW_PARTIAL_INTEGRAL,existing_twap_average_approx_v1,,UP,UP,84119.2264687401,37.08939217352158,84112.26183786713,36.25837380126569,83527.75912406851,30.0,83527.75912406851,83527.75912406851,raw_chainlink_partial_integral,True,83527.75912406851,-65.60054449608126,EXACT_FINAL_WINDOW_BOUNDARY,EXACT_FINAL_WINDOW,33.64099284523557,-551.5649439725967,FINAL_WINDOW_PARTIAL_INTEGRAL,False,True,UP,UP,0.2,0.29543266560794396,1.7970690727233887,True,True,120,polymarket_chainlink_spot_history,121.0,0.2,False,1790783070.0,4.66319323750431,83808.38625820405,28.20293092727661,34.88981596196615,FINAL_WINDOW_PARTIAL_INTEGRAL,-0.048473473496431184,-0.047715904560198266,,,
1.0,-0.16607103277765675,,0.001,0.999,,0.001,0.999,,15,UNAVAILABLE,MEDIUM,UP,ok,1m_close_data_cannot_reconstruct_remaining_average_path_boundary,0,,,TMINUS_CHECKPOINT,0.001,0.999,0.001,0.999,84066.15308075876,binance_ws,chainlink_source_observation_ts,polymarket_chainlink_raw_spot_history,,,,4.855355262756348,,,,,0.001,0.999,btc-updown-15m-1790782200,,-0.001,0.0010000000000000009,-0.001,0.0010000000000000009,-0.001,0.0010000000000000009,84084.42626604294,44.0,1790783085.4939132,84094.60384643209,0.0,0.0,,,1.0,1.0,,,84066.15308075876,2.493913173675537,UP,polymarket_chainlink_spot,FINAL_WINDOW_PARTIAL_INTEGRAL,existing_twap_average_approx_v1,,UP,UP,84102.19685294104,35.057421799268994,84097.29710800592,34.47278520693251,83049.2762366471,16.0,83049.2762366471,83049.2762366471,raw_chainlink_partial_integral,True,83049.2762366471,-120.96150553419345,EXACT_FINAL_WINDOW_BOUNDARY,EXACT_FINAL_WINDOW,84.9393982926122,-1016.8768441116554,FINAL_WINDOW_PARTIAL_INTEGRAL,False,True,UP,UP,0.2,0.23117893446236462,2.493913173675537,True,True,120,polymarket_chainlink_spot_history,121.0,0.2,False,1790783084.0,3.734621739256773,83808.38625820405,14.506086826324463,34.15142577095318,FINAL_WINDOW_PARTIAL_INTEGRAL,-0.052198332467220936,-0.05522937024961065,,,
1.0,-0.14322535529460875,,0.001,0.999,,0.001,0.999,,10,UNAVAILABLE,MEDIUM,UP,ok,1m_close_data_cannot_reconstruct_remaining_average_path_boundary,0,,,TMINUS_CHECKPOINT,0.001,0.999,0.001,0.999,84065.34591357663,binance_ws,chainlink_source_observation_ts,polymarket_chainlink_raw_spot_history,,,,2.3053531646728516,,,,,0.001,0.999,btc-updown-15m-1790782200,,-0.001,0.0010000000000000009,-0.001,0.0010000000000000009,-0.001,0.0010000000000000009,84082.54956499639,49.0,1790783090.313584,84092.23661357384,0.0,0.0,,,1.0,1.0,,,84065.34591357663,2.313584089279175,UP,polymarket_chainlink_spot,FINAL_WINDOW_PARTIAL_INTEGRAL,existing_twap_average_approx_v1,,UP,UP,84095.75171485232,34.288389202832775,84093.86779153715,34.0635998471038,82587.1133461291,11.0,82587.1133461291,82587.1133461291,raw_chainlink_partial_integral,True,82587.1133461291,-175.84327422707872,EXACT_FINAL_WINDOW_BOUNDARY,EXACT_FINAL_WINDOW,148.9194443415461,-1478.2325674475287,FINAL_WINDOW_PARTIAL_INTEGRAL,False,True,UP,UP,0.2,0.22898912201715463,2.313584089279175,True,True,120,polymarket_chainlink_spot_history,120.0,0.2,False,1790783089.0,2.5892266995130546,83808.38625820405,9.686415910720825,33.868968016551,FINAL_WINDOW_PARTIAL_INTEGRAL,-0.056767000189202256,-0.05840573121622883,,,
1.0,-0.34320055852098674,,0.001,0.999,,0.001,0.999,,5,UNAVAILABLE,MEDIUM,UP,ok,1m_close_data_cannot_reconstruct_remaining_average_path_boundary,0,,,TMINUS_CHECKPOINT,0.001,0.999,0.001,0.999,84048.95510504252,binance_ws,chainlink_source_observation_ts,polymarket_chainlink_raw_spot_history,,,,0.4633312225341797,,,,,0.001,0.999,btc-updown-15m-1790782200,,-0.001,0.0010000000000000009,-0.001,0.0010000000000000009,-0.001,0.0010000000000000009,84080.42381810893,54.0,1790783095.191859,84087.09618275889,0.0,0.0,,,1.0,1.0,,,84048.95510504252,1.1918590068817139,UP,polymarket_chainlink_spot,FINAL_WINDOW_PARTIAL_INTEGRAL,existing_twap_average_approx_v1,,UP,UP,84087.97076896003,33.35996828463173,84086.85868687766,33.22727487147531,81360.04821906006,6.0,81360.04821906006,81360.04821906006,raw_chainlink_partial_integral,True,81360.04821906006,-319.921512721,EXACT_FINAL_WINDOW_BOUNDARY,EXACT_FINAL_WINDOW,366.851084541529,-2688.906885982462,FINAL_WINDOW_PARTIAL_INTEGRAL,False,True,UP,UP,0.2,0.24731285114845614,1.1918590068817139,True,True,120,polymarket_chainlink_spot_history,120.0,0.2,False,1790783094.0,1.2979181986952373,83808.38625820405,4.808140993118286,33.25561283284618,FINAL_WINDOW_PARTIAL_INTEGRAL,-0.09205702290359075,-0.1253075801201981,,,
,-0.000118823599700039,,,,,,,,120,UNAVAILABLE,MEDIUM,UP,pre_final_window_approximation,noncanonical_or_missing_settlement_label,0,,,TMINUS_CHECKPOINT,,,,,84074.08214799498,binance_ws,chainlink_source_observation_ts,unavailable,120,,,,,,,,,,btc-updown-15m-1790783100,,,,,,,,,0.0,1790783881.280558,84091.98288769813,0.5751173596720658,0.5751173596720658,,,0.42488264032793427,0.42488264032793427,84079.11021995396,strike,84074.08214799498,1.2805581092834473,DOWN,polymarket_chainlink_spot,PRE_FINAL_WINDOW_APPROX,existing_twap_average_approx_v1,27.054029234921227,UP,UP,84131.61,6.24409320087935,84131.491318302,6.229977721102393,,,,,strike_proxy,False,,0.5980525544279209,PRE_FINAL_STRIKE_PROXY,PRE_FINAL_PROXY,0.15417019241485613,5.028071958979126,PRE_FINAL_WINDOW_APPROX,True,False,UP,UP,0.2,0.1956002437728465,1.2805581092834473,True,True,120,polymarket_chainlink_spot_history,120.0,0.2,False,1790783880.0,4.712353180539665,84079.11021995396,118.71944189071655,1.5310185503261755,PRE_FINAL_WINDOW_APPROX,-0.056591147182983866,-0.05358295258030701,,,
,0.0,,,,,,,,60,UNAVAILABLE,HIGH,UP,insufficient_raw_final_window_history,noncanonical_or_missing_settlement_label,0,,,TMINUS_CHECKPOINT,,,,,84088.45640615806,binance_ws,chainlink_source_observation_ts,unavailable,60,,,,,,,,,,btc-updown-15m-1790783100,,,,,,,,,0.0,1790783941.195159,84082.62552281095,0.3420560201540128,0.3420560201540128,,,0.6579439798459872,0.6579439798459872,,,84088.45640615806,1.1951589584350586,UP,polymarket_chainlink_spot,FINAL_WINDOW_RAW_UNAVAILABLE,existing_twap_average_approx_v1,,UP,UP,84143.277303545,7.631751028664217,84143.277303545,7.631751028664217,,60.0,,,unavailable,False,,,UNAVAILABLE,UNAVAILABLE,,,UNAVAILABLE,False,False,UP,UP,0.2,0.1800896022166938,1.1951589584350586,True,True,120,polymarket_chainlink_spot_history,120.0,0.2,False,1790783940.0,7.359960134958331,84079.11021995396,58.80484104156494,0.41809467866536637,FINAL_WINDOW_RAW_UNAVAILABLE,0.026609598354954966,0.03402076032132871,,,
,0.1079352896464598,,,,,,,,30,UNAVAILABLE,MEDIUM,UP,ok,noncanonical_or_missing_settlement_label,0,,,TMINUS_CHECKPOINT,,,,,84089.43086178125,binance_ws,chainlink_source_observation_ts,polymarket_chainlink_raw_spot_history,,,,,,,,,,,btc-updown-15m-1790783100,,,,,,,,84082.26536505506,29.0,1790783970.376461,84084.3643826257,0.08399264748977475,0.08399264748977475,,,0.9160073525102252,0.9160073525102252,,,84089.43086178125,1.3764610290527344,UP,polymarket_chainlink_spot,FINAL_WINDOW_PARTIAL_INTEGRAL,existing_twap_average_approx_v1,,UP,UP,84113.23529479466,4.05868648602904,84126.51851149168,5.638533925216622,84076.1586326013,31.0,84076.1586326013,84076.1586326013,raw_chainlink_partial_integral,True,84076.1586326013,-1.5783468913898815,EXACT_FINAL_WINDOW_BOUNDARY,EXACT_FINAL_WINDOW,0.796239283395417,-13.272229179943679,FINAL_WINDOW_PARTIAL_INTEGRAL,False,False,UP,UP,0.2,0.16108303753814102,1.3764610290527344,True,True,120,polymarket_chainlink_spot_history,119.0,0.2,False,1790783969.0,6.954398454889686,84079.11021995396,29.623538970947266,0.6249070260143763,FINAL_WINDOW_PARTIAL_INTEGRAL,-0.004125153681095548,-0.008532797823401888,,,
,0.0,,,,,,,,15,UNAVAILABLE,HIGH,UP,ok,noncanonical_or_missing_settlement_label,0,,,TMINUS_CHECKPOINT,,,,,84087.72952537,binance_ws,chainlink_source_observation_ts,polymarket_chainlink_raw_spot_history,,,,,,,,,,,btc-updown-15m-1790783100,,,,,,,,84084.48166446367,44.0,1790783985.063892,84085.09467325537,0.00035911271037403214,0.00035911271037403214,,,0.999640887289626,0.999640887289626,,,84087.72952537,1.063891887664795,UP,polymarket_chainlink_spot,FINAL_WINDOW_PARTIAL_INTEGRAL,existing_twap_average_approx_v1,,UP,UP,84099.46702462468,2.421148917664812,84099.46702462468,2.421148917664812,84064.33874755222,16.0,84064.33874755222,84064.33874755222,raw_chainlink_partial_integral,True,84064.33874755222,-2.781711190183174,EXACT_FINAL_WINDOW_BOUNDARY,EXACT_FINAL_WINDOW,1.9533228664320328,-23.390777817781782,FINAL_WINDOW_PARTIAL_INTEGRAL,False,False,UP,UP,0.2,0.15514040128400616,1.063891887664795,True,True,120,polymarket_chainlink_spot_history,119.0,0.2,False,1790783984.0,6.8662974060954065,84079.11021995396,14.936108112335205,0.7117645852529186,FINAL_WINDOW_PARTIAL_INTEGRAL,0.0047497447276191,0.002202419340240721,,,
,-0.10022484742002606,,,,,,,,10,UNAVAILABLE,HIGH,UP,ok,noncanonical_or_missing_settlement_label,0,,,TMINUS_CHECKPOINT,,,,,84080.83076781486,binance_ws,chainlink_source_observation_ts,polymarket_chainlink_raw_spot_history,,,,,,,,,,,btc-updown-15m-1790783100,,,,,,,,84084.47120320125,50.0,1790783991.0282729,84085.56560163524,9.021855529312006e-08,9.021855529312006e-08,,,0.9999999097814447,0.9999999097814447,,,84080.83076781486,1.0282728672027588,UP,polymarket_chainlink_spot,FINAL_WINDOW_PARTIAL_INTEGRAL,existing_twap_average_approx_v1,,UP,UP,84092.8722357792,1.636793704076214,84091.74100810001,1.5022504535319632,84052.3053037175,10.0,84052.3053037175,84052.3053037175,raw_chainlink_partial_integral,True,84052.3053037175,-3.3926239592148826,EXACT_FINAL_WINDOW_BOUNDARY,EXACT_FINAL_WINDOW,3.013406444284665,-28.525464097358054,FINAL_WINDOW_PARTIAL_INTEGRAL,False,False,UP,UP,0.2,0.1419665110755692,1.0282728672027588,True,True,120,polymarket_chainlink_spot_history,119.0,0.2,False,1790783990.0,5.8112706996886025,84079.11021995396,8.971727132797241,0.7677747379105007,FINAL_WINDOW_PARTIAL_INTEGRAL,0.006459587512101159,0.011800018223406516,,,
,-0.09856826282312732,,,,,,,,5,UNAVAILABLE,MEDIUM,UP,ok,noncanonical_or_missing_settlement_label,0,,,TMINUS_CHECKPOINT,,,,,84081.39444051904,binance_ws,chainlink_source_observation_ts,polymarket_chainlink_raw_spot_history,,,,,,,,,,,btc-updown-15m-1790783100,,,,,,,,84084.18892319516,54.0,1790783995.2039812,84084.96786933142,0.0,0.0,,,1.0,1.0,,,84081.39444051904,1.2039811611175537,UP,polymarket_chainlink_spot,FINAL_WINDOW_PARTIAL_INTEGRAL,existing_twap_average_approx_v1,,UP,UP,84088.92075850326,1.1668223561862883,84088.60283596432,1.1290100460776782,84033.4018907831,6.0,84033.4018907831,84033.4018907831,raw_chainlink_partial_integral,True,84033.4018907831,-5.707867960002409,EXACT_FINAL_WINDOW_BOUNDARY,EXACT_FINAL_WINDOW,6.545160198004028,-47.992549735936336,FINAL_WINDOW_PARTIAL_INTEGRAL,False,False,UP,UP,0.2,0.14113544896780694,1.2039811611175537,True,True,120,polymarket_chainlink_spot_history,119.0,0.2,False,1790783994.0,5.8812094386980265,84079.11021995396,4.796018838882446,0.6966830836034005,FINAL_WINDOW_PARTIAL_INTEGRAL,-0.0014872086301568885,-0.012061187082556032,,,
0.11463308755652157,0.0660144164285217,,0.82,0.13,,0.81,0.12,0.6215090751647949,120,VOLATILITY_CONDITIONED_EMPIRICAL_CDF,MEDIUM,DOWN,pre_final_window_approximation,minute_close_coarse; market_mid_not_executable; endpoint_return_is_proxy_not_official_twap_path,66240,2026-09-20T23:58:00+00:00,2026-08-05T23:59:00+00:00,TMINUS_CHECKPOINT,0.82,0.13,0.81,0.12,83534.36593355025,binance_ws,chainlink_source_observation_ts,unavailable,120,,,28.51581311225891,2.6337172985076904,,28.51581311225891,,0.815,0.125,btc-updown-15m-1790811900,,0.06536691244347848,-0.015366912443478431,0.07536691244347837,-0.005366912443478422,0.07036691244347848,-0.010366912443478427,,0.0,1790812680.621509,83528.82194728598,0.8853669124434784,0.8853669124434784,0.19341787439613525,0.07694771032526648,0.11463308755652157,0.11463308755652157,83566.2346128197,strike,83534.36593355025,2.621509075164795,DOWN,polymarket_chainlink_spot,PRE_FINAL_WINDOW_APPROX,existing_twap_average_approx_v1,,UP,UP,83586.09,2.376005963687878,83651.96170175301,10.258579835563866,,,,,strike_proxy,False,,3.815038147868462,PRE_FINAL_STRIKE_PROXY,PRE_FINAL_PROXY,0.9807489018825075,31.868679269449785,PRE_FINAL_WINDOW_APPROX,False,True,DOWN,DOWN,0.2,0.15626705300372104,2.621509075164795,True,True,89,polymarket_chainlink_spot_history,88.0,0.2,False,1790812679.0,6.856082891982143,83566.2346128197,119.3784909248352,-4.477007454872402,PRE_FINAL_WINDOW_APPROX,-0.004466785493297765,-0.004611258069597522,False,21859,LOW
0.2559617329373799,0.03301926989351346,,0.84,0.19,,0.83,0.18,0.32537388801574707,60,UNAVAILABLE,HIGH,DOWN,insufficient_raw_final_window_history,required_move_unavailable,0,,,TMINUS_CHECKPOINT,0.84,0.19,0.83,0.18,83551.16077898958,binance_ws,chainlink_source_observation_ts,unavailable,60,,,12.738914966583252,12.738914966583252,,5.548180818557739,,0.835,0.185,btc-updown-15m-1790811900,,-0.09596173293737986,0.06596173293737989,-0.08596173293737985,0.0759617329373799,-0.09096173293737986,0.0709617329373799,,0.0,1790812740.325374,83537.24795061654,0.7440382670626201,0.7440382670626201,,,0.2559617329373799,0.2559617329373799,,,83551.16077898958,2.325373888015747,DOWN,polymarket_chainlink_spot,FINAL_WINDOW_RAW_UNAVAILABLE,existing_twap_average_approx_v1,,UP,UP,83604.25464823915,4.549688710469828,83620.63887334827,6.51031613194535,,60.0,,,unavailable,False,,,UNAVAILABLE,UNAVAILABLE,,,UNAVAILABLE,False,True,DOWN,DOWN,0.2,0.13797044187307714,2.325373888015747,True,True,120,polymarket_chainlink_spot_history,119.0,0.2,False,1790812738.0,8.06491128643514,83566.2346128197,59.67462611198425,-3.4687050741806473,FINAL_WINDOW_RAW_UNAVAILABLE,0.03397244563254576,0.03575921330484726,,,
0.010520526838423083,0.14490202314727116,,0.96,0.04,,0.95,0.03,0.511354923248291,30,UNAVAILABLE,HIGH,DOWN,ok,1m_close_data_cannot_reconstruct_remaining_average_path_boundary,0,,,TMINUS_CHECKPOINT,0.96,0.04,0.95,0.03,83556.96609797029,binance_ws,chainlink_source_observation_ts,polymarket_chainlink_raw_spot_history,,,,8.360269784927368,0.5051469802856445,,8.360269784927368,,0.955,0.035,btc-updown-15m-1790811900,,0.029479473161576952,-0.029479473161576918,0.03947947316157696,-0.019479473161576916,0.03447947316157696,-0.02447947316157692,83552.54657692833,29.0,1790812770.511355,83546.1380248194,0.9894794731615769,0.9894794731615769,,,0.010520526838423083,0.010520526838423083,,,83556.96609797029,1.511354923248291,DOWN,polymarket_chainlink_spot,FINAL_WINDOW_PARTIAL_INTEGRAL,existing_twap_average_approx_v1,,UP,UP,83580.70951715438,1.7321474877671883,83598.2695254468,3.833475658622677,83579.03954962129,31.0,83579.03954962129,83579.03954962129,raw_chainlink_partial_integral,True,83579.03954962129,2.6417248832511784,EXACT_FINAL_WINDOW_BOUNDARY,EXACT_FINAL_WINDOW,1.332688738731877,22.073451650998322,FINAL_WINDOW_PARTIAL_INTEGRAL,False,True,DOWN,DOWN,0.2,0.059162797523895264,1.511354923248291,True,True,120,polymarket_chainlink_spot_history,119.0,0.2,False,1790812769.0,8.419536419468947,83566.2346128197,29.48864507675171,-2.404869394128675,FINAL_WINDOW_PARTIAL_INTEGRAL,0.03536388329436747,0.035309701065503886,,,
0.0003037755594262892,0.0,,1.0,0.1,,0.99,0.07,0.38523292541503906,15,UNAVAILABLE,HIGH,DOWN,ok,1m_close_data_cannot_reconstruct_remaining_average_path_boundary,0,,,TMINUS_CHECKPOINT,1.0,0.1,0.99,0.07,83568.24741884456,binance_ws,chainlink_source_observation_ts,polymarket_chainlink_raw_spot_history,,,,10.15394377708435,0.4744908809661865,,10.15394377708435,,0.995,0.085,btc-updown-15m-1790811900,,-0.0003037755594262892,-0.09969622444057372,0.00969622444057372,-0.06969622444057372,0.004696224440573715,-0.08469622444057372,83556.93310487672,44.0,1790812785.385233,83553.52723816472,0.9996962244405737,0.9996962244405737,,,0.0003037755594262892,0.0003037755594262892,,,83568.24741884456,1.385232925415039,UP,polymarket_chainlink_spot,FINAL_WINDOW_PARTIAL_INTEGRAL,existing_twap_average_approx_v1,,UP,UP,83570.59552303965,0.521850749905038,83570.59552303965,0.521850749905038,83591.81375966285,16.0,83591.81375966285,83591.81375966285,raw_chainlink_partial_integral,True,83591.81375966285,2.8200113734793923,EXACT_FINAL_WINDOW_BOUNDARY,EXACT_FINAL_WINDOW,1.9802173276848973,23.566340818288154,FINAL_WINDOW_PARTIAL_INTEGRAL,True,True,DOWN,DOWN,0.2,0.06312946950204186,1.385232925415039,True,True,120,polymarket_chainlink_spot_history,119.0,0.2,False,1790812784.0,8.38657135748948,83566.2346128197,14.614767074584961,-1.5206350643722215,FINAL_WINDOW_PARTIAL_INTEGRAL,0.06395066585496402,0.06930048368865727,,,
6.035004385118725e-09,-0.00011598498518399826,,1.0,0.1,,0.99,0.07,0.049469947814941406,10,UNAVAILABLE,HIGH,DOWN,ok,1m_close_data_cannot_reconstruct_remaining_average_path_boundary,0,,,TMINUS_CHECKPOINT,1.0,0.1,0.99,0.07,83565.7689142531,binance_ws,chainlink_source_observation_ts,polymarket_chainlink_raw_spot_history,,,,14.818180799484253,0.974841833114624,,14.818180799484253,,0.995,0.085,btc-updown-15m-1790811900,,-6.035004385118725e-09,-0.09999999396499562,0.009999993964995624,-0.06999999396499562,0.004999993964995619,-0.08499999396499562,83557.8692192726,48.0,1790812790.04947,83555.87490867882,0.9999999939649956,0.9999999939649956,,,6.035004385118725e-09,6.035004385118725e-09,,,83565.7689142531,2.0494699478149414,DOWN,polymarket_chainlink_spot,FINAL_WINDOW_PARTIAL_INTEGRAL,existing_twap_average_approx_v1,,UP,UP,83567.10492619844,0.104146535113648,83567.10332563917,0.10395500329759302,83599.69618700806,12.0,83599.69618700806,83599.69618700806,raw_chainlink_partial_integral,True,83599.69618700806,4.059948612423703,EXACT_FINAL_WINDOW_BOUNDARY,EXACT_FINAL_WINDOW,3.2919399279859864,33.927272754954174,FINAL_WINDOW_PARTIAL_INTEGRAL,False,True,DOWN,DOWN,0.2,0.06458570722279677,2.0494699478149414,True,True,120,polymarket_chainlink_spot_history,119.0,0.2,False,1790812788.0,8.104168784684386,83566.2346128197,9.950530052185059,-1.2396997649696126,FINAL_WINDOW_PARTIAL_INTEGRAL,0.060580887298815306,0.06024094070628674,,,
0.0,0.0,,1.0,0.1,,0.99,0.07,0.911686897277832,5,UNAVAILABLE,HIGH,DOWN,ok,1m_close_data_cannot_reconstruct_remaining_average_path_boundary,0,,,TMINUS_CHECKPOINT,1.0,0.1,0.99,0.07,83566.02917755742,binance_ws,chainlink_source_observation_ts,polymarket_chainlink_raw_spot_history,,,,20.680397748947144,6.837058782577515,,20.680397748947144,,0.995,0.085,btc-updown-15m-1790811900,,0.0,-0.1,0.010000000000000009,-0.07,0.0050000000000000044,-0.085,83558.73331873657,54.0,1790812795.911687,83557.38762711815,1.0,1.0,,,0.0,0.0,,,83566.02917755742,2.911686897277832,DOWN,polymarket_chainlink_spot,FINAL_WINDOW_PARTIAL_INTEGRAL,existing_twap_average_approx_v1,,DOWN,DOWN,83561.89924231173,-0.5187945260488988,83561.89924231173,-0.5187945260488988,83633.7462595678,6.0,83633.7462595678,83633.7462595678,raw_chainlink_partial_integral,True,83633.7462595678,8.103422249069187,EXACT_FINAL_WINDOW_BOUNDARY,EXACT_FINAL_WINDOW,9.292120480692681,67.71708201037836,FINAL_WINDOW_PARTIAL_INTEGRAL,False,True,DOWN,DOWN,0.2,0.0640195977293798,2.911686897277832,True,True,120,polymarket_chainlink_spot_history,119.0,0.2,False,1790812794.0,7.924179388820749,83566.2346128197,4.088313102722168,-1.0586794705471092,FINAL_WINDOW_PARTIAL_INTEGRAL,0.04026759109774557,0.027046725338871574,,,
0.00437340716381418,-0.00012180134287926924,,0.97,0.036,,0.964,0.03,0.499298095703125,120,VOLATILITY_CONDITIONED_EMPIRICAL_CDF,HIGH,DOWN,pre_final_window_approximation,minute_close_coarse; market_mid_not_executable; endpoint_return_is_proxy_not_official_twap_path,66225,2026-09-20T23:58:00+00:00,2026-08-06T00:14:00+00:00,TMINUS_CHECKPOINT,0.97,0.036,0.964,0.03,83489.43924492931,binance_ws,chainlink_source_observation_ts,unavailable,120,,,0.0933692455291748,0.0933692455291748,,0.08984923362731934,,0.967,0.033,btc-updown-15m-1790812800,,0.025626592836185846,-0.03162659283618582,0.03162659283618585,-0.02562659283618582,0.02862659283618585,-0.02862659283618582,,0.0,1790813580.499298,83487.92949635915,0.9956265928361858,0.9956265928361858,0.0737938844847112,0.01139379518623593,0.00437340716381418,0.00437340716381418,83558.97318830107,strike,83489.43924492931,2.499298095703125,DOWN,polymarket_chainlink_spot,PRE_FINAL_WINDOW_APPROX,existing_twap_average_approx_v1,,DOWN,DOWN,83546.24,-1.5238564830584524,83546.11839555726,-1.5384096109995797,,,,,strike_proxy,False,,8.328471720569505,PRE_FINAL_STRIKE_PROXY,PRE_FINAL_PROXY,2.139942357840387,69.53394337175996,PRE_FINAL_WINDOW_APPROX,False,True,DOWN,DOWN,0.2,0.11618055793385268,2.499298095703125,True,True,120,polymarket_chainlink_spot_history,120.0,0.2,False,1790813579.0,6.984303478672005,83558.97318830107,119.50070190429688,-8.50222175203454,PRE_FINAL_WINDOW_APPROX,0.047903462545307814,0.03854813923930105,False,21854,LOW
0.0012149898403881476,-0.00011959102233978875,,0.999,0.004,,0.996,0.001,0.20937299728393555,60,UNAVAILABLE,HIGH,DOWN,insufficient_raw_final_window_history,required_move_unavailable,0,,,TMINUS_CHECKPOINT,0.999,0.004,0.996,0.001,83489.23766414773,binance_ws,chainlink_source_observation_ts,unavailable,60,,,0.8348290920257568,0.831218957901001,,0.8348290920257568,,0.9975,0.0025,btc-updown-15m-1790812800,,-0.00021498984038814672,-0.0027850101596118525,0.002785010159611856,0.0002149898403881476,0.001285010159611799,-0.0012850101596118524,,0.0,1790813640.209373,83491.23575944666,0.9987850101596119,0.9987850101596119,,,0.0012149898403881476,0.0012149898403881476,,,83489.23766414773,1.2093729972839355,DOWN,polymarket_chainlink_spot,FINAL_WINDOW_RAW_UNAVAILABLE,existing_twap_average_approx_v1,,DOWN,DOWN,83546.04805995486,-1.5468270914574413,83545.9885293284,-1.5539514760921007,,60.0,,,unavailable,False,,,UNAVAILABLE,UNAVAILABLE,,,UNAVAILABLE,False,True,DOWN,DOWN,0.2,0.07216621403054718,1.2093729972839355,True,True,120,polymarket_chainlink_spot_history,120.0,0.2,False,1790813639.0,6.588025683536643,83558.97318830107,59.790627002716064,-8.106541556197408,FINAL_WINDOW_RAW_UNAVAILABLE,0.005963334398141746,0.0022316736404071474,,,
0.0,-0.18159826306260904,,0.999,0.001,,0.999,0.001,0.12851715087890625,30,UNAVAILABLE,MEDIUM,DOWN,ok,1m_close_data_cannot_reconstruct_remaining_average_path_boundary,0,,,TMINUS_CHECKPOINT,0.999,0.001,0.999,0.001,83487.74545825066,binance_ws,chainlink_source_observation_ts,polymarket_chainlink_raw_spot_history,,,,3.644853353500366,3.644853353500366,,3.6335480213165283,,0.999,0.001,btc-updown-15m-1790812800,,0.0010000000000000009,-0.001,0.0010000000000000009,-0.001,0.0010000000000000009,-0.001,83489.06251413592,29.0,1790813670.1285172,83490.3655174792,1.0,1.0,,,0.0,0.0,,,83487.74545825066,1.1285171508789062,DOWN,polymarket_chainlink_spot,FINAL_WINDOW_PARTIAL_INTEGRAL,existing_twap_average_approx_v1,,DOWN,DOWN,83510.34181400336,-5.820006211435208,83487.78285615181,-8.519771059036795,83624.37349639104,31.0,83624.37349639104,83624.37349639104,raw_chainlink_partial_integral,True,83624.37349639104,16.365041047694906,EXACT_FINAL_WINDOW_BOUNDARY,EXACT_FINAL_WINDOW,8.255782444047277,136.6280381403776,FINAL_WINDOW_PARTIAL_INTEGRAL,False,True,DOWN,DOWN,0.2,0.04801971075443316,1.1285171508789062,True,True,120,polymarket_chainlink_spot_history,120.0,0.2,False,1790813669.0,4.8058817651724075,83558.97318830107,29.871482849121094,-8.210688595617984,FINAL_WINDOW_PARTIAL_INTEGRAL,-0.006185631562041229,-0.006236333994499177,,,
0.0,0.0,,0.999,0.001,,0.999,0.001,0.17581892013549805,15,UNAVAILABLE,MEDIUM,DOWN,ok,1m_close_data_cannot_reconstruct_remaining_average_path_boundary,0,,,TMINUS_CHECKPOINT,0.999,0.001,0.999,0.001,83476.24332979888,binance_ws,chainlink_source_observation_ts,polymarket_chainlink_raw_spot_history,,,,0.29226112365722656,0.29226112365722656,,0.28159499168395996,,0.999,0.001,btc-updown-15m-1790812800,,0.0010000000000000009,-0.001,0.0010000000000000009,-0.001,0.0010000000000000009,-0.001,83485.38093941355,43.0,1790813685.175819,83487.50399352559,1.0,1.0,,,0.0,0.0,,,83476.24332979888,2.175818920135498,DOWN,polymarket_chainlink_spot,FINAL_WINDOW_PARTIAL_INTEGRAL,existing_twap_average_approx_v1,,DOWN,DOWN,83498.1245325902,-7.282121044467859,83498.1245325902,-7.282121044467859,83745.11828842833,17.0,83745.11828842833,83745.11828842833,raw_chainlink_partial_integral,True,83745.11828842833,32.20975787891937,EXACT_FINAL_WINDOW_BOUNDARY,EXACT_FINAL_WINDOW,21.942443432708284,268.874958629458,FINAL_WINDOW_PARTIAL_INTEGRAL,False,True,DOWN,DOWN,0.2,0.06985125459350422,2.175818920135498,True,True,120,polymarket_chainlink_spot_history,121.0,0.2,False,1790813683.0,5.148795258957977,83558.97318830107,14.824181079864502,-8.553144210427687,FINAL_WINDOW_PARTIAL_INTEGRAL,-0.02875308152854355,-0.031823585663266776,,,
0.0,-0.04622361978955996,,0.999,0.001,,0.999,0.001,0.1649339199066162,10,UNAVAILABLE,MEDIUM,DOWN,ok,1m_close_data_cannot_reconstruct_remaining_average_path_boundary,0,,,TMINUS_CHECKPOINT,0.999,0.001,0.999,0.001,83470.129225685,binance_ws,chainlink_source_observation_ts,polymarket_chainlink_raw_spot_history,,,,2.036911964416504,2.036911964416504,,2.0314807891845703,,0.999,0.001,btc-updown-15m-1790812800,,0.0010000000000000009,-0.001,0.0010000000000000009,-0.001,0.0010000000000000009,-0.001,83484.29519813099,48.0,1790813690.164934,83486.14426589017,1.0,1.0,,,0.0,0.0,,,83470.129225685,2.164933919906616,DOWN,polymarket_chainlink_spot,FINAL_WINDOW_PARTIAL_INTEGRAL,existing_twap_average_approx_v1,,DOWN,DOWN,83492.80026719351,-7.919307595898492,83492.17783384975,-7.9937979013681035,83857.6851489814,12.0,83857.6851489814,83857.6851489814,raw_chainlink_partial_integral,True,83857.6851489814,46.43049278725016,EXACT_FINAL_WINDOW_BOUNDARY,EXACT_FINAL_WINDOW,37.647371352113765,387.5559232964006,FINAL_WINDOW_PARTIAL_INTEGRAL,False,True,DOWN,DOWN,0.2,0.07175916233705976,2.164933919906616,True,True,120,polymarket_chainlink_spot_history,121.0,0.2,False,1790813688.0,4.863769247806638,83558.97318830107,9.835066080093384,-8.715870915118563,FINAL_WINDOW_PARTIAL_INTEGRAL,-0.03224603787163944,-0.03264426783953916,,,
0.0,-0.044841628263453774,,0.999,0.001,,0.999,0.001,0.9450149536132812,5,UNAVAILABLE,MEDIUM,DOWN,ok,1m_close_data_cannot_reconstruct_remaining_average_path_boundary,0,,,TMINUS_CHECKPOINT,0.999,0.001,0.999,0.001,83469.8453387198,binance_ws,chainlink_source_observation_ts,polymarket_chainlink_raw_spot_history,,,,2.6082780361175537,2.6082780361175537,,2.599669933319092,,0.999,0.001,btc-updown-15m-1790812800,,0.0010000000000000009,-0.001,0.0010000000000000009,-0.001,0.0010000000000000009,-0.001,83482.68181263315,54.0,1790813695.945015,83484.20803034648,1.0,1.0,,,0.0,0.0,,,83469.8453387198,1.9450149536132812,DOWN,polymarket_chainlink_spot,FINAL_WINDOW_PARTIAL_INTEGRAL,existing_twap_average_approx_v1,,DOWN,DOWN,83486.89729437833,-8.625751510890057,83486.79465360337,-8.638035143759035,84245.59556931227,6.0,84245.59556931227,84245.59556931227,raw_chainlink_partial_integral,True,84245.59556931227,92.93778219481361,EXACT_FINAL_WINDOW_BOUNDARY,EXACT_FINAL_WINDOW,106.57090829270071,775.7502305924718,FINAL_WINDOW_PARTIAL_INTEGRAL,False,True,DOWN,DOWN,0.2,0.06985673536287111,1.9450149536132812,True,True,120,polymarket_chainlink_spot_history,121.0,0.2,False,1790813694.0,4.766406796248459,83558.97318830107,4.054985046386719,-8.947591754880982,FINAL_WINDOW_PARTIAL_INTEGRAL,-0.03618193501679916,-0.0399865427134956,,,
0.016714086076698553,-0.00011690853623319558,,0.97,0.04,,0.96,0.03,0.28933095932006836,120,VOLATILITY_CONDITIONED_EMPIRICAL_CDF,HIGH,DOWN,pre_final_window_approximation,minute_close_coarse; market_mid_not_executable; endpoint_return_is_proxy_not_official_twap_path,66210,2026-09-20T23:58:00+00:00,2026-08-06T00:29:00+00:00,TMINUS_CHECKPOINT,0.97,0.04,0.96,0.03,83425.4411226572,binance_ws,chainlink_source_observation_ts,unavailable,120,,,0.13998794555664062,0.13456106185913086,,0.13998794555664062,,0.965,0.035,btc-updown-15m-1790813700,,0.013285913923301473,-0.023285913923301448,0.023285913923301482,-0.013285913923301446,0.018285913923301478,-0.01828591392330145,,0.0,1790814480.289331,83423.75409964757,0.9832859139233014,0.9832859139233014,0.10203896692342547,0.01990937800356996,0.016714086076698553,0.016714086076698553,83481.87572014765,strike,83425.4411226572,2.2893309593200684,DOWN,polymarket_chainlink_spot,PRE_FINAL_WINDOW_APPROX,existing_twap_average_approx_v1,,DOWN,DOWN,83480.5,-0.16479267335364645,83480.38316737824,-0.17878764181206167,,,,,strike_proxy,False,,6.764674748016451,PRE_FINAL_STRIKE_PROXY,PRE_FINAL_PROXY,1.7366107258092116,56.434597490457236,PRE_FINAL_WINDOW_APPROX,False,True,DOWN,DOWN,0.2,0.12845063035970303,2.2893309593200684,True,True,120,polymarket_chainlink_spot_history,119.0,0.2,False,1790814479.0,6.80212739942685,83481.87572014765,119.71066904067993,-6.962184306317511,PRE_FINAL_WINDOW_APPROX,0.00561517014954893,0.007090944119202962,False,21849,LOW
0.0029702458105326235,0.11332309465721993,,1.0,0.01,,0.99,0.0,0.43846917152404785,60,UNAVAILABLE,MEDIUM,DOWN,insufficient_raw_final_window_history,required_move_unavailable,0,,,TMINUS_CHECKPOINT,1.0,0.01,0.99,0.0,83418.77793278321,binance_ws,chainlink_source_observation_ts,unavailable,60,,,0.7352213859558105,0.7352213859558105,,0.7303032875061035,,0.995,0.005,btc-updown-15m-1790813700,,-0.0029702458105326235,-0.007029754189467377,0.007029754189467385,0.0029702458105326235,0.002029754189467381,-0.0020297541894673766,,0.0,1790814540.4384692,83417.98460269556,0.9970297541894674,0.9970297541894674,,,0.0029702458105326235,0.0029702458105326235,,,83418.77793278321,1.4384691715240479,DOWN,polymarket_chainlink_spot,FINAL_WINDOW_RAW_UNAVAILABLE,existing_twap_average_approx_v1,,DOWN,UP,83477.57134522956,-0.5156059181660726,83533.50471254082,6.18445524226588,,60.0,,,unavailable,False,,,UNAVAILABLE,UNAVAILABLE,,,UNAVAILABLE,False,True,DOWN,DOWN,0.2,0.06925101559424283,1.4384691715240479,True,True,120,polymarket_chainlink_spot_history,119.0,0.2,False,1790814539.0,7.195738136125161,83481.87572014765,59.56153082847595,-7.65329203505932,FINAL_WINDOW_RAW_UNAVAILABLE,-0.023251880603134396,-0.017785865005707783,,,
0.0,0.08381261429461556,,1.0,0.01,,0.99,0.0,0.07930397987365723,30,UNAVAILABLE,HIGH,DOWN,ok,1m_close_data_cannot_reconstruct_remaining_average_path_boundary,0,,,TMINUS_CHECKPOINT,1.0,0.01,0.99,0.0,83445.84811697139,binance_ws,chainlink_source_observation_ts,polymarket_chainlink_raw_spot_history,,,,0.460784912109375,0.460784912109375,,0.4537529945373535,,0.995,0.005,btc-updown-15m-1790813700,,0.0,-0.01,0.010000000000000009,0.0,0.0050000000000000044,-0.005,83433.76150287114,29.0,1790814570.079304,83422.65180391872,1.0,1.0,,,0.0,0.0,,,83445.84811697139,1.0793039798736572,DOWN,polymarket_chainlink_spot,FINAL_WINDOW_PARTIAL_INTEGRAL,existing_twap_average_approx_v1,,DOWN,DOWN,83462.39556222373,-2.333459539077397,83472.83795967263,-1.082601510454079,83526.88579437406,31.0,83526.88579437406,83526.88579437406,raw_chainlink_partial_integral,True,83526.88579437406,9.711409163110261,EXACT_FINAL_WINDOW_BOUNDARY,EXACT_FINAL_WINDOW,4.899179967963394,81.0376774026663,FINAL_WINDOW_PARTIAL_INTEGRAL,False,True,DOWN,DOWN,0.2,0.10228513907809099,1.0793039798736572,True,True,120,polymarket_chainlink_spot_history,119.0,0.2,False,1790814569.0,9.553543834666273,83481.87572014765,29.920696020126343,-7.094224431116932,FINAL_WINDOW_PARTIAL_INTEGRAL,0.048658365128822545,0.04373835787607534,,,
0.0,-0.1610370243063958,,1.0,0.01,,0.99,0.0,0.7133300304412842,15,UNAVAILABLE,HIGH,DOWN,ok,1m_close_data_cannot_reconstruct_remaining_average_path_boundary,0,,,TMINUS_CHECKPOINT,1.0,0.01,0.99,0.0,83429.4150880703,binance_ws,chainlink_source_observation_ts,polymarket_chainlink_raw_spot_history,,,,0.33633899688720703,0.33633899688720703,,0.32574915885925293,,0.995,0.005,btc-updown-15m-1790813700,,0.0,-0.01,0.010000000000000009,0.0,0.0050000000000000044,-0.005,83437.07370732969,44.0,1790814585.71333,83429.98825584419,1.0,1.0,,,0.0,0.0,,,83429.4150880703,1.7133300304412842,DOWN,polymarket_chainlink_spot,FINAL_WINDOW_PARTIAL_INTEGRAL,existing_twap_average_approx_v1,,DOWN,DOWN,83443.80149989607,-4.560776806119421,83439.2278747316,-5.108635263421507,83605.08125539703,16.0,83605.08125539703,83605.08125539703,raw_chainlink_partial_integral,True,83605.08125539703,21.055663298286262,EXACT_FINAL_WINDOW_BOUNDARY,EXACT_FINAL_WINDOW,14.785326648424629,175.6661673267372,FINAL_WINDOW_PARTIAL_INTEGRAL,False,True,DOWN,DOWN,0.2,0.1259441673568068,1.7133300304412842,True,True,120,polymarket_chainlink_spot_history,119.0,0.2,False,1790814584.0,6.953344399127331,83481.87572014765,14.286669969558716,-6.2154166824656905,FINAL_WINDOW_PARTIAL_INTEGRAL,0.05807154403964098,0.060539370442472415,,,
0.0,-0.16982810018936315,,1.0,0.01,,0.99,0.0,0.2756080627441406,10,UNAVAILABLE,HIGH,DOWN,ok,1m_close_data_cannot_reconstruct_remaining_average_path_boundary,0,,,TMINUS_CHECKPOINT,1.0,0.01,0.99,0.0,83427.93269067025,binance_ws,chainlink_source_observation_ts,polymarket_chainlink_raw_spot_history,,,,1.7095940113067627,1.7095940113067627,,1.7041771411895752,,0.995,0.005,btc-updown-15m-1790813700,,0.0,-0.01,0.010000000000000009,0.0,0.0050000000000000044,-0.005,83436.32885476446,48.0,1790814590.275608,83431.80533179428,1.0,1.0,,,0.0,0.0,,,83427.93269067025,2.2756080627441406,DOWN,polymarket_chainlink_spot,FINAL_WINDOW_PARTIAL_INTEGRAL,existing_twap_average_approx_v1,,DOWN,DOWN,83440.91298143457,-4.9067822637823335,83438.67834298263,-5.1744617370387065,83664.0631816804,12.0,83664.0631816804,83664.0631816804,raw_chainlink_partial_integral,True,83664.0631816804,28.303528973402535,EXACT_FINAL_WINDOW_BOUNDARY,EXACT_FINAL_WINDOW,22.94943262220982,236.13049101014622,FINAL_WINDOW_PARTIAL_INTEGRAL,False,True,DOWN,DOWN,0.2,0.12736175892416698,2.2756080627441406,True,True,120,polymarket_chainlink_spot_history,119.0,0.2,False,1790814588.0,6.735401203682084,83481.87572014765,9.72439193725586,-5.997755551302207,FINAL_WINDOW_PARTIAL_INTEGRAL,0.05476876089790311,0.04773854184725592,,,
0.0,0.00012399281460394448,,1.0,0.01,,0.99,0.0,0.3733811378479004,5,UNAVAILABLE,HIGH,DOWN,ok,1m_close_data_cannot_reconstruct_remaining_average_path_boundary,0,,,TMINUS_CHECKPOINT,1.0,0.01,0.99,0.0,83429.41494697814,binance_ws,chainlink_source_observation_ts,polymarket_chainlink_raw_spot_history,,,,0.45021724700927734,0.45021724700927734,,0.4409911632537842,,0.995,0.005,btc-updown-15m-1790813700,,0.0,-0.01,0.010000000000000009,0.0,0.0050000000000000044,-0.005,83435.53143813043,54.0,1790814595.3733811,83433.25204810392,1.0,1.0,,,0.0,0.0,,,83429.41494697814,1.3733811378479004,DOWN,polymarket_chainlink_spot,FINAL_WINDOW_PARTIAL_INTEGRAL,existing_twap_average_approx_v1,,DOWN,DOWN,83437.47445098886,-5.318671720751202,83437.47482030375,-5.318627481819878,83898.97425830255,6.0,83898.97425830255,83898.97425830255,raw_chainlink_partial_integral,True,83898.97425830255,56.282225114826616,EXACT_FINAL_WINDOW_BOUNDARY,EXACT_FINAL_WINDOW,64.53831487659542,469.5593113244104,FINAL_WINDOW_PARTIAL_INTEGRAL,False,True,DOWN,DOWN,0.2,0.1275209065885593,1.3733811378479004,True,True,120,polymarket_chainlink_spot_history,119.0,0.2,False,1790814594.0,6.563084927398038,83481.87572014765,4.6266188621521,-5.824458497640863,FINAL_WINDOW_PARTIAL_INTEGRAL,0.04049681812282167,0.03401505967820334,,,
0.0022842975881753325,0.00012525480616904587,,1.0,0.01,,0.99,0.0,1.6517000198364258,120,VOLATILITY_CONDITIONED_EMPIRICAL_CDF,MEDIUM,DOWN,pre_final_window_approximation,minute_close_coarse; market_mid_not_executable; endpoint_return_is_proxy_not_official_twap_path,66120,2026-09-20T23:58:00+00:00,2026-08-06T01:59:00+00:00,TMINUS_CHECKPOINT,1.0,0.01,0.99,0.0,83470.88142397923,binance_ws,chainlink_source_observation_ts,unavailable,120,781.6517000198364,780.0,0.7074160575866699,0.7074160575866699,,0.6952729225158691,,0.995,0.005,btc-updown-15m-1790819100,1790819100,-0.002284297588175388,-0.007715702411824668,0.007715702411824621,0.0022842975881753325,0.0027157024118246165,-0.0027157024118246676,,0.0,1790819881.6517,83482.22015834933,0.9977157024118246,0.9977157024118246,0.06600120992135511,0.009670027497708525,0.0022842975881753325,0.0022842975881753325,83545.53471393515,strike,83470.88142397923,2.651700019836426,DOWN,polymarket_chainlink_spot,PRE_FINAL_WINDOW_APPROX,existing_twap_average_approx_v1,,DOWN,DOWN,83530.01,-1.8582338347953051,83530.13382232557,-1.8434128960097123,,,,,strike_proxy,False,,8.943632639594737,PRE_FINAL_STRIKE_PROXY,PRE_FINAL_PROXY,2.309164797405247,74.65328995592427,PRE_FINAL_WINDOW_APPROX,False,True,DOWN,DOWN,0.2,0.10465849669287924,2.651700019836426,True,True,120,polymarket_chainlink_spot_history,138.0,0.2,False,1790819880.0,5.72455327134655,83545.53471393515,118.34829998016357,-7.578448782764744,PRE_FINAL_WINDOW_APPROX,-0.06101307416440821,-0.06128057136890185,False,21820,LOW
0.00032793802196773303,-0.00011718203266030278,,1.0,0.01,,0.99,0.0,0.37823009490966797,60,UNAVAILABLE,MEDIUM,DOWN,insufficient_raw_final_window_history,required_move_unavailable,0,,,TMINUS_CHECKPOINT,1.0,0.01,0.99,0.0,83467.29034406476,binance_ws,chainlink_source_observation_ts,unavailable,60,840.3782300949097,839.0,0.24875116348266602,0.24875116348266602,,0.24602603912353516,,0.995,0.005,btc-updown-15m-1790819100,1790819100,-0.00032793802196773303,-0.009672061978032267,0.009672061978032276,0.00032793802196773303,0.004672061978032271,-0.004672061978032267,,0.0,1790819940.37823,83465.03689735364,0.9996720619780323,0.9996720619780323,,,0.00032793802196773303,0.00032793802196773303,,,83467.29034406476,1.378230094909668,DOWN,polymarket_chainlink_spot,FINAL_WINDOW_RAW_UNAVAILABLE,existing_twap_average_approx_v1,,DOWN,DOWN,83519.6535216745,-3.0978546428934215,83519.59553743163,-3.104795078796037,,60.0,,,unavailable,False,,,UNAVAILABLE,UNAVAILABLE,,,UNAVAILABLE,False,True,DOWN,DOWN,0.2,0.09002955903530711,1.378230094909668,True,True,120,polymarket_chainlink_spot_history,120.0,0.2,False,1790819939.0,6.585164841412662,83545.53471393515,59.62176990509033,-9.635202749871151,FINAL_WINDOW_RAW_UNAVAILABLE,-0.01040306579671273,-0.009063392871720278,,,
0.0,0.0,,1.0,0.01,,0.99,0.0,1.4771671295166016,30,UNAVAILABLE,HIGH,DOWN,ok,1m_close_data_cannot_reconstruct_remaining_average_path_boundary,0,,,TMINUS_CHECKPOINT,1.0,0.01,0.99,0.0,83462.50183054784,binance_ws,chainlink_source_observation_ts,polymarket_chainlink_raw_spot_history,,871.4771671295166,870.0,1.005324125289917,1.005324125289917,,0.9941890239715576,,0.995,0.005,btc-updown-15m-1790819100,1790819100,0.0,-0.01,0.010000000000000009,0.0,0.0050000000000000044,-0.005,83466.23600082425,30.0,1790819971.4771671,83466.04899949575,1.0,1.0,,,0.0,0.0,,,83462.50183054784,1.4771671295166016,DOWN,polymarket_chainlink_spot,FINAL_WINDOW_PARTIAL_INTEGRAL,existing_twap_average_approx_v1,,DOWN,DOWN,83491.70100947753,-6.4436363525533915,83491.70100947753,-6.4436363525533915,83624.83342704605,30.0,83624.83342704605,83624.83342704605,raw_chainlink_partial_integral,True,83624.83342704605,19.449644204026068,EXACT_FINAL_WINDOW_BOUNDARY,EXACT_FINAL_WINDOW,9.974084003968967,162.331596498203,FINAL_WINDOW_PARTIAL_INTEGRAL,False,True,DOWN,DOWN,0.2,0.07711788098348042,1.4771671295166016,True,True,120,polymarket_chainlink_spot_history,120.0,0.2,False,1790819970.0,6.465023941001489,83545.53471393515,28.5228328704834,-9.514058975332208,FINAL_WINDOW_PARTIAL_INTEGRAL,0.009326883235102284,0.013396911457135618,,,
0.0,-0.022971603618447425,,1.0,0.01,,0.99,0.0,1.23819899559021,15,UNAVAILABLE,MEDIUM,DOWN,ok,1m_close_data_cannot_reconstruct_remaining_average_path_boundary,0,,,TMINUS_CHECKPOINT,1.0,0.01,0.99,0.0,83457.63089426837,binance_ws,chainlink_source_observation_ts,polymarket_chainlink_raw_spot_history,,886.2381989955902,885.0,1.0529818534851074,1.0529818534851074,,1.04597806930542,,0.995,0.005,btc-updown-15m-1790819100,1790819100,0.0,-0.01,0.010000000000000009,0.0,0.0050000000000000044,-0.005,83464.0394863235,45.0,1790819986.238199,83464.7624970445,1.0,1.0,,,0.0,0.0,,,83457.63089426837,2.23819899559021,DOWN,polymarket_chainlink_spot,FINAL_WINDOW_PARTIAL_INTEGRAL,existing_twap_average_approx_v1,,DOWN,DOWN,83476.99157813993,-8.204284768769098,83476.38599871322,-8.276769723085234,83790.02039677014,15.0,83790.02039677014,83790.02039677014,raw_chainlink_partial_integral,True,83790.02039677014,39.82733501300449,EXACT_FINAL_WINDOW_BOUNDARY,EXACT_FINAL_WINDOW,28.884017906528655,332.38950250177004,FINAL_WINDOW_PARTIAL_INTEGRAL,False,True,DOWN,DOWN,0.2,0.07553580165806578,2.23819899559021,True,True,120,polymarket_chainlink_spot_history,121.0,0.2,False,1790819985.0,6.388025480499651,83545.53471393515,13.76180100440979,-9.668047151438559,FINAL_WINDOW_PARTIAL_INTEGRAL,-0.01688758990290812,-0.01803726682914329,,,
0.0,-0.02340878252127572,,1.0,0.01,,0.99,0.0,0.17690014839172363,10,UNAVAILABLE,MEDIUM,DOWN,ok,1m_close_data_cannot_reconstruct_remaining_average_path_boundary,0,,,TMINUS_CHECKPOINT,1.0,0.01,0.99,0.0,83456.90199211724,binance_ws,chainlink_source_observation_ts,polymarket_chainlink_raw_spot_history,,890.1769001483917,889.0,0.20534610748291016,0.20534610748291016,,0.2013261318206787,,0.995,0.005,btc-updown-15m-1790819100,1790819100,0.0,-0.01,0.010000000000000009,0.0,0.0050000000000000044,-0.005,83463.47847743175,49.0,1790819990.1769001,83464.14325390865,1.0,1.0,,,0.0,0.0,,,83456.90199211724,2.1769001483917236,DOWN,polymarket_chainlink_spot,FINAL_WINDOW_PARTIAL_INTEGRAL,existing_twap_average_approx_v1,,DOWN,DOWN,83472.97205076745,-8.685402926220183,83472.65763440166,-8.723037057938177,83911.05794926848,11.0,83911.05794926848,83911.05794926848,raw_chainlink_partial_integral,True,83911.05794926848,54.418022513480054,EXACT_FINAL_WINDOW_BOUNDARY,EXACT_FINAL_WINDOW,46.08593482175531,454.15595715123345,FINAL_WINDOW_PARTIAL_INTEGRAL,False,True,DOWN,DOWN,0.2,0.06718504667768241,2.1769001483917236,True,True,120,polymarket_chainlink_spot_history,121.0,0.2,False,1790819989.0,6.461067470290343,83545.53471393515,9.823099851608276,-9.74216758623754,FINAL_WINDOW_PARTIAL_INTEGRAL,-0.01875133235934986,-0.01750293681227645,,,
0.0,-0.00012665039886947425,,1.0,0.01,,0.99,0.0,0.692141056060791,5,UNAVAILABLE,MEDIUM,DOWN,ok,1m_close_data_cannot_reconstruct_remaining_average_path_boundary,0,,,TMINUS_CHECKPOINT,1.0,0.01,0.99,0.0,83455.79707061338,binance_ws,chainlink_source_observation_ts,polymarket_chainlink_raw_spot_history,,895.6921410560608,894.0,0.8108789920806885,0.8108789920806885,,0.8069941997528076,,0.995,0.005,btc-updown-15m-1790819100,1790819100,0.0,-0.01,0.010000000000000009,0.0,0.0050000000000000044,-0.005,83462.828172944,54.0,1790819995.692141,83463.36951225117,1.0,1.0,,,0.0,0.0,,,83455.79707061338,2.692141056060791,DOWN,polymarket_chainlink_spot,FINAL_WINDOW_PARTIAL_INTEGRAL,existing_twap_average_approx_v1,,DOWN,DOWN,83467.29687867429,-9.364693819814367,83467.2965515154,-9.364732979163701,84289.89358285551,6.0,84289.89358285551,84289.89358285551,raw_chainlink_partial_integral,True,84289.89358285551,99.94470624208283,EXACT_FINAL_WINDOW_BOUNDARY,EXACT_FINAL_WINDOW,114.60568427315357,834.096512242133,FINAL_WINDOW_PARTIAL_INTEGRAL,False,True,DOWN,DOWN,0.2,0.06715147495996154,2.692141056060791,True,True,120,polymarket_chainlink_spot_history,121.0,0.2,False,1790819994.0,6.5538317070698575,83545.53471393515,4.307858943939209,-9.83478075343182,FINAL_WINDOW_PARTIAL_INTEGRAL,-0.017653477856849214,-0.016808600391260753,,,
0.9999938556710684,-0.09511696858208991,,0.004,0.999,,0.001,0.996,0.32997608184814453,120,VOLATILITY_CONDITIONED_EMPIRICAL_CDF,HIGH,UP,pre_final_window_approximation,minute_close_coarse; market_mid_not_executable; endpoint_return_is_proxy_not_official_twap_path,66105,2026-09-20T23:58:00+00:00,2026-08-06T02:14:00+00:00,TMINUS_CHECKPOINT,0.004,0.999,0.001,0.996,83578.6994139535,binance_ws,chainlink_source_observation_ts,unavailable,120,780.3299760818481,779.0,4.367570161819458,4.356798887252808,,4.367570161819458,,0.0025,0.9975,btc-updown-15m-1790820000,1790820000,-0.003993855671068355,0.0009938556710683555,-0.0009938556710683546,0.003993855671068358,-0.0024938556710683546,0.0024938556710683013,,0.0,1790820780.329976,83599.25039642758,6.144328931645404e-06,6.144328931645404e-06,0.9770365327887451,0.9986706394682557,0.9999938556710684,0.9999938556710684,83462.60697881995,strike,83578.6994139535,1.3299760818481445,UP,polymarket_chainlink_spot,PRE_FINAL_WINDOW_APPROX,existing_twap_average_approx_v1,,UP,UP,83640.01,21.25538940151594,83544.80550480992,9.848545230659441,,,,,strike_proxy,False,,-13.890194026417204,PRE_FINAL_STRIKE_PROXY,PRE_FINAL_PROXY,3.5664620835280805,-116.09243513354158,PRE_FINAL_WINDOW_APPROX,False,True,UP,UP,0.2,0.12548153112539345,1.3299760818481445,True,True,120,polymarket_chainlink_spot_history,119.0,0.2,False,1790820779.0,4.875594383817379,83462.60697881995,119.67002391815186,16.3718127858514,PRE_FINAL_WINDOW_APPROX,0.016979105818487526,0.0004224975246917546,False,21815,LOW
0.9999978978753815,0.0,,0.001,0.999,,0.001,0.999,0.6575160026550293,60,UNAVAILABLE,MEDIUM,UP,insufficient_raw_final_window_history,required_move_unavailable,0,,,TMINUS_CHECKPOINT,0.001,0.999,0.001,0.999,83568.0317847318,binance_ws,chainlink_source_observation_ts,unavailable,60,840.657516002655,839.0,3.1001899242401123,3.096125841140747,,3.1001899242401123,,0.001,0.999,btc-updown-15m-1790820000,1790820000,-0.000997897875381514,0.0009978978753815149,-0.000997897875381514,0.0009978978753815149,-0.000997897875381514,0.0009978978753815149,,0.0,1790820840.657516,83580.42559210381,2.102124618486023e-06,2.102124618486023e-06,,,0.9999978978753815,0.9999978978753815,,,83568.0317847318,1.6575160026550293,UP,polymarket_chainlink_spot,FINAL_WINDOW_RAW_UNAVAILABLE,existing_twap_average_approx_v1,,UP,UP,83627.47865109153,19.753956680674083,83627.47865109153,19.753956680674083,,60.0,,,unavailable,False,,,UNAVAILABLE,UNAVAILABLE,,,UNAVAILABLE,False,True,UP,UP,0.2,0.12282269062036656,1.6575160026550293,True,True,120,polymarket_chainlink_spot_history,120.0,0.2,False,1790820839.0,5.692051405477486,83462.60697881995,59.34248399734497,14.116335152789366,FINAL_WINDOW_RAW_UNAVAILABLE,-0.03572077439182107,-0.03031248800266779,,,
1.0,-0.13967338752838715,,0.001,0.999,,0.001,0.999,0.29093003273010254,30,UNAVAILABLE,MEDIUM,UP,ok,1m_close_data_cannot_reconstruct_remaining_average_path_boundary,0,,,TMINUS_CHECKPOINT,0.001,0.999,0.001,0.999,83554.60838438716,binance_ws,chainlink_source_observation_ts,polymarket_chainlink_raw_spot_history,,870.2909300327301,869.0,0.8150060176849365,0.7864389419555664,,0.8150060176849365,,0.001,0.999,btc-updown-15m-1790820000,1790820000,-0.001,0.0010000000000000009,-0.001,0.0010000000000000009,-0.001,0.0010000000000000009,83565.99759924653,29.0,1790820870.29093,83573.01087265235,0.0,0.0,,,1.0,1.0,,,83554.60838438716,1.2909300327301025,UP,polymarket_chainlink_spot,FINAL_WINDOW_PARTIAL_INTEGRAL,existing_twap_average_approx_v1,,UP,UP,83591.58356079872,15.453217512305592,83574.40441943114,13.394913561658493,83365.88672100155,31.0,83365.88672100155,83365.88672100155,raw_chainlink_partial_integral,True,83365.88672100155,-22.58662532620753,EXACT_FINAL_WINDOW_BOUNDARY,EXACT_FINAL_WINDOW,11.394426955295842,-188.7216633856151,FINAL_WINDOW_PARTIAL_INTEGRAL,False,True,UP,UP,0.2,0.10437014488711444,1.2909300327301025,True,True,120,polymarket_chainlink_spot_history,121.0,0.2,False,1790820869.0,4.488186671269089,83462.60697881995,29.709069967269897,13.227946960777341,FINAL_WINDOW_PARTIAL_INTEGRAL,-0.0379562196092388,-0.04111931065181176,,,
1.0,0.0001195967111658799,,0.001,0.999,,0.001,0.999,0.12406396865844727,15,UNAVAILABLE,MEDIUM,UP,ok,1m_close_data_cannot_reconstruct_remaining_average_path_boundary,0,,,TMINUS_CHECKPOINT,0.001,0.999,0.001,0.999,83554.43378526089,binance_ws,chainlink_source_observation_ts,polymarket_chainlink_raw_spot_history,,885.1240639686584,884.0,5.087174892425537,5.078881025314331,,5.087174892425537,,0.001,0.999,btc-updown-15m-1790820000,1790820000,-0.001,0.0010000000000000009,-0.001,0.0010000000000000009,-0.001,0.0010000000000000009,83561.83189469759,44.0,1790820885.124064,83565.42446382332,0.0,0.0,,,1.0,1.0,,,83554.43378526089,2.1240639686584473,UP,polymarket_chainlink_spot,FINAL_WINDOW_PARTIAL_INTEGRAL,existing_twap_average_approx_v1,,UP,UP,83576.60758167038,13.658883538033493,83576.6112697269,13.659325419331875,83189.73846015646,16.0,83189.73846015646,83189.73846015646,raw_chainlink_partial_integral,True,83189.73846015646,-43.64763287627773,EXACT_FINAL_WINDOW_BOUNDARY,EXACT_FINAL_WINDOW,30.649450476291054,-364.6953251044324,FINAL_WINDOW_PARTIAL_INTEGRAL,False,True,UP,UP,0.2,0.09375436759231211,2.1240639686584473,True,True,120,polymarket_chainlink_spot_history,121.0,0.2,False,1790820884.0,5.397631432626736,83462.60697881995,14.875936031341553,12.318987954626062,FINAL_WINDOW_PARTIAL_INTEGRAL,-0.06258778507275244,-0.05990908929776492,,,
1.0,-0.134281550370145,,0.001,0.999,,0.001,0.999,1.0898349285125732,10,UNAVAILABLE,MEDIUM,UP,ok,1m_close_data_cannot_reconstruct_remaining_average_path_boundary,0,,,TMINUS_CHECKPOINT,0.001,0.999,0.001,0.999,83538.85219398075,binance_ws,chainlink_source_observation_ts,polymarket_chainlink_raw_spot_history,,891.0898349285126,890.0,2.986707925796509,2.978425979614258,,2.986707925796509,,0.001,0.999,btc-updown-15m-1790820000,1790820000,-0.001,0.0010000000000000009,-0.001,0.0010000000000000009,-0.001,0.0010000000000000009,83559.82631793868,50.0,1790820891.089835,83562.31056315996,0.0,0.0,,,1.0,1.0,,,83538.85219398075,2.0898349285125732,UP,polymarket_chainlink_spot,FINAL_WINDOW_PARTIAL_INTEGRAL,existing_twap_average_approx_v1,,UP,UP,83567.90903324907,12.61667448943269,83566.42363493826,12.438702776759788,82976.5102832263,10.0,82976.5102832263,82976.5102832263,raw_chainlink_partial_integral,True,82976.5102832263,-67.31501522772658,EXACT_FINAL_WINDOW_BOUNDARY,EXACT_FINAL_WINDOW,59.79074106736378,-562.3419107544614,FINAL_WINDOW_PARTIAL_INTEGRAL,False,True,UP,UP,0.2,0.11166096503102875,2.0898349285125732,True,True,120,polymarket_chainlink_spot_history,121.0,0.2,False,1790820890.0,4.511535952748409,83462.60697881995,8.910165071487427,11.945898642407496,FINAL_WINDOW_PARTIAL_INTEGRAL,-0.059329783177292025,-0.06072038084246576,,,
1.0,-0.1259028742690452,,0.001,0.999,,0.001,0.999,0.12709808349609375,5,UNAVAILABLE,MEDIUM,UP,ok,1m_close_data_cannot_reconstruct_remaining_average_path_boundary,0,,,TMINUS_CHECKPOINT,0.001,0.999,0.001,0.999,83538.67997009422,binance_ws,chainlink_source_observation_ts,polymarket_chainlink_raw_spot_history,,895.1270980834961,894.0,1.8627071380615234,1.8487820625305176,,1.8627071380615234,,0.001,0.999,btc-updown-15m-1790820000,1790820000,-0.001,0.0010000000000000009,-0.001,0.0010000000000000009,-0.001,0.0010000000000000009,83558.29765697413,54.0,1790820895.127098,83560.2132742684,0.0,0.0,,,1.0,1.0,,,83538.67997009422,2.1270980834960938,UP,polymarket_chainlink_spot,FINAL_WINDOW_PARTIAL_INTEGRAL,existing_twap_average_approx_v1,,UP,UP,83563.44455446956,12.081766829449535,83563.02800555073,12.031858381355308,82601.39087543233,6.0,82601.39087543233,82601.39087543233,raw_chainlink_partial_integral,True,82601.39087543233,-112.19821704118665,EXACT_FINAL_WINDOW_BOUNDARY,EXACT_FINAL_WINDOW,128.6566734919149,-937.2890946618863,FINAL_WINDOW_PARTIAL_INTEGRAL,False,True,UP,UP,0.2,0.11010266525269961,2.1270980834960938,True,True,120,polymarket_chainlink_spot_history,121.0,0.2,False,1790820894.0,4.761443774801955,83462.60697881995,4.872901916503906,11.694613789529765,FINAL_WINDOW_PARTIAL_INTEGRAL,-0.06234167938685343,-0.06080826190043188,,,
3.79629661040326e-12,-0.2367954556260395,,0.999,0.001,,0.999,0.001,0.3312571048736572,120,VOLATILITY_CONDITIONED_EMPIRICAL_CDF,HIGH,DOWN,pre_final_window_approximation,minute_close_coarse; market_mid_not_executable; endpoint_return_is_proxy_not_official_twap_path,66090,2026-09-20T23:58:00+00:00,2026-08-06T02:29:00+00:00,TMINUS_CHECKPOINT,0.999,0.001,0.999,0.001,83375.23207764546,binance_ws,chainlink_source_observation_ts,unavailable,120,780.3312571048737,779.0,0.20751309394836426,0.20751309394836426,,0.19673609733581543,,0.999,0.001,btc-updown-15m-1790820900,1790820900,0.0009999999962037043,-0.0009999999962037034,0.0009999999962037043,-0.0009999999962037034,0.0009999999962037043,-0.0009999999962037034,,0.0,1790821680.331257,83383.41696812827,0.9999999999962037,0.9999999999962037,0.008140414586170373,0.00022925263640531865,3.79629661040326e-12,3.79629661040326e-12,83556.87117385608,strike,83375.23207764546,1.3312571048736572,DOWN,polymarket_chainlink_spot,PRE_FINAL_WINDOW_APPROX,existing_twap_average_approx_v1,,DOWN,DOWN,83425.83,-15.682872277903241,83217.265425,-40.64366509720848,,,,,strike_proxy,False,,21.7857380044792,PRE_FINAL_STRIKE_PROXY,PRE_FINAL_PROXY,5.593760913226802,181.6390962106234,PRE_FINAL_WINDOW_APPROX,False,True,DOWN,DOWN,0.2,0.12127785430848423,1.3312571048736572,True,True,120,polymarket_chainlink_spot_history,140.0,0.2,False,1790821679.0,5.086506815612143,83556.87117385608,119.66874289512634,-20.758820105520304,PRE_FINAL_WINDOW_APPROX,0.004419283898128602,-0.0017751449529320301,False,21810,LOW
5.791047030800911e-09,0.21207392601243844,,0.999,0.001,,0.999,0.001,0.4681830406188965,60,UNAVAILABLE,HIGH,DOWN,insufficient_raw_final_window_history,required_move_unavailable,0,,,TMINUS_CHECKPOINT,0.999,0.001,0.999,0.001,83425.9690995391,binance_ws,chainlink_source_observation_ts,unavailable,60,840.4681830406189,839.0,0.3977179527282715,0.3977179527282715,,0.39244794845581055,,0.999,0.001,btc-updown-15m-1790820900,1790820900,0.0009999942089530256,-0.0009999942089529692,0.0009999942089530256,-0.0009999942089529692,0.0009999942089530256,-0.0009999942089529692,,0.0,1790821740.468183,83392.36183706722,0.999999994208953,0.999999994208953,,,5.791047030800911e-09,5.791047030800911e-09,,,83425.9690995391,1.4681830406188965,DOWN,polymarket_chainlink_spot,FINAL_WINDOW_RAW_UNAVAILABLE,existing_twap_average_approx_v1,,DOWN,UP,83478.26442620711,-9.40757433166784,83582.83541806316,3.1073739169872905,,60.0,,,unavailable,False,,,UNAVAILABLE,UNAVAILABLE,,,UNAVAILABLE,False,True,DOWN,DOWN,0.2,0.15131930760381532,1.4681830406188965,True,True,120,polymarket_chainlink_spot_history,140.0,0.2,False,1790821739.0,10.38202552674319,83556.87117385608,59.5318169593811,-19.688307433935677,FINAL_WINDOW_RAW_UNAVAILABLE,0.05661103055696732,0.07886026203257372,,,
0.0,0.00011752160646811236,,0.999,0.001,,0.999,0.001,0.2292008399963379,30,UNAVAILABLE,HIGH,DOWN,ok,1m_close_data_cannot_reconstruct_remaining_average_path_boundary,0,,,TMINUS_CHECKPOINT,0.999,0.001,0.999,0.001,83451.67523148234,binance_ws,chainlink_source_observation_ts,polymarket_chainlink_raw_spot_history,,870.2292008399963,869.0,0.9404628276824951,0.9404628276824951,,0.9219498634338379,,0.999,0.001,btc-updown-15m-1790820900,1790820900,0.0010000000000000009,-0.001,0.0010000000000000009,-0.001,0.0010000000000000009,-0.001,83446.16160199768,29.0,1790821770.2292008,83422.17838958248,1.0,1.0,,,0.0,0.0,,,83451.67523148234,1.229200839996338,DOWN,polymarket_chainlink_spot,FINAL_WINDOW_PARTIAL_INTEGRAL,existing_twap_average_approx_v1,,DOWN,DOWN,83463.75410966636,-11.144154021273135,83463.76860622712,-11.142419087861883,83660.43819269135,31.0,83660.43819269135,83660.43819269135,raw_chainlink_partial_integral,True,83660.43819269135,25.016030011372763,EXACT_FINAL_WINDOW_BOUNDARY,EXACT_FINAL_WINDOW,12.62000509413579,208.76296120900952,FINAL_WINDOW_PARTIAL_INTEGRAL,False,True,DOWN,DOWN,0.2,0.15961780504105166,1.229200839996338,True,True,120,polymarket_chainlink_spot_history,139.0,0.2,False,1790821769.0,10.044284629707635,83556.87117385608,29.770799160003662,-16.119893239341984,FINAL_WINDOW_PARTIAL_INTEGRAL,0.11607824178054708,0.09629073193719982,,,
0.0,0.1703156837769558,,0.999,0.001,,0.999,0.001,0.3143010139465332,15,UNAVAILABLE,HIGH,DOWN,ok,1m_close_data_cannot_reconstruct_remaining_average_path_boundary,0,,,TMINUS_CHECKPOINT,0.999,0.001,0.999,0.001,83456.715367366,binance_ws,chainlink_source_observation_ts,polymarket_chainlink_raw_spot_history,,885.3143010139465,884.0,0.7001080513000488,0.7001080513000488,,0.6930861473083496,,0.999,0.001,btc-updown-15m-1790820900,1790820900,0.0010000000000000009,-0.001,0.0010000000000000009,-0.001,0.0010000000000000009,-0.001,83448.0965290394,44.0,1790821785.314301,83436.11602574437,1.0,1.0,,,0.0,0.0,,,83456.715367366,1.3143010139465332,DOWN,polymarket_chainlink_spot,FINAL_WINDOW_PARTIAL_INTEGRAL,existing_twap_average_approx_v1,,DOWN,DOWN,83456.65005328873,-11.99436014769124,83461.7631401916,-11.382431190679073,83856.00144710197,16.0,83856.00144710197,83856.00144710197,raw_chainlink_partial_integral,True,83856.00144710197,47.84349323818383,EXACT_FINAL_WINDOW_BOUNDARY,EXACT_FINAL_WINDOW,33.5957915695687,399.2860797359608,FINAL_WINDOW_PARTIAL_INTEGRAL,False,True,DOWN,DOWN,0.2,0.160150002252019,1.3143010139465332,True,True,120,polymarket_chainlink_spot_history,120.0,0.2,False,1790821784.0,10.054875304807702,83556.87117385608,14.685698986053467,-14.451851345709018,FINAL_WINDOW_PARTIAL_INTEGRAL,0.11492220288881208,0.09710840424720979,,,
0.0,0.1738267442909745,,0.999,0.001,,0.999,0.001,0.3168330192565918,10,UNAVAILABLE,HIGH,DOWN,ok,1m_close_data_cannot_reconstruct_remaining_average_path_boundary,0,,,TMINUS_CHECKPOINT,0.999,0.001,0.999,0.001,83466.44717357628,binance_ws,chainlink_source_observation_ts,polymarket_chainlink_raw_spot_history,,890.3168330192566,889.0,2.365360975265503,2.365360975265503,,2.344456911087036,,0.999,0.001,btc-updown-15m-1790820900,1790820900,0.0010000000000000009,-0.001,0.0010000000000000009,-0.001,0.0010000000000000009,-0.001,83449.6761253596,49.0,1790821790.316833,83441.19191446042,1.0,1.0,,,0.0,0.0,,,83466.44717357628,1.3168330192565918,DOWN,polymarket_chainlink_spot,FINAL_WINDOW_PARTIAL_INTEGRAL,existing_twap_average_approx_v1,,DOWN,DOWN,83453.9104453223,-12.322233598186362,83456.17921638097,-12.050709422280123,84034.37638988583,11.0,84034.37638988583,84034.37638988583,raw_chainlink_partial_integral,True,84034.37638988583,68.04281666961224,EXACT_FINAL_WINDOW_BOUNDARY,EXACT_FINAL_WINDOW,57.62460062468481,567.9292163095524,FINAL_WINDOW_PARTIAL_INTEGRAL,False,True,DOWN,DOWN,0.2,0.16546624985621267,1.3168330192565918,True,True,120,polymarket_chainlink_spot_history,120.0,0.2,False,1790821789.0,9.444745902043863,83556.87117385608,9.683166980743408,-13.844374229255509,FINAL_WINDOW_PARTIAL_INTEGRAL,0.10978326601953037,0.12160967751825129,,,
0.0,0.10979473630046438,,0.999,0.001,,0.999,0.001,0.21609282493591309,5,UNAVAILABLE,HIGH,DOWN,ok,1m_close_data_cannot_reconstruct_remaining_average_path_boundary,0,,,TMINUS_CHECKPOINT,0.999,0.001,0.999,0.001,83474.66170883612,binance_ws,chainlink_source_observation_ts,polymarket_chainlink_raw_spot_history,,895.2160928249359,894.0,2.1591269969940186,2.1591269969940186,,2.1436119079589844,,0.999,0.001,btc-updown-15m-1790820900,1790820900,0.0010000000000000009,-0.001,0.0010000000000000009,-0.001,0.0010000000000000009,-0.001,83451.46632850384,54.0,1790821795.2160928,83446.17024181147,1.0,1.0,,,0.0,0.0,,,83474.66170883612,1.216092824935913,DOWN,polymarket_chainlink_spot,FINAL_WINDOW_PARTIAL_INTEGRAL,existing_twap_average_approx_v1,,DOWN,DOWN,83452.78158224735,-12.457334764504122,83453.13139328445,-12.41546974105643,84505.51478202625,6.0,84505.51478202625,84505.51478202625,raw_chainlink_partial_integral,True,84505.51478202625,123.49293211702906,EXACT_FINAL_WINDOW_BOUNDARY,EXACT_FINAL_WINDOW,141.60822038827453,1030.8530731901265,FINAL_WINDOW_PARTIAL_INTEGRAL,False,True,DOWN,DOWN,0.2,0.16312207040316,1.216092824935913,True,True,120,polymarket_chainlink_spot_history,119.0,0.2,False,1790821794.0,9.936915972085794,83556.87117385608,4.783907175064087,-13.248573156152553,FINAL_WINDOW_PARTIAL_INTEGRAL,0.12169713210162153,0.12177902164913827,,,
0.03467122752551177,-0.017317156022077094,,0.97,0.04,,0.96,0.03,0.31261396408081055,120,VOLATILITY_CONDITIONED_EMPIRICAL_CDF,HIGH,DOWN,pre_final_window_approximation,minute_close_coarse; market_mid_not_executable; endpoint_return_is_proxy_not_official_twap_path,66075,2026-09-20T23:58:00+00:00,2026-08-06T02:44:00+00:00,TMINUS_CHECKPOINT,0.97,0.04,0.96,0.03,83404.21493594824,binance_ws,chainlink_source_observation_ts,unavailable,120,780.3126139640808,779.0,0.20659804344177246,0.20659804344177246,,0.20139503479003906,,0.965,0.035,btc-updown-15m-1790821800,1790821800,-0.004671227525511745,-0.005328772474488229,0.005328772474488264,0.004671227525511773,0.0003287724744882592,-0.00032877247448823144,,0.0,1790822580.312614,83399.48990699339,0.9653287724744882,0.9653287724744882,0.1254786227771472,0.03113964686998395,0.03467122752551177,0.03467122752551177,83452.38267012434,strike,83404.21493594824,2.3126139640808105,DOWN,polymarket_chainlink_spot,PRE_FINAL_WINDOW_APPROX,existing_twap_average_approx_v1,,UP,DOWN,83460.92,1.0230181095495952,83443.62151299608,-1.0498390636600587,,,,,strike_proxy,False,,5.775215822496067,PRE_FINAL_STRIKE_PROXY,PRE_FINAL_PROXY,1.4827434542750957,48.16773417609511,PRE_FINAL_WINDOW_APPROX,False,True,DOWN,DOWN,0.2,0.1383743129220121,2.3126139640808105,True,True,120,polymarket_chainlink_spot_history,125.0,0.2,False,1790822579.0,7.365763636577616,83452.38267012434,119.68738603591919,-6.338077049282478,PRE_FINAL_WINDOW_APPROX,0.020705927443972826,0.017833567919493115,False,21805,LOW
0.006431162475359575,-0.00012490298903046045,,0.999,0.002,,0.998,0.001,0.11861300468444824,60,UNAVAILABLE,MEDIUM,DOWN,insufficient_raw_final_window_history,required_move_unavailable,0,,,TMINUS_CHECKPOINT,0.999,0.002,0.998,0.001,83395.19376587331,binance_ws,chainlink_source_observation_ts,unavailable,60,840.1186130046844,839.0,1.314582109451294,1.306663990020752,,1.314582109451294,,0.9985,0.0015,btc-updown-15m-1790821800,1790821800,-0.005431162475359574,0.004431162475359575,-0.0044311624753595735,0.005431162475359575,-0.0049311624753596295,0.004931162475359576,,0.0,1790822640.118613,83401.00227535378,0.9935688375246404,0.9935688375246404,,,0.006431162475359575,0.006431162475359575,,,83395.19376587331,1.1186130046844482,DOWN,polymarket_chainlink_spot,FINAL_WINDOW_RAW_UNAVAILABLE,existing_twap_average_approx_v1,,UP,UP,83453.6058029735,0.14656655808003916,83453.54350829746,0.13910186096221078,,60.0,,,unavailable,False,,,UNAVAILABLE,UNAVAILABLE,,,UNAVAILABLE,False,True,DOWN,DOWN,0.2,0.09891820044942785,1.1186130046844482,True,True,120,polymarket_chainlink_spot_history,119.0,0.2,False,1790822639.0,6.319795111359366,83452.38267012434,59.88138699531555,-6.156851743067033,FINAL_WINDOW_RAW_UNAVAILABLE,-0.014589326060289277,-0.014536284358219199,,,
0.0,-0.042846572768368923,,0.999,0.001,,0.999,0.001,0.1336510181427002,30,UNAVAILABLE,MEDIUM,DOWN,ok,1m_close_data_cannot_reconstruct_remaining_average_path_boundary,0,,,TMINUS_CHECKPOINT,0.999,0.001,0.999,0.001,83388.96114593657,binance_ws,chainlink_source_observation_ts,polymarket_chainlink_raw_spot_history,,870.1336510181427,869.0,4.6406800746917725,4.6406800746917725,,4.621882915496826,,0.999,0.001,btc-updown-15m-1790821800,1790821800,0.0010000000000000009,-0.001,0.0010000000000000009,-0.001,0.0010000000000000009,-0.001,83393.58987544764,29.0,1790822670.133651,83396.24424123188,1.0,1.0,,,0.0,0.0,,,83388.96114593657,1.1336510181427002,DOWN,polymarket_chainlink_spot,FINAL_WINDOW_PARTIAL_INTEGRAL,existing_twap_average_approx_v1,,DOWN,DOWN,83422.1661209796,-3.620813232400566,83416.8505893422,-4.257767081689406,83507.3823812735,31.0,83507.3823812735,83507.3823812735,raw_chainlink_partial_integral,True,83507.3823812735,14.201068547873039,EXACT_FINAL_WINDOW_BOUNDARY,EXACT_FINAL_WINDOW,7.164108666916917,118.42123533693666,FINAL_WINDOW_PARTIAL_INTEGRAL,False,True,DOWN,DOWN,0.2,0.10176401545515867,1.1336510181427002,True,True,120,polymarket_chainlink_spot_history,119.0,0.2,False,1790822669.0,6.2443769790747785,83452.38267012434,29.8663489818573,-6.727001326537553,FINAL_WINDOW_PARTIAL_INTEGRAL,-0.02378043336895844,-0.024598894597119586,,,
0.0,0.0,,0.999,0.001,,0.999,0.001,0.7249488830566406,15,UNAVAILABLE,MEDIUM,DOWN,ok,1m_close_data_cannot_reconstruct_remaining_average_path_boundary,0,,,TMINUS_CHECKPOINT,0.999,0.001,0.999,0.001,83390.60385128,binance_ws,chainlink_source_observation_ts,polymarket_chainlink_raw_spot_history,,885.7249488830566,884.0,1.583500862121582,1.5635409355163574,,1.583500862121582,,0.999,0.001,btc-updown-15m-1790821800,1790821800,0.0010000000000000009,-0.001,0.0010000000000000009,-0.001,0.0010000000000000009,-0.001,83392.22832260985,44.0,1790822685.724949,83394.26038539046,1.0,1.0,,,0.0,0.0,,,83390.60385128,1.7249488830566406,DOWN,polymarket_chainlink_spot,FINAL_WINDOW_PARTIAL_INTEGRAL,existing_twap_average_approx_v1,,DOWN,DOWN,83407.12449393087,-5.423233554920437,83407.12449393087,-5.423233554920437,83617.80712578917,16.0,83617.80712578917,83617.80712578917,raw_chainlink_partial_integral,True,83617.80712578917,27.24566845856742,EXACT_FINAL_WINDOW_BOUNDARY,EXACT_FINAL_WINDOW,19.131959996120678,227.20327450917102,FINAL_WINDOW_PARTIAL_INTEGRAL,False,True,DOWN,DOWN,0.2,0.07810496874051863,1.7249488830566406,True,True,120,polymarket_chainlink_spot_history,119.0,0.2,False,1790822684.0,6.483613423713481,83452.38267012434,14.27505111694336,-6.964724418190288,FINAL_WINDOW_PARTIAL_INTEGRAL,-0.011634319654532663,-0.010871309739776869,,,
0.0,0.0,,0.999,0.001,,0.999,0.001,0.46137094497680664,10,UNAVAILABLE,MEDIUM,DOWN,ok,1m_close_data_cannot_reconstruct_remaining_average_path_boundary,0,,,TMINUS_CHECKPOINT,0.999,0.001,0.999,0.001,83391.27214030166,binance_ws,chainlink_source_observation_ts,polymarket_chainlink_raw_spot_history,,890.4613709449768,889.0,2.502495050430298,2.502495050430298,,2.493706703186035,,0.999,0.001,btc-updown-15m-1790821800,1790821800,0.0010000000000000009,-0.001,0.0010000000000000009,-0.001,0.0010000000000000009,-0.001,83392.10947276038,49.0,1790822690.461371,83393.46097397117,1.0,1.0,,,0.0,0.0,,,83391.27214030166,1.4613709449768066,DOWN,polymarket_chainlink_spot,FINAL_WINDOW_PARTIAL_INTEGRAL,existing_twap_average_approx_v1,,DOWN,DOWN,83402.18389540284,-6.015259614568134,83402.18389540284,-6.015259614568134,83720.8723674729,11.0,83720.8723674729,83720.8723674729,raw_chainlink_partial_integral,True,83720.8723674729,39.52454719921997,EXACT_FINAL_WINDOW_BOUNDARY,EXACT_FINAL_WINDOW,33.47283899615109,329.600227171235,FINAL_WINDOW_PARTIAL_INTEGRAL,False,True,DOWN,DOWN,0.2,0.07822329485327516,1.4613709449768066,True,True,120,polymarket_chainlink_spot_history,119.0,0.2,False,1790822689.0,6.579535779903701,83452.38267012434,9.538629055023193,-7.06051694007035,FINAL_WINDOW_PARTIAL_INTEGRAL,-0.015460052656617894,-0.020238754903454816,,,
0.0,-0.00012244672811700174,,0.999,0.001,,0.999,0.001,0.5116238594055176,5,UNAVAILABLE,MEDIUM,DOWN,ok,1m_close_data_cannot_reconstruct_remaining_average_path_boundary,0,,,TMINUS_CHECKPOINT,0.999,0.001,0.999,0.001,83390.25447023,binance_ws,chainlink_source_observation_ts,polymarket_chainlink_raw_spot_history,,895.5116238594055,894.0,0.7651760578155518,0.7651760578155518,,0.7465689182281494,,0.999,0.001,btc-updown-15m-1790821800,1790821800,0.0010000000000000009,-0.001,0.0010000000000000009,-0.001,0.0010000000000000009,-0.001,83391.9491333293,54.0,1790822695.5116239,83392.62756482227,1.0,1.0,,,0.0,0.0,,,83390.25447023,1.5116238594055176,DOWN,polymarket_chainlink_spot,FINAL_WINDOW_PARTIAL_INTEGRAL,existing_twap_average_approx_v1,,DOWN,DOWN,83396.79370811,-6.661159362469288,83396.79336503266,-6.661200473018771,83996.2845012797,6.0,83996.2845012797,83996.2845012797,raw_chainlink_partial_integral,True,83996.2845012797,72.67396351045575,EXACT_FINAL_WINDOW_BOUNDARY,EXACT_FINAL_WINDOW,83.33457198607505,606.0300310497114,FINAL_WINDOW_PARTIAL_INTEGRAL,False,True,DOWN,DOWN,0.2,0.07691881303358135,1.5116238594055176,True,True,120,polymarket_chainlink_spot_history,119.0,0.2,False,1790822694.0,6.6783403766044405,83452.38267012434,4.488376140594482,-7.160383369552493,FINAL_WINDOW_PARTIAL_INTEGRAL,-0.02000631653530818,-0.019788511953098185,,,
