provenance,slug,day,weekend,phase,cutoff,leader,final_flip,path_complete,temporary_cross,cross_count_after,cross_then_revert,legacy_sigma,z_diffusion,p_flip_diffusion,distance_bps,summary_twap_cross_count,summary_projected_cross_count
HISTORICAL_PRE_V2,btc-updown-15m-1791072900,2026-10-04,True,PRE_A,120,DOWN,False,True,False,0,False,0.3741043358538626,,,1.176700106298632,2.0,9.0
HISTORICAL_PRE_V2,btc-updown-15m-1791072900,2026-10-04,True,PRE_A,60,DOWN,False,True,False,0,False,0.5481982213523666,,,1.4897814668501212,2.0,9.0
HISTORICAL_PRE_V2,btc-updown-15m-1791073800,2026-10-04,True,PRE_A,300,UP,True,False,,,,0.25507759988061246,,,1.5354788493532372,3.0,13.0
HISTORICAL_PRE_V2,btc-updown-15m-1791073800,2026-10-04,True,PRE_A,180,DOWN,False,False,,,,0.1303344747208057,,,0.5884666092228884,3.0,13.0
HISTORICAL_PRE_V2,btc-updown-15m-1791073800,2026-10-04,True,PRE_A,120,DOWN,False,False,,,,0.1509879674076661,,,0.5862897069487608,3.0,13.0
HISTORICAL_PRE_V2,btc-updown-15m-1791074700,2026-10-04,True,PRE_A,300,UP,True,False,,,,0.32269363640301374,,,3.6325093608648844,4.0,13.0
HISTORICAL_PRE_V2,btc-updown-15m-1791074700,2026-10-04,True,PRE_A,180,DOWN,False,False,,,,0.5049513642002948,,,2.4157410631775305,4.0,13.0
HISTORICAL_PRE_V2,btc-updown-15m-1791074700,2026-10-04,True,PRE_A,120,DOWN,False,True,False,0,False,0.5884915672606166,,,2.1849660819200327,4.0,13.0
HISTORICAL_PRE_V2,btc-updown-15m-1791074700,2026-10-04,True,PRE_A,60,DOWN,False,True,False,0,False,0.9518582974165527,,,2.1095680611941146,4.0,13.0
HISTORICAL_PRE_V2,btc-updown-15m-1791076500,2026-10-04,True,PRE_A,300,DOWN,False,True,False,0,False,0.7307829012218104,,,5.067824633740513,0.0,7.0
HISTORICAL_PRE_V2,btc-updown-15m-1791076500,2026-10-04,True,PRE_A,180,DOWN,False,True,False,0,False,0.655189056198712,,,3.3675373464976075,0.0,7.0
HISTORICAL_PRE_V2,btc-updown-15m-1791076500,2026-10-04,True,PRE_A,120,DOWN,False,True,False,0,False,0.7951326299595246,,,3.1370415926205437,0.0,7.0
HISTORICAL_PRE_V2,btc-updown-15m-1791076500,2026-10-04,True,PRE_A,60,DOWN,False,True,False,0,False,1.1124576535555506,,,3.105789966662065,0.0,7.0
HISTORICAL_PRE_V2,btc-updown-15m-1791077400,2026-10-04,True,PRE_A,300,UP,False,True,False,0,False,0.7285311625352294,,,4.410549605439895,2.0,6.0
HISTORICAL_PRE_V2,btc-updown-15m-1791077400,2026-10-04,True,PRE_A,180,UP,False,True,False,0,False,0.7501044838357841,,,3.6369896379514906,2.0,6.0
HISTORICAL_PRE_V2,btc-updown-15m-1791077400,2026-10-04,True,PRE_A,120,UP,False,True,False,0,False,0.919553154901331,,,3.6044297541760937,2.0,6.0
HISTORICAL_PRE_V2,btc-updown-15m-1791077400,2026-10-04,True,PRE_A,60,UP,False,True,False,0,False,1.3049461982812376,,,3.642075122178616,2.0,6.0
HISTORICAL_PRE_V2,btc-updown-15m-1791078300,2026-10-04,True,PRE_A,300,UP,False,True,False,0,False,0.5486361936602132,,,3.467959847307245,3.0,4.0
HISTORICAL_PRE_V2,btc-updown-15m-1791078300,2026-10-04,True,PRE_A,180,UP,False,True,False,0,False,0.7345635885596781,,,3.49629032014581,3.0,4.0
HISTORICAL_PRE_V2,btc-updown-15m-1791078300,2026-10-04,True,PRE_A,120,UP,False,True,False,0,False,0.7058432017201534,,,2.959013485236705,3.0,4.0
HISTORICAL_PRE_V2,btc-updown-15m-1791078300,2026-10-04,True,PRE_A,60,UP,False,True,False,0,False,1.0642388737038477,,,2.9244484441356065,3.0,4.0
HISTORICAL_PRE_V2,btc-updown-15m-1791080100,2026-10-04,True,PRE_A,300,UP,False,False,,,,0.17332644838661934,,,1.7566501514722794,5.0,14.0
HISTORICAL_PRE_V2,btc-updown-15m-1791080100,2026-10-04,True,PRE_A,180,UP,False,False,,,,0.20145277821017185,,,0.9970113956035421,5.0,14.0
HISTORICAL_PRE_V2,btc-updown-15m-1791081000,2026-10-04,True,PRE_A,300,DOWN,False,True,False,0,False,0.344387972846255,,,2.5470949626171464,2.0,9.0
HISTORICAL_PRE_V2,btc-updown-15m-1791081000,2026-10-04,True,PRE_A,180,DOWN,False,True,False,0,False,0.8447918032304098,,,2.7910526082137532,2.0,9.0
HISTORICAL_PRE_V2,btc-updown-15m-1791081000,2026-10-04,True,PRE_A,120,DOWN,False,True,False,0,False,0.7010164251219149,,,3.2024404730821803,2.0,9.0
HISTORICAL_PRE_V2,btc-updown-15m-1791081000,2026-10-04,True,PRE_A,60,DOWN,False,True,False,0,False,1.3032788381546572,,,3.433099236012185,2.0,9.0
HISTORICAL_PRE_V2,btc-updown-15m-1791081900,2026-10-04,True,PRE_A,300,DOWN,True,False,,,,0.20765495028907066,,,1.2712764620269148,3.0,12.0
HISTORICAL_PRE_V2,btc-updown-15m-1791081900,2026-10-04,True,PRE_A,180,UP,False,False,,,,0.046171417709490466,,,0.23130480752062832,3.0,12.0
HISTORICAL_PRE_V2,btc-updown-15m-1791081900,2026-10-04,True,PRE_A,120,UP,False,False,,,,0.018628067775862615,,,0.2438048337704957,3.0,12.0
HISTORICAL_PRE_V2,btc-updown-15m-1791081900,2026-10-04,True,PRE_A,60,UP,False,True,False,0,False,0.17165208036004037,,,0.42830749462015155,3.0,12.0
HISTORICAL_PRE_V2,btc-updown-15m-1791082800,2026-10-04,True,PRE_A,300,UP,False,False,,,,0.015364025459540255,,,0.020931728913709362,7.0,0.0
HISTORICAL_PRE_V2,btc-updown-15m-1791082800,2026-10-04,True,PRE_A,180,UP,False,False,,,,0.0036113987273907913,,,0.09653906985203095,7.0,0.0
HISTORICAL_PRE_V2,btc-updown-15m-1791082800,2026-10-04,True,PRE_A,120,UP,False,False,,,,0.012814117248431355,,,0.01972236728312983,7.0,0.0
HISTORICAL_PRE_V2,btc-updown-15m-1791084600,2026-10-04,True,PRE_A,300,UP,False,True,False,0,False,0.9689364383778624,,,5.920351575758974,0.0,8.0
HISTORICAL_PRE_V2,btc-updown-15m-1791084600,2026-10-04,True,PRE_A,180,UP,False,True,False,0,False,1.9406207010062901,,,9.807590114748754,0.0,8.0
HISTORICAL_PRE_V2,btc-updown-15m-1791084600,2026-10-04,True,PRE_A,120,UP,False,True,False,0,False,2.5400124195859726,,,9.822139287704053,0.0,8.0
HISTORICAL_PRE_V2,btc-updown-15m-1791084600,2026-10-04,True,PRE_A,60,UP,False,True,False,0,False,3.5339446595361688,,,10.041790486416895,0.0,8.0
HISTORICAL_PRE_V2,btc-updown-15m-1791085500,2026-10-04,True,PRE_A,300,DOWN,False,True,False,0,False,0.7162760107738534,,,4.070140218121075,1.0,9.0
HISTORICAL_PRE_V2,btc-updown-15m-1791085500,2026-10-04,True,PRE_A,180,DOWN,False,True,False,0,False,0.9416728190789642,,,4.487647722959275,1.0,9.0
HISTORICAL_PRE_V2,btc-updown-15m-1791085500,2026-10-04,True,PRE_A,120,DOWN,False,True,False,0,False,1.2235154125009131,,,4.6942744698249115,1.0,9.0
HISTORICAL_PRE_V2,btc-updown-15m-1791085500,2026-10-04,True,PRE_A,60,DOWN,False,True,False,0,False,1.6852975698122956,,,4.784286194357617,1.0,9.0
HISTORICAL_PRE_V2,btc-updown-15m-1791086400,2026-10-04,True,PRE_A,300,DOWN,False,True,False,0,False,0.3037728319625833,,,1.7193661847734423,6.0,7.0
HISTORICAL_PRE_V2,btc-updown-15m-1791086400,2026-10-04,True,PRE_A,180,DOWN,False,True,False,0,False,0.5713865214991951,,,2.0763749092481856,6.0,7.0
HISTORICAL_PRE_V2,btc-updown-15m-1791086400,2026-10-04,True,PRE_A,120,DOWN,False,True,False,0,False,0.7274853810578691,,,2.7773091638201066,6.0,7.0
HISTORICAL_PRE_V2,btc-updown-15m-1791086400,2026-10-04,True,PRE_A,60,DOWN,False,True,False,0,False,1.1951558590229285,,,2.9491233764669627,6.0,7.0
HISTORICAL_PRE_V2,btc-updown-15m-1791087300,2026-10-04,True,PRE_A,300,UP,False,False,,,,0.04259003371921167,,,0.3411009455225995,0.0,0.0
HISTORICAL_PRE_V2,btc-updown-15m-1791087300,2026-10-04,True,PRE_A,120,UP,False,True,False,0,False,0.061759314210507926,,,0.28172058542753575,0.0,0.0
HISTORICAL_PRE_V2,btc-updown-15m-1791087300,2026-10-04,True,PRE_A,60,UP,False,True,False,0,False,0.1070627877394906,,,0.3045840150977876,0.0,0.0
HISTORICAL_PRE_V2,btc-updown-15m-1791088200,2026-10-04,True,PRE_A,300,UP,False,False,,,,0.02235818705759926,,,0.11925718800142347,0.0,0.0
HISTORICAL_PRE_V2,btc-updown-15m-1791088200,2026-10-04,True,PRE_A,60,UP,False,False,,,,0.036839632809251885,,,0.09520116461500212,0.0,0.0
HISTORICAL_PRE_V2,btc-updown-15m-1791089100,2026-10-04,True,PRE_A,300,UP,False,True,True,2,True,0.023276724663489297,,,0.16155990997919858,4.0,0.0
HISTORICAL_PRE_V2,btc-updown-15m-1791089100,2026-10-04,True,PRE_A,180,DOWN,True,True,True,1,False,0.008714953440779275,,,0.043057011152850454,4.0,0.0
HISTORICAL_PRE_V2,btc-updown-15m-1791089100,2026-10-04,True,PRE_A,120,UP,False,True,False,0,False,0.01751394422849671,,,0.018149944733389753,4.0,0.0
HISTORICAL_PRE_V2,btc-updown-15m-1791089100,2026-10-04,True,PRE_A,60,UP,False,True,False,0,False,0.011518666257657153,,,0.0723470111631624,4.0,0.0
HISTORICAL_PRE_V2,btc-updown-15m-1791090000,2026-10-04,True,PRE_A,300,UP,False,True,False,0,False,0.43221630049266646,,,2.1667081301227,0.0,1.0
HISTORICAL_PRE_V2,btc-updown-15m-1791090000,2026-10-04,True,PRE_A,180,UP,False,True,False,0,False,0.40265983022100715,,,2.3099445347720176,0.0,1.0
HISTORICAL_PRE_V2,btc-updown-15m-1791090000,2026-10-04,True,PRE_A,120,UP,False,True,False,0,False,0.4771258647573053,,,1.9283225963900688,0.0,1.0
HISTORICAL_PRE_V2,btc-updown-15m-1791090000,2026-10-04,True,PRE_A,60,UP,False,True,False,0,False,0.6613825516379476,,,1.8401968773575075,0.0,1.0
HISTORICAL_PRE_V2,btc-updown-15m-1791090900,2026-10-04,True,PRE_A,300,UP,False,True,False,0,False,0.625129413246964,,,3.543080297786194,2.0,6.0
HISTORICAL_PRE_V2,btc-updown-15m-1791090900,2026-10-04,True,PRE_A,180,UP,False,True,False,0,False,0.8211869064142286,,,3.678242677922577,2.0,6.0
HISTORICAL_PRE_V2,btc-updown-15m-1791090900,2026-10-04,True,PRE_A,120,UP,False,True,False,0,False,1.0363365859836375,,,4.0740831128423425,2.0,6.0
HISTORICAL_PRE_V2,btc-updown-15m-1791090900,2026-10-04,True,PRE_A,60,UP,False,True,False,0,False,1.4628849893703217,,,4.081910730954553,2.0,6.0
HISTORICAL_PRE_V2,btc-updown-15m-1791091800,2026-10-04,True,PRE_A,300,UP,False,False,,,,0.7227338100612093,,,5.034686537687794,0.0,0.0
HISTORICAL_PRE_V2,btc-updown-15m-1791091800,2026-10-04,True,PRE_A,180,UP,False,False,,,,1.0110310097310105,,,4.822404789518124,0.0,0.0
HISTORICAL_PRE_V2,btc-updown-15m-1791092700,2026-10-04,True,PRE_A,300,UP,True,False,,,,0.263746484315886,,,1.155893126224775,3.0,9.0
HISTORICAL_PRE_V2,btc-updown-15m-1791092700,2026-10-04,True,PRE_A,180,DOWN,False,False,,,,0.25782738644030195,,,0.3107469417198125,3.0,9.0
HISTORICAL_PRE_V2,btc-updown-15m-1791093600,2026-10-04,True,PRE_A,300,UP,False,False,,,,0.3617206635426148,,,2.2335739894564623,1.0,2.0
HISTORICAL_PRE_V2,btc-updown-15m-1791093600,2026-10-04,True,PRE_A,180,UP,False,False,,,,0.3914756382843372,,,2.2520946572005296,1.0,2.0
HISTORICAL_PRE_V2,btc-updown-15m-1791093600,2026-10-04,True,PRE_A,60,UP,False,True,False,0,False,0.646224807121894,,,1.7962642531483295,1.0,2.0
HISTORICAL_PRE_V2,btc-updown-15m-1791094500,2026-10-04,True,PRE_A,300,UP,True,False,,,,0.9139116901920317,,,5.7814403500927085,0.0,8.0
HISTORICAL_PRE_V2,btc-updown-15m-1791095400,2026-10-04,True,PRE_A,300,UP,False,True,False,0,False,1.4602820255738018,,,9.051858715328915,0.0,25.0
HISTORICAL_PRE_V2,btc-updown-15m-1791095400,2026-10-04,True,PRE_A,180,UP,False,True,False,0,False,1.7789226611436175,,,8.802169381163049,0.0,25.0
HISTORICAL_PRE_V2,btc-updown-15m-1791095400,2026-10-04,True,PRE_A,120,UP,False,True,False,0,False,1.769535628750139,,,8.074201514494199,0.0,25.0
HISTORICAL_PRE_V2,btc-updown-15m-1791095400,2026-10-04,True,PRE_A,60,UP,False,True,False,0,False,2.25335750087974,,,6.7408490977952695,0.0,25.0
HISTORICAL_PRE_V2,btc-updown-15m-1791096300,2026-10-04,True,PRE_A,300,UP,False,True,False,0,False,2.0756699790418414,,,11.076927679463456,0.0,6.0
HISTORICAL_PRE_V2,btc-updown-15m-1791096300,2026-10-04,True,PRE_A,180,UP,False,True,False,0,False,2.3117653556189834,,,11.312568617955392,0.0,6.0
HISTORICAL_PRE_V2,btc-updown-15m-1791096300,2026-10-04,True,PRE_A,120,UP,False,True,False,0,False,2.5224684469783347,,,9.975826621034207,0.0,6.0
HISTORICAL_PRE_V2,btc-updown-15m-1791096300,2026-10-04,True,PRE_A,60,UP,False,True,False,0,False,2.9616034792743027,,,9.092897047809519,0.0,6.0
HISTORICAL_PRE_V2,btc-updown-15m-1791097200,2026-10-04,True,PRE_A,300,DOWN,False,True,False,0,False,0.30645222719722953,,,1.6612699717065862,0.0,7.0
HISTORICAL_PRE_V2,btc-updown-15m-1791097200,2026-10-04,True,PRE_A,180,DOWN,False,True,False,0,False,0.4888198235268759,,,2.405500908497901,0.0,7.0
HISTORICAL_PRE_V2,btc-updown-15m-1791097200,2026-10-04,True,PRE_A,120,DOWN,False,True,False,0,False,0.6261409308277538,,,2.397320594045262,0.0,7.0
HISTORICAL_PRE_V2,btc-updown-15m-1791097200,2026-10-04,True,PRE_A,60,DOWN,False,True,False,0,False,1.567870126636379,,,2.9824741937661168,0.0,7.0
HISTORICAL_PRE_V2,btc-updown-15m-1791098100,2026-10-04,True,PRE_A,300,DOWN,False,False,,,,0.042880273778195956,,,0.31327892005181757,0.0,0.0
HISTORICAL_PRE_V2,btc-updown-15m-1791098100,2026-10-04,True,PRE_A,180,DOWN,False,False,,,,0.3102712184511618,,,1.1631516479075117,0.0,0.0
HISTORICAL_PRE_V2,btc-updown-15m-1791098100,2026-10-04,True,PRE_A,120,DOWN,False,False,,,,0.4346992063530758,,,1.6150572466511306,0.0,0.0
HISTORICAL_PRE_V2,btc-updown-15m-1791099000,2026-10-04,True,PRE_A,300,DOWN,False,False,,,,0.7582367486449646,,,4.209461824644446,0.0,12.0
HISTORICAL_PRE_V2,btc-updown-15m-1791099000,2026-10-04,True,PRE_A,180,DOWN,False,False,,,,0.37617048067112535,,,1.9204748708839792,0.0,12.0
HISTORICAL_PRE_V2,btc-updown-15m-1791099000,2026-10-04,True,PRE_A,120,DOWN,False,False,,,,0.3275480399993418,,,1.6450042453663232,0.0,12.0
HISTORICAL_PRE_V2,btc-updown-15m-1791099000,2026-10-04,True,PRE_A,60,DOWN,False,True,False,0,False,0.14492873532467188,,,0.8713423075324193,0.0,12.0
HISTORICAL_PRE_V2,btc-updown-15m-1791099900,2026-10-04,True,PRE_A,300,UP,False,True,False,0,False,1.3070722182050967,,,9.010995809391256,0.0,12.0
HISTORICAL_PRE_V2,btc-updown-15m-1791099900,2026-10-04,True,PRE_A,180,UP,False,True,False,0,False,1.195228484509326,,,5.902409644801572,0.0,12.0
HISTORICAL_PRE_V2,btc-updown-15m-1791099900,2026-10-04,True,PRE_A,120,UP,False,True,False,0,False,2.2898197629501387,,,7.817839889108742,0.0,12.0
HISTORICAL_PRE_V2,btc-updown-15m-1791099900,2026-10-04,True,PRE_A,60,UP,False,True,False,0,False,4.52758683476099,,,10.726037266932607,0.0,12.0
HISTORICAL_PRE_V2,btc-updown-15m-1791100800,2026-10-04,True,PRE_A,60,UP,False,True,False,0,False,3.147619247781352,,,8.270993792750552,0.0,0.0
HISTORICAL_PRE_V2,btc-updown-15m-1791101700,2026-10-04,True,PRE_A,300,DOWN,True,False,,,,0.18101251899760556,,,0.8943211038693819,1.0,12.0
HISTORICAL_PRE_V2,btc-updown-15m-1791101700,2026-10-04,True,PRE_A,120,UP,False,True,False,0,False,1.0130096005058935,,,3.5133098418862483,1.0,12.0
HISTORICAL_PRE_V2,btc-updown-15m-1791101700,2026-10-04,True,PRE_A,60,UP,False,True,False,0,False,1.6628553086450324,,,4.240457106316206,1.0,12.0
HISTORICAL_PRE_V2,btc-updown-15m-1791102600,2026-10-04,True,PRE_A,300,DOWN,False,True,False,0,False,2.4911292416830646,,,15.110471774269508,0.0,18.0
HISTORICAL_PRE_V2,btc-updown-15m-1791102600,2026-10-04,True,PRE_A,180,DOWN,False,True,False,0,False,2.3682588875866064,,,11.23283378414198,0.0,18.0
HISTORICAL_PRE_V2,btc-updown-15m-1791102600,2026-10-04,True,PRE_A,120,DOWN,False,True,False,0,False,2.8284206722163603,,,11.153181919934692,0.0,18.0
HISTORICAL_PRE_V2,btc-updown-15m-1791102600,2026-10-04,True,PRE_A,60,DOWN,False,True,False,0,False,4.015885505997087,,,11.073497837975742,0.0,18.0
HISTORICAL_PRE_V2,btc-updown-15m-1791103500,2026-10-04,True,PRE_A,300,UP,False,True,False,0,False,0.4334973549594673,,,2.642775152462911,1.0,6.0
HISTORICAL_PRE_V2,btc-updown-15m-1791103500,2026-10-04,True,PRE_A,180,UP,False,True,False,0,False,0.5820707317516676,,,2.7052125522011545,1.0,6.0
HISTORICAL_PRE_V2,btc-updown-15m-1791103500,2026-10-04,True,PRE_A,120,UP,False,True,False,0,False,0.7080863721784917,,,2.748090013950625,1.0,6.0
HISTORICAL_PRE_V2,btc-updown-15m-1791103500,2026-10-04,True,PRE_A,60,UP,False,True,False,0,False,0.955775438435922,,,2.698537706947023,1.0,6.0
HISTORICAL_PRE_V2,btc-updown-15m-1791104400,2026-10-04,True,PRE_A,300,UP,False,False,,,,0.4059818655425043,,,2.4289803066850415,0.0,0.0
HISTORICAL_PRE_V2,btc-updown-15m-1791104400,2026-10-04,True,PRE_A,120,UP,False,True,False,0,False,0.9332589658286863,,,3.6820456279624993,0.0,0.0
HISTORICAL_PRE_V2,btc-updown-15m-1791104400,2026-10-04,True,PRE_A,60,UP,False,True,False,0,False,1.2862941126079708,,,3.647907238065022,0.0,0.0
HISTORICAL_PRE_V2,btc-updown-15m-1791105300,2026-10-04,True,PRE_A,300,UP,False,True,False,0,False,1.2507194896150904,,,8.0094045543743,1.0,10.0
HISTORICAL_PRE_V2,btc-updown-15m-1791105300,2026-10-04,True,PRE_A,180,UP,False,True,False,0,False,1.816524810509093,,,7.969127878630666,1.0,10.0
HISTORICAL_PRE_V2,btc-updown-15m-1791105300,2026-10-04,True,PRE_A,120,UP,False,True,False,0,False,2.8815060281497122,,,10.534981246457855,1.0,10.0
HISTORICAL_PRE_V2,btc-updown-15m-1791105300,2026-10-04,True,PRE_A,60,UP,False,True,False,0,False,5.1457463932590715,,,13.686505953812192,1.0,10.0
HISTORICAL_PRE_V2,btc-updown-15m-1791106200,2026-10-04,True,PRE_A,300,DOWN,True,False,,,,0.725526775952329,,,6.7935557593062175,,
HISTORICAL_PRE_V2,btc-updown-15m-1791106200,2026-10-04,True,PRE_A,180,DOWN,True,False,,,,0.20075745133067166,,,0.47772306400778086,,
HISTORICAL_PRE_V2,btc-updown-15m-1791107100,2026-10-04,True,PRE_A,300,DOWN,False,False,,,,0.47845401767696694,,,2.9101930038557207,1.0,19.0
HISTORICAL_PRE_V2,btc-updown-15m-1791107100,2026-10-04,True,PRE_A,180,DOWN,False,False,,,,0.60008440382239,,,1.9190278166387147,1.0,19.0
HISTORICAL_PRE_V2,btc-updown-15m-1791107100,2026-10-04,True,PRE_A,120,DOWN,False,False,,,,1.4164882821837717,,,4.4311307278081,1.0,19.0
HISTORICAL_PRE_V2,btc-updown-15m-1791107100,2026-10-04,True,PRE_A,60,DOWN,False,True,False,0,False,1.2501369838874927,,,4.601036139154668,1.0,19.0
HISTORICAL_PRE_V2,btc-updown-15m-1791108000,2026-10-04,True,PRE_A,300,UP,False,False,,,,0.22411620632578305,,,2.3244404530600464,4.0,18.0
HISTORICAL_PRE_V2,btc-updown-15m-1791108000,2026-10-04,True,PRE_A,180,UP,False,False,,,,0.21942413715643735,,,1.0228247593177227,4.0,18.0
HISTORICAL_PRE_V2,btc-updown-15m-1791108000,2026-10-04,True,PRE_A,120,UP,False,False,,,,0.22788672700537516,,,0.9865002035969038,4.0,18.0
HISTORICAL_PRE_V2,btc-updown-15m-1791108900,2026-10-04,True,PRE_A,300,UP,False,True,False,0,False,2.6497885323217694,,,16.001229558836723,0.0,16.0
HISTORICAL_PRE_V2,btc-updown-15m-1791108900,2026-10-04,True,PRE_A,180,UP,False,True,False,0,False,3.75385054442132,,,17.944127836431054,0.0,16.0
HISTORICAL_PRE_V2,btc-updown-15m-1791108900,2026-10-04,True,PRE_A,120,UP,False,True,False,0,False,5.039266819247619,,,18.90761709014616,0.0,16.0
HISTORICAL_PRE_V2,btc-updown-15m-1791108900,2026-10-04,True,PRE_A,60,UP,False,True,False,0,False,7.800993296549426,,,20.720910742803852,0.0,16.0
HISTORICAL_PRE_V2,btc-updown-15m-1791109800,2026-10-04,True,PRE_A,300,DOWN,False,True,False,0,False,1.9549451620226441,,,11.737029319087823,0.0,14.0
HISTORICAL_PRE_V2,btc-updown-15m-1791109800,2026-10-04,True,PRE_A,180,DOWN,False,True,False,0,False,1.468145011272748,,,10.13220380479112,0.0,14.0
HISTORICAL_PRE_V2,btc-updown-15m-1791109800,2026-10-04,True,PRE_A,120,DOWN,False,True,False,0,False,1.9502414851689156,,,7.519799688311706,0.0,14.0
HISTORICAL_PRE_V2,btc-updown-15m-1791109800,2026-10-04,True,PRE_A,60,DOWN,False,True,False,0,False,2.766628766026393,,,7.646114010322377,0.0,14.0
HISTORICAL_PRE_V2,btc-updown-15m-1791110700,2026-10-04,True,PRE_A,300,DOWN,False,False,,,,0.12277922925939755,,,0.7425513456441867,1.0,5.0
HISTORICAL_PRE_V2,btc-updown-15m-1791110700,2026-10-04,True,PRE_A,180,DOWN,False,False,,,,0.15147418563575282,,,0.8541088994380088,1.0,5.0
HISTORICAL_PRE_V2,btc-updown-15m-1791110700,2026-10-04,True,PRE_A,120,DOWN,False,True,False,0,False,1.0062690007171338,,,2.351569410181818,1.0,5.0
HISTORICAL_PRE_V2,btc-updown-15m-1791110700,2026-10-04,True,PRE_A,60,DOWN,False,True,False,0,False,2.1155281905968826,,,4.851904657465451,1.0,5.0
HISTORICAL_PRE_V2,btc-updown-15m-1791111600,2026-10-04,True,PRE_A,300,DOWN,False,False,,,,0.15655091903841103,,,0.9568207048647874,,
HISTORICAL_PRE_V2,btc-updown-15m-1791112500,2026-10-04,True,PRE_A,300,UP,False,True,False,0,False,0.528566364616235,,,3.2651081226779435,0.0,6.0
HISTORICAL_PRE_V2,btc-updown-15m-1791112500,2026-10-04,True,PRE_A,180,UP,False,True,False,0,False,1.2638417092663163,,,4.601063274784198,0.0,6.0
HISTORICAL_PRE_V2,btc-updown-15m-1791112500,2026-10-04,True,PRE_A,120,UP,False,True,False,0,False,1.83764909784214,,,6.739542667326323,0.0,6.0
HISTORICAL_PRE_V2,btc-updown-15m-1791112500,2026-10-04,True,PRE_A,60,UP,False,True,False,0,False,2.323225782282725,,,7.275730774317537,0.0,6.0
HISTORICAL_PRE_V2,btc-updown-15m-1791113400,2026-10-04,True,PRE_A,300,DOWN,False,True,False,0,False,0.7390274973350572,,,4.442567050663056,1.0,15.0
HISTORICAL_PRE_V2,btc-updown-15m-1791113400,2026-10-04,True,PRE_A,180,DOWN,False,True,False,0,False,0.786016976786313,,,4.235097516481434,1.0,15.0
HISTORICAL_PRE_V2,btc-updown-15m-1791113400,2026-10-04,True,PRE_A,120,DOWN,False,True,False,0,False,0.8369351355531358,,,3.915946304488047,1.0,15.0
HISTORICAL_PRE_V2,btc-updown-15m-1791113400,2026-10-04,True,PRE_A,60,DOWN,False,True,False,0,False,1.7714199506513206,,,3.0396617980777925,1.0,15.0
HISTORICAL_PRE_V2,btc-updown-15m-1791114300,2026-10-04,True,PRE_A,300,UP,False,True,False,0,False,0.6566796736221647,,,4.143033617035732,2.0,4.0
HISTORICAL_PRE_V2,btc-updown-15m-1791114300,2026-10-04,True,PRE_A,180,UP,False,True,False,0,False,0.8180908538147467,,,3.984710529317554,2.0,4.0
HISTORICAL_PRE_V2,btc-updown-15m-1791114300,2026-10-04,True,PRE_A,120,UP,False,True,False,0,False,0.9602434652291997,,,3.842771068192132,2.0,4.0
HISTORICAL_PRE_V2,btc-updown-15m-1791114300,2026-10-04,True,PRE_A,60,UP,False,True,False,0,False,1.2267216836797215,,,3.8108733002493786,2.0,4.0
HISTORICAL_PRE_V2,btc-updown-15m-1791116100,2026-10-04,True,PRE_A,120,UP,False,True,False,0,False,0.7015386085937919,,,2.908057840422298,1.0,41.0
HISTORICAL_PRE_V2,btc-updown-15m-1791116100,2026-10-04,True,PRE_A,60,UP,False,True,False,0,False,0.9163368121301673,,,2.7671228411652913,1.0,41.0
HISTORICAL_PRE_V2,btc-updown-15m-1791117000,2026-10-04,True,PRE_A,180,DOWN,False,True,False,0,False,0.6147222979641456,,,2.954674554795781,6.0,7.0
HISTORICAL_PRE_V2,btc-updown-15m-1791117000,2026-10-04,True,PRE_A,120,DOWN,False,True,False,0,False,0.845231653042533,,,3.433909034194751,6.0,7.0
HISTORICAL_PRE_V2,btc-updown-15m-1791117000,2026-10-04,True,PRE_A,60,DOWN,False,True,False,0,False,1.3128531473063494,,,3.566355378976274,6.0,7.0
HISTORICAL_PRE_V2,btc-updown-15m-1791117900,2026-10-04,True,PRE_A,300,DOWN,False,True,False,0,False,1.45484014915395,,,9.501252683883187,0.0,19.0
HISTORICAL_PRE_V2,btc-updown-15m-1791117900,2026-10-04,True,PRE_A,180,DOWN,False,True,False,0,False,2.5965137072917845,,,12.836615691715979,0.0,19.0
HISTORICAL_PRE_V2,btc-updown-15m-1791117900,2026-10-04,True,PRE_A,120,DOWN,False,True,False,0,False,3.0671576221978896,,,12.322115007457517,0.0,19.0
HISTORICAL_PRE_V2,btc-updown-15m-1791117900,2026-10-04,True,PRE_A,60,DOWN,False,True,False,0,False,3.452011069105513,,,10.283891526038765,0.0,19.0
HISTORICAL_PRE_V2,btc-updown-15m-1791118800,2026-10-04,True,PRE_A,300,UP,False,False,,,,0.27618246012832887,,,1.586580416369029,,
HISTORICAL_PRE_V2,btc-updown-15m-1791118800,2026-10-04,True,PRE_A,180,DOWN,True,False,,,,0.084299604481682,,,0.3802834648506799,,
HISTORICAL_PRE_V2,btc-updown-15m-1791119700,2026-10-04,True,PRE_A,300,UP,False,True,False,0,False,0.8487564263020989,,,4.375123822444656,0.0,10.0
HISTORICAL_PRE_V2,btc-updown-15m-1791119700,2026-10-04,True,PRE_A,180,UP,False,True,False,0,False,1.236252350558263,,,6.56356675016356,0.0,10.0
HISTORICAL_PRE_V2,btc-updown-15m-1791119700,2026-10-04,True,PRE_A,120,UP,False,True,False,0,False,1.430761390477127,,,5.734869925600288,0.0,10.0
HISTORICAL_PRE_V2,btc-updown-15m-1791119700,2026-10-04,True,PRE_A,60,UP,False,True,False,0,False,2.6260133983493983,,,6.0455978292270425,0.0,10.0
HISTORICAL_PRE_V2,btc-updown-15m-1791120600,2026-10-04,True,PRE_A,300,UP,False,False,,,,0.5658414800634219,,,5.034966186777348,2.0,26.0
HISTORICAL_PRE_V2,btc-updown-15m-1791120600,2026-10-04,True,PRE_A,180,UP,False,False,,,,0.25836846752045767,,,0.500239982318643,2.0,26.0
HISTORICAL_PRE_V2,btc-updown-15m-1791120600,2026-10-04,True,PRE_A,120,DOWN,True,False,,,,0.5662538838915679,,,1.8173339933174315,2.0,26.0
HISTORICAL_PRE_V2,btc-updown-15m-1791121500,2026-10-04,True,PRE_A,300,UP,False,True,False,0,False,0.6089840186391614,,,3.952531184571912,1.0,18.0
HISTORICAL_PRE_V2,btc-updown-15m-1791121500,2026-10-04,True,PRE_A,180,UP,False,True,False,0,False,0.5244270223721643,,,2.527686965719786,1.0,18.0
HISTORICAL_PRE_V2,btc-updown-15m-1791121500,2026-10-04,True,PRE_A,120,UP,False,True,False,0,False,0.5150870092165717,,,2.3614082194376405,1.0,18.0
HISTORICAL_PRE_V2,btc-updown-15m-1791121500,2026-10-04,True,PRE_A,60,UP,False,True,False,0,False,0.42972696633529384,,,1.4360403787372944,1.0,18.0
HISTORICAL_PRE_V2,btc-updown-15m-1791122400,2026-10-04,True,PRE_A,300,DOWN,False,False,,,,0.4956334045034793,,,3.116301222226117,,
HISTORICAL_PRE_V2,btc-updown-15m-1791122400,2026-10-04,True,PRE_A,180,DOWN,False,False,,,,1.9628684105201368,,,7.920981001858982,,
HISTORICAL_PRE_V2,btc-updown-15m-1791122400,2026-10-04,True,PRE_A,120,DOWN,False,False,,,,1.5490728288710014,,,7.287391220046181,,
HISTORICAL_PRE_V2,btc-updown-15m-1791123300,2026-10-04,True,PRE_A,300,DOWN,False,True,False,0,False,0.8511741021491669,,,5.299312786949666,1.0,23.0
HISTORICAL_PRE_V2,btc-updown-15m-1791123300,2026-10-04,True,PRE_A,180,DOWN,False,True,False,0,False,1.0231015910465486,,,4.194016987430173,1.0,23.0
HISTORICAL_PRE_V2,btc-updown-15m-1791123300,2026-10-04,True,PRE_A,120,DOWN,False,True,False,0,False,0.5718372002596618,,,3.47774226975761,1.0,23.0
HISTORICAL_PRE_V2,btc-updown-15m-1791123300,2026-10-04,True,PRE_A,60,DOWN,False,True,False,0,False,1.0379282972657375,,,2.214920006384319,1.0,23.0
HISTORICAL_PRE_V2,btc-updown-15m-1791124200,2026-10-04,True,PRE_A,300,DOWN,False,True,False,0,False,0.9027800089114114,,,5.520885319164177,4.0,14.0
HISTORICAL_PRE_V2,btc-updown-15m-1791124200,2026-10-04,True,PRE_A,180,DOWN,False,True,False,0,False,1.3024247796489095,,,6.171371433536605,4.0,14.0
HISTORICAL_PRE_V2,btc-updown-15m-1791124200,2026-10-04,True,PRE_A,120,DOWN,False,True,False,0,False,1.6058966031964426,,,6.262047467073822,4.0,14.0
HISTORICAL_PRE_V2,btc-updown-15m-1791124200,2026-10-04,True,PRE_A,60,DOWN,False,True,False,0,False,2.288714462023301,,,6.3505538443983935,4.0,14.0
HISTORICAL_PRE_V2,btc-updown-15m-1791125100,2026-10-04,True,PRE_A,300,UP,False,True,False,0,False,1.8761325193921965,,,11.218258590498715,1.0,8.0
HISTORICAL_PRE_V2,btc-updown-15m-1791125100,2026-10-04,True,PRE_A,180,UP,False,True,False,0,False,2.7731079676753336,,,13.140804304522927,1.0,8.0
HISTORICAL_PRE_V2,btc-updown-15m-1791125100,2026-10-04,True,PRE_A,120,UP,False,True,False,0,False,4.322847927395135,,,14.604625203997875,1.0,8.0
HISTORICAL_PRE_V2,btc-updown-15m-1791125100,2026-10-04,True,PRE_A,60,UP,False,True,False,0,False,5.65097067421325,,,17.14357663247403,1.0,8.0
HISTORICAL_PRE_V2,btc-updown-15m-1791126000,2026-10-04,True,PRE_A,300,DOWN,True,False,,,,0.458877758652194,,,3.7065037056103654,,
HISTORICAL_PRE_V2,btc-updown-15m-1791126000,2026-10-04,True,PRE_A,120,UP,False,False,,,,0.5829447848061687,,,2.4034922648094095,,
HISTORICAL_PRE_V2,btc-updown-15m-1791126000,2026-10-04,True,PRE_A,60,UP,False,False,,,,1.9782886973571423,,,3.52695059555881,,
HISTORICAL_PRE_V2,btc-updown-15m-1791127800,2026-10-04,True,PRE_A,300,DOWN,True,False,,,,0.42736182194723127,,,3.116592931941867,1.0,20.0
HISTORICAL_PRE_V2,btc-updown-15m-1791127800,2026-10-04,True,PRE_A,120,UP,False,False,,,,0.5014994358306714,,,1.219850585444892,1.0,20.0
HISTORICAL_PRE_V2,btc-updown-15m-1791127800,2026-10-04,True,PRE_A,60,UP,False,False,,,,0.48587163580406695,,,1.7584503072947555,1.0,20.0
HISTORICAL_PRE_V2,btc-updown-15m-1791128700,2026-10-04,True,PRE_A,300,DOWN,False,True,False,0,False,0.23150007110180845,,,0.0037391499492043603,2.0,23.0
HISTORICAL_PRE_V2,btc-updown-15m-1791128700,2026-10-04,True,PRE_A,180,DOWN,False,True,False,0,False,0.4211472307790474,,,2.0643778768981838,2.0,23.0
HISTORICAL_PRE_V2,btc-updown-15m-1791128700,2026-10-04,True,PRE_A,120,DOWN,False,True,False,0,False,0.6018740520585488,,,2.1858335454316498,2.0,23.0
HISTORICAL_PRE_V2,btc-updown-15m-1791128700,2026-10-04,True,PRE_A,60,DOWN,False,True,False,0,False,1.5446274342836526,,,3.301131309333636,2.0,23.0
HISTORICAL_PRE_V2,btc-updown-15m-1791129600,2026-10-04,True,PRE_A,300,DOWN,False,False,,,,0.5392517986218943,,,5.841339291405615,0.0,22.0
HISTORICAL_PRE_V2,btc-updown-15m-1791129600,2026-10-04,True,PRE_A,180,DOWN,False,False,,,,0.5016361827633734,,,2.5191870344901353,0.0,22.0
HISTORICAL_PRE_V2,btc-updown-15m-1791129600,2026-10-04,True,PRE_A,120,DOWN,False,False,,,,0.64075154575218,,,2.4127005504969152,0.0,22.0
HISTORICAL_PRE_V2,btc-updown-15m-1791129600,2026-10-04,True,PRE_A,60,DOWN,False,False,,,,0.9178643674900309,,,2.5028316710883125,0.0,22.0
HISTORICAL_PRE_V2,btc-updown-15m-1791130500,2026-10-04,True,PRE_A,300,DOWN,False,False,,,,0.7856901059521149,,,4.920118057500625,,
HISTORICAL_PRE_V2,btc-updown-15m-1791130500,2026-10-04,True,PRE_A,180,DOWN,False,False,,,,1.3189749804696964,,,6.100021391850042,,
HISTORICAL_PRE_V2,btc-updown-15m-1791130500,2026-10-04,True,PRE_A,120,DOWN,False,False,,,,1.523861334440173,,,6.185637788270746,,
HISTORICAL_PRE_V2,btc-updown-15m-1791130500,2026-10-04,True,PRE_A,60,DOWN,False,False,,,,1.3362678300351762,,,4.662982951438721,,
HISTORICAL_PRE_V2,btc-updown-15m-1791131400,2026-10-04,True,PRE_A,300,UP,False,True,False,0,False,1.4613725000423123,,,9.165409013240035,0.0,2.0
HISTORICAL_PRE_V2,btc-updown-15m-1791131400,2026-10-04,True,PRE_A,180,UP,False,True,False,0,False,2.1323117989483755,,,10.159523962526157,0.0,2.0
HISTORICAL_PRE_V2,btc-updown-15m-1791131400,2026-10-04,True,PRE_A,120,UP,False,True,False,0,False,2.747005845724526,,,10.19247136384637,0.0,2.0
HISTORICAL_PRE_V2,btc-updown-15m-1791131400,2026-10-04,True,PRE_A,60,UP,False,True,False,0,False,4.182238363436604,,,11.131750914960376,0.0,2.0
HISTORICAL_PRE_V2,btc-updown-15m-1791132300,2026-10-04,True,PRE_A,300,UP,False,False,,,,0.4342486041731754,,,3.315310144700541,1.0,19.0
HISTORICAL_PRE_V2,btc-updown-15m-1791132300,2026-10-04,True,PRE_A,180,UP,False,True,False,0,False,0.8137003846293901,,,3.4012678789558155,1.0,19.0
HISTORICAL_PRE_V2,btc-updown-15m-1791132300,2026-10-04,True,PRE_A,120,UP,False,True,False,0,False,0.9804767900999524,,,3.7105459303970427,1.0,19.0
HISTORICAL_PRE_V2,btc-updown-15m-1791132300,2026-10-04,True,PRE_A,60,UP,False,True,False,0,False,1.2902359366947207,,,3.769439355671991,1.0,19.0
HISTORICAL_PRE_V2,btc-updown-15m-1791133200,2026-10-04,True,PRE_A,300,DOWN,False,True,False,0,False,0.6146699387806086,,,2.5735452136602452,4.0,13.0
HISTORICAL_PRE_V2,btc-updown-15m-1791133200,2026-10-04,True,PRE_A,180,DOWN,False,True,False,0,False,0.9854551659190564,,,4.155435528098051,4.0,13.0
HISTORICAL_PRE_V2,btc-updown-15m-1791133200,2026-10-04,True,PRE_A,120,DOWN,False,True,False,0,False,1.6690684308786914,,,6.227664720422894,4.0,13.0
HISTORICAL_PRE_V2,btc-updown-15m-1791133200,2026-10-04,True,PRE_A,60,DOWN,False,True,False,0,False,2.2285374047648943,,,6.340811306099758,4.0,13.0
HISTORICAL_PRE_V2,btc-updown-15m-1791134100,2026-10-04,True,PRE_A,300,UP,False,False,,,,0.48289359385323216,,,2.9545580780730196,,
HISTORICAL_PRE_V2,btc-updown-15m-1791134100,2026-10-04,True,PRE_A,180,UP,False,False,,,,1.6903062243218487,,,5.902799514254107,,
HISTORICAL_PRE_V2,btc-updown-15m-1791134100,2026-10-04,True,PRE_A,120,UP,False,False,,,,2.1287812447488847,,,8.25968289679607,,
HISTORICAL_PRE_V2,btc-updown-15m-1791134100,2026-10-04,True,PRE_A,60,UP,False,False,,,,2.6099574268508445,,,7.567756403037005,,
HISTORICAL_PRE_V2,btc-updown-15m-1791135000,2026-10-04,True,PRE_A,300,DOWN,True,False,,,,0.8455586303113557,,,4.740269499582582,2.0,12.0
HISTORICAL_PRE_V2,btc-updown-15m-1791135000,2026-10-04,True,PRE_A,180,DOWN,True,False,,,,1.0108854014807942,,,4.829753890018427,2.0,12.0
HISTORICAL_PRE_V2,btc-updown-15m-1791135000,2026-10-04,True,PRE_A,120,DOWN,True,False,,,,1.2892691723814174,,,5.015872846272927,2.0,12.0
HISTORICAL_PRE_V2,btc-updown-15m-1791135000,2026-10-04,True,PRE_A,60,DOWN,True,False,,,,0.7009939441088144,,,3.467259740297146,2.0,12.0
HISTORICAL_PRE_V2,btc-updown-15m-1791135900,2026-10-04,True,PRE_A,300,DOWN,False,True,False,0,False,1.076848027649159,,,7.143330983671362,1.0,21.0
HISTORICAL_PRE_V2,btc-updown-15m-1791135900,2026-10-04,True,PRE_A,180,DOWN,False,True,False,0,False,1.2563700554636634,,,6.3918825157032275,1.0,21.0
HISTORICAL_PRE_V2,btc-updown-15m-1791135900,2026-10-04,True,PRE_A,120,DOWN,False,True,False,0,False,2.324878616566276,,,7.260027442275463,1.0,21.0
HISTORICAL_PRE_V2,btc-updown-15m-1791135900,2026-10-04,True,PRE_A,60,DOWN,False,True,False,0,False,3.272085712388186,,,8.878132620697468,1.0,21.0
HISTORICAL_PRE_V2,btc-updown-15m-1791136800,2026-10-04,True,PRE_A,300,DOWN,False,False,,,,0.14051628475434227,,,0.2913103959725407,2.0,11.0
HISTORICAL_PRE_V2,btc-updown-15m-1791136800,2026-10-04,True,PRE_A,180,DOWN,False,False,,,,0.04592118569125004,,,0.12034027067281175,2.0,11.0
HISTORICAL_PRE_V2,btc-updown-15m-1791136800,2026-10-04,True,PRE_A,60,DOWN,False,False,,,,0.04488030621007971,,,0.15138737935997618,2.0,11.0
HISTORICAL_PRE_V2,btc-updown-15m-1791137700,2026-10-04,True,PRE_A,300,UP,False,False,,,,0.07419423767654851,,,0.33999701695203216,4.0,8.0
HISTORICAL_PRE_V2,btc-updown-15m-1791137700,2026-10-04,True,PRE_A,60,UP,False,False,,,,0.21121778360874108,,,0.562663692537916,4.0,8.0
HISTORICAL_PRE_V2,btc-updown-15m-1791138600,2026-10-04,True,PRE_A,180,UP,False,True,False,0,False,0.15858049101415866,,,0.8026892319124566,4.0,10.0
HISTORICAL_PRE_V2,btc-updown-15m-1791138600,2026-10-04,True,PRE_A,120,UP,False,True,False,0,False,0.3526957780465504,,,0.9907623908425478,4.0,10.0
HISTORICAL_PRE_V2,btc-updown-15m-1791138600,2026-10-04,True,PRE_A,60,UP,False,True,False,0,False,0.5770040131886536,,,1.566216893320074,4.0,10.0
HISTORICAL_PRE_V2,btc-updown-15m-1791140400,2026-10-04,True,PRE_A,300,UP,False,True,False,0,False,0.8630097100821581,,,4.876188042846431,3.0,4.0
HISTORICAL_PRE_V2,btc-updown-15m-1791140400,2026-10-04,True,PRE_A,180,UP,False,True,False,0,False,1.1013862506416952,,,5.268443020184692,3.0,4.0
HISTORICAL_PRE_V2,btc-updown-15m-1791140400,2026-10-04,True,PRE_A,120,UP,False,True,False,0,False,1.3511327878862227,,,5.2690244958978205,3.0,4.0
HISTORICAL_PRE_V2,btc-updown-15m-1791140400,2026-10-04,True,PRE_A,60,UP,False,True,False,0,False,1.8809961525683794,,,5.26855772596535,3.0,4.0
HISTORICAL_PRE_V2,btc-updown-15m-1791141300,2026-10-04,True,PRE_A,300,UP,False,False,,,,0.25019923166966485,,,0.4778127469484209,0.0,6.0
HISTORICAL_PRE_V2,btc-updown-15m-1791141300,2026-10-04,True,PRE_A,180,UP,False,True,False,0,False,0.517350025058331,,,2.955579884209089,0.0,6.0
HISTORICAL_PRE_V2,btc-updown-15m-1791141300,2026-10-04,True,PRE_A,120,UP,False,True,False,0,False,2.130435774647148,,,4.841038832857202,0.0,6.0
HISTORICAL_PRE_V2,btc-updown-15m-1791141300,2026-10-04,True,PRE_A,60,UP,False,True,False,0,False,3.1666978882389882,,,9.480756151195703,0.0,6.0
HISTORICAL_PRE_V2,btc-updown-15m-1791142200,2026-10-04,True,PRE_A,300,UP,True,False,,,,0.37885529070201457,,,3.5099677285354582,0.0,0.0
HISTORICAL_PRE_V2,btc-updown-15m-1791143100,2026-10-04,True,PRE_A,300,DOWN,False,False,,,,0.07314114724483753,,,0.33011355771534784,5.0,12.0
HISTORICAL_PRE_V2,btc-updown-15m-1791143100,2026-10-04,True,PRE_A,180,DOWN,False,False,,,,0.06957013818493675,,,0.15365990243851385,5.0,12.0
HISTORICAL_PRE_V2,btc-updown-15m-1791143100,2026-10-04,True,PRE_A,120,DOWN,False,False,,,,0.09428430138973198,,,0.2888445670819523,5.0,12.0
HISTORICAL_PRE_V2,btc-updown-15m-1791144000,2026-10-04,True,PRE_A,300,DOWN,True,False,,,,0.606758754220791,,,3.792447388275533,2.0,23.0
HISTORICAL_PRE_V2,btc-updown-15m-1791144000,2026-10-04,True,PRE_A,180,DOWN,True,False,,,,0.7435638553015025,,,3.1802259598502816,2.0,23.0
HISTORICAL_PRE_V2,btc-updown-15m-1791144000,2026-10-04,True,PRE_A,120,DOWN,True,False,,,,0.4974004216594188,,,3.3045199708139066,2.0,23.0
HISTORICAL_PRE_V2,btc-updown-15m-1791144000,2026-10-04,True,PRE_A,60,DOWN,True,False,,,,0.6304833181973926,,,1.3470789580068216,2.0,23.0
HISTORICAL_PRE_V2,btc-updown-15m-1791145800,2026-10-04,True,PRE_A,300,UP,False,False,,,,2.4998135959086087,,,14.362742234298338,0.0,0.0
HISTORICAL_PRE_V2,btc-updown-15m-1791145800,2026-10-04,True,PRE_A,180,UP,False,False,,,,3.838691249776559,,,16.94381489199489,0.0,0.0
HISTORICAL_PRE_V2,btc-updown-15m-1791145800,2026-10-04,True,PRE_A,120,UP,False,False,,,,5.802614317460525,,,20.930576220173887,0.0,0.0
HISTORICAL_PRE_V2,btc-updown-15m-1791146700,2026-10-04,True,PRE_A,300,UP,False,False,,,,0.9565514357605382,,,4.242869541206374,1.0,38.0
HISTORICAL_PRE_V2,btc-updown-15m-1791146700,2026-10-04,True,PRE_A,180,UP,False,True,False,0,False,2.2679813520990395,,,10.63471442760248,1.0,38.0
HISTORICAL_PRE_V2,btc-updown-15m-1791146700,2026-10-04,True,PRE_A,120,UP,False,True,False,0,False,1.8077669215483512,,,8.527347516292314,1.0,38.0
HISTORICAL_PRE_V2,btc-updown-15m-1791146700,2026-10-04,True,PRE_A,60,UP,False,True,False,0,False,2.862488640257686,,,7.123295352417902,1.0,38.0
HISTORICAL_PRE_V2,btc-updown-15m-1791147600,2026-10-04,True,PRE_A,300,UP,False,True,False,0,False,1.0088613297268219,,,6.621363396209061,2.0,29.0
HISTORICAL_PRE_V2,btc-updown-15m-1791147600,2026-10-04,True,PRE_A,180,UP,False,True,False,0,False,5.589615739883468,,,21.86763991310231,2.0,29.0
HISTORICAL_PRE_V2,btc-updown-15m-1791147600,2026-10-04,True,PRE_A,120,UP,False,True,False,0,False,5.572939502650793,,,23.627837783743367,2.0,29.0
HISTORICAL_PRE_V2,btc-updown-15m-1791147600,2026-10-04,True,PRE_A,60,UP,False,True,False,0,False,6.77880794272292,,,21.34703595509897,2.0,29.0
HISTORICAL_PRE_V2,btc-updown-15m-1791148500,2026-10-04,True,PRE_A,300,DOWN,False,False,,,,2.879341171184637,,,24.064918070518175,2.0,31.0
HISTORICAL_PRE_V2,btc-updown-15m-1791148500,2026-10-04,True,PRE_A,180,DOWN,False,True,False,0,False,3.7824827418300515,,,16.68175333899377,2.0,31.0
HISTORICAL_PRE_V2,btc-updown-15m-1791148500,2026-10-04,True,PRE_A,120,DOWN,False,True,False,0,False,5.340176922802006,,,19.655900134717484,2.0,31.0
HISTORICAL_PRE_V2,btc-updown-15m-1791148500,2026-10-04,True,PRE_A,60,DOWN,False,True,False,0,False,7.552301942336474,,,21.163552564991363,2.0,31.0
HISTORICAL_PRE_V2,btc-updown-15m-1791149400,2026-10-04,True,PRE_A,300,UP,False,False,,,,2.7109558520589876,,,17.67487680236828,,
HISTORICAL_PRE_V2,btc-updown-15m-1791149400,2026-10-04,True,PRE_A,180,UP,False,False,,,,3.817998111111671,,,18.209241977212994,,
HISTORICAL_PRE_V2,btc-updown-15m-1791149400,2026-10-04,True,PRE_A,120,UP,False,False,,,,4.295943063671573,,,17.023099298561586,,
HISTORICAL_PRE_V2,btc-updown-15m-1791150300,2026-10-04,True,PRE_A,300,DOWN,False,True,False,0,False,1.8062008319679275,,,6.203552380928164,1.0,51.0
HISTORICAL_PRE_V2,btc-updown-15m-1791150300,2026-10-04,True,PRE_A,180,DOWN,False,True,False,0,False,1.1536596241425006,,,6.116241615306566,1.0,51.0
HISTORICAL_PRE_V2,btc-updown-15m-1791150300,2026-10-04,True,PRE_A,120,DOWN,False,True,False,0,False,3.5642791367550477,,,7.919835304503733,1.0,51.0
HISTORICAL_PRE_V2,btc-updown-15m-1791150300,2026-10-04,True,PRE_A,60,DOWN,False,True,False,0,False,5.94931028037723,,,16.249670567447314,1.0,51.0
HISTORICAL_PRE_V2,btc-updown-15m-1791151200,2026-10-04,True,PRE_A,180,UP,False,False,,,,9.925763681597454,,,45.54472435057654,0.0,6.0
HISTORICAL_PRE_V2,btc-updown-15m-1791151200,2026-10-04,True,PRE_A,120,UP,False,False,,,,11.8966912353987,,,47.728599257053396,0.0,6.0
HISTORICAL_PRE_V2,btc-updown-15m-1791151200,2026-10-04,True,PRE_A,60,UP,False,True,False,0,False,19.629657890223665,,,51.6919853797731,0.0,6.0
HISTORICAL_PRE_V2,btc-updown-15m-1791153900,2026-10-04,True,PRE_A,300,UP,False,False,,,,0.5707543851090083,,,2.984589409783366,1.0,16.0
HISTORICAL_PRE_V2,btc-updown-15m-1791153900,2026-10-04,True,PRE_A,180,UP,False,False,,,,1.2882725491584541,,,5.632473131778673,1.0,16.0
HISTORICAL_PRE_V2,btc-updown-15m-1791153900,2026-10-04,True,PRE_A,120,UP,False,False,,,,0.046297106596232554,,,2.818006171323149,1.0,16.0
HISTORICAL_PRE_V2,btc-updown-15m-1791154800,2026-10-04,True,PRE_A,300,UP,False,True,False,0,False,1.6407796695833559,,,10.300494208238756,0.0,16.0
HISTORICAL_PRE_V2,btc-updown-15m-1791154800,2026-10-04,True,PRE_A,180,UP,False,True,False,0,False,3.059392751450598,,,12.249735578236868,0.0,16.0
HISTORICAL_PRE_V2,btc-updown-15m-1791154800,2026-10-04,True,PRE_A,120,UP,False,True,False,0,False,5.021582000426923,,,16.41964974026632,0.0,16.0
HISTORICAL_PRE_V2,btc-updown-15m-1791154800,2026-10-04,True,PRE_A,60,UP,False,True,False,0,False,7.765407665467652,,,19.852758955041022,0.0,16.0
HISTORICAL_PRE_V2,btc-updown-15m-1791155700,2026-10-04,True,PRE_A,120,UP,False,True,False,0,False,3.0378660085784266,,,9.595642612522775,0.0,6.0
HISTORICAL_PRE_V2,btc-updown-15m-1791155700,2026-10-04,True,PRE_A,60,UP,False,True,False,0,False,5.7236125194863465,,,20.620254476681282,0.0,6.0
HISTORICAL_PRE_V2,btc-updown-15m-1791156600,2026-10-04,True,PRE_A,300,DOWN,False,False,,,,4.621971103061131,,,30.00103107580524,0.0,34.0
HISTORICAL_PRE_V2,btc-updown-15m-1791156600,2026-10-04,True,PRE_A,180,DOWN,False,True,False,0,False,6.196456875788717,,,26.139238440060993,0.0,34.0
HISTORICAL_PRE_V2,btc-updown-15m-1791156600,2026-10-04,True,PRE_A,120,DOWN,False,True,False,0,False,7.181937730990844,,,29.952892255246795,0.0,34.0
HISTORICAL_PRE_V2,btc-updown-15m-1790985600,2026-10-03,True,PRE_A,300,DOWN,False,False,,,,1.2631554503158855,,,7.570713261368972,2.0,22.0
HISTORICAL_PRE_V2,btc-updown-15m-1790985600,2026-10-03,True,PRE_A,180,DOWN,False,False,,,,0.9237603207369468,,,3.3446197596939404,2.0,22.0
HISTORICAL_PRE_V2,btc-updown-15m-1790985600,2026-10-03,True,PRE_A,120,DOWN,False,False,,,,0.4629230799498498,,,2.445862338052455,2.0,22.0
HISTORICAL_PRE_V2,btc-updown-15m-1790986500,2026-10-03,True,PRE_A,300,UP,False,False,,,,0.5541528388909291,,,3.3893685345482627,0.0,16.0
HISTORICAL_PRE_V2,btc-updown-15m-1790986500,2026-10-03,True,PRE_A,180,UP,False,False,,,,0.698403356281336,,,2.888813798356093,0.0,16.0
HISTORICAL_PRE_V2,btc-updown-15m-1790986500,2026-10-03,True,PRE_A,60,UP,False,True,False,0,False,1.866737835284994,,,4.580839244110699,0.0,16.0
HISTORICAL_PRE_V2,btc-updown-15m-1790987400,2026-10-03,True,PRE_A,300,UP,False,True,False,0,False,1.1808081516203888,,,5.292915298215147,0.0,14.0
HISTORICAL_PRE_V2,btc-updown-15m-1790987400,2026-10-03,True,PRE_A,180,UP,False,True,False,0,False,1.0493248249722011,,,5.392342898240762,0.0,14.0
HISTORICAL_PRE_V2,btc-updown-15m-1790987400,2026-10-03,True,PRE_A,120,UP,False,True,False,0,False,1.615649777775401,,,5.725759493430771,0.0,14.0
HISTORICAL_PRE_V2,btc-updown-15m-1790987400,2026-10-03,True,PRE_A,60,UP,False,True,False,0,False,2.452128197980065,,,6.468083025308276,0.0,14.0
HISTORICAL_PRE_V2,btc-updown-15m-1790988300,2026-10-03,True,PRE_A,300,UP,False,True,False,0,False,0.977679770748967,,,6.091261608991537,0.0,6.0
HISTORICAL_PRE_V2,btc-updown-15m-1790988300,2026-10-03,True,PRE_A,180,UP,False,True,False,0,False,0.7627495395309926,,,3.779158279299909,0.0,6.0
HISTORICAL_PRE_V2,btc-updown-15m-1790988300,2026-10-03,True,PRE_A,120,UP,False,True,False,0,False,0.9237106934960518,,,3.6350910201603144,0.0,6.0
HISTORICAL_PRE_V2,btc-updown-15m-1790988300,2026-10-03,True,PRE_A,60,UP,False,True,False,0,False,1.365332330552142,,,3.67772982782599,0.0,6.0
HISTORICAL_PRE_V2,btc-updown-15m-1790990100,2026-10-03,True,PRE_A,300,DOWN,False,True,False,0,False,0.4936823005096443,,,2.346396511750927,1.0,7.0
HISTORICAL_PRE_V2,btc-updown-15m-1790990100,2026-10-03,True,PRE_A,180,DOWN,False,True,False,0,False,0.7016465367472557,,,3.3734089712472537,1.0,7.0
HISTORICAL_PRE_V2,btc-updown-15m-1790990100,2026-10-03,True,PRE_A,120,DOWN,False,True,False,0,False,0.9691110616422127,,,3.547627874935266,1.0,7.0
HISTORICAL_PRE_V2,btc-updown-15m-1790990100,2026-10-03,True,PRE_A,60,DOWN,False,True,False,0,False,1.338783310880265,,,3.6811805481379425,1.0,7.0
HISTORICAL_PRE_V2,btc-updown-15m-1790991000,2026-10-03,True,PRE_A,300,UP,False,False,,,,0.7176933158804958,,,2.6584695540001593,0.0,18.0
HISTORICAL_PRE_V2,btc-updown-15m-1790991000,2026-10-03,True,PRE_A,180,UP,False,False,,,,0.19030299394702385,,,3.0028303228422195,0.0,18.0
HISTORICAL_PRE_V2,btc-updown-15m-1790991000,2026-10-03,True,PRE_A,120,UP,False,False,,,,0.790052411047943,,,2.441258265835116,0.0,18.0
HISTORICAL_PRE_V2,btc-updown-15m-1790992800,2026-10-03,True,PRE_A,300,DOWN,False,False,,,,0.6541866443445862,,,4.094512963007573,1.0,3.0
HISTORICAL_PRE_V2,btc-updown-15m-1790992800,2026-10-03,True,PRE_A,180,DOWN,False,False,,,,0.9417101930702345,,,4.452717389516021,1.0,3.0
HISTORICAL_PRE_V2,btc-updown-15m-1790992800,2026-10-03,True,PRE_A,120,DOWN,False,False,,,,0.7366325072333961,,,3.552639988034102,1.0,3.0
HISTORICAL_PRE_V2,btc-updown-15m-1790992800,2026-10-03,True,PRE_A,60,DOWN,False,True,False,0,False,1.1477963154234392,,,2.9374218325337407,1.0,3.0
HISTORICAL_PRE_V2,btc-updown-15m-1790993700,2026-10-03,True,PRE_A,300,UP,False,False,,,,0.4654761312701253,,,3.959713896544915,0.0,4.0
HISTORICAL_PRE_V2,btc-updown-15m-1790993700,2026-10-03,True,PRE_A,180,UP,False,False,,,,,,,4.004400451954735,0.0,4.0
HISTORICAL_PRE_V2,btc-updown-15m-1790993700,2026-10-03,True,PRE_A,120,UP,False,False,,,,,,,4.717461130456924,0.0,4.0
HISTORICAL_PRE_V2,btc-updown-15m-1790993700,2026-10-03,True,PRE_A,60,UP,False,False,,,,1.6666563769946239,,,4.708598554299284,0.0,4.0
HISTORICAL_PRE_V2,btc-updown-15m-1790994600,2026-10-03,True,PRE_A,300,UP,False,False,,,,0.15517200293473257,,,0.7860837195219014,1.0,2.0
HISTORICAL_PRE_V2,btc-updown-15m-1790994600,2026-10-03,True,PRE_A,180,UP,False,False,,,,0.27735193289685306,,,1.0401461935232594,1.0,2.0
HISTORICAL_PRE_V2,btc-updown-15m-1790996400,2026-10-03,True,PRE_A,300,DOWN,False,False,,,,0.5232690004312975,,,3.107679232801747,1.0,47.0
HISTORICAL_PRE_V2,btc-updown-15m-1790996400,2026-10-03,True,PRE_A,180,DOWN,False,True,False,0,False,1.5647062294873713,,,5.7197648042408575,1.0,47.0
HISTORICAL_PRE_V2,btc-updown-15m-1790996400,2026-10-03,True,PRE_A,120,DOWN,False,True,False,0,False,2.2335114455753,,,7.63451414205654,1.0,47.0
HISTORICAL_PRE_V2,btc-updown-15m-1790996400,2026-10-03,True,PRE_A,60,DOWN,False,True,False,0,False,2.712188647450752,,,7.8752332734592905,1.0,47.0
HISTORICAL_PRE_V2,btc-updown-15m-1790997300,2026-10-03,True,PRE_A,300,UP,False,True,False,0,False,0.9073328346617597,,,4.227989126830031,1.0,14.0
HISTORICAL_PRE_V2,btc-updown-15m-1790997300,2026-10-03,True,PRE_A,180,UP,False,True,False,0,False,1.6380533833847646,,,6.373306957718931,1.0,14.0
HISTORICAL_PRE_V2,btc-updown-15m-1790997300,2026-10-03,True,PRE_A,120,UP,False,True,False,0,False,1.7403379622281738,,,7.441496387313121,1.0,14.0
HISTORICAL_PRE_V2,btc-updown-15m-1790997300,2026-10-03,True,PRE_A,60,UP,False,True,False,0,False,2.4201473643534026,,,6.763022033492443,1.0,14.0
HISTORICAL_PRE_V2,btc-updown-15m-1790998200,2026-10-03,True,PRE_A,300,UP,False,True,False,0,False,0.6039872222972021,,,3.3297117667615943,0.0,0.0
HISTORICAL_PRE_V2,btc-updown-15m-1790998200,2026-10-03,True,PRE_A,180,UP,False,True,False,0,False,0.7854049649246756,,,3.751345393209125,0.0,0.0
HISTORICAL_PRE_V2,btc-updown-15m-1790998200,2026-10-03,True,PRE_A,120,UP,False,True,False,0,False,1.4638877666541712,,,4.970426447670791,0.0,0.0
HISTORICAL_PRE_V2,btc-updown-15m-1790998200,2026-10-03,True,PRE_A,60,UP,False,True,False,0,False,2.395557454644787,,,6.52847726791517,0.0,0.0
HISTORICAL_PRE_V2,btc-updown-15m-1790999100,2026-10-03,True,PRE_A,300,UP,False,True,False,0,False,0.2544992306991448,,,1.569281267494906,0.0,2.0
HISTORICAL_PRE_V2,btc-updown-15m-1790999100,2026-10-03,True,PRE_A,180,UP,False,True,False,0,False,0.49405275136935217,,,2.2382080954861125,0.0,2.0
HISTORICAL_PRE_V2,btc-updown-15m-1790999100,2026-10-03,True,PRE_A,120,UP,False,True,False,0,False,1.336292380228172,,,4.36342820382406,0.0,2.0
HISTORICAL_PRE_V2,btc-updown-15m-1790999100,2026-10-03,True,PRE_A,60,UP,False,True,False,0,False,1.9390873406310434,,,5.325316148909939,0.0,2.0
HISTORICAL_PRE_V2,btc-updown-15m-1791000000,2026-10-03,True,PRE_A,300,DOWN,False,True,False,0,False,0.5946860046186521,,,3.080154430424241,1.0,7.0
HISTORICAL_PRE_V2,btc-updown-15m-1791000000,2026-10-03,True,PRE_A,180,DOWN,False,True,False,0,False,0.7622510485905728,,,3.6312716713361977,1.0,7.0
HISTORICAL_PRE_V2,btc-updown-15m-1791000000,2026-10-03,True,PRE_A,120,DOWN,False,True,False,0,False,1.0024215784306383,,,3.64680488946792,1.0,7.0
HISTORICAL_PRE_V2,btc-updown-15m-1791000000,2026-10-03,True,PRE_A,60,DOWN,False,True,False,0,False,1.45008594846019,,,3.9709880996569806,1.0,7.0
HISTORICAL_PRE_V2,btc-updown-15m-1791000900,2026-10-03,True,PRE_A,300,DOWN,False,True,False,0,False,1.3746473388177822,,,8.59274201609025,0.0,5.0
HISTORICAL_PRE_V2,btc-updown-15m-1791000900,2026-10-03,True,PRE_A,180,DOWN,False,True,False,0,False,2.1427560089313746,,,10.200184772198094,0.0,5.0
HISTORICAL_PRE_V2,btc-updown-15m-1791000900,2026-10-03,True,PRE_A,120,DOWN,False,True,False,0,False,3.4422900880554645,,,11.549720384106244,0.0,5.0
HISTORICAL_PRE_V2,btc-updown-15m-1791000900,2026-10-03,True,PRE_A,60,DOWN,False,True,False,0,False,4.8990439828933905,,,13.863555170807642,0.0,5.0
HISTORICAL_PRE_V2,btc-updown-15m-1791001800,2026-10-03,True,PRE_A,300,UP,False,False,,,,0.4618676801068017,,,1.853322010562872,3.0,12.0
HISTORICAL_PRE_V2,btc-updown-15m-1791001800,2026-10-03,True,PRE_A,180,UP,False,False,,,,0.35960208209636757,,,1.9602457101737842,3.0,12.0
HISTORICAL_PRE_V2,btc-updown-15m-1791001800,2026-10-03,True,PRE_A,120,UP,False,True,True,2,True,0.1747825172262344,,,0.45210385859405544,3.0,12.0
HISTORICAL_PRE_V2,btc-updown-15m-1791001800,2026-10-03,True,PRE_A,60,UP,False,True,False,0,False,0.4364593892497316,,,0.717377277394813,3.0,12.0
HISTORICAL_PRE_V2,btc-updown-15m-1791002700,2026-10-03,True,PRE_A,300,UP,False,True,False,0,False,0.6986994545865938,,,4.287434418069209,0.0,8.0
HISTORICAL_PRE_V2,btc-updown-15m-1791002700,2026-10-03,True,PRE_A,180,UP,False,True,False,0,False,0.9019364902048373,,,4.335029632033197,0.0,8.0
HISTORICAL_PRE_V2,btc-updown-15m-1791002700,2026-10-03,True,PRE_A,120,UP,False,True,False,0,False,0.8678606053205171,,,4.393533721901431,0.0,8.0
HISTORICAL_PRE_V2,btc-updown-15m-1791002700,2026-10-03,True,PRE_A,60,UP,False,True,False,0,False,1.3655273150961091,,,3.4775859931617883,0.0,8.0
HISTORICAL_PRE_V2,btc-updown-15m-1791003600,2026-10-03,True,PRE_A,300,DOWN,False,True,False,0,False,0.09459504911064923,,,1.303706101732769,0.0,12.0
HISTORICAL_PRE_V2,btc-updown-15m-1791003600,2026-10-03,True,PRE_A,180,DOWN,False,True,False,0,False,0.28084710551063774,,,1.3497806719804473,0.0,12.0
HISTORICAL_PRE_V2,btc-updown-15m-1791003600,2026-10-03,True,PRE_A,120,DOWN,False,True,False,0,False,0.34429709642323725,,,1.3665352489801252,0.0,12.0
HISTORICAL_PRE_V2,btc-updown-15m-1791003600,2026-10-03,True,PRE_A,60,DOWN,False,True,False,0,False,0.48715703618202305,,,1.359792326838582,0.0,12.0
HISTORICAL_PRE_V2,btc-updown-15m-1791004500,2026-10-03,True,PRE_A,300,UP,False,True,False,0,False,0.8023413715394241,,,4.967447218738093,1.0,0.0
HISTORICAL_PRE_V2,btc-updown-15m-1791004500,2026-10-03,True,PRE_A,180,UP,False,True,False,0,False,1.2423712633966169,,,5.237927169037037,1.0,0.0
HISTORICAL_PRE_V2,btc-updown-15m-1791004500,2026-10-03,True,PRE_A,120,UP,False,True,False,0,False,1.5369071999505186,,,5.816133401280993,1.0,0.0
HISTORICAL_PRE_V2,btc-updown-15m-1791004500,2026-10-03,True,PRE_A,60,UP,False,True,False,0,False,2.178547670460208,,,6.176006481236767,1.0,0.0
HISTORICAL_PRE_V2,btc-updown-15m-1791005400,2026-10-03,True,PRE_A,300,UP,False,True,False,0,False,0.31150419021849324,,,1.9859849668329759,0.0,0.0
HISTORICAL_PRE_V2,btc-updown-15m-1791005400,2026-10-03,True,PRE_A,180,UP,False,True,False,0,False,0.30085361346160555,,,1.5074264899028127,0.0,0.0
HISTORICAL_PRE_V2,btc-updown-15m-1791005400,2026-10-03,True,PRE_A,120,UP,False,True,False,0,False,0.3727164246090306,,,1.4350360937641542,0.0,0.0
HISTORICAL_PRE_V2,btc-updown-15m-1791005400,2026-10-03,True,PRE_A,60,UP,False,True,False,0,False,0.4756910049270306,,,1.4149587773100096,0.0,0.0
HISTORICAL_PRE_V2,btc-updown-15m-1791006300,2026-10-03,True,PRE_A,300,DOWN,True,False,,,,0.1433475749744759,,,1.0823871796304365,4.0,22.0
HISTORICAL_PRE_V2,btc-updown-15m-1791006300,2026-10-03,True,PRE_A,180,UP,False,False,,,,0.38893859649211776,,,1.9752315342195013,4.0,22.0
HISTORICAL_PRE_V2,btc-updown-15m-1791006300,2026-10-03,True,PRE_A,120,UP,False,False,,,,0.3699466428590312,,,1.8504267996594694,4.0,22.0
HISTORICAL_PRE_V2,btc-updown-15m-1791006300,2026-10-03,True,PRE_A,60,UP,False,True,False,0,False,0.18003893176315416,,,1.0971669553860657,4.0,22.0
HISTORICAL_PRE_V2,btc-updown-15m-1791008100,2026-10-03,True,PRE_A,300,UP,False,False,,,,0.2500350535671432,,,1.7710944278758294,0.0,4.0
HISTORICAL_PRE_V2,btc-updown-15m-1791008100,2026-10-03,True,PRE_A,120,UP,False,True,False,0,False,1.0044813791267726,,,3.9660877939325205,0.0,4.0
HISTORICAL_PRE_V2,btc-updown-15m-1791008100,2026-10-03,True,PRE_A,60,UP,False,True,False,0,False,0.7219010906220197,,,3.4208817860080285,0.0,4.0
HISTORICAL_PRE_V2,btc-updown-15m-1791009900,2026-10-03,True,PRE_A,300,DOWN,False,True,False,0,False,1.3448734637881439,,,7.759374146578816,1.0,15.0
HISTORICAL_PRE_V2,btc-updown-15m-1791009900,2026-10-03,True,PRE_A,180,DOWN,False,True,False,0,False,1.7995050684918867,,,8.23970970610348,1.0,15.0
HISTORICAL_PRE_V2,btc-updown-15m-1791009900,2026-10-03,True,PRE_A,120,DOWN,False,True,False,0,False,2.3035845450695054,,,9.25538078320156,1.0,15.0
HISTORICAL_PRE_V2,btc-updown-15m-1791009900,2026-10-03,True,PRE_A,60,DOWN,False,True,False,0,False,3.2577008442479336,,,9.133918863976797,1.0,15.0
HISTORICAL_PRE_V2,btc-updown-15m-1791010800,2026-10-03,True,PRE_A,300,UP,False,True,False,0,False,0.30688078007104624,,,2.0043273363552037,0.0,2.0
HISTORICAL_PRE_V2,btc-updown-15m-1791010800,2026-10-03,True,PRE_A,180,UP,False,True,False,0,False,0.4050890107676684,,,1.9029482303283265,0.0,2.0
HISTORICAL_PRE_V2,btc-updown-15m-1791010800,2026-10-03,True,PRE_A,120,UP,False,True,False,0,False,0.851991093433699,,,2.370427772796094,0.0,2.0
HISTORICAL_PRE_V2,btc-updown-15m-1791010800,2026-10-03,True,PRE_A,60,UP,False,True,False,0,False,1.6945809893414168,,,3.4207533690596086,0.0,2.0
HISTORICAL_PRE_V2,btc-updown-15m-1791011700,2026-10-03,True,PRE_A,300,DOWN,True,False,,,,0.22667800451599288,,,2.095342496718505,3.0,25.0
HISTORICAL_PRE_V2,btc-updown-15m-1791011700,2026-10-03,True,PRE_A,180,DOWN,True,False,,,,0.012248295023664847,,,0.007833985890278955,3.0,25.0
HISTORICAL_PRE_V2,btc-updown-15m-1791011700,2026-10-03,True,PRE_A,120,DOWN,True,False,,,,0.14053373117828036,,,0.012479832376019663,3.0,25.0
HISTORICAL_PRE_V2,btc-updown-15m-1791014400,2026-10-03,True,PRE_A,300,UP,False,True,False,0,False,0.9200703740119088,,,7.199502066868521,0.0,2.0
HISTORICAL_PRE_V2,btc-updown-15m-1791014400,2026-10-03,True,PRE_A,180,UP,False,True,False,0,False,1.4927955182194157,,,7.06964548463455,0.0,2.0
HISTORICAL_PRE_V2,btc-updown-15m-1791014400,2026-10-03,True,PRE_A,120,UP,False,True,False,0,False,1.9428787852209892,,,7.572041981180076,0.0,2.0
HISTORICAL_PRE_V2,btc-updown-15m-1791014400,2026-10-03,True,PRE_A,60,UP,False,True,False,0,False,2.752674715726551,,,7.650518679509935,0.0,2.0
HISTORICAL_PRE_V2,btc-updown-15m-1791015300,2026-10-03,True,PRE_A,300,DOWN,False,True,False,0,False,1.2327939390458234,,,7.594649844153357,0.0,7.0
HISTORICAL_PRE_V2,btc-updown-15m-1791015300,2026-10-03,True,PRE_A,180,DOWN,False,True,False,0,False,1.7688467410574211,,,8.396879342583041,0.0,7.0
HISTORICAL_PRE_V2,btc-updown-15m-1791015300,2026-10-03,True,PRE_A,120,DOWN,False,True,False,0,False,1.664023498475648,,,8.843055978225506,0.0,7.0
HISTORICAL_PRE_V2,btc-updown-15m-1791015300,2026-10-03,True,PRE_A,60,DOWN,False,True,False,0,False,2.0080390620826436,,,6.546466923000646,0.0,7.0
HISTORICAL_PRE_V2,btc-updown-15m-1791016200,2026-10-03,True,PRE_A,300,UP,False,False,,,,0.05138610676596268,,,0.34109717281916596,1.0,5.0
HISTORICAL_PRE_V2,btc-updown-15m-1791016200,2026-10-03,True,PRE_A,180,UP,False,False,,,,0.2017907091356697,,,0.44830336752402844,1.0,5.0
HISTORICAL_PRE_V2,btc-updown-15m-1791016200,2026-10-03,True,PRE_A,120,UP,False,False,,,,0.37518085161481773,,,1.145112239778304,1.0,5.0
HISTORICAL_PRE_V2,btc-updown-15m-1791017100,2026-10-03,True,PRE_A,300,UP,True,False,,,,0.2824840992707217,,,1.6956261822834846,1.0,9.0
HISTORICAL_PRE_V2,btc-updown-15m-1791017100,2026-10-03,True,PRE_A,180,UP,True,False,,,,0.40649048125001164,,,1.9816452722600157,1.0,9.0
HISTORICAL_PRE_V2,btc-updown-15m-1791017100,2026-10-03,True,PRE_A,120,UP,True,False,,,,0.5055746308236447,,,1.992802624184576,1.0,9.0
HISTORICAL_PRE_V2,btc-updown-15m-1791017100,2026-10-03,True,PRE_A,60,UP,True,False,,,,0.6965606680849016,,,1.9688024508984634,1.0,9.0
HISTORICAL_PRE_V2,btc-updown-15m-1791018000,2026-10-03,True,PRE_A,300,UP,False,True,False,0,False,0.6483357334961956,,,2.936744739759938,0.0,2.0
HISTORICAL_PRE_V2,btc-updown-15m-1791018000,2026-10-03,True,PRE_A,180,UP,False,True,False,0,False,0.9866671291312827,,,4.30663348707715,0.0,2.0
HISTORICAL_PRE_V2,btc-updown-15m-1791018000,2026-10-03,True,PRE_A,120,UP,False,True,False,0,False,1.2625193599365654,,,4.873547468154084,0.0,2.0
HISTORICAL_PRE_V2,btc-updown-15m-1791018000,2026-10-03,True,PRE_A,60,UP,False,True,False,0,False,0.9934747453639494,,,4.271761824851145,0.0,2.0
HISTORICAL_PRE_V2,btc-updown-15m-1791018900,2026-10-03,True,PRE_A,300,DOWN,False,True,False,0,False,0.7129392361734506,,,4.362493188545138,0.0,5.0
HISTORICAL_PRE_V2,btc-updown-15m-1791018900,2026-10-03,True,PRE_A,180,DOWN,False,True,False,0,False,0.9665021987604503,,,4.490528530673347,0.0,5.0
HISTORICAL_PRE_V2,btc-updown-15m-1791018900,2026-10-03,True,PRE_A,120,DOWN,False,True,False,0,False,1.1917471664761234,,,4.545277296736445,0.0,5.0
HISTORICAL_PRE_V2,btc-updown-15m-1791018900,2026-10-03,True,PRE_A,60,DOWN,False,True,False,0,False,1.65253856491676,,,4.696224592610199,0.0,5.0
HISTORICAL_PRE_V2,btc-updown-15m-1791019800,2026-10-03,True,PRE_A,300,DOWN,False,True,False,0,False,0.29485838547449683,,,1.8312989062973553,0.0,9.0
HISTORICAL_PRE_V2,btc-updown-15m-1791019800,2026-10-03,True,PRE_A,180,DOWN,False,True,False,0,False,0.3939927064063512,,,1.9177613629503552,0.0,9.0
HISTORICAL_PRE_V2,btc-updown-15m-1791019800,2026-10-03,True,PRE_A,120,DOWN,False,True,False,0,False,0.3914127108393381,,,1.5643200077066082,0.0,9.0
HISTORICAL_PRE_V2,btc-updown-15m-1791019800,2026-10-03,True,PRE_A,60,DOWN,False,True,False,0,False,0.6698468468721586,,,1.6434373419156498,0.0,9.0
HISTORICAL_PRE_V2,btc-updown-15m-1791021600,2026-10-03,True,PRE_A,300,DOWN,False,True,False,0,False,0.12793620400010886,,,0.8445661365168317,2.0,5.0
HISTORICAL_PRE_V2,btc-updown-15m-1791021600,2026-10-03,True,PRE_A,180,DOWN,False,True,False,0,False,0.1815920585389206,,,0.8380599072573783,2.0,5.0
HISTORICAL_PRE_V2,btc-updown-15m-1791021600,2026-10-03,True,PRE_A,120,DOWN,False,True,False,0,False,0.20811879151404447,,,0.8091247848546633,2.0,5.0
HISTORICAL_PRE_V2,btc-updown-15m-1791021600,2026-10-03,True,PRE_A,60,DOWN,False,True,False,0,False,0.30037669334628964,,,0.8128765493739333,2.0,5.0
HISTORICAL_PRE_V2,btc-updown-15m-1791023400,2026-10-03,True,PRE_A,300,DOWN,False,False,,,,0.13338199789468758,,,0.6101202926248879,2.0,8.0
HISTORICAL_PRE_V2,btc-updown-15m-1791023400,2026-10-03,True,PRE_A,180,DOWN,False,False,,,,0.09747258391251476,,,0.43474140893180435,2.0,8.0
HISTORICAL_PRE_V2,btc-updown-15m-1791023400,2026-10-03,True,PRE_A,120,DOWN,False,False,,,,0.24166389539081543,,,0.7125798616708596,2.0,8.0
HISTORICAL_PRE_V2,btc-updown-15m-1791023400,2026-10-03,True,PRE_A,60,DOWN,False,True,False,0,False,0.35819263964623005,,,0.7134786120118157,2.0,8.0
HISTORICAL_PRE_V2,btc-updown-15m-1791024300,2026-10-03,True,PRE_A,300,UP,False,True,False,0,False,0.5839598127254443,,,3.2923396541652914,0.0,4.0
HISTORICAL_PRE_V2,btc-updown-15m-1791024300,2026-10-03,True,PRE_A,180,UP,False,True,False,0,False,0.914535369366476,,,3.8394367404578085,0.0,4.0
HISTORICAL_PRE_V2,btc-updown-15m-1791024300,2026-10-03,True,PRE_A,120,UP,False,True,False,0,False,1.1172217885786104,,,4.369390625060879,0.0,4.0
HISTORICAL_PRE_V2,btc-updown-15m-1791024300,2026-10-03,True,PRE_A,60,UP,False,True,False,0,False,1.5720900736567303,,,4.430266940434327,0.0,4.0
HISTORICAL_PRE_V2,btc-updown-15m-1791026100,2026-10-03,True,PRE_A,300,UP,False,False,,,,0.08639526700762648,,,0.5696226002927994,0.0,6.0
HISTORICAL_PRE_V2,btc-updown-15m-1791027000,2026-10-03,True,PRE_A,300,UP,False,True,False,0,False,0.1956251296286754,,,1.2146332998563354,0.0,2.0
HISTORICAL_PRE_V2,btc-updown-15m-1791027000,2026-10-03,True,PRE_A,180,UP,False,True,False,0,False,0.28248564750047767,,,1.4108997957032672,0.0,2.0
HISTORICAL_PRE_V2,btc-updown-15m-1791027000,2026-10-03,True,PRE_A,120,UP,False,True,False,0,False,0.33861272938348186,,,1.347081029442745,0.0,2.0
HISTORICAL_PRE_V2,btc-updown-15m-1791027000,2026-10-03,True,PRE_A,60,UP,False,True,False,0,False,0.48771902010400714,,,1.347655455158378,0.0,2.0
HISTORICAL_PRE_V2,btc-updown-15m-1791027900,2026-10-03,True,PRE_A,300,UP,False,True,False,0,False,0.4977208044696463,,,3.2137327328601613,1.0,8.0
HISTORICAL_PRE_V2,btc-updown-15m-1791027900,2026-10-03,True,PRE_A,180,UP,False,True,False,0,False,0.5485767932264367,,,2.8861136603408712,1.0,8.0
HISTORICAL_PRE_V2,btc-updown-15m-1791027900,2026-10-03,True,PRE_A,120,UP,False,True,False,0,False,0.6130177330194587,,,2.446400219522811,1.0,8.0
HISTORICAL_PRE_V2,btc-updown-15m-1791027900,2026-10-03,True,PRE_A,60,UP,False,True,False,0,False,0.518200563143382,,,1.945475825224451,1.0,8.0
HISTORICAL_PRE_V2,btc-updown-15m-1791028800,2026-10-03,True,PRE_A,300,UP,False,True,False,0,False,0.20578174318099013,,,1.439766350203422,0.0,4.0
HISTORICAL_PRE_V2,btc-updown-15m-1791028800,2026-10-03,True,PRE_A,180,UP,False,True,False,0,False,0.525501740591356,,,2.1224000596122465,0.0,4.0
HISTORICAL_PRE_V2,btc-updown-15m-1791028800,2026-10-03,True,PRE_A,120,UP,False,True,False,0,False,0.7084369329998873,,,2.677807022694448,0.0,4.0
HISTORICAL_PRE_V2,btc-updown-15m-1791028800,2026-10-03,True,PRE_A,60,UP,False,True,False,0,False,1.0130666239866843,,,2.740661092634953,0.0,4.0
HISTORICAL_PRE_V2,btc-updown-15m-1791029700,2026-10-03,True,PRE_A,300,UP,False,True,False,0,False,3.098037121989216,,,20.488921967274386,0.0,16.0
HISTORICAL_PRE_V2,btc-updown-15m-1791029700,2026-10-03,True,PRE_A,180,UP,False,True,False,0,False,5.009280533986659,,,23.94901314927226,0.0,16.0
HISTORICAL_PRE_V2,btc-updown-15m-1791029700,2026-10-03,True,PRE_A,60,UP,False,True,False,0,False,7.178448596849967,,,19.545328801410356,0.0,16.0
HISTORICAL_PRE_V2,btc-updown-15m-1791030600,2026-10-03,True,PRE_A,300,UP,True,False,,,,0.584531549603681,,,3.850660725566153,2.0,25.0
HISTORICAL_PRE_V2,btc-updown-15m-1791030600,2026-10-03,True,PRE_A,180,DOWN,False,False,,,,0.625844750808522,,,0.7434265407355334,2.0,25.0
HISTORICAL_PRE_V2,btc-updown-15m-1791030600,2026-10-03,True,PRE_A,120,DOWN,False,False,,,,1.960097346105753,,,4.8345282854041525,2.0,25.0
HISTORICAL_PRE_V2,btc-updown-15m-1791030600,2026-10-03,True,PRE_A,60,DOWN,False,True,False,0,False,1.5319257333930916,,,5.719216638294596,2.0,25.0
HISTORICAL_PRE_V2,btc-updown-15m-1791031500,2026-10-03,True,PRE_A,300,UP,False,True,False,0,False,1.2992870245099317,,,6.450823835982527,1.0,6.0
HISTORICAL_PRE_V2,btc-updown-15m-1791031500,2026-10-03,True,PRE_A,180,UP,False,True,False,0,False,2.2858498331606434,,,9.796725765342055,1.0,6.0
HISTORICAL_PRE_V2,btc-updown-15m-1791031500,2026-10-03,True,PRE_A,120,UP,False,True,False,0,False,2.822857650701889,,,11.622813553230353,1.0,6.0
HISTORICAL_PRE_V2,btc-updown-15m-1791031500,2026-10-03,True,PRE_A,60,UP,False,True,False,0,False,3.3619107645342896,,,10.773281097902823,1.0,6.0
HISTORICAL_PRE_V2,btc-updown-15m-1791032400,2026-10-03,True,PRE_A,300,DOWN,False,True,False,0,False,1.1918023207128265,,,7.324549550612095,0.0,14.0
HISTORICAL_PRE_V2,btc-updown-15m-1791032400,2026-10-03,True,PRE_A,180,DOWN,False,True,False,0,False,0.594966734153217,,,2.270059665372174,0.0,14.0
HISTORICAL_PRE_V2,btc-updown-15m-1791032400,2026-10-03,True,PRE_A,120,DOWN,False,True,False,0,False,1.2867212242937478,,,3.844274459152846,0.0,14.0
HISTORICAL_PRE_V2,btc-updown-15m-1791032400,2026-10-03,True,PRE_A,60,DOWN,False,True,False,0,False,1.5137429230400101,,,5.625147014951661,0.0,14.0
HISTORICAL_PRE_V2,btc-updown-15m-1791033300,2026-10-03,True,PRE_A,300,DOWN,False,True,False,0,False,1.0782006515958107,,,6.721050175572903,0.0,7.0
HISTORICAL_PRE_V2,btc-updown-15m-1791033300,2026-10-03,True,PRE_A,180,DOWN,False,True,False,0,False,0.842020546307845,,,3.998347737773041,0.0,7.0
HISTORICAL_PRE_V2,btc-updown-15m-1791033300,2026-10-03,True,PRE_A,120,DOWN,False,True,False,0,False,1.4166604746165308,,,4.6735823651195005,0.0,7.0
HISTORICAL_PRE_V2,btc-updown-15m-1791033300,2026-10-03,True,PRE_A,60,DOWN,False,True,False,0,False,1.887747329326186,,,5.536428167137219,0.0,7.0
HISTORICAL_PRE_V2,btc-updown-15m-1791034200,2026-10-03,True,PRE_A,180,UP,False,False,,,,2.462395986094407,,,11.619843840279811,2.0,18.0
HISTORICAL_PRE_V2,btc-updown-15m-1791034200,2026-10-03,True,PRE_A,120,UP,False,False,,,,2.558122793671608,,,10.911540213902132,2.0,18.0
HISTORICAL_PRE_V2,btc-updown-15m-1791034200,2026-10-03,True,PRE_A,60,UP,False,True,False,0,False,2.8260920056025114,,,8.646748879026113,2.0,18.0
HISTORICAL_PRE_V2,btc-updown-15m-1791035100,2026-10-03,True,PRE_A,300,UP,False,True,False,0,False,0.5313366602305385,,,3.3157451245922958,1.0,5.0
HISTORICAL_PRE_V2,btc-updown-15m-1791035100,2026-10-03,True,PRE_A,180,UP,False,True,False,0,False,0.7138336296954011,,,3.410998356662379,1.0,5.0
HISTORICAL_PRE_V2,btc-updown-15m-1791035100,2026-10-03,True,PRE_A,120,UP,False,True,False,0,False,0.8720238408474384,,,3.3830124462708584,1.0,5.0
HISTORICAL_PRE_V2,btc-updown-15m-1791035100,2026-10-03,True,PRE_A,60,UP,False,True,False,0,False,0.8704831445015832,,,3.1019877055545644,1.0,5.0
HISTORICAL_PRE_V2,btc-updown-15m-1791036000,2026-10-03,True,PRE_A,300,DOWN,False,True,False,0,False,1.0624745149616428,,,6.532296046049321,0.0,9.0
HISTORICAL_PRE_V2,btc-updown-15m-1791036000,2026-10-03,True,PRE_A,180,DOWN,False,True,False,0,False,1.633428620188873,,,7.221300343810347,0.0,9.0
HISTORICAL_PRE_V2,btc-updown-15m-1791036000,2026-10-03,True,PRE_A,120,DOWN,False,True,False,0,False,2.3201918042276506,,,8.833171301429006,0.0,9.0
HISTORICAL_PRE_V2,btc-updown-15m-1791036000,2026-10-03,True,PRE_A,60,DOWN,False,True,False,0,False,3.1651583070632188,,,9.0639707459397,0.0,9.0
HISTORICAL_PRE_V2,btc-updown-15m-1791036900,2026-10-03,True,PRE_A,300,UP,False,True,False,0,False,0.47838598865771975,,,2.9736028344726964,0.0,2.0
HISTORICAL_PRE_V2,btc-updown-15m-1791036900,2026-10-03,True,PRE_A,180,UP,False,True,False,0,False,1.019978898379607,,,3.80981525132926,0.0,2.0
HISTORICAL_PRE_V2,btc-updown-15m-1791036900,2026-10-03,True,PRE_A,120,UP,False,True,False,0,False,0.8030454347000213,,,4.19836849303556,0.0,2.0
HISTORICAL_PRE_V2,btc-updown-15m-1791036900,2026-10-03,True,PRE_A,60,UP,False,True,False,0,False,1.5139653144264222,,,3.9221717175733017,0.0,2.0
HISTORICAL_PRE_V2,btc-updown-15m-1791037800,2026-10-03,True,PRE_A,300,DOWN,False,True,False,0,False,1.2046469551448142,,,7.35563152696145,2.0,7.0
HISTORICAL_PRE_V2,btc-updown-15m-1791037800,2026-10-03,True,PRE_A,180,DOWN,False,True,False,0,False,1.7542563391562531,,,8.444971839392492,2.0,7.0
HISTORICAL_PRE_V2,btc-updown-15m-1791037800,2026-10-03,True,PRE_A,120,DOWN,False,True,False,0,False,2.02951875736211,,,8.394416319807066,2.0,7.0
HISTORICAL_PRE_V2,btc-updown-15m-1791037800,2026-10-03,True,PRE_A,60,DOWN,False,True,False,0,False,2.8726507051600643,,,8.05519145743224,2.0,7.0
HISTORICAL_PRE_V2,btc-updown-15m-1791038700,2026-10-03,True,PRE_A,300,UP,False,False,,,,1.513215591064824,,,10.608437256288186,1.0,4.0
HISTORICAL_PRE_V2,btc-updown-15m-1791038700,2026-10-03,True,PRE_A,180,UP,False,True,False,0,False,2.0175564454340194,,,10.003434524685677,1.0,4.0
HISTORICAL_PRE_V2,btc-updown-15m-1791038700,2026-10-03,True,PRE_A,120,UP,False,True,False,0,False,2.349562692217398,,,10.135587061056343,1.0,4.0
HISTORICAL_PRE_V2,btc-updown-15m-1791038700,2026-10-03,True,PRE_A,60,UP,False,True,False,0,False,3.5587034410230287,,,9.713791357036676,1.0,4.0
HISTORICAL_PRE_V2,btc-updown-15m-1791039600,2026-10-03,True,PRE_A,300,DOWN,True,False,,,,0.47218235390354607,,,3.077481829782373,3.0,11.0
HISTORICAL_PRE_V2,btc-updown-15m-1791039600,2026-10-03,True,PRE_A,180,DOWN,True,False,,,,0.133820934440256,,,0.662363749276806,3.0,11.0
HISTORICAL_PRE_V2,btc-updown-15m-1791039600,2026-10-03,True,PRE_A,60,UP,False,False,,,,0.009299997116336722,,,0.12849050633248765,3.0,11.0
HISTORICAL_PRE_V2,btc-updown-15m-1791040500,2026-10-03,True,PRE_A,300,UP,False,False,,,,0.1549324096722414,,,1.0803201253648733,0.0,0.0
HISTORICAL_PRE_V2,btc-updown-15m-1791040500,2026-10-03,True,PRE_A,60,UP,False,False,,,,0.2673896518529002,,,0.9123993277210174,0.0,0.0
HISTORICAL_PRE_V2,btc-updown-15m-1791041400,2026-10-03,True,PRE_A,300,DOWN,False,True,False,0,False,0.45397907589650877,,,2.8622825134523664,0.0,32.0
HISTORICAL_PRE_V2,btc-updown-15m-1791041400,2026-10-03,True,PRE_A,180,DOWN,False,True,False,0,False,0.5686529968409346,,,2.746417144096559,0.0,32.0
HISTORICAL_PRE_V2,btc-updown-15m-1791041400,2026-10-03,True,PRE_A,120,DOWN,False,True,False,0,False,0.7710340488353482,,,2.808598228064453,0.0,32.0
HISTORICAL_PRE_V2,btc-updown-15m-1791041400,2026-10-03,True,PRE_A,60,DOWN,False,True,False,0,False,0.30898060635903174,,,1.7473600911700156,0.0,32.0
HISTORICAL_PRE_V2,btc-updown-15m-1791042300,2026-10-03,True,PRE_A,300,UP,False,True,False,0,False,0.2681556498193089,,,1.660670877525171,3.0,1.0
HISTORICAL_PRE_V2,btc-updown-15m-1791042300,2026-10-03,True,PRE_A,180,UP,False,True,False,0,False,0.3887977653276896,,,1.850767586901512,3.0,1.0
HISTORICAL_PRE_V2,btc-updown-15m-1791042300,2026-10-03,True,PRE_A,120,UP,False,True,False,0,False,0.5000891636311818,,,1.9450891373500718,3.0,1.0
HISTORICAL_PRE_V2,btc-updown-15m-1791042300,2026-10-03,True,PRE_A,60,UP,False,True,False,0,False,0.7005569857716092,,,1.9904390352697217,3.0,1.0
HISTORICAL_PRE_V2,btc-updown-15m-1791043200,2026-10-03,True,PRE_A,300,DOWN,False,True,False,0,False,0.462957407299521,,,3.042085736901995,1.0,15.0
HISTORICAL_PRE_V2,btc-updown-15m-1791043200,2026-10-03,True,PRE_A,180,DOWN,False,True,False,0,False,0.5277256016718569,,,2.7634103023845547,1.0,15.0
HISTORICAL_PRE_V2,btc-updown-15m-1791043200,2026-10-03,True,PRE_A,120,DOWN,False,True,False,0,False,0.6024932329534278,,,2.33648093606939,1.0,15.0
HISTORICAL_PRE_V2,btc-updown-15m-1791043200,2026-10-03,True,PRE_A,60,DOWN,False,True,False,0,False,0.8572233733162447,,,2.3429255180674096,1.0,15.0
HISTORICAL_PRE_V2,btc-updown-15m-1791044100,2026-10-03,True,PRE_A,300,DOWN,False,False,,,,0.8888115474744208,,,5.514950992660539,0.0,2.0
HISTORICAL_PRE_V2,btc-updown-15m-1791044100,2026-10-03,True,PRE_A,180,DOWN,False,False,,,,1.1505483100094245,,,5.58775411545215,0.0,2.0
HISTORICAL_PRE_V2,btc-updown-15m-1791045000,2026-10-03,True,PRE_A,300,UP,False,True,False,0,False,0.6915746056877539,,,3.9936895881394867,0.0,6.0
HISTORICAL_PRE_V2,btc-updown-15m-1791045000,2026-10-03,True,PRE_A,180,UP,False,True,False,0,False,0.6993399358277869,,,4.307168052882131,0.0,6.0
HISTORICAL_PRE_V2,btc-updown-15m-1791045000,2026-10-03,True,PRE_A,120,UP,False,True,False,0,False,0.7350541734943753,,,3.329127524235578,0.0,6.0
HISTORICAL_PRE_V2,btc-updown-15m-1791045000,2026-10-03,True,PRE_A,60,UP,False,True,False,0,False,1.0910913041985881,,,2.9202120545984593,0.0,6.0
HISTORICAL_PRE_V2,btc-updown-15m-1791045900,2026-10-03,True,PRE_A,300,UP,False,True,False,0,False,0.44087504789174903,,,2.6890967549302514,0.0,10.0
HISTORICAL_PRE_V2,btc-updown-15m-1791045900,2026-10-03,True,PRE_A,180,UP,False,True,False,0,False,0.6472409885881998,,,3.070480267410217,0.0,10.0
HISTORICAL_PRE_V2,btc-updown-15m-1791045900,2026-10-03,True,PRE_A,120,UP,False,True,False,0,False,0.896579261171303,,,3.4095267107265625,0.0,10.0
HISTORICAL_PRE_V2,btc-updown-15m-1791045900,2026-10-03,True,PRE_A,60,UP,False,True,False,0,False,1.6137952294241316,,,4.3762002516913405,0.0,10.0
HISTORICAL_PRE_V2,btc-updown-15m-1791046800,2026-10-03,True,PRE_A,300,UP,False,False,,,,0.33761347281682547,,,1.750739069720172,0.0,8.0
HISTORICAL_PRE_V2,btc-updown-15m-1791046800,2026-10-03,True,PRE_A,180,UP,False,True,False,0,False,0.2618308794241547,,,1.6570274365276219,0.0,8.0
HISTORICAL_PRE_V2,btc-updown-15m-1791046800,2026-10-03,True,PRE_A,120,UP,False,True,False,0,False,0.49623626629208534,,,1.4470848746391975,0.0,8.0
HISTORICAL_PRE_V2,btc-updown-15m-1791046800,2026-10-03,True,PRE_A,60,UP,False,True,False,0,False,0.7109863715183009,,,1.9337152741168078,0.0,8.0
HISTORICAL_PRE_V2,btc-updown-15m-1791047700,2026-10-03,True,PRE_A,300,UP,False,False,,,,1.2283265508499914,,,8.270041731161133,0.0,0.0
HISTORICAL_PRE_V2,btc-updown-15m-1791047700,2026-10-03,True,PRE_A,180,UP,False,False,,,,0.6473885574105382,,,3.7096741559854776,0.0,0.0
HISTORICAL_PRE_V2,btc-updown-15m-1791047700,2026-10-03,True,PRE_A,120,UP,False,False,,,,0.4499078973887493,,,1.9625130882092114,0.0,0.0
HISTORICAL_PRE_V2,btc-updown-15m-1791048600,2026-10-03,True,PRE_A,300,UP,False,True,False,0,False,0.1446854094610414,,,0.37680057419391993,1.0,11.0
HISTORICAL_PRE_V2,btc-updown-15m-1791048600,2026-10-03,True,PRE_A,180,UP,False,True,False,0,False,1.1181197943623136,,,4.682691015048178,1.0,11.0
HISTORICAL_PRE_V2,btc-updown-15m-1791048600,2026-10-03,True,PRE_A,120,UP,False,True,False,0,False,0.7016528630183051,,,4.885339746116311,1.0,11.0
HISTORICAL_PRE_V2,btc-updown-15m-1791048600,2026-10-03,True,PRE_A,60,UP,False,True,False,0,False,1.0253997185456818,,,2.720767667040077,1.0,11.0
HISTORICAL_PRE_V2,btc-updown-15m-1791049500,2026-10-03,True,PRE_A,300,UP,False,False,,,,0.47733018097089647,,,1.193414051019689,2.0,11.0
HISTORICAL_PRE_V2,btc-updown-15m-1791049500,2026-10-03,True,PRE_A,180,UP,False,True,False,0,False,0.643289113267402,,,2.93503038190109,2.0,11.0
HISTORICAL_PRE_V2,btc-updown-15m-1791049500,2026-10-03,True,PRE_A,120,UP,False,True,False,0,False,1.320860015898928,,,3.5734244068207968,2.0,11.0
HISTORICAL_PRE_V2,btc-updown-15m-1791049500,2026-10-03,True,PRE_A,60,UP,False,True,False,0,False,2.137958648365737,,,5.8025741704103435,2.0,11.0
HISTORICAL_PRE_V2,btc-updown-15m-1791050400,2026-10-03,True,PRE_A,300,UP,True,False,,,,0.29962804426681033,,,1.635253722370301,6.0,34.0
HISTORICAL_PRE_V2,btc-updown-15m-1791050400,2026-10-03,True,PRE_A,120,DOWN,False,False,,,,0.5376710895631498,,,2.604731367217045,6.0,34.0
HISTORICAL_PRE_V2,btc-updown-15m-1791051300,2026-10-03,True,PRE_A,300,DOWN,True,False,,,,0.4706426522143349,,,3.0913907399423084,,
HISTORICAL_PRE_V2,btc-updown-15m-1791051300,2026-10-03,True,PRE_A,180,DOWN,True,False,,,,0.4106829167281429,,,2.101344434016723,,
HISTORICAL_PRE_V2,btc-updown-15m-1791051300,2026-10-03,True,PRE_A,120,DOWN,True,False,,,,0.4781438093502662,,,1.782868959871804,,
HISTORICAL_PRE_V2,btc-updown-15m-1791052200,2026-10-03,True,PRE_A,300,DOWN,False,True,False,0,False,1.3483617963012595,,,6.933128665746372,1.0,5.0
HISTORICAL_PRE_V2,btc-updown-15m-1791052200,2026-10-03,True,PRE_A,180,DOWN,False,True,False,0,False,1.5246639480533504,,,7.512095834947421,1.0,5.0
HISTORICAL_PRE_V2,btc-updown-15m-1791052200,2026-10-03,True,PRE_A,120,DOWN,False,True,False,0,False,1.7815372861147234,,,7.081236113305009,1.0,5.0
HISTORICAL_PRE_V2,btc-updown-15m-1791052200,2026-10-03,True,PRE_A,60,DOWN,False,True,False,0,False,2.1748585436173298,,,6.484869299641397,1.0,5.0
HISTORICAL_PRE_V2,btc-updown-15m-1791053100,2026-10-03,True,PRE_A,300,DOWN,True,False,,,,0.1943234547515803,,,0.8051419764421646,0.0,0.0
HISTORICAL_PRE_V2,btc-updown-15m-1791053100,2026-10-03,True,PRE_A,60,UP,False,False,,,,,,,1.0990209493174652,0.0,0.0
HISTORICAL_PRE_V2,btc-updown-15m-1791054000,2026-10-03,True,PRE_A,300,DOWN,False,True,False,0,False,1.3211733733769333,,,8.527625381474046,1.0,13.0
HISTORICAL_PRE_V2,btc-updown-15m-1791054000,2026-10-03,True,PRE_A,180,DOWN,False,True,False,0,False,1.9816246942553357,,,9.438368183177863,1.0,13.0
HISTORICAL_PRE_V2,btc-updown-15m-1791054000,2026-10-03,True,PRE_A,120,DOWN,False,True,False,0,False,2.4265206034410083,,,9.499457734214525,1.0,13.0
HISTORICAL_PRE_V2,btc-updown-15m-1791054000,2026-10-03,True,PRE_A,60,DOWN,False,True,False,0,False,3.4085392744624152,,,9.519858614082231,1.0,13.0
HISTORICAL_PRE_V2,btc-updown-15m-1791054900,2026-10-03,True,PRE_A,300,DOWN,False,True,False,0,False,0.3913857985235068,,,2.3499507351868574,1.0,19.0
HISTORICAL_PRE_V2,btc-updown-15m-1791054900,2026-10-03,True,PRE_A,180,DOWN,False,True,False,0,False,0.43795206414450344,,,2.0718734199801436,1.0,19.0
HISTORICAL_PRE_V2,btc-updown-15m-1791054900,2026-10-03,True,PRE_A,120,DOWN,False,True,False,0,False,0.5521642849009317,,,2.0769287514483032,1.0,19.0
HISTORICAL_PRE_V2,btc-updown-15m-1791054900,2026-10-03,True,PRE_A,60,DOWN,False,True,False,0,False,0.8024671866366538,,,2.1803465915802462,1.0,19.0
HISTORICAL_PRE_V2,btc-updown-15m-1791055800,2026-10-03,True,PRE_A,300,DOWN,False,True,False,0,False,0.9084831004551457,,,5.399413000124299,0.0,9.0
HISTORICAL_PRE_V2,btc-updown-15m-1791055800,2026-10-03,True,PRE_A,180,DOWN,False,True,False,0,False,1.2679588219258688,,,5.8849966788669485,0.0,9.0
HISTORICAL_PRE_V2,btc-updown-15m-1791055800,2026-10-03,True,PRE_A,120,DOWN,False,True,False,0,False,1.036572877218905,,,4.633155777539068,0.0,9.0
HISTORICAL_PRE_V2,btc-updown-15m-1791055800,2026-10-03,True,PRE_A,60,DOWN,False,True,False,0,False,1.4587283079920375,,,4.179262237665029,0.0,9.0
HISTORICAL_PRE_V2,btc-updown-15m-1791056700,2026-10-03,True,PRE_A,300,UP,False,False,,,,0.8955121183323347,,,0.850886127026769,0.0,0.0
HISTORICAL_PRE_V2,btc-updown-15m-1791056700,2026-10-03,True,PRE_A,180,UP,False,False,,,,0.8926069706527927,,,4.293424994855158,0.0,0.0
HISTORICAL_PRE_V2,btc-updown-15m-1791057600,2026-10-03,True,PRE_A,300,UP,False,True,False,0,False,0.6771373121795378,,,4.227247323452949,1.0,10.0
HISTORICAL_PRE_V2,btc-updown-15m-1791057600,2026-10-03,True,PRE_A,180,UP,False,True,False,0,False,0.862664102026353,,,3.3877542705899786,1.0,10.0
HISTORICAL_PRE_V2,btc-updown-15m-1791057600,2026-10-03,True,PRE_A,120,UP,False,True,False,0,False,0.9458276262819646,,,3.998379190473104,1.0,10.0
HISTORICAL_PRE_V2,btc-updown-15m-1791057600,2026-10-03,True,PRE_A,60,UP,False,True,False,0,False,1.7822473301138033,,,4.174870971336135,1.0,10.0
HISTORICAL_PRE_V2,btc-updown-15m-1791058500,2026-10-03,True,PRE_A,300,DOWN,True,False,,,,0.011212152568975174,,,0.09320277715064748,4.0,4.0
HISTORICAL_PRE_V2,btc-updown-15m-1791058500,2026-10-03,True,PRE_A,180,UP,False,False,,,,0.06506956531485081,,,0.27182886426620545,4.0,4.0
HISTORICAL_PRE_V2,btc-updown-15m-1791058500,2026-10-03,True,PRE_A,120,UP,False,False,,,,0.04984796137593334,,,0.21259117420272355,4.0,4.0
HISTORICAL_PRE_V2,btc-updown-15m-1791059400,2026-10-03,True,PRE_A,300,DOWN,False,True,False,0,False,0.488076029060682,,,3.0757196908755127,0.0,3.0
HISTORICAL_PRE_V2,btc-updown-15m-1791059400,2026-10-03,True,PRE_A,180,DOWN,False,True,False,0,False,0.6022859363234622,,,2.898854600562119,0.0,3.0
HISTORICAL_PRE_V2,btc-updown-15m-1791059400,2026-10-03,True,PRE_A,120,DOWN,False,True,False,0,False,0.7682366293457972,,,2.9570251751466206,0.0,3.0
HISTORICAL_PRE_V2,btc-updown-15m-1791059400,2026-10-03,True,PRE_A,60,DOWN,False,True,False,0,False,1.3561750349457868,,,2.9973941771027355,0.0,3.0
HISTORICAL_PRE_V2,btc-updown-15m-1791061200,2026-10-03,True,PRE_A,300,DOWN,False,True,False,0,False,2.931195977675636,,,18.995390387160707,1.0,33.0
HISTORICAL_PRE_V2,btc-updown-15m-1791061200,2026-10-03,True,PRE_A,180,DOWN,False,True,False,0,False,2.75308711359307,,,13.773432536191622,1.0,33.0
HISTORICAL_PRE_V2,btc-updown-15m-1791061200,2026-10-03,True,PRE_A,120,DOWN,False,True,False,0,False,1.8134919419522146,,,10.584979041845648,1.0,33.0
HISTORICAL_PRE_V2,btc-updown-15m-1791061200,2026-10-03,True,PRE_A,60,DOWN,False,True,False,0,False,2.8468740547766562,,,7.72095872191265,1.0,33.0
HISTORICAL_PRE_V2,btc-updown-15m-1791062100,2026-10-03,True,PRE_A,300,UP,False,True,False,0,False,0.685218711026275,,,4.0583711719065745,0.0,12.0
HISTORICAL_PRE_V2,btc-updown-15m-1791062100,2026-10-03,True,PRE_A,180,UP,False,True,False,0,False,0.8411066001520558,,,4.04285777513892,0.0,12.0
HISTORICAL_PRE_V2,btc-updown-15m-1791062100,2026-10-03,True,PRE_A,120,UP,False,True,False,0,False,0.27311947804895803,,,2.520624473941572,0.0,12.0
HISTORICAL_PRE_V2,btc-updown-15m-1791062100,2026-10-03,True,PRE_A,60,UP,False,True,False,0,False,0.41804505402338077,,,1.1262749367814564,0.0,12.0
HISTORICAL_PRE_V2,btc-updown-15m-1791063000,2026-10-03,True,PRE_A,300,UP,True,False,,,,0.04841477870356845,,,0.11525668715319078,5.0,17.0
HISTORICAL_PRE_V2,btc-updown-15m-1791063000,2026-10-03,True,PRE_A,180,DOWN,False,False,,,,0.03512386057708996,,,0.11065334342652032,5.0,17.0
HISTORICAL_PRE_V2,btc-updown-15m-1791063000,2026-10-03,True,PRE_A,120,UP,True,False,,,,0.5249607692471471,,,1.365441733523007,5.0,17.0
HISTORICAL_PRE_V2,btc-updown-15m-1791064800,2026-10-03,True,PRE_A,300,UP,False,True,False,0,False,0.891168139683616,,,6.019074029664162,0.0,28.0
HISTORICAL_PRE_V2,btc-updown-15m-1791064800,2026-10-03,True,PRE_A,180,UP,False,True,False,0,False,1.4982430019499238,,,6.7970842262853886,0.0,28.0
HISTORICAL_PRE_V2,btc-updown-15m-1791064800,2026-10-03,True,PRE_A,120,UP,False,True,False,0,False,2.234123762229966,,,7.4593426401289,0.0,28.0
HISTORICAL_PRE_V2,btc-updown-15m-1791064800,2026-10-03,True,PRE_A,60,UP,False,True,False,0,False,2.9347640277183373,,,8.604359541108025,0.0,28.0
HISTORICAL_PRE_V2,btc-updown-15m-1791065700,2026-10-03,True,PRE_A,300,DOWN,False,False,,,,0.2717020855699108,,,1.7790590922023655,1.0,13.0
HISTORICAL_PRE_V2,btc-updown-15m-1791065700,2026-10-03,True,PRE_A,180,DOWN,False,False,,,,0.647750169288114,,,3.005397241716116,1.0,13.0
HISTORICAL_PRE_V2,btc-updown-15m-1791065700,2026-10-03,True,PRE_A,120,DOWN,False,False,,,,0.42708345146223153,,,2.686450236225979,1.0,13.0
HISTORICAL_PRE_V2,btc-updown-15m-1791065700,2026-10-03,True,PRE_A,60,DOWN,False,False,,,,0.09290854406817338,,,1.7821052041565835,1.0,13.0
HISTORICAL_PRE_V2,btc-updown-15m-1791066600,2026-10-03,True,PRE_A,60,UP,False,True,False,0,False,0.6229147510340157,,,1.603179386377365,0.0,0.0
HISTORICAL_PRE_V2,btc-updown-15m-1791067500,2026-10-03,True,PRE_A,300,UP,True,False,,,,0.04425188667641393,,,0.2223164621990904,3.0,11.0
HISTORICAL_PRE_V2,btc-updown-15m-1791068400,2026-10-03,True,PRE_A,300,DOWN,False,False,,,,0.3801741908474194,,,2.3491124619901345,,
HISTORICAL_PRE_V2,btc-updown-15m-1791069300,2026-10-03,True,PRE_A,300,UP,True,False,,,,0.9435468471800772,,,5.070304932961421,0.0,0.0
HISTORICAL_PRE_V2,btc-updown-15m-1791070200,2026-10-03,True,PRE_A,300,UP,False,True,False,0,False,0.8798030022340115,,,5.411523393691914,1.0,2.0
HISTORICAL_PRE_V2,btc-updown-15m-1791070200,2026-10-03,True,PRE_A,180,UP,False,True,False,0,False,1.1440255385504878,,,5.6353829161090605,1.0,2.0
HISTORICAL_PRE_V2,btc-updown-15m-1791070200,2026-10-03,True,PRE_A,120,UP,False,True,False,0,False,1.5286243646651823,,,5.741932683575722,1.0,2.0
HISTORICAL_PRE_V2,btc-updown-15m-1791070200,2026-10-03,True,PRE_A,60,UP,False,True,False,0,False,1.7248627395530254,,,5.451429235575931,1.0,2.0
HISTORICAL_PRE_V2,btc-updown-15m-1791071100,2026-10-03,True,PRE_A,300,DOWN,False,False,,,,1.1188126190650938,,,4.5910113770989085,0.0,0.0
HISTORICAL_PRE_V2,btc-updown-15m-1790957700,2026-10-02,False,PRE_A,300,DOWN,False,False,,,,0.8553695112031853,,,3.3377379371409406,3.0,37.0
HISTORICAL_PRE_V2,btc-updown-15m-1790957700,2026-10-02,False,PRE_A,180,DOWN,False,False,,,,0.8152499762546195,,,4.417211592383867,3.0,37.0
HISTORICAL_PRE_V2,btc-updown-15m-1790960400,2026-10-02,False,PRE_A,180,DOWN,False,False,,,,1.9859670559637608,,,9.329270781536877,1.0,33.0
HISTORICAL_PRE_V2,btc-updown-15m-1790960400,2026-10-02,False,PRE_A,60,DOWN,False,True,False,0,False,4.934800087116544,,,10.42718491808179,1.0,33.0
HISTORICAL_PRE_V2,btc-updown-15m-1790962200,2026-10-02,False,PRE_A,300,DOWN,False,False,,,,1.713452929365592,,,2.957078397019015,1.0,44.0
HISTORICAL_PRE_V2,btc-updown-15m-1790962200,2026-10-02,False,PRE_A,120,DOWN,False,True,False,0,False,3.289609012655823,,,7.991157165191224,1.0,44.0
HISTORICAL_PRE_V2,btc-updown-15m-1790962200,2026-10-02,False,PRE_A,60,DOWN,False,True,False,0,False,3.6695372506917945,,,14.341857902247488,1.0,44.0
HISTORICAL_PRE_V2,btc-updown-15m-1790964000,2026-10-02,False,PRE_A,300,UP,False,True,False,0,False,0.3320675771027378,,,5.3544418125007205,0.0,26.0
HISTORICAL_PRE_V2,btc-updown-15m-1790964000,2026-10-02,False,PRE_A,180,UP,False,True,False,0,False,0.7731800797708299,,,2.434476512647851,0.0,26.0
HISTORICAL_PRE_V2,btc-updown-15m-1790964000,2026-10-02,False,PRE_A,120,UP,False,True,False,0,False,1.0021684405298272,,,5.267000708329718,0.0,26.0
HISTORICAL_PRE_V2,btc-updown-15m-1790964000,2026-10-02,False,PRE_A,60,UP,False,True,False,0,False,2.873112280350749,,,5.210308060991284,0.0,26.0
HISTORICAL_PRE_V2,btc-updown-15m-1790964900,2026-10-02,False,PRE_A,300,DOWN,False,True,False,0,False,5.441170964886465,,,36.3392605147389,1.0,23.0
HISTORICAL_PRE_V2,btc-updown-15m-1790964900,2026-10-02,False,PRE_A,180,DOWN,False,True,False,0,False,7.149255962418288,,,33.62216965711646,1.0,23.0
HISTORICAL_PRE_V2,btc-updown-15m-1790964900,2026-10-02,False,PRE_A,120,DOWN,False,True,False,0,False,9.330926855809754,,,35.44485803822641,1.0,23.0
HISTORICAL_PRE_V2,btc-updown-15m-1790964900,2026-10-02,False,PRE_A,60,DOWN,False,True,False,0,False,11.40270024701564,,,34.64530384389978,1.0,23.0
HISTORICAL_PRE_V2,btc-updown-15m-1790965800,2026-10-02,False,PRE_A,300,DOWN,False,True,False,0,False,5.22671051404784,,,41.21074969355166,1.0,28.0
HISTORICAL_PRE_V2,btc-updown-15m-1790965800,2026-10-02,False,PRE_A,180,DOWN,False,True,False,0,False,9.283057104712281,,,56.5183179368859,1.0,28.0
HISTORICAL_PRE_V2,btc-updown-15m-1790965800,2026-10-02,False,PRE_A,120,DOWN,False,True,False,0,False,15.707276016931441,,,67.48515841702103,1.0,28.0
HISTORICAL_PRE_V2,btc-updown-15m-1790965800,2026-10-02,False,PRE_A,60,DOWN,False,True,False,0,False,24.541442068972017,,,59.37975217052148,1.0,28.0
HISTORICAL_PRE_V2,btc-updown-15m-1791158400,2026-10-05,False,PRE_A,300,DOWN,False,False,,,,2.331577518025784,,,11.580645225809016,0.0,0.0
HISTORICAL_PRE_V2,btc-updown-15m-1791160200,2026-10-05,False,PRE_A,120,UP,False,True,False,0,False,9.42352890252044,,,31.097227924910424,1.0,32.0
HISTORICAL_PRE_V2,btc-updown-15m-1791160200,2026-10-05,False,PRE_A,60,UP,False,True,False,0,False,12.583405504688995,,,36.22798656722315,1.0,32.0
HISTORICAL_PRE_V2,btc-updown-15m-1791161100,2026-10-05,False,PRE_A,60,UP,False,True,False,0,False,3.542258451010987,,,7.89305984468667,0.0,2.0
HISTORICAL_PRE_V2,btc-updown-15m-1791164700,2026-10-05,False,PRE_A,300,DOWN,False,False,,,,2.560541215427406,,,14.652667377608738,0.0,6.0
HISTORICAL_PRE_V2,btc-updown-15m-1791164700,2026-10-05,False,PRE_A,120,DOWN,False,True,False,0,False,2.95636219331274,,,13.064595782727121,0.0,6.0
HISTORICAL_PRE_V2,btc-updown-15m-1791164700,2026-10-05,False,PRE_A,60,DOWN,False,True,False,0,False,4.459069598492064,,,12.265909213440208,0.0,6.0
HISTORICAL_PRE_V2,btc-updown-15m-1791165600,2026-10-05,False,PRE_A,180,UP,False,False,,,,1.272223442614877,,,9.856445430894173,,
HISTORICAL_PRE_V2,btc-updown-15m-1791166500,2026-10-05,False,PRE_A,300,DOWN,False,True,False,0,False,2.377097122552002,,,15.022073817030355,0.0,12.0
HISTORICAL_PRE_V2,btc-updown-15m-1791166500,2026-10-05,False,PRE_A,180,DOWN,False,True,False,0,False,3.514954731238061,,,17.040042543271017,0.0,12.0
HISTORICAL_PRE_V2,btc-updown-15m-1791166500,2026-10-05,False,PRE_A,120,DOWN,False,True,False,0,False,3.4994456240052596,,,14.706857125361479,0.0,12.0
HISTORICAL_PRE_V2,btc-updown-15m-1791166500,2026-10-05,False,PRE_A,60,DOWN,False,True,False,0,False,5.161044800038319,,,15.049364803586066,0.0,12.0
HISTORICAL_PRE_V2,btc-updown-15m-1791167400,2026-10-05,False,PRE_A,180,UP,False,True,False,0,False,4.015140021285085,,,19.146549318756467,0.0,12.0
HISTORICAL_PRE_V2,btc-updown-15m-1791167400,2026-10-05,False,PRE_A,120,UP,False,True,False,0,False,3.5209475098624026,,,17.986648735381415,0.0,12.0
HISTORICAL_PRE_V2,btc-updown-15m-1791167400,2026-10-05,False,PRE_A,60,UP,False,True,False,0,False,4.989495254482159,,,13.406360453214873,0.0,12.0
HISTORICAL_PRE_V2,btc-updown-15m-1791168300,2026-10-05,False,PRE_A,300,DOWN,False,True,False,0,False,0.7784644557777864,,,4.8200910173008245,2.0,27.0
HISTORICAL_PRE_V2,btc-updown-15m-1791168300,2026-10-05,False,PRE_A,180,DOWN,False,True,False,0,False,1.4624468532034618,,,9.259263431811567,2.0,27.0
HISTORICAL_PRE_V2,btc-updown-15m-1791168300,2026-10-05,False,PRE_A,120,DOWN,False,True,False,0,False,3.171914251768581,,,10.146594049645268,2.0,27.0
HISTORICAL_PRE_V2,btc-updown-15m-1791168300,2026-10-05,False,PRE_A,60,DOWN,False,True,False,0,False,4.9081421317972485,,,12.43069091791695,2.0,27.0
HISTORICAL_PRE_V2,btc-updown-15m-1791169200,2026-10-05,False,PRE_A,300,DOWN,False,False,,,,1.9366809169361467,,,11.1194410997863,,
HISTORICAL_PRE_V2,btc-updown-15m-1791170100,2026-10-05,False,PRE_A,300,DOWN,False,False,,,,1.769202282050372,,,11.128547251127905,0.0,34.0
HISTORICAL_PRE_V2,btc-updown-15m-1791171000,2026-10-05,False,PRE_A,300,DOWN,False,True,False,0,False,2.173315067325036,,,14.247863325747067,0.0,22.0
HISTORICAL_PRE_V2,btc-updown-15m-1791171000,2026-10-05,False,PRE_A,180,DOWN,False,True,False,0,False,4.12172115786158,,,18.75694300881739,0.0,22.0
HISTORICAL_PRE_V2,btc-updown-15m-1791171000,2026-10-05,False,PRE_A,120,DOWN,False,True,False,0,False,5.810615286252197,,,21.3612071307742,0.0,22.0
HISTORICAL_PRE_V2,btc-updown-15m-1791171000,2026-10-05,False,PRE_A,60,DOWN,False,True,False,0,False,7.738130373730974,,,20.28216457503173,0.0,22.0
HISTORICAL_PRE_V2,btc-updown-15m-1791171900,2026-10-05,False,PRE_A,120,DOWN,False,True,False,0,False,4.468950209374767,,,4.460720753365841,0.0,4.0
HISTORICAL_PRE_V2,btc-updown-15m-1791171900,2026-10-05,False,PRE_A,60,DOWN,False,True,False,0,False,10.093416564749456,,,19.750478911234495,0.0,4.0
HISTORICAL_PRE_V2,btc-updown-15m-1791174600,2026-10-05,False,PRE_A,300,DOWN,False,True,False,0,False,4.148838982282525,,,23.931456251379213,0.0,42.0
HISTORICAL_PRE_V2,btc-updown-15m-1791174600,2026-10-05,False,PRE_A,180,DOWN,False,True,False,0,False,4.269567554066136,,,25.902259180929363,0.0,42.0
HISTORICAL_PRE_V2,btc-updown-15m-1791174600,2026-10-05,False,PRE_A,120,DOWN,False,True,False,0,False,5.640870328423862,,,21.090843179111864,0.0,42.0
HISTORICAL_PRE_V2,btc-updown-15m-1791174600,2026-10-05,False,PRE_A,60,DOWN,False,True,False,0,False,7.919569878599226,,,21.88864503421471,0.0,42.0
HISTORICAL_PRE_V2,btc-updown-15m-1791175500,2026-10-05,False,PRE_A,60,DOWN,False,True,False,0,False,3.6208497435553126,,,8.017353499826012,0.0,8.0
HISTORICAL_PRE_V2,btc-updown-15m-1791178200,2026-10-05,False,PRE_A,300,UP,False,False,,,,3.740449990845159,,,23.677963124185673,0.0,16.0
HISTORICAL_PRE_V2,btc-updown-15m-1791178200,2026-10-05,False,PRE_A,180,UP,False,True,False,0,False,4.102355465627762,,,19.440250877174883,0.0,16.0
HISTORICAL_PRE_V2,btc-updown-15m-1791178200,2026-10-05,False,PRE_A,120,UP,False,True,False,0,False,3.620218656116375,,,18.559214015228452,0.0,16.0
HISTORICAL_PRE_V2,btc-updown-15m-1791178200,2026-10-05,False,PRE_A,60,UP,False,True,False,0,False,7.509296345007526,,,17.23271510179632,0.0,16.0
HISTORICAL_PRE_V2,btc-updown-15m-1791180000,2026-10-05,False,PRE_A,120,UP,False,True,False,0,False,,,,15.064318447517234,0.0,2.0
HISTORICAL_PRE_V2,btc-updown-15m-1791180000,2026-10-05,False,PRE_A,60,UP,False,True,False,0,False,6.308056811699145,,,15.623631011427147,0.0,2.0
HISTORICAL_PRE_V2,btc-updown-15m-1791180900,2026-10-05,False,PRE_A,180,UP,True,False,,,,,,,2.800574456356935,1.0,9.0
HISTORICAL_PRE_V2,btc-updown-15m-1791181800,2026-10-05,False,PRE_A,60,DOWN,False,True,False,0,False,2.252975278183366,,,5.574595139742915,0.0,14.0
HISTORICAL_PRE_V2,btc-updown-15m-1791182700,2026-10-05,False,PRE_A,300,UP,False,True,False,0,False,6.975055217721289,,,55.26175029732766,0.0,0.0
HISTORICAL_PRE_V2,btc-updown-15m-1791182700,2026-10-05,False,PRE_A,180,UP,False,True,False,0,False,10.555536286578485,,,52.23307279183577,0.0,0.0
HISTORICAL_PRE_V2,btc-updown-15m-1791182700,2026-10-05,False,PRE_A,120,UP,False,True,False,0,False,11.766531212658368,,,47.894194671098106,0.0,0.0
HISTORICAL_PRE_V2,btc-updown-15m-1791182700,2026-10-05,False,PRE_A,60,UP,False,True,False,0,False,16.7347241731858,,,46.39558795055959,0.0,0.0
HISTORICAL_PRE_V2,btc-updown-15m-1791184500,2026-10-05,False,PRE_A,180,DOWN,False,True,False,0,False,1.8908109703218052,,,8.326709170494013,0.0,10.0
HISTORICAL_PRE_V2,btc-updown-15m-1791184500,2026-10-05,False,PRE_A,120,DOWN,False,True,False,0,False,2.3975144255192498,,,8.869471124655812,0.0,10.0
HISTORICAL_PRE_V2,btc-updown-15m-1791184500,2026-10-05,False,PRE_A,60,DOWN,False,True,False,0,False,2.8863522633938716,,,7.980590436216307,0.0,10.0
HISTORICAL_PRE_V2,btc-updown-15m-1791186300,2026-10-05,False,PRE_A,300,DOWN,False,True,False,0,False,1.502173259293032,,,9.57342574768689,1.0,28.0
HISTORICAL_PRE_V2,btc-updown-15m-1791186300,2026-10-05,False,PRE_A,180,DOWN,False,True,False,0,False,4.08900661300246,,,17.42874429759432,1.0,28.0
HISTORICAL_PRE_V2,btc-updown-15m-1791186300,2026-10-05,False,PRE_A,120,DOWN,False,True,False,0,False,5.053629281904442,,,19.44703320665783,1.0,28.0
HISTORICAL_PRE_V2,btc-updown-15m-1791186300,2026-10-05,False,PRE_A,60,DOWN,False,True,False,0,False,7.56543772561546,,,19.49060657939815,1.0,28.0
HISTORICAL_PRE_V2,btc-updown-15m-1791187200,2026-10-05,False,PRE_A,300,UP,False,True,False,0,False,5.217025764449442,,,29.431740046247963,0.0,4.0
HISTORICAL_PRE_V2,btc-updown-15m-1791187200,2026-10-05,False,PRE_A,180,UP,False,True,False,0,False,5.396229757447756,,,23.947728750475772,0.0,4.0
HISTORICAL_PRE_V2,btc-updown-15m-1791187200,2026-10-05,False,PRE_A,120,UP,False,True,False,0,False,6.187995121413758,,,24.70880679742823,0.0,4.0
HISTORICAL_PRE_V2,btc-updown-15m-1791187200,2026-10-05,False,PRE_A,60,UP,False,True,False,0,False,8.251238762292312,,,24.317378634363088,0.0,4.0
HISTORICAL_PRE_V2,btc-updown-15m-1791189000,2026-10-05,False,PRE_A,300,DOWN,False,True,False,0,False,1.9918855409469882,,,12.023833415404676,0.0,16.0
HISTORICAL_PRE_V2,btc-updown-15m-1791189000,2026-10-05,False,PRE_A,180,DOWN,False,True,False,0,False,3.164527848418133,,,15.57158808309564,0.0,16.0
HISTORICAL_PRE_V2,btc-updown-15m-1791189000,2026-10-05,False,PRE_A,120,DOWN,False,True,False,0,False,5.441688479404569,,,16.255105258079006,0.0,16.0
HISTORICAL_PRE_V2,btc-updown-15m-1791189000,2026-10-05,False,PRE_A,60,DOWN,False,True,False,0,False,5.245211121974245,,,19.919403163434858,0.0,16.0
HISTORICAL_PRE_V2,btc-updown-15m-1791189900,2026-10-05,False,PRE_A,120,DOWN,False,False,,,,1.5323911611996595,,,8.110041368366973,0.0,12.0
HISTORICAL_PRE_V2,btc-updown-15m-1791189900,2026-10-05,False,PRE_A,60,DOWN,False,True,False,0,False,2.7952862819097324,,,6.6789826862536295,0.0,12.0
HISTORICAL_PRE_V2,btc-updown-15m-1791190800,2026-10-05,False,PRE_A,300,DOWN,False,True,False,0,False,2.5154961988946742,,,15.251176463710921,0.0,37.0
HISTORICAL_PRE_V2,btc-updown-15m-1791190800,2026-10-05,False,PRE_A,180,DOWN,False,True,False,0,False,4.4982916866599965,,,20.69042317330593,0.0,37.0
HISTORICAL_PRE_V2,btc-updown-15m-1791190800,2026-10-05,False,PRE_A,120,DOWN,False,True,False,0,False,7.30638070465307,,,25.470446661545626,0.0,37.0
HISTORICAL_PRE_V2,btc-updown-15m-1791190800,2026-10-05,False,PRE_A,60,DOWN,False,True,False,0,False,10.070405689564314,,,28.41833187959614,0.0,37.0
HISTORICAL_PRE_V2,btc-updown-15m-1791191700,2026-10-05,False,PRE_A,180,DOWN,False,True,False,0,False,2.8477016275339513,,,10.329880135465729,0.0,14.0
HISTORICAL_PRE_V2,btc-updown-15m-1791191700,2026-10-05,False,PRE_A,120,DOWN,False,True,False,0,False,2.560501374177352,,,11.48028785972791,0.0,14.0
HISTORICAL_PRE_V2,btc-updown-15m-1791191700,2026-10-05,False,PRE_A,60,DOWN,False,True,False,0,False,3.5995842018277506,,,9.986272622283746,0.0,14.0
HISTORICAL_PRE_V2,btc-updown-15m-1791193500,2026-10-05,False,PRE_A,300,UP,False,False,,,,0.30186493730393676,,,1.9350671492767948,0.0,0.0
HISTORICAL_PRE_V2,btc-updown-15m-1791195300,2026-10-05,False,PRE_A,300,UP,False,True,False,0,False,1.6265775400194953,,,8.175939219798677,0.0,34.0
HISTORICAL_PRE_V2,btc-updown-15m-1791195300,2026-10-05,False,PRE_A,180,UP,False,True,False,0,False,3.287934507679079,,,13.839072969934035,0.0,34.0
HISTORICAL_PRE_V2,btc-updown-15m-1791195300,2026-10-05,False,PRE_A,120,UP,False,True,False,0,False,2.6857520892218845,,,13.6143341601427,0.0,34.0
HISTORICAL_PRE_V2,btc-updown-15m-1791195300,2026-10-05,False,PRE_A,60,UP,False,True,False,0,False,4.189939442586079,,,10.994177015557893,0.0,34.0
HISTORICAL_PRE_V2,btc-updown-15m-1791197100,2026-10-05,False,PRE_A,180,UP,False,True,False,0,False,2.8952651883878384,,,16.554079398475572,1.0,26.0
HISTORICAL_PRE_V2,btc-updown-15m-1791197100,2026-10-05,False,PRE_A,120,UP,False,True,False,0,False,2.8551349995624014,,,13.06435008606294,1.0,26.0
HISTORICAL_PRE_V2,btc-updown-15m-1791197100,2026-10-05,False,PRE_A,60,UP,False,True,False,0,False,3.4731605073395464,,,10.464188890258278,1.0,26.0
HISTORICAL_PRE_V2,btc-updown-15m-1791198000,2026-10-05,False,PRE_A,300,DOWN,False,True,False,0,False,3.142415869268089,,,19.801367665762164,0.0,30.0
HISTORICAL_PRE_V2,btc-updown-15m-1791198000,2026-10-05,False,PRE_A,180,DOWN,False,True,False,0,False,4.099035979000621,,,20.702445096515547,0.0,30.0
HISTORICAL_PRE_V2,btc-updown-15m-1791198000,2026-10-05,False,PRE_A,120,DOWN,False,True,False,0,False,5.221047585779257,,,20.600823841338553,0.0,30.0
HISTORICAL_PRE_V2,btc-updown-15m-1791198000,2026-10-05,False,PRE_A,60,DOWN,False,True,False,0,False,6.973159308960435,,,20.298709685829166,0.0,30.0
HISTORICAL_PRE_V2,btc-updown-15m-1791198900,2026-10-05,False,PRE_A,300,UP,False,True,False,0,False,1.3389692137746336,,,7.775722724706082,0.0,12.0
HISTORICAL_PRE_V2,btc-updown-15m-1791198900,2026-10-05,False,PRE_A,180,UP,False,True,False,0,False,2.6103434622356962,,,12.262722143957818,0.0,12.0
HISTORICAL_PRE_V2,btc-updown-15m-1791198900,2026-10-05,False,PRE_A,120,UP,False,True,False,0,False,6.902356755508784,,,20.090182713788725,0.0,12.0
HISTORICAL_PRE_V2,btc-updown-15m-1791198900,2026-10-05,False,PRE_A,60,UP,False,True,False,0,False,10.456752711944507,,,25.975829194413212,0.0,12.0
HISTORICAL_PRE_V2,btc-updown-15m-1791199800,2026-10-05,False,PRE_A,300,DOWN,False,False,,,,2.621663439554486,,,16.07895423940088,,
HISTORICAL_PRE_V2,btc-updown-15m-1791200700,2026-10-05,False,PRE_A,60,UP,False,True,False,0,False,5.60642705970607,,,12.699000561719958,0.0,0.0
HISTORICAL_PRE_V2,btc-updown-15m-1791201600,2026-10-05,False,PRE_A,300,DOWN,False,True,False,0,False,2.0034112736597094,,,10.378243318524953,0.0,10.0
HISTORICAL_PRE_V2,btc-updown-15m-1791201600,2026-10-05,False,PRE_A,180,DOWN,False,True,False,0,False,2.8405804104297636,,,13.329173259855457,0.0,10.0
HISTORICAL_PRE_V2,btc-updown-15m-1791201600,2026-10-05,False,PRE_A,120,DOWN,False,True,False,0,False,2.568446623556701,,,12.430898933604594,0.0,10.0
HISTORICAL_PRE_V2,btc-updown-15m-1791201600,2026-10-05,False,PRE_A,60,DOWN,False,True,False,0,False,3.323483468972719,,,10.05852815853196,0.0,10.0
HISTORICAL_PRE_V2,btc-updown-15m-1791202500,2026-10-05,False,PRE_A,120,DOWN,False,True,False,0,False,1.909611070124809,,,7.8598444594108035,0.0,0.0
HISTORICAL_PRE_V2,btc-updown-15m-1791202500,2026-10-05,False,PRE_A,60,DOWN,False,True,False,0,False,3.360802261331385,,,7.740369897611671,0.0,0.0
HISTORICAL_PRE_V2,btc-updown-15m-1791203400,2026-10-05,False,PRE_A,300,DOWN,False,True,False,0,False,3.20579973629587,,,21.16769716745632,0.0,36.0
HISTORICAL_PRE_V2,btc-updown-15m-1791203400,2026-10-05,False,PRE_A,180,DOWN,False,True,False,0,False,3.9877138692025396,,,19.263042647641992,0.0,36.0
HISTORICAL_PRE_V2,btc-updown-15m-1791203400,2026-10-05,False,PRE_A,120,DOWN,False,True,False,0,False,4.70594404987813,,,18.77487874303921,0.0,36.0
HISTORICAL_PRE_V2,btc-updown-15m-1791203400,2026-10-05,False,PRE_A,60,DOWN,False,True,False,0,False,4.68015677807968,,,16.929837899757633,0.0,36.0
HISTORICAL_PRE_V2,btc-updown-15m-1791205200,2026-10-05,False,PRE_A,300,UP,False,True,False,0,False,4.021447318124374,,,22.36656234596139,0.0,21.0
HISTORICAL_PRE_V2,btc-updown-15m-1791205200,2026-10-05,False,PRE_A,180,UP,False,True,False,0,False,5.5197841067321,,,25.46782170132248,0.0,21.0
HISTORICAL_PRE_V2,btc-updown-15m-1791205200,2026-10-05,False,PRE_A,120,UP,False,True,False,0,False,6.989318947910251,,,26.908074222312305,0.0,21.0
HISTORICAL_PRE_V2,btc-updown-15m-1791205200,2026-10-05,False,PRE_A,60,UP,False,True,False,0,False,9.904172173783518,,,27.90179394059227,0.0,21.0
HISTORICAL_PRE_V2,btc-updown-15m-1791206100,2026-10-05,False,PRE_A,300,DOWN,False,True,False,0,False,1.6246713718087455,,,7.344181770024597,2.0,38.0
HISTORICAL_PRE_V2,btc-updown-15m-1791206100,2026-10-05,False,PRE_A,180,DOWN,False,True,False,0,False,2.2313056180413358,,,12.1549117414891,2.0,38.0
HISTORICAL_PRE_V2,btc-updown-15m-1791206100,2026-10-05,False,PRE_A,120,DOWN,False,True,False,0,False,2.710571571177041,,,10.198468035456838,2.0,38.0
HISTORICAL_PRE_V2,btc-updown-15m-1791206100,2026-10-05,False,PRE_A,60,DOWN,False,True,False,0,False,1.3380204210349016,,,6.456000431121498,2.0,38.0
HISTORICAL_PRE_V2,btc-updown-15m-1791209700,2026-10-05,False,PRE_A,300,DOWN,False,True,False,0,False,5.209603276424282,,,36.06025285406136,0.0,0.0
HISTORICAL_PRE_V2,btc-updown-15m-1791209700,2026-10-05,False,PRE_A,180,DOWN,False,True,False,0,False,7.206736521328988,,,32.02037761056002,0.0,0.0
HISTORICAL_PRE_V2,btc-updown-15m-1791209700,2026-10-05,False,PRE_A,120,DOWN,False,True,False,0,False,10.454547982539083,,,38.13065384922598,0.0,0.0
HISTORICAL_PRE_V2,btc-updown-15m-1791209700,2026-10-05,False,PRE_A,60,DOWN,False,True,False,0,False,15.718316612994656,,,42.51950218783521,0.0,0.0
HISTORICAL_PRE_V2,btc-updown-15m-1791210600,2026-10-05,False,PRE_A,300,DOWN,False,True,False,0,False,12.16874300769741,,,70.94002796211899,0.0,14.0
HISTORICAL_PRE_V2,btc-updown-15m-1791210600,2026-10-05,False,PRE_A,180,DOWN,False,True,False,0,False,11.824308025643704,,,64.86370510688741,0.0,14.0
HISTORICAL_PRE_V2,btc-updown-15m-1791210600,2026-10-05,False,PRE_A,60,DOWN,False,True,False,0,False,20.838877755948,,,57.28532904504633,0.0,14.0
HISTORICAL_PRE_V2,btc-updown-15m-1791211500,2026-10-05,False,PRE_A,180,DOWN,False,True,False,0,False,6.402087184228467,,,26.03466018299813,0.0,10.0
HISTORICAL_PRE_V2,btc-updown-15m-1791211500,2026-10-05,False,PRE_A,120,DOWN,False,True,False,0,False,5.504901177834718,,,26.631346407836237,0.0,10.0
HISTORICAL_PRE_V2,btc-updown-15m-1791211500,2026-10-05,False,PRE_A,60,DOWN,False,True,False,0,False,6.869656417321736,,,18.255370862335493,0.0,10.0
HISTORICAL_PRE_V2,btc-updown-15m-1791217800,2026-10-05,False,PRE_A,300,UP,False,False,,,,2.4858012143701007,,,15.484150433942665,4.0,53.0
HISTORICAL_PRE_V2,btc-updown-15m-1791217800,2026-10-05,False,PRE_A,180,UP,False,False,,,,1.7725485878695,,,10.161090934423873,4.0,53.0
HISTORICAL_PRE_V2,btc-updown-15m-1791217800,2026-10-05,False,PRE_A,120,UP,False,False,,,,1.2585559359324796,,,6.586338835750097,4.0,53.0
HISTORICAL_PRE_V2,btc-updown-15m-1791218700,2026-10-05,False,PRE_A,300,UP,False,True,False,0,False,2.4232562255487204,,,15.623896423454585,0.0,32.0
HISTORICAL_PRE_V2,btc-updown-15m-1791218700,2026-10-05,False,PRE_A,180,UP,False,True,False,0,False,3.119735104157642,,,14.188787308508752,0.0,32.0
HISTORICAL_PRE_V2,btc-updown-15m-1791218700,2026-10-05,False,PRE_A,120,UP,False,True,False,0,False,3.8865387445932633,,,15.081553607715325,0.0,32.0
HISTORICAL_PRE_V2,btc-updown-15m-1791218700,2026-10-05,False,PRE_A,60,UP,False,True,False,0,False,6.6967366232278165,,,16.94727193339527,0.0,32.0
HISTORICAL_PRE_V2,btc-updown-15m-1791220500,2026-10-05,False,PRE_A,300,UP,False,True,False,0,False,1.787560980373197,,,8.911582333122357,0.0,24.0
HISTORICAL_PRE_V2,btc-updown-15m-1791220500,2026-10-05,False,PRE_A,180,UP,False,True,False,0,False,2.704372007397659,,,12.608459707142517,0.0,24.0
HISTORICAL_PRE_V2,btc-updown-15m-1791220500,2026-10-05,False,PRE_A,120,UP,False,True,False,0,False,3.313423594652124,,,13.1203075040313,0.0,24.0
HISTORICAL_PRE_V2,btc-updown-15m-1791220500,2026-10-05,False,PRE_A,60,UP,False,True,False,0,False,5.054173373890124,,,13.921052880096717,0.0,24.0
HISTORICAL_PRE_V2,btc-updown-15m-1791221400,2026-10-05,False,PRE_A,300,DOWN,False,True,False,0,False,0.9103114774901371,,,6.114457129823635,1.0,20.0
HISTORICAL_PRE_V2,btc-updown-15m-1791221400,2026-10-05,False,PRE_A,180,DOWN,False,True,False,0,False,0.8050816990072768,,,3.84790528597144,1.0,20.0
HISTORICAL_PRE_V2,btc-updown-15m-1791221400,2026-10-05,False,PRE_A,120,DOWN,False,True,False,0,False,1.106597475873656,,,4.107608886377063,1.0,20.0
HISTORICAL_PRE_V2,btc-updown-15m-1791221400,2026-10-05,False,PRE_A,60,DOWN,False,True,False,0,False,2.028068967640247,,,5.493139573627498,1.0,20.0
HISTORICAL_PRE_V2,btc-updown-15m-1791222300,2026-10-05,False,PRE_A,300,UP,False,True,False,0,False,0.8984575902424614,,,4.89106478590873,2.0,25.0
HISTORICAL_PRE_V2,btc-updown-15m-1791222300,2026-10-05,False,PRE_A,180,UP,False,True,False,0,False,1.4757751678647417,,,5.958448580524029,2.0,25.0
HISTORICAL_PRE_V2,btc-updown-15m-1791222300,2026-10-05,False,PRE_A,120,UP,False,True,False,0,False,1.97472866094767,,,7.730856448179058,2.0,25.0
HISTORICAL_PRE_V2,btc-updown-15m-1791223200,2026-10-05,False,PRE_A,300,DOWN,True,False,,,,0.6557662913895832,,,5.503560703950824,,
HISTORICAL_PRE_V2,btc-updown-15m-1791223200,2026-10-05,False,PRE_A,180,DOWN,True,False,,,,1.0538594119549636,,,5.104765631833996,,
HISTORICAL_PRE_V2,btc-updown-15m-1791223200,2026-10-05,False,PRE_A,120,DOWN,True,False,,,,1.1574601155501643,,,4.770211626857845,,
HISTORICAL_PRE_V2,btc-updown-15m-1791223200,2026-10-05,False,PRE_A,60,DOWN,True,False,,,,0.4628312428374612,,,2.3804367948736336,,
HISTORICAL_PRE_V2,btc-updown-15m-1791224100,2026-10-05,False,PRE_A,300,UP,False,True,False,0,False,1.5851767300232205,,,9.200139121662897,0.0,18.0
HISTORICAL_PRE_V2,btc-updown-15m-1791224100,2026-10-05,False,PRE_A,180,UP,False,True,False,0,False,2.2198807820385973,,,8.974800533177033,0.0,18.0
HISTORICAL_PRE_V2,btc-updown-15m-1791224100,2026-10-05,False,PRE_A,120,UP,False,True,False,0,False,2.768573812367501,,,10.384851622286016,0.0,18.0
HISTORICAL_PRE_V2,btc-updown-15m-1791224100,2026-10-05,False,PRE_A,60,UP,False,True,False,0,False,6.9768551161234535,,,16.95415209013236,0.0,18.0
HISTORICAL_PRE_V2,btc-updown-15m-1791225000,2026-10-05,False,PRE_A,300,UP,False,True,False,0,False,0.5896316182806233,,,3.6909523803912303,3.0,30.0
HISTORICAL_PRE_V2,btc-updown-15m-1791225000,2026-10-05,False,PRE_A,180,UP,False,True,False,0,False,0.39403914803534973,,,1.9089688490364498,3.0,30.0
HISTORICAL_PRE_V2,btc-updown-15m-1791225000,2026-10-05,False,PRE_A,120,UP,False,True,False,0,False,0.2142548614018911,,,1.2793350237628283,3.0,30.0
HISTORICAL_PRE_V2,btc-updown-15m-1791225000,2026-10-05,False,PRE_A,60,UP,False,True,False,0,False,1.275471468300583,,,3.9902449260024966,3.0,30.0
HISTORICAL_PRE_V2,btc-updown-15m-1791225900,2026-10-05,False,PRE_A,300,DOWN,True,True,True,1,False,0.0329246670259294,,,1.0639665822992102,8.0,25.0
HISTORICAL_PRE_V2,btc-updown-15m-1791225900,2026-10-05,False,PRE_A,180,UP,False,True,False,0,False,0.6869981397749678,,,2.796074205581638,8.0,25.0
HISTORICAL_PRE_V2,btc-updown-15m-1791225900,2026-10-05,False,PRE_A,120,UP,False,True,False,0,False,0.9514802738100094,,,3.075336303062367,8.0,25.0
HISTORICAL_PRE_V2,btc-updown-15m-1791225900,2026-10-05,False,PRE_A,60,UP,False,True,False,0,False,1.1253608078334782,,,3.5546161890498538,8.0,25.0
HISTORICAL_PRE_V2,btc-updown-15m-1791226800,2026-10-05,False,PRE_A,300,DOWN,True,True,True,1,False,1.0984170050994098,,,7.812209870560438,2.0,42.0
HISTORICAL_PRE_V2,btc-updown-15m-1791226800,2026-10-05,False,PRE_A,180,DOWN,True,True,True,1,False,0.3249705601726493,,,2.021575129059494,2.0,42.0
HISTORICAL_PRE_V2,btc-updown-15m-1791226800,2026-10-05,False,PRE_A,120,UP,False,True,False,0,False,0.24497526322038657,,,0.19019091120549778,2.0,42.0
HISTORICAL_PRE_V2,btc-updown-15m-1791226800,2026-10-05,False,PRE_A,60,UP,False,True,False,0,False,0.8615986068642016,,,1.8169484562802674,2.0,42.0
HISTORICAL_PRE_V2,btc-updown-15m-1791227700,2026-10-05,False,PRE_A,300,UP,False,True,False,0,False,1.1030420382013768,,,7.569305796171334,1.0,39.0
HISTORICAL_PRE_V2,btc-updown-15m-1791227700,2026-10-05,False,PRE_A,180,UP,False,True,False,0,False,1.494329256553221,,,8.163472790977023,1.0,39.0
HISTORICAL_PRE_V2,btc-updown-15m-1791227700,2026-10-05,False,PRE_A,120,UP,False,True,False,0,False,1.5145040623526431,,,6.4676908150796875,1.0,39.0
HISTORICAL_PRE_V2,btc-updown-15m-1791227700,2026-10-05,False,PRE_A,60,UP,False,True,False,0,False,2.2069541573549594,,,6.008959931277203,1.0,39.0
HISTORICAL_PRE_V2,btc-updown-15m-1791228600,2026-10-05,False,PRE_A,300,DOWN,False,True,True,2,True,0.5891776344005416,,,5.422451940657607,4.0,29.0
HISTORICAL_PRE_V2,btc-updown-15m-1791228600,2026-10-05,False,PRE_A,180,DOWN,False,True,True,2,True,0.48852896937502727,,,2.6610946333744403,4.0,29.0
HISTORICAL_PRE_V2,btc-updown-15m-1791228600,2026-10-05,False,PRE_A,120,DOWN,False,True,True,2,True,0.2672153863474571,,,0.6205115537551107,4.0,29.0
HISTORICAL_PRE_V2,btc-updown-15m-1791228600,2026-10-05,False,PRE_A,60,UP,True,True,True,1,False,0.38356505181065625,,,1.103059286062072,4.0,29.0
HISTORICAL_PRE_V2,btc-updown-15m-1791229500,2026-10-05,False,PRE_A,300,DOWN,True,True,True,1,False,1.0177224094608637,,,3.01408195567941,1.0,29.0
HISTORICAL_PRE_V2,btc-updown-15m-1791229500,2026-10-05,False,PRE_A,180,DOWN,True,True,True,1,False,0.4651505910891322,,,2.9728936407993793,1.0,29.0
HISTORICAL_PRE_V2,btc-updown-15m-1791229500,2026-10-05,False,PRE_A,120,DOWN,True,True,True,1,False,0.0032278234114744503,,,1.754411076702095,1.0,29.0
HISTORICAL_PRE_V2,btc-updown-15m-1791229500,2026-10-05,False,PRE_A,60,UP,False,True,False,0,False,0.47690782783964175,,,0.2586027793685603,1.0,29.0
HISTORICAL_PRE_V2,btc-updown-15m-1791230400,2026-10-05,False,PRE_A,300,DOWN,False,True,False,0,False,0.5595594705522489,,,3.671325210418388,2.0,29.0
HISTORICAL_PRE_V2,btc-updown-15m-1791230400,2026-10-05,False,PRE_A,180,DOWN,False,True,False,0,False,0.8635550685776703,,,4.590777113314883,2.0,29.0
HISTORICAL_PRE_V2,btc-updown-15m-1791230400,2026-10-05,False,PRE_A,120,DOWN,False,True,False,0,False,1.1547083077821938,,,4.229963932742724,2.0,29.0
HISTORICAL_PRE_V2,btc-updown-15m-1791230400,2026-10-05,False,PRE_A,60,DOWN,False,True,False,0,False,1.973133844874879,,,4.657899935348242,2.0,29.0
HISTORICAL_PRE_V2,btc-updown-15m-1791231300,2026-10-05,False,PRE_A,300,UP,False,True,False,0,False,1.928896875453346,,,12.245603425501871,0.0,14.0
HISTORICAL_PRE_V2,btc-updown-15m-1791231300,2026-10-05,False,PRE_A,180,UP,False,True,False,0,False,2.100956504291619,,,11.213727171342814,0.0,14.0
HISTORICAL_PRE_V2,btc-updown-15m-1791231300,2026-10-05,False,PRE_A,120,UP,False,True,False,0,False,2.597729352513506,,,10.274304687717958,0.0,14.0
HISTORICAL_PRE_V2,btc-updown-15m-1791231300,2026-10-05,False,PRE_A,60,UP,False,True,False,0,False,3.774942123065801,,,10.58674227164565,0.0,14.0
HISTORICAL_PRE_V2,btc-updown-15m-1791232200,2026-10-05,False,PRE_A,300,UP,False,True,False,0,False,0.5793274916773118,,,4.2305613410955845,2.0,14.0
HISTORICAL_PRE_V2,btc-updown-15m-1791232200,2026-10-05,False,PRE_A,180,UP,False,True,False,0,False,1.0145756898136298,,,3.8906192256373857,2.0,14.0
HISTORICAL_PRE_V2,btc-updown-15m-1791232200,2026-10-05,False,PRE_A,120,UP,False,True,False,0,False,1.3410034493680496,,,5.02649900688697,2.0,14.0
HISTORICAL_PRE_V2,btc-updown-15m-1791232200,2026-10-05,False,PRE_A,60,UP,False,True,False,0,False,1.4838768286616848,,,4.462818532636346,2.0,14.0
HISTORICAL_PRE_V2,btc-updown-15m-1791233100,2026-10-05,False,PRE_A,300,UP,True,True,True,1,False,0.1634103471494608,,,1.1141398958925135,2.0,23.0
HISTORICAL_PRE_V2,btc-updown-15m-1791233100,2026-10-05,False,PRE_A,180,UP,True,True,True,1,False,0.30471681368241893,,,2.8321211790920726,2.0,23.0
HISTORICAL_PRE_V2,btc-updown-15m-1791233100,2026-10-05,False,PRE_A,120,UP,True,True,True,1,False,0.10023756374325571,,,0.4999449527504582,2.0,23.0
HISTORICAL_PRE_V2,btc-updown-15m-1791233100,2026-10-05,False,PRE_A,60,UP,True,True,True,1,False,0.17463608868559768,,,0.12718825857772587,2.0,23.0
HISTORICAL_PRE_V2,btc-updown-15m-1791234000,2026-10-05,False,PRE_A,300,DOWN,False,True,False,0,False,0.9061523271411055,,,5.016068486467315,0.0,12.0
HISTORICAL_PRE_V2,btc-updown-15m-1791234000,2026-10-05,False,PRE_A,180,DOWN,False,True,False,0,False,1.8299969714272548,,,7.763150966675144,0.0,12.0
HISTORICAL_PRE_V2,btc-updown-15m-1791234000,2026-10-05,False,PRE_A,60,DOWN,False,True,False,0,False,2.5187097319671556,,,9.254907612784256,0.0,12.0
HISTORICAL_PRE_V2,btc-updown-15m-1791234900,2026-10-05,False,PRE_A,300,UP,False,False,,,,1.542099467413972,,,9.883938240283186,0.0,2.0
HISTORICAL_PRE_V2,btc-updown-15m-1791234900,2026-10-05,False,PRE_A,120,UP,False,True,False,0,False,2.9420439575344832,,,9.874361514769683,0.0,2.0
HISTORICAL_PRE_V2,btc-updown-15m-1791234900,2026-10-05,False,PRE_A,60,UP,False,True,False,0,False,3.956011909123479,,,11.217334992512248,0.0,2.0
HISTORICAL_PRE_V2,btc-updown-15m-1791235800,2026-10-05,False,PRE_A,300,UP,False,True,False,0,False,1.5309964335102797,,,9.508572956580913,1.0,13.0
HISTORICAL_PRE_V2,btc-updown-15m-1791235800,2026-10-05,False,PRE_A,180,UP,False,True,False,0,False,1.9963832232471528,,,9.522784818937366,1.0,13.0
HISTORICAL_PRE_V2,btc-updown-15m-1791235800,2026-10-05,False,PRE_A,120,UP,False,True,False,0,False,2.462806110879977,,,9.563944658268738,1.0,13.0
HISTORICAL_PRE_V2,btc-updown-15m-1791235800,2026-10-05,False,PRE_A,60,UP,False,True,False,0,False,4.059261070838805,,,10.830573811769499,1.0,13.0
HISTORICAL_PRE_V2,btc-updown-15m-1791236700,2026-10-05,False,PRE_A,300,UP,False,True,False,0,False,0.9161151505631201,,,4.900892494272864,1.0,20.0
HISTORICAL_PRE_V2,btc-updown-15m-1791236700,2026-10-05,False,PRE_A,180,UP,False,True,False,0,False,1.5310749385271205,,,7.126117820075679,1.0,20.0
HISTORICAL_PRE_V2,btc-updown-15m-1791236700,2026-10-05,False,PRE_A,120,UP,False,True,False,0,False,1.2380896879187278,,,5.260990637692026,1.0,20.0
HISTORICAL_PRE_V2,btc-updown-15m-1791236700,2026-10-05,False,PRE_A,60,UP,False,True,False,0,False,1.5878719951037963,,,4.8230161821012105,1.0,20.0
HISTORICAL_PRE_V2,btc-updown-15m-1791237600,2026-10-05,False,PRE_A,300,DOWN,True,True,True,1,False,1.784428117391353,,,10.274481564098833,2.0,30.0
HISTORICAL_PRE_V2,btc-updown-15m-1791237600,2026-10-05,False,PRE_A,180,DOWN,True,True,True,1,False,0.4978586689610399,,,3.6614829538287523,2.0,30.0
HISTORICAL_PRE_V2,btc-updown-15m-1791237600,2026-10-05,False,PRE_A,120,DOWN,True,True,True,1,False,0.16981924559525202,,,1.3046692812590814,2.0,30.0
HISTORICAL_PRE_V2,btc-updown-15m-1791237600,2026-10-05,False,PRE_A,60,UP,False,True,False,0,False,0.7199490753391993,,,1.1089566600745133,2.0,30.0
HISTORICAL_PRE_V2,btc-updown-15m-1791238500,2026-10-05,False,PRE_A,300,DOWN,True,True,True,1,False,0.4404427110725294,,,2.9543463704944317,2.0,16.0
HISTORICAL_PRE_V2,btc-updown-15m-1791238500,2026-10-05,False,PRE_A,180,DOWN,True,True,True,1,False,0.90848834102031,,,2.457759316404892,2.0,16.0
HISTORICAL_PRE_V2,btc-updown-15m-1791238500,2026-10-05,False,PRE_A,120,DOWN,True,True,True,1,False,1.5619019453048162,,,5.47828765664862,2.0,16.0
HISTORICAL_PRE_V2,btc-updown-15m-1791238500,2026-10-05,False,PRE_A,60,DOWN,True,True,True,1,False,0.5305843874224324,,,3.031851085008458,2.0,16.0
HISTORICAL_PRE_V2,btc-updown-15m-1791239400,2026-10-05,False,PRE_A,300,DOWN,False,False,,,,0.9332352950675191,,,5.89070458608463,1.0,40.0
HISTORICAL_PRE_V2,btc-updown-15m-1791239400,2026-10-05,False,PRE_A,180,DOWN,False,True,False,0,False,1.1876517490215073,,,5.673751675157231,1.0,40.0
HISTORICAL_PRE_V2,btc-updown-15m-1791239400,2026-10-05,False,PRE_A,120,DOWN,False,True,False,0,False,1.3328027131894313,,,5.302597186614465,1.0,40.0
HISTORICAL_PRE_V2,btc-updown-15m-1791239400,2026-10-05,False,PRE_A,60,DOWN,False,True,False,0,False,0.7009055887854889,,,3.578927866171642,1.0,40.0
HISTORICAL_PRE_V2,btc-updown-15m-1791240300,2026-10-05,False,PRE_A,300,DOWN,False,True,False,0,False,1.3741153670145627,,,8.269439963126047,1.0,17.0
HISTORICAL_PRE_V2,btc-updown-15m-1791240300,2026-10-05,False,PRE_A,180,DOWN,False,True,False,0,False,1.0807048967366752,,,5.876320497574702,1.0,17.0
HISTORICAL_PRE_V2,btc-updown-15m-1791240300,2026-10-05,False,PRE_A,120,DOWN,False,True,False,0,False,1.2936418807788146,,,5.05483743045597,1.0,17.0
HISTORICAL_PRE_V2,btc-updown-15m-1791240300,2026-10-05,False,PRE_A,60,DOWN,False,True,False,0,False,1.659098506723773,,,4.503269807309387,1.0,17.0
HISTORICAL_PRE_V2,btc-updown-15m-1791241200,2026-10-05,False,PRE_A,300,UP,True,True,True,1,False,2.015189371091027,,,11.769540321893896,2.0,21.0
HISTORICAL_PRE_V2,btc-updown-15m-1791241200,2026-10-05,False,PRE_A,180,UP,True,True,True,1,False,1.8255804968655827,,,9.57281242585454,2.0,21.0
HISTORICAL_PRE_V2,btc-updown-15m-1791241200,2026-10-05,False,PRE_A,120,UP,True,True,True,1,False,1.7824353956785992,,,7.904869352777391,2.0,21.0
HISTORICAL_PRE_V2,btc-updown-15m-1791241200,2026-10-05,False,PRE_A,60,UP,True,True,True,1,False,1.0718410886520457,,,2.7793909094265006,2.0,21.0
HISTORICAL_PRE_V2,btc-updown-15m-1791242100,2026-10-05,False,PRE_A,300,UP,False,True,False,0,False,1.8335412904269397,,,10.998946371748504,0.0,14.0
HISTORICAL_PRE_V2,btc-updown-15m-1791242100,2026-10-05,False,PRE_A,180,UP,False,True,False,0,False,2.3702515443230245,,,11.307831277985052,0.0,14.0
HISTORICAL_PRE_V2,btc-updown-15m-1791242100,2026-10-05,False,PRE_A,120,UP,False,True,False,0,False,1.0818144171440287,,,7.81390609912371,0.0,14.0
HISTORICAL_PRE_V2,btc-updown-15m-1791242100,2026-10-05,False,PRE_A,60,UP,False,True,False,0,False,1.9769248547971396,,,5.094688595173781,0.0,14.0
HISTORICAL_PRE_V2,btc-updown-15m-1791243000,2026-10-05,False,PRE_A,300,DOWN,False,True,False,0,False,1.102554268076104,,,6.885853328298356,1.0,15.0
HISTORICAL_PRE_V2,btc-updown-15m-1791243000,2026-10-05,False,PRE_A,180,DOWN,False,True,False,0,False,1.761536561679638,,,8.092429180616872,1.0,15.0
HISTORICAL_PRE_V2,btc-updown-15m-1791243000,2026-10-05,False,PRE_A,120,DOWN,False,True,False,0,False,2.2686854099422264,,,8.60755702076358,1.0,15.0
HISTORICAL_PRE_V2,btc-updown-15m-1791243000,2026-10-05,False,PRE_A,60,DOWN,False,True,False,0,False,3.9654179209361815,,,9.923620100478475,1.0,15.0
HISTORICAL_PRE_V2,btc-updown-15m-1791243900,2026-10-05,False,PRE_A,300,DOWN,False,True,True,2,True,0.19911742452543385,,,2.94134354522215,2.0,42.0
HISTORICAL_PRE_V2,btc-updown-15m-1791243900,2026-10-05,False,PRE_A,180,DOWN,False,True,False,0,False,0.10223000975170496,,,0.4526099456778706,2.0,42.0
HISTORICAL_PRE_V2,btc-updown-15m-1791243900,2026-10-05,False,PRE_A,120,DOWN,False,True,False,0,False,1.1834011080111018,,,1.812312693051373,2.0,42.0
HISTORICAL_PRE_V2,btc-updown-15m-1791243900,2026-10-05,False,PRE_A,60,DOWN,False,True,False,0,False,1.5304114405802287,,,4.604288460796718,2.0,42.0
NATIVE_V2,btc-updown-15m-1791331200,2026-10-07,False,PRE_A,300,DOWN,True,True,True,1,False,0.2347201155215196,,,5.916227611174381,1.0,22.0
NATIVE_V2,btc-updown-15m-1791331200,2026-10-07,False,PRE_A,180,UP,False,True,False,0,False,0.6746575420474337,,,3.085161095917783,1.0,22.0
NATIVE_V2,btc-updown-15m-1791331200,2026-10-07,False,PRE_A,120,UP,False,True,False,0,False,1.250010312440797,,,2.763800230535351,1.0,22.0
NATIVE_V2,btc-updown-15m-1791331200,2026-10-07,False,PRE_A,60,UP,False,True,False,0,False,0.8961982860824135,,,4.227706615340209,1.0,22.0
NATIVE_V2,btc-updown-15m-1791332100,2026-10-07,False,PRE_A,300,DOWN,False,True,False,0,False,2.102427585836288,,,12.685810347610907,1.0,27.0
NATIVE_V2,btc-updown-15m-1791332100,2026-10-07,False,PRE_A,180,DOWN,False,True,False,0,False,2.7182074624956787,,,12.991297103732071,1.0,27.0
NATIVE_V2,btc-updown-15m-1791332100,2026-10-07,False,PRE_A,120,DOWN,False,True,False,0,False,3.6555281161797994,,,13.762190029314903,1.0,27.0
NATIVE_V2,btc-updown-15m-1791332100,2026-10-07,False,PRE_A,60,DOWN,False,True,False,0,False,5.249181656240034,,,14.462884735789423,1.0,27.0
NATIVE_V2,btc-updown-15m-1791333000,2026-10-07,False,PRE_A,300,UP,False,False,,,,0.946600476726198,,,6.560827315531104,1.0,21.0
NATIVE_V2,btc-updown-15m-1791333000,2026-10-07,False,PRE_A,180,UP,False,False,,,,1.5491968939653769,,,6.475661115297405,1.0,21.0
NATIVE_V2,btc-updown-15m-1791333000,2026-10-07,False,PRE_A,120,UP,False,True,False,0,False,1.8189441849604961,,,7.203473240024389,1.0,21.0
NATIVE_V2,btc-updown-15m-1791333000,2026-10-07,False,PRE_A,60,UP,False,True,False,0,False,2.975821291211678,,,7.478455807696675,1.0,21.0
NATIVE_V2,btc-updown-15m-1791333900,2026-10-07,False,PRE_A,300,UP,False,True,False,0,False,0.1834730703457945,,,1.4062062734285645,2.0,36.0
NATIVE_V2,btc-updown-15m-1791333900,2026-10-07,False,PRE_A,180,UP,False,True,False,0,False,0.2557928204581451,,,1.3798307200180433,2.0,36.0
NATIVE_V2,btc-updown-15m-1791333900,2026-10-07,False,PRE_A,120,UP,False,True,False,0,False,1.1403063765958457,,,1.483337007457613,2.0,36.0
NATIVE_V2,btc-updown-15m-1791333900,2026-10-07,False,PRE_A,60,UP,False,True,False,0,False,1.8114653494820565,,,5.377696810083626,2.0,36.0
NATIVE_V2,btc-updown-15m-1791334800,2026-10-07,False,PRE_A,300,DOWN,False,True,False,0,False,1.2911966329084894,,,7.897441731402933,0.0,14.0
NATIVE_V2,btc-updown-15m-1791334800,2026-10-07,False,PRE_A,120,DOWN,False,True,False,0,False,3.628737231649301,,,14.241221285053529,0.0,14.0
NATIVE_V2,btc-updown-15m-1791334800,2026-10-07,False,PRE_A,60,DOWN,False,True,False,0,False,4.829201613532508,,,13.604768873667734,0.0,14.0
NATIVE_V2,btc-updown-15m-1791335700,2026-10-07,False,PRE_A,300,DOWN,False,True,False,0,False,2.460594641606407,,,15.455757970150271,0.0,20.0
NATIVE_V2,btc-updown-15m-1791335700,2026-10-07,False,PRE_A,180,DOWN,False,True,False,0,False,3.3669171348228435,,,14.861639832241911,0.0,20.0
NATIVE_V2,btc-updown-15m-1791335700,2026-10-07,False,PRE_A,120,DOWN,False,True,False,0,False,4.485199469446649,,,16.33238702008247,0.0,20.0
NATIVE_V2,btc-updown-15m-1791335700,2026-10-07,False,PRE_A,60,DOWN,False,True,False,0,False,6.567422345654297,,,18.05542066502147,0.0,20.0
NATIVE_V2,btc-updown-15m-1791336600,2026-10-07,False,PRE_A,300,DOWN,True,True,True,1,False,0.3599057542069045,,,3.9237944692665714,4.0,35.0
NATIVE_V2,btc-updown-15m-1791336600,2026-10-07,False,PRE_A,180,DOWN,True,True,True,1,False,0.886920926511117,,,0.03196166577354811,4.0,35.0
NATIVE_V2,btc-updown-15m-1791336600,2026-10-07,False,PRE_A,120,UP,False,True,False,0,False,0.25851817364381846,,,2.1641211335950095,4.0,35.0
NATIVE_V2,btc-updown-15m-1791336600,2026-10-07,False,PRE_A,60,UP,False,True,False,0,False,0.3034924011007723,,,2.422621042231761,4.0,35.0
NATIVE_V2,btc-updown-15m-1791337500,2026-10-07,False,PRE_A,300,DOWN,False,True,False,0,False,4.043669508937139,,,16.9793255303125,1.0,39.0
NATIVE_V2,btc-updown-15m-1791337500,2026-10-07,False,PRE_A,180,DOWN,False,True,False,0,False,6.470786261845655,,,26.55364438802123,1.0,39.0
NATIVE_V2,btc-updown-15m-1791337500,2026-10-07,False,PRE_A,120,DOWN,False,True,False,0,False,12.52773866091181,,,48.88877732902056,1.0,39.0
NATIVE_V2,btc-updown-15m-1791337500,2026-10-07,False,PRE_A,60,DOWN,False,True,False,0,False,24.654647464132246,,,69.58048108116927,1.0,39.0
NATIVE_V2,btc-updown-15m-1791338400,2026-10-07,False,PRE_A,300,DOWN,False,True,False,0,False,7.28279850441294,,,73.30412453008272,0.0,5.0
NATIVE_V2,btc-updown-15m-1791338400,2026-10-07,False,PRE_A,180,DOWN,False,True,False,0,False,14.421412648233185,,,65.4816752172532,0.0,5.0
NATIVE_V2,btc-updown-15m-1791338400,2026-10-07,False,PRE_A,120,DOWN,False,True,False,0,False,18.88506436847044,,,70.09492373004471,0.0,5.0
NATIVE_V2,btc-updown-15m-1791338400,2026-10-07,False,PRE_A,60,DOWN,False,True,False,0,False,28.738582749677676,,,77.4676488053688,0.0,5.0
NATIVE_V2,btc-updown-15m-1791339300,2026-10-07,False,POST_A,300,DOWN,False,True,False,0,False,1.3881439660775161,,,11.50194478871312,4.0,88.0
NATIVE_V2,btc-updown-15m-1791339300,2026-10-07,False,POST_A,180,DOWN,False,True,False,0,False,4.706157455009958,,,18.452530254957036,4.0,88.0
NATIVE_V2,btc-updown-15m-1791339300,2026-10-07,False,POST_A,120,DOWN,False,True,False,0,False,5.999660275017956,,,23.864062084236703,4.0,88.0
NATIVE_V2,btc-updown-15m-1791339300,2026-10-07,False,POST_A,60,DOWN,False,True,False,0,False,5.202122521130828,,,19.3341213105088,4.0,88.0
NATIVE_V2,btc-updown-15m-1791340200,2026-10-07,False,POST_A,300,UP,True,True,True,1,False,0.724753713136995,,,5.978620464196316,1.0,23.0
NATIVE_V2,btc-updown-15m-1791340200,2026-10-07,False,POST_A,180,UP,True,True,True,1,False,0.18927872014561037,,,1.5198077264678544,1.0,23.0
NATIVE_V2,btc-updown-15m-1791340200,2026-10-07,False,POST_A,120,DOWN,False,True,False,0,False,0.8452636019234993,,,0.729053263169593,1.0,23.0
NATIVE_V2,btc-updown-15m-1791340200,2026-10-07,False,POST_A,60,DOWN,False,True,False,0,False,0.8716590236678708,,,3.186092633425787,1.0,23.0
NATIVE_V2,btc-updown-15m-1791341100,2026-10-07,False,POST_A,300,UP,False,False,,,,1.1029286634413604,,,4.104904637714208,0.0,51.0
NATIVE_V2,btc-updown-15m-1791341100,2026-10-07,False,POST_A,180,UP,False,True,False,0,False,1.369198409017741,,,5.037168566136783,0.0,51.0
NATIVE_V2,btc-updown-15m-1791341100,2026-10-07,False,POST_A,120,UP,False,True,False,0,False,1.2835967648383246,,,5.668337463980266,0.0,51.0
NATIVE_V2,btc-updown-15m-1791341100,2026-10-07,False,POST_A,60,UP,False,True,False,0,False,3.0050405024571116,,,5.978259070777955,0.0,51.0
NATIVE_V2,btc-updown-15m-1791342000,2026-10-07,False,POST_A,300,UP,False,True,False,0,False,4.213048973930713,,,27.1735385220109,1.0,22.0
NATIVE_V2,btc-updown-15m-1791342000,2026-10-07,False,POST_A,180,UP,False,True,False,0,False,4.514953794711664,,,22.483405700255464,1.0,22.0
NATIVE_V2,btc-updown-15m-1791342000,2026-10-07,False,POST_A,120,UP,False,True,False,0,False,4.344936094523991,,,19.80674690918338,1.0,22.0
NATIVE_V2,btc-updown-15m-1791342000,2026-10-07,False,POST_A,60,UP,False,True,False,0,False,4.8333580912782566,,,14.546824054469177,1.0,22.0
NATIVE_V2,btc-updown-15m-1791342900,2026-10-07,False,POST_A,300,UP,False,True,False,0,False,1.471655307525481,,,8.328765246465139,0.0,42.0
NATIVE_V2,btc-updown-15m-1791342900,2026-10-07,False,POST_A,180,UP,False,True,False,0,False,2.666930097227296,,,12.542039197609474,0.0,42.0
NATIVE_V2,btc-updown-15m-1791342900,2026-10-07,False,POST_A,120,UP,False,True,False,0,False,1.6959411278658516,,,10.933282138676232,0.0,42.0
NATIVE_V2,btc-updown-15m-1791342900,2026-10-07,False,POST_A,60,UP,False,True,False,0,False,0.9301404486764995,,,5.607023262085396,0.0,42.0
NATIVE_V2,btc-updown-15m-1791343800,2026-10-07,False,POST_A,300,UP,False,True,False,0,False,2.9923142247723,,,17.74578123446131,0.0,18.0
NATIVE_V2,btc-updown-15m-1791343800,2026-10-07,False,POST_A,180,UP,False,True,False,0,False,3.9410666622042188,,,18.860560540762975,0.0,18.0
NATIVE_V2,btc-updown-15m-1791343800,2026-10-07,False,POST_A,120,UP,False,True,False,0,False,4.829531513127063,,,19.109360736371844,0.0,18.0
NATIVE_V2,btc-updown-15m-1791343800,2026-10-07,False,POST_A,60,UP,False,True,False,0,False,7.706923623764947,,,20.19347294082754,0.0,18.0
NATIVE_V2,btc-updown-15m-1791344700,2026-10-07,False,POST_A,300,UP,True,True,True,1,False,1.1518172238719515,,,8.975886604601914,2.0,37.0
NATIVE_V2,btc-updown-15m-1791344700,2026-10-07,False,POST_A,180,UP,True,True,True,1,False,1.557588161981475,,,7.813000693174713,2.0,37.0
NATIVE_V2,btc-updown-15m-1791344700,2026-10-07,False,POST_A,120,UP,True,True,True,1,False,0.6070711978233766,,,5.114352309311024,2.0,37.0
NATIVE_V2,btc-updown-15m-1791344700,2026-10-07,False,POST_A,60,UP,True,True,True,1,False,0.37155431812293493,,,1.4195748732490425,2.0,37.0
NATIVE_V2,btc-updown-15m-1791345600,2026-10-07,False,POST_A,300,DOWN,True,True,True,1,False,0.0885625609539514,,,1.1386113345306823,2.0,37.0
NATIVE_V2,btc-updown-15m-1791345600,2026-10-07,False,POST_A,180,UP,False,True,False,0,False,0.06553555570726019,,,0.321586278152586,2.0,37.0
NATIVE_V2,btc-updown-15m-1791345600,2026-10-07,False,POST_A,120,UP,False,True,False,0,False,0.16109082265166355,,,0.6145639619061337,2.0,37.0
NATIVE_V2,btc-updown-15m-1791345600,2026-10-07,False,POST_A,60,UP,False,True,False,0,False,0.4151858661025704,,,0.49667511928324376,2.0,37.0
NATIVE_V2,btc-updown-15m-1791346500,2026-10-07,False,POST_A,300,DOWN,False,True,True,2,True,0.9186172128734892,,,4.49673352238404,2.0,27.0
NATIVE_V2,btc-updown-15m-1791346500,2026-10-07,False,POST_A,180,UP,True,True,True,1,False,0.7031137909426358,,,0.47515504917553936,2.0,27.0
NATIVE_V2,btc-updown-15m-1791346500,2026-10-07,False,POST_A,120,UP,True,True,True,1,False,0.08668596623587084,,,1.0773416392010722,2.0,27.0
NATIVE_V2,btc-updown-15m-1791346500,2026-10-07,False,POST_A,60,UP,True,True,True,1,False,0.3605543666123539,,,1.733589106306819,2.0,27.0
NATIVE_V2,btc-updown-15m-1791347400,2026-10-07,False,POST_A,300,DOWN,False,True,False,0,False,0.5137951736488546,,,2.809505515270024,1.0,34.0
NATIVE_V2,btc-updown-15m-1791347400,2026-10-07,False,POST_A,180,DOWN,False,True,False,0,False,0.7680022596608362,,,5.5422998253307965,1.0,34.0
NATIVE_V2,btc-updown-15m-1791347400,2026-10-07,False,POST_A,120,DOWN,False,True,False,0,False,1.5840587679344234,,,3.4847108816802224,1.0,34.0
NATIVE_V2,btc-updown-15m-1791347400,2026-10-07,False,POST_A,60,DOWN,False,True,False,0,False,4.203495090813987,,,10.028538084573091,1.0,34.0
NATIVE_V2,btc-updown-15m-1791348300,2026-10-07,False,POST_A,300,UP,False,True,False,0,False,1.3249953428867396,,,8.53444979448106,0.0,25.0
NATIVE_V2,btc-updown-15m-1791348300,2026-10-07,False,POST_A,180,UP,False,True,False,0,False,0.797152719328602,,,3.750485835712558,0.0,25.0
NATIVE_V2,btc-updown-15m-1791348300,2026-10-07,False,POST_A,120,UP,False,True,False,0,False,1.2685285669453037,,,4.600684864396275,0.0,25.0
NATIVE_V2,btc-updown-15m-1791348300,2026-10-07,False,POST_A,60,UP,False,True,False,0,False,1.6210618393843284,,,4.379837510505463,0.0,25.0
NATIVE_V2,btc-updown-15m-1791349200,2026-10-07,False,POST_A,300,UP,False,True,False,0,False,1.8316934783391496,,,8.18409986806565,0.0,28.0
NATIVE_V2,btc-updown-15m-1791349200,2026-10-07,False,POST_A,180,UP,False,True,False,0,False,2.6175993141333107,,,11.719390513786669,0.0,28.0
NATIVE_V2,btc-updown-15m-1791349200,2026-10-07,False,POST_A,120,UP,False,True,False,0,False,1.8641040303757177,,,11.685505768420349,0.0,28.0
NATIVE_V2,btc-updown-15m-1791349200,2026-10-07,False,POST_A,60,UP,False,True,False,0,False,3.303690088847798,,,8.560400655987955,0.0,28.0
NATIVE_V2,btc-updown-15m-1791350100,2026-10-07,False,POST_A,300,UP,False,True,False,0,False,0.9593385977330751,,,5.618072886407726,2.0,13.0
NATIVE_V2,btc-updown-15m-1791350100,2026-10-07,False,POST_A,180,UP,False,True,False,0,False,1.1262397994154782,,,5.160056882979918,2.0,13.0
NATIVE_V2,btc-updown-15m-1791350100,2026-10-07,False,POST_A,120,UP,False,True,False,0,False,1.592124702104402,,,6.135938600513426,2.0,13.0
NATIVE_V2,btc-updown-15m-1791350100,2026-10-07,False,POST_A,60,UP,False,True,False,0,False,1.9711207711857206,,,5.577143102823797,2.0,13.0
NATIVE_V2,btc-updown-15m-1791351000,2026-10-07,False,POST_A,300,DOWN,True,True,True,1,False,0.26058795706308663,,,1.6883674657802583,1.0,6.0
NATIVE_V2,btc-updown-15m-1791351000,2026-10-07,False,POST_A,180,UP,False,True,False,0,False,0.948067394930493,,,2.3833963180278968,1.0,6.0
NATIVE_V2,btc-updown-15m-1791351000,2026-10-07,False,POST_A,120,UP,False,True,False,0,False,1.0122665644044022,,,3.978988550977314,1.0,6.0
NATIVE_V2,btc-updown-15m-1791351000,2026-10-07,False,POST_A,60,UP,False,True,False,0,False,0.3586330203877192,,,3.2768339630344054,1.0,6.0
NATIVE_V2,btc-updown-15m-1791351900,2026-10-07,False,POST_A,300,UP,False,True,False,0,False,2.0279125270054656,,,10.023524726297495,0.0,22.0
NATIVE_V2,btc-updown-15m-1791351900,2026-10-07,False,POST_A,180,UP,False,True,False,0,False,1.7854872631879433,,,10.04767748065835,0.0,22.0
NATIVE_V2,btc-updown-15m-1791351900,2026-10-07,False,POST_A,120,UP,False,True,False,0,False,1.8158799904398168,,,8.426713674999249,0.0,22.0
NATIVE_V2,btc-updown-15m-1791351900,2026-10-07,False,POST_A,60,UP,False,True,False,0,False,4.172729260577421,,,8.125406780044418,0.0,22.0
NATIVE_V2,btc-updown-15m-1791352800,2026-10-07,False,POST_A,300,DOWN,False,True,False,0,False,0.01748475039244279,,,2.0009285652834365,1.0,33.0
NATIVE_V2,btc-updown-15m-1791352800,2026-10-07,False,POST_A,180,DOWN,False,True,False,0,False,0.633662544587283,,,2.4395749419546,1.0,33.0
NATIVE_V2,btc-updown-15m-1791352800,2026-10-07,False,POST_A,120,DOWN,False,True,False,0,False,0.9838734471048229,,,3.7385855051306036,1.0,33.0
NATIVE_V2,btc-updown-15m-1791352800,2026-10-07,False,POST_A,60,DOWN,False,True,False,0,False,1.4683656399686513,,,3.954187395936379,1.0,33.0
NATIVE_V2,btc-updown-15m-1791353700,2026-10-07,False,POST_A,300,DOWN,False,True,False,0,False,1.872538488230056,,,12.125537560047654,1.0,31.0
NATIVE_V2,btc-updown-15m-1791353700,2026-10-07,False,POST_A,180,DOWN,False,True,False,0,False,3.302359279634023,,,14.918377516748981,1.0,31.0
NATIVE_V2,btc-updown-15m-1791353700,2026-10-07,False,POST_A,120,DOWN,False,True,False,0,False,2.847283692625109,,,13.86448203025056,1.0,31.0
NATIVE_V2,btc-updown-15m-1791353700,2026-10-07,False,POST_A,60,DOWN,False,True,False,0,False,2.9807892055585823,,,9.152208369593248,1.0,31.0
NATIVE_V2,btc-updown-15m-1791354600,2026-10-07,False,POST_A,300,UP,False,True,False,0,False,1.4165616767222717,,,5.934450406261384,1.0,14.0
NATIVE_V2,btc-updown-15m-1791354600,2026-10-07,False,POST_A,180,UP,False,True,False,0,False,2.685314019386661,,,13.455416877223849,1.0,14.0
NATIVE_V2,btc-updown-15m-1791354600,2026-10-07,False,POST_A,120,UP,False,True,False,0,False,3.842867955381639,,,13.697918149195615,1.0,14.0
NATIVE_V2,btc-updown-15m-1791354600,2026-10-07,False,POST_A,60,UP,False,True,False,0,False,6.072957024367133,,,17.105105777149998,1.0,14.0
NATIVE_V2,btc-updown-15m-1791355500,2026-10-07,False,POST_A,300,DOWN,False,True,False,0,False,1.452843787263984,,,9.073889635118158,0.0,11.0
NATIVE_V2,btc-updown-15m-1791355500,2026-10-07,False,POST_A,180,DOWN,False,True,False,0,False,2.074899303283703,,,9.760663314800869,0.0,11.0
NATIVE_V2,btc-updown-15m-1791355500,2026-10-07,False,POST_A,120,DOWN,False,True,False,0,False,2.5061389688494495,,,9.852157631686138,0.0,11.0
NATIVE_V2,btc-updown-15m-1791355500,2026-10-07,False,POST_A,60,DOWN,False,True,False,0,False,3.932091773967958,,,10.026989430057034,0.0,11.0
NATIVE_V2,btc-updown-15m-1791356400,2026-10-07,False,POST_A,300,DOWN,True,True,True,1,False,1.7463277551583176,,,10.334073335667926,1.0,21.0
NATIVE_V2,btc-updown-15m-1791356400,2026-10-07,False,POST_A,180,DOWN,True,True,True,1,False,0.6287074885457082,,,1.0579299867590586,1.0,21.0
NATIVE_V2,btc-updown-15m-1791356400,2026-10-07,False,POST_A,120,DOWN,True,True,True,1,False,0.3859570611155079,,,1.1956336197176698,1.0,21.0
NATIVE_V2,btc-updown-15m-1791356400,2026-10-07,False,POST_A,60,UP,False,True,False,0,False,0.6136548907435938,,,0.3415906814358736,1.0,21.0
NATIVE_V2,btc-updown-15m-1791357300,2026-10-07,False,POST_A,300,DOWN,False,True,False,0,False,0.4856511274318903,,,2.9534562732269025,1.0,25.0
NATIVE_V2,btc-updown-15m-1791357300,2026-10-07,False,POST_A,180,DOWN,False,True,False,0,False,0.9145489632195348,,,5.231756832975803,1.0,25.0
NATIVE_V2,btc-updown-15m-1791357300,2026-10-07,False,POST_A,120,DOWN,False,True,False,0,False,0.611709682867124,,,4.024925157065799,1.0,25.0
NATIVE_V2,btc-updown-15m-1791357300,2026-10-07,False,POST_A,60,DOWN,False,True,False,0,False,1.6860795546255638,,,3.1044185952568344,1.0,25.0
NATIVE_V2,btc-updown-15m-1791358200,2026-10-07,False,POST_A,300,UP,False,True,False,0,False,0.1533623995684725,,,1.8489970390570285,0.0,22.0
NATIVE_V2,btc-updown-15m-1791358200,2026-10-07,False,POST_A,180,UP,False,True,False,0,False,1.037205395034502,,,4.335099640486113,0.0,22.0
NATIVE_V2,btc-updown-15m-1791358200,2026-10-07,False,POST_A,120,UP,False,True,False,0,False,2.133839508395586,,,6.1233394355109825,0.0,22.0
NATIVE_V2,btc-updown-15m-1791358200,2026-10-07,False,POST_A,60,UP,False,True,False,0,False,3.605208428531766,,,9.08905444728774,0.0,22.0
NATIVE_V2,btc-updown-15m-1791359100,2026-10-07,False,POST_A,300,DOWN,False,True,False,0,False,3.0948612518720093,,,18.897734684273445,0.0,25.0
NATIVE_V2,btc-updown-15m-1791359100,2026-10-07,False,POST_A,180,DOWN,False,True,False,0,False,5.213626296671995,,,21.928348610204107,0.0,25.0
NATIVE_V2,btc-updown-15m-1791359100,2026-10-07,False,POST_A,120,DOWN,False,True,False,0,False,5.8385696602653505,,,23.15576771159508,0.0,25.0
NATIVE_V2,btc-updown-15m-1791359100,2026-10-07,False,POST_A,60,DOWN,False,True,False,0,False,6.110016573986813,,,20.419424820539327,0.0,25.0
NATIVE_V2,btc-updown-15m-1791360000,2026-10-07,False,POST_A,300,DOWN,False,True,False,0,False,1.8212399108899848,,,13.68041537636993,0.0,52.0
NATIVE_V2,btc-updown-15m-1791360000,2026-10-07,False,POST_A,180,DOWN,False,True,False,0,False,2.8838137353887645,,,12.951017399022852,0.0,52.0
NATIVE_V2,btc-updown-15m-1791360000,2026-10-07,False,POST_A,120,DOWN,False,True,False,0,False,4.331883978217396,,,15.04669567612062,0.0,52.0
NATIVE_V2,btc-updown-15m-1791360000,2026-10-07,False,POST_A,60,DOWN,False,True,False,0,False,5.479523466670482,,,15.85318651819983,0.0,52.0
NATIVE_V2,btc-updown-15m-1791360900,2026-10-07,False,POST_A,300,DOWN,True,False,,,,0.6725326884755555,,,4.312049558321588,0.0,6.0
NATIVE_V2,btc-updown-15m-1791360900,2026-10-07,False,POST_A,120,UP,False,True,False,0,False,0.6150740576671565,,,1.378916813743657,0.0,6.0
NATIVE_V2,btc-updown-15m-1791360900,2026-10-07,False,POST_A,60,UP,False,True,False,0,False,0.14042760798483914,,,1.378428115058417,0.0,6.0
NATIVE_V2,btc-updown-15m-1791361800,2026-10-07,False,POST_A,300,UP,True,True,True,1,False,0.038227751614075135,,,0.12429910072160388,7.0,34.0
NATIVE_V2,btc-updown-15m-1791361800,2026-10-07,False,POST_A,180,DOWN,False,True,False,0,False,1.6423452910571985,,,5.719850761854578,7.0,34.0
NATIVE_V2,btc-updown-15m-1791361800,2026-10-07,False,POST_A,120,DOWN,False,True,False,0,False,1.1797011070021233,,,5.73122890836282,7.0,34.0
NATIVE_V2,btc-updown-15m-1791361800,2026-10-07,False,POST_A,60,DOWN,False,True,False,0,False,2.533040766805847,,,4.176580517694332,7.0,34.0
NATIVE_V2,btc-updown-15m-1791362700,2026-10-07,False,POST_A,300,DOWN,False,True,True,2,True,0.009321649217402535,,,0.012762243825799532,5.0,24.0
NATIVE_V2,btc-updown-15m-1791362700,2026-10-07,False,POST_A,180,UP,True,True,True,1,False,0.1447847832058537,,,0.4415729349749901,5.0,24.0
NATIVE_V2,btc-updown-15m-1791362700,2026-10-07,False,POST_A,120,DOWN,False,True,False,0,False,0.14704604028102977,,,0.5724894585210578,5.0,24.0
NATIVE_V2,btc-updown-15m-1791362700,2026-10-07,False,POST_A,60,DOWN,False,True,False,0,False,1.6146148619144787,,,3.1014777783933902,5.0,24.0
NATIVE_V2,btc-updown-15m-1791363600,2026-10-07,False,POST_A,300,DOWN,False,True,True,2,True,0.6322811142132085,,,4.593639468227951,3.0,45.0
NATIVE_V2,btc-updown-15m-1791363600,2026-10-07,False,POST_A,180,DOWN,False,True,True,2,True,1.0664552919358041,,,4.122470385996273,3.0,45.0
NATIVE_V2,btc-updown-15m-1791363600,2026-10-07,False,POST_A,120,DOWN,False,True,True,2,True,0.6675727697967908,,,0.02750262725917924,3.0,45.0
NATIVE_V2,btc-updown-15m-1791363600,2026-10-07,False,POST_A,60,DOWN,False,True,False,0,False,0.014815465254885406,,,0.10020714313061022,3.0,45.0
NATIVE_V2,btc-updown-15m-1791364500,2026-10-07,False,POST_A,300,DOWN,False,True,False,0,False,1.5961079093951063,,,15.134954066386799,2.0,39.0
NATIVE_V2,btc-updown-15m-1791364500,2026-10-07,False,POST_A,180,DOWN,False,True,False,0,False,2.0558463489911944,,,10.751951673783344,2.0,39.0
NATIVE_V2,btc-updown-15m-1791364500,2026-10-07,False,POST_A,120,DOWN,False,True,False,0,False,2.755902511077417,,,10.8071169132246,2.0,39.0
NATIVE_V2,btc-updown-15m-1791364500,2026-10-07,False,POST_A,60,DOWN,False,True,False,0,False,5.131652024141954,,,11.87187298682712,2.0,39.0
NATIVE_V2,btc-updown-15m-1791365400,2026-10-07,False,POST_A,300,DOWN,False,True,False,0,False,2.3110075284120395,,,10.781021897075854,1.0,52.0
NATIVE_V2,btc-updown-15m-1791365400,2026-10-07,False,POST_A,180,DOWN,False,True,False,0,False,2.636799697640956,,,17.329245976806376,1.0,52.0
NATIVE_V2,btc-updown-15m-1791365400,2026-10-07,False,POST_A,120,DOWN,False,True,False,0,False,1.788104632168417,,,9.384707598640382,1.0,52.0
NATIVE_V2,btc-updown-15m-1791365400,2026-10-07,False,POST_A,60,DOWN,False,True,False,0,False,1.3476843425923344,,,3.096009528883691,1.0,52.0
NATIVE_V2,btc-updown-15m-1791366300,2026-10-07,False,POST_A,300,DOWN,True,True,True,1,False,1.0503058591657233,,,5.657747730174486,6.0,44.0
NATIVE_V2,btc-updown-15m-1791366300,2026-10-07,False,POST_A,180,DOWN,True,True,True,1,False,1.887793462482072,,,6.379981301535743,6.0,44.0
NATIVE_V2,btc-updown-15m-1791366300,2026-10-07,False,POST_A,120,DOWN,True,True,True,1,False,1.6249970173607136,,,8.01357793619579,6.0,44.0
NATIVE_V2,btc-updown-15m-1791366300,2026-10-07,False,POST_A,60,DOWN,True,True,True,1,False,1.0266024970963417,,,4.273542097595363,6.0,44.0
NATIVE_V2,btc-updown-15m-1791367200,2026-10-07,False,POST_A,300,DOWN,True,True,True,1,False,0.3535051131824722,,,5.663832333010192,2.0,48.0
NATIVE_V2,btc-updown-15m-1791367200,2026-10-07,False,POST_A,180,UP,False,True,False,0,False,1.7504072334804672,,,8.868429062094934,2.0,48.0
NATIVE_V2,btc-updown-15m-1791367200,2026-10-07,False,POST_A,120,UP,False,True,False,0,False,0.869446470219416,,,5.783372311479915,2.0,48.0
NATIVE_V2,btc-updown-15m-1791367200,2026-10-07,False,POST_A,60,UP,False,True,False,0,False,1.372401309736923,,,1.5408440485680033,2.0,48.0
NATIVE_V2,btc-updown-15m-1791368100,2026-10-07,False,POST_A,300,UP,False,True,False,0,False,1.769452718712342,,,11.15655305443335,0.0,41.0
NATIVE_V2,btc-updown-15m-1791368100,2026-10-07,False,POST_A,180,UP,False,True,False,0,False,1.945634880813099,,,9.16302532993132,0.0,41.0
NATIVE_V2,btc-updown-15m-1791368100,2026-10-07,False,POST_A,120,UP,False,True,False,0,False,2.3738662508720094,,,9.51539375539472,0.0,41.0
NATIVE_V2,btc-updown-15m-1791368100,2026-10-07,False,POST_A,60,UP,False,True,False,0,False,3.34949389779959,,,9.826241197574067,0.0,41.0
NATIVE_V2,btc-updown-15m-1791369000,2026-10-07,False,POST_A,300,DOWN,False,True,False,0,False,2.802780405854974,,,18.886539072322304,1.0,35.0
NATIVE_V2,btc-updown-15m-1791369000,2026-10-07,False,POST_A,180,DOWN,False,True,False,0,False,3.92435445734513,,,21.2340261133005,1.0,35.0
NATIVE_V2,btc-updown-15m-1791369000,2026-10-07,False,POST_A,120,DOWN,False,True,False,0,False,6.98101259161748,,,21.08329771220283,1.0,35.0
NATIVE_V2,btc-updown-15m-1791369000,2026-10-07,False,POST_A,60,DOWN,False,True,False,0,False,9.116716789836875,,,26.25596785244304,1.0,35.0
NATIVE_V2,btc-updown-15m-1791369900,2026-10-07,False,POST_A,300,UP,False,True,False,0,False,2.731072380599935,,,16.083577719287067,0.0,22.0
NATIVE_V2,btc-updown-15m-1791369900,2026-10-07,False,POST_A,180,UP,False,True,False,0,False,2.0238989118604787,,,10.139442684682638,0.0,22.0
NATIVE_V2,btc-updown-15m-1791369900,2026-10-07,False,POST_A,120,UP,False,True,False,0,False,2.8169516976119113,,,10.173782683263124,0.0,22.0
NATIVE_V2,btc-updown-15m-1791369900,2026-10-07,False,POST_A,60,UP,False,True,False,0,False,4.268600759664324,,,11.984798882497506,0.0,22.0
NATIVE_V2,btc-updown-15m-1791370800,2026-10-07,False,POST_A,300,UP,False,True,False,0,False,1.2858696507466887,,,8.006891957856922,2.0,34.0
NATIVE_V2,btc-updown-15m-1791370800,2026-10-07,False,POST_A,180,UP,False,True,False,0,False,1.8283350160221365,,,8.38577689351133,2.0,34.0
NATIVE_V2,btc-updown-15m-1791370800,2026-10-07,False,POST_A,120,UP,False,True,False,0,False,2.1691192813967985,,,8.7791448306341,2.0,34.0
NATIVE_V2,btc-updown-15m-1791370800,2026-10-07,False,POST_A,60,UP,False,True,False,0,False,3.5647013116527377,,,9.072130702945254,2.0,34.0
NATIVE_V2,btc-updown-15m-1791371700,2026-10-07,False,POST_A,300,DOWN,False,False,,,,2.457242979546573,,,12.944420958197666,0.0,4.0
NATIVE_V2,btc-updown-15m-1791371700,2026-10-07,False,POST_A,60,DOWN,False,True,False,0,False,4.199475384464182,,,16.23305093068307,0.0,4.0
NATIVE_V2,btc-updown-15m-1791372600,2026-10-07,False,POST_A,300,DOWN,False,True,False,0,False,2.2807413286079616,,,13.103392357249074,0.0,58.0
NATIVE_V2,btc-updown-15m-1791372600,2026-10-07,False,POST_A,180,DOWN,False,True,False,0,False,2.794982934930502,,,14.37256485381039,0.0,58.0
NATIVE_V2,btc-updown-15m-1791372600,2026-10-07,False,POST_A,120,DOWN,False,True,False,0,False,2.8240270304894644,,,12.345683144198933,0.0,58.0
NATIVE_V2,btc-updown-15m-1791372600,2026-10-07,False,POST_A,60,DOWN,False,True,False,0,False,3.9177693213059572,,,12.166109476107525,0.0,58.0
NATIVE_V2,btc-updown-15m-1791373500,2026-10-07,False,POST_A,300,DOWN,True,True,True,3,False,0.08574298373753676,,,1.013945278619989,4.0,36.0
NATIVE_V2,btc-updown-15m-1791373500,2026-10-07,False,POST_A,180,UP,False,True,False,0,False,1.4560730387709915,,,2.3708195858709953,4.0,36.0
NATIVE_V2,btc-updown-15m-1791373500,2026-10-07,False,POST_A,120,UP,False,True,False,0,False,1.4938429991502482,,,5.566717240829501,4.0,36.0
NATIVE_V2,btc-updown-15m-1791373500,2026-10-07,False,POST_A,60,UP,False,True,False,0,False,3.528301848577263,,,8.300218877385044,4.0,36.0
NATIVE_V2,btc-updown-15m-1791374400,2026-10-07,False,POST_A,300,DOWN,False,True,False,0,False,1.7689975625615768,,,9.01327836685519,1.0,45.0
NATIVE_V2,btc-updown-15m-1791374400,2026-10-07,False,POST_A,180,DOWN,False,True,False,0,False,2.413904257695887,,,12.71467615645765,1.0,45.0
NATIVE_V2,btc-updown-15m-1791374400,2026-10-07,False,POST_A,120,DOWN,False,True,False,0,False,3.4294611967856543,,,12.69594711163442,1.0,45.0
NATIVE_V2,btc-updown-15m-1791374400,2026-10-07,False,POST_A,60,DOWN,False,True,False,0,False,4.045903257639984,,,12.708279045434953,1.0,45.0
NATIVE_V2,btc-updown-15m-1791375300,2026-10-07,False,POST_A,300,DOWN,False,True,False,0,False,2.2067594822787284,,,9.630126365652464,1.0,36.0
NATIVE_V2,btc-updown-15m-1791375300,2026-10-07,False,POST_A,180,DOWN,False,True,False,0,False,4.530482549949385,,,18.53564639830835,1.0,36.0
NATIVE_V2,btc-updown-15m-1791375300,2026-10-07,False,POST_A,120,DOWN,False,True,False,0,False,5.738925268480195,,,22.139459601980402,1.0,36.0
NATIVE_V2,btc-updown-15m-1791375300,2026-10-07,False,POST_A,60,DOWN,False,True,False,0,False,8.623728488079816,,,21.80945439001298,1.0,36.0
NATIVE_V2,btc-updown-15m-1791376200,2026-10-07,False,POST_A,300,UP,False,True,False,0,False,3.2417021801058996,,,20.078840742914814,0.0,44.0
NATIVE_V2,btc-updown-15m-1791376200,2026-10-07,False,POST_A,180,UP,False,True,False,0,False,1.3867946706322236,,,8.496412050559849,0.0,44.0
NATIVE_V2,btc-updown-15m-1791376200,2026-10-07,False,POST_A,120,UP,False,True,False,0,False,0.8905449503353713,,,4.146861838799175,0.0,44.0
NATIVE_V2,btc-updown-15m-1791376200,2026-10-07,False,POST_A,60,UP,False,True,False,0,False,2.3526281945267646,,,6.312069064305869,0.0,44.0
NATIVE_V2,btc-updown-15m-1791377100,2026-10-07,False,POST_A,300,DOWN,False,False,,,,1.7078797729119641,,,9.602794164370788,,
NATIVE_V2,btc-updown-15m-1791377100,2026-10-07,False,POST_A,180,DOWN,False,False,,,,1.5700204939904117,,,8.383248976068003,,
NATIVE_V2,btc-updown-15m-1791377100,2026-10-07,False,POST_A,120,DOWN,False,False,,,,2.419594434264547,,,8.82589269411093,,
NATIVE_V2,btc-updown-15m-1791377100,2026-10-07,False,POST_A,60,DOWN,False,False,,,,2.1782905496146334,,,7.320263024036009,,
NATIVE_V2,btc-updown-15m-1791378900,2026-10-07,False,POST_A,180,DOWN,False,True,False,0,False,0.771078978265906,,,8.013278305620208,0.0,12.0
NATIVE_V2,btc-updown-15m-1791378900,2026-10-07,False,POST_A,120,DOWN,False,True,False,0,False,2.8925086116161114,,,4.402104826291261,0.0,12.0
NATIVE_V2,btc-updown-15m-1791378900,2026-10-07,False,POST_A,60,DOWN,False,True,False,0,False,3.7580428077701806,,,10.063556150946372,0.0,12.0
NATIVE_V2,btc-updown-15m-1791379800,2026-10-07,False,POST_A,300,DOWN,False,True,False,0,False,4.160211766797092,,,25.651207498500273,3.0,57.0
NATIVE_V2,btc-updown-15m-1791379800,2026-10-07,False,POST_A,180,DOWN,False,True,False,0,False,4.025134196014103,,,19.78559944007755,3.0,57.0
NATIVE_V2,btc-updown-15m-1791379800,2026-10-07,False,POST_A,120,DOWN,False,True,False,0,False,5.819493985971024,,,20.162260471238437,3.0,57.0
NATIVE_V2,btc-updown-15m-1791379800,2026-10-07,False,POST_A,60,DOWN,False,True,False,0,False,10.63034903014898,,,27.70662016103969,3.0,57.0
NATIVE_V2,btc-updown-15m-1791380700,2026-10-07,False,POST_A,300,UP,False,True,False,0,False,4.597404303814099,,,25.218861784512306,1.0,54.0
NATIVE_V2,btc-updown-15m-1791380700,2026-10-07,False,POST_A,180,UP,False,True,False,0,False,6.8190612911010335,,,29.66964496157476,1.0,54.0
NATIVE_V2,btc-updown-15m-1791380700,2026-10-07,False,POST_A,120,UP,False,True,False,0,False,5.847176721939128,,,28.356714182746117,1.0,54.0
NATIVE_V2,btc-updown-15m-1791380700,2026-10-07,False,POST_A,60,UP,False,True,False,0,False,5.468640477997517,,,18.77891262345257,1.0,54.0
NATIVE_V2,btc-updown-15m-1791381600,2026-10-07,False,POST_A,300,UP,True,True,True,3,False,0.7447739691098422,,,2.673084842386502,6.0,60.0
NATIVE_V2,btc-updown-15m-1791381600,2026-10-07,False,POST_A,180,DOWN,False,True,True,2,True,1.4158490207503964,,,1.4764050274781533,6.0,60.0
NATIVE_V2,btc-updown-15m-1791381600,2026-10-07,False,POST_A,120,UP,True,True,True,1,False,1.1941561482352714,,,6.407178749507155,6.0,60.0
NATIVE_V2,btc-updown-15m-1791381600,2026-10-07,False,POST_A,60,UP,True,True,True,1,False,1.0397698770571415,,,1.5159744476474704,6.0,60.0
NATIVE_V2,btc-updown-15m-1791382500,2026-10-07,False,POST_A,300,DOWN,False,False,,,,0.043485729586297844,,,2.580014026953682,,
NATIVE_V2,btc-updown-15m-1791382500,2026-10-07,False,POST_A,180,DOWN,False,False,,,,0.8116145505535475,,,3.9821267661886717,,
NATIVE_V2,btc-updown-15m-1791382500,2026-10-07,False,POST_A,120,DOWN,False,False,,,,3.9082953520805006,,,8.6548945287914,,
NATIVE_V2,btc-updown-15m-1791382500,2026-10-07,False,POST_A,60,DOWN,False,False,,,,6.20781343995089,,,17.375089934321384,,
NATIVE_V2,btc-updown-15m-1791384300,2026-10-07,False,POST_B,180,DOWN,False,True,False,0,False,1.6007273599536367,,,3.458437943213124,0.0,11.0
NATIVE_V2,btc-updown-15m-1791384300,2026-10-07,False,POST_B,120,DOWN,False,True,False,0,False,1.3087462265932326,,,6.832702416830983,0.0,11.0
NATIVE_V2,btc-updown-15m-1791384300,2026-10-07,False,POST_B,60,DOWN,False,True,False,0,False,1.0101716991559813,,,3.2893219865404735,0.0,11.0
NATIVE_V2,btc-updown-15m-1791385200,2026-10-07,False,POST_B,300,DOWN,True,True,True,1,False,1.5299856269756744,,,9.369155415024425,1.0,60.0
NATIVE_V2,btc-updown-15m-1791385200,2026-10-07,False,POST_B,180,UP,False,True,False,0,False,0.7583210036886966,,,0.6711639221931649,1.0,60.0
NATIVE_V2,btc-updown-15m-1791385200,2026-10-07,False,POST_B,120,UP,False,True,False,0,False,0.2233143736765776,,,1.5903744906799093,1.0,60.0
NATIVE_V2,btc-updown-15m-1791385200,2026-10-07,False,POST_B,60,UP,False,True,False,0,False,6.275630496846232,,,10.829702540978607,1.0,60.0
NATIVE_V2,btc-updown-15m-1791386100,2026-10-07,False,POST_B,300,DOWN,False,False,,,,1.5352129475503158,,,13.224816853261187,,
NATIVE_V2,btc-updown-15m-1791386100,2026-10-07,False,POST_B,180,DOWN,False,False,,,,1.7924755724691066,,,12.485908469196401,,
NATIVE_V2,btc-updown-15m-1791471600,2026-10-08,False,POST_B,300,DOWN,False,False,,,,6.553086978669377,3.9099010248641086,4.6166973166537926e-05,38.10756159973091,0.0,20.0
NATIVE_V2,btc-updown-15m-1791471600,2026-10-08,False,POST_B,120,DOWN,False,True,False,0,False,11.708304525395459,7.877260755973959,1.6731804615225424e-15,48.483462720360215,0.0,20.0
NATIVE_V2,btc-updown-15m-1791471600,2026-10-08,False,POST_B,60,DOWN,False,True,False,0,False,18.701058472066098,17.550688845342393,2.9381486591035105e-69,51.9571885000505,0.0,20.0
NATIVE_V2,btc-updown-15m-1791472500,2026-10-08,False,POST_B,300,DOWN,False,False,,,,4.679382816209551,2.519546748931538,0.005875301772788983,71.1626616003166,0.0,16.0
NATIVE_V2,btc-updown-15m-1791472500,2026-10-08,False,POST_B,180,DOWN,False,False,,,,14.69599561870824,5.077553770639209,1.911626629254323e-07,96.89174978410517,0.0,16.0
NATIVE_V2,btc-updown-15m-1791472500,2026-10-08,False,POST_B,60,DOWN,False,True,False,0,False,32.44682186758795,15.90192586789625,3.0723174942693943e-57,87.53333133831347,0.0,16.0
NATIVE_V2,btc-updown-15m-1791473400,2026-10-08,False,POST_B,300,DOWN,False,True,False,0,False,0.6008291975937987,0.3228142188826946,0.3734179719727936,16.20289981437891,4.0,93.0
NATIVE_V2,btc-updown-15m-1791473400,2026-10-08,False,POST_B,180,DOWN,False,True,False,0,False,4.693985842408197,1.7746581391745535,0.037977175593374796,20.28578583917761,4.0,93.0
NATIVE_V2,btc-updown-15m-1791473400,2026-10-08,False,POST_B,120,DOWN,False,True,False,0,False,6.3957965631336435,2.6111287640921073,0.004512195390920334,20.205834741618073,4.0,93.0
NATIVE_V2,btc-updown-15m-1791473400,2026-10-08,False,POST_B,60,DOWN,False,True,False,0,False,6.841756335852801,4.407798165790897,5.221339392248561e-06,20.233161458886563,4.0,93.0
NATIVE_V2,btc-updown-15m-1791474300,2026-10-08,False,POST_B,300,DOWN,False,False,,,,0.06411838792341927,0.034658862835140795,0.48617588195298034,1.9867968787630221,,
NATIVE_V2,btc-updown-15m-1791474300,2026-10-08,False,POST_B,180,DOWN,False,False,,,,4.178165523621566,1.6573801648203697,0.04872131951636337,14.27605085769368,,
NATIVE_V2,btc-updown-15m-1791474300,2026-10-08,False,POST_B,120,DOWN,False,False,,,,5.321657776630268,2.1758002032419235,0.014785101747019238,20.627439117051864,,
NATIVE_V2,btc-updown-15m-1791477000,2026-10-08,False,POST_B,300,UP,True,True,True,1,False,0.9073079655986119,0.9044336516923276,0.18288275048316155,0.5896647442914542,2.0,50.0
NATIVE_V2,btc-updown-15m-1791477000,2026-10-08,False,POST_B,180,UP,True,True,True,1,False,1.4137517923165572,1.2046960421939832,0.11416033224110277,8.577123359907164,2.0,50.0
NATIVE_V2,btc-updown-15m-1791477000,2026-10-08,False,POST_B,120,UP,True,True,True,1,False,0.9768800706349136,1.0110145381637508,0.15600473580591445,6.09918063218707,2.0,50.0
NATIVE_V2,btc-updown-15m-1791477000,2026-10-08,False,POST_B,60,DOWN,False,True,False,0,False,2.651017439976839,3.4134152437991316,0.0003207705508940203,0.9156709068825271,2.0,50.0
NATIVE_V2,btc-updown-15m-1791477900,2026-10-08,False,POST_B,300,DOWN,False,True,False,0,False,4.1321799069672505,2.6903252019617385,0.003569120993461078,27.476659991164496,1.0,51.0
NATIVE_V2,btc-updown-15m-1791477900,2026-10-08,False,POST_B,180,DOWN,False,True,False,0,False,9.418778384498882,3.443675727271287,0.0002869317652618019,33.20857226666803,1.0,51.0
NATIVE_V2,btc-updown-15m-1791477900,2026-10-08,False,POST_B,120,DOWN,False,True,False,0,False,8.870492918526715,3.2455423649209156,0.0005861356025537677,37.19914545201496,1.0,51.0
NATIVE_V2,btc-updown-15m-1791478800,2026-10-08,False,POST_B,300,DOWN,False,True,True,2,True,2.349377920542921,1.2615560649845665,0.10355428694928823,16.146217038626453,3.0,71.0
NATIVE_V2,btc-updown-15m-1791478800,2026-10-08,False,POST_B,180,DOWN,False,True,True,2,True,5.490208549596121,2.432833863913449,0.007490586508835591,22.17294756195069,3.0,71.0
NATIVE_V2,btc-updown-15m-1791478800,2026-10-08,False,POST_B,120,DOWN,False,True,True,2,True,2.0819511927628334,0.9828906387848897,0.16283063280125726,14.882029824030498,3.0,71.0
NATIVE_V2,btc-updown-15m-1791478800,2026-10-08,False,POST_B,60,DOWN,False,True,True,2,True,1.1342897370131901,0.8896709315421866,0.18682130341860703,3.4255880276466586,3.0,71.0
NATIVE_V2,btc-updown-15m-1791479700,2026-10-08,False,POST_B,180,DOWN,False,False,,,,12.882952800077952,4.472056640129048,3.873545017416293e-06,57.581695827527305,,
NATIVE_V2,btc-updown-15m-1791479700,2026-10-08,False,POST_B,120,DOWN,False,False,,,,12.589105015934596,5.588074568771291,1.1480052838347747e-08,55.58883306177344,,
HISTORICAL_PRE_V2,btc-updown-15m-1791244800,2026-10-06,False,PRE_A,300,UP,False,True,False,0,False,1.0218251968253793,,,6.63797758879759,3.0,25.0
HISTORICAL_PRE_V2,btc-updown-15m-1791244800,2026-10-06,False,PRE_A,180,UP,False,True,False,0,False,2.4155878337998775,,,9.644951523955013,3.0,25.0
HISTORICAL_PRE_V2,btc-updown-15m-1791244800,2026-10-06,False,PRE_A,120,UP,False,True,False,0,False,2.4082712400746056,,,10.774378402088793,3.0,25.0
HISTORICAL_PRE_V2,btc-updown-15m-1791244800,2026-10-06,False,PRE_A,60,UP,False,True,False,0,False,3.0756659941340407,,,8.626171778589656,3.0,25.0
HISTORICAL_PRE_V2,btc-updown-15m-1791245700,2026-10-06,False,PRE_A,300,UP,True,True,True,1,False,2.0288488387608563,,,12.948019296038227,1.0,25.0
HISTORICAL_PRE_V2,btc-updown-15m-1791245700,2026-10-06,False,PRE_A,180,UP,True,True,True,1,False,0.7437265274556382,,,4.108376091643295,1.0,25.0
HISTORICAL_PRE_V2,btc-updown-15m-1791245700,2026-10-06,False,PRE_A,120,UP,True,True,True,1,False,1.661881529314863,,,4.23851287970363,1.0,25.0
HISTORICAL_PRE_V2,btc-updown-15m-1791245700,2026-10-06,False,PRE_A,60,UP,True,True,True,1,False,0.31063027130334414,,,4.877116974110244,1.0,25.0
HISTORICAL_PRE_V2,btc-updown-15m-1791246600,2026-10-06,False,PRE_A,300,DOWN,False,True,False,0,False,0.7232766955381222,,,2.917342235287215,2.0,32.0
HISTORICAL_PRE_V2,btc-updown-15m-1791246600,2026-10-06,False,PRE_A,180,DOWN,False,True,False,0,False,1.1418643150697136,,,3.3748538781928166,2.0,32.0
HISTORICAL_PRE_V2,btc-updown-15m-1791246600,2026-10-06,False,PRE_A,120,DOWN,False,True,False,0,False,0.985041034835943,,,5.395181264573417,2.0,32.0
HISTORICAL_PRE_V2,btc-updown-15m-1791246600,2026-10-06,False,PRE_A,60,DOWN,False,True,False,0,False,0.800492200597943,,,3.2317714975167515,2.0,32.0
HISTORICAL_PRE_V2,btc-updown-15m-1791247500,2026-10-06,False,PRE_A,300,UP,False,True,False,0,False,0.8038888138053315,,,4.507761309980788,1.0,21.0
HISTORICAL_PRE_V2,btc-updown-15m-1791247500,2026-10-06,False,PRE_A,180,UP,False,True,False,0,False,1.0425903512156243,,,5.0849650131111375,1.0,21.0
HISTORICAL_PRE_V2,btc-updown-15m-1791247500,2026-10-06,False,PRE_A,120,UP,False,True,False,0,False,1.7263317900949353,,,6.449606147927429,1.0,21.0
HISTORICAL_PRE_V2,btc-updown-15m-1791247500,2026-10-06,False,PRE_A,60,UP,False,True,False,0,False,2.480924138489722,,,7.011449968172349,1.0,21.0
HISTORICAL_PRE_V2,btc-updown-15m-1791248400,2026-10-06,False,PRE_A,300,UP,False,False,,,,2.8931055830845622,,,19.59678790052629,0.0,28.0
HISTORICAL_PRE_V2,btc-updown-15m-1791248400,2026-10-06,False,PRE_A,120,UP,False,True,False,0,False,4.690763632332351,,,18.675483279191983,0.0,28.0
HISTORICAL_PRE_V2,btc-updown-15m-1791248400,2026-10-06,False,PRE_A,60,UP,False,True,False,0,False,6.807730657850391,,,18.34583713872885,0.0,28.0
HISTORICAL_PRE_V2,btc-updown-15m-1791249300,2026-10-06,False,PRE_A,300,DOWN,False,True,False,0,False,1.75554397475738,,,9.520819663862495,0.0,26.0
HISTORICAL_PRE_V2,btc-updown-15m-1791249300,2026-10-06,False,PRE_A,180,DOWN,False,True,False,0,False,2.651420037748748,,,12.405282667931202,0.0,26.0
HISTORICAL_PRE_V2,btc-updown-15m-1791249300,2026-10-06,False,PRE_A,120,DOWN,False,True,False,0,False,3.9257314378420336,,,14.260586705185327,0.0,26.0
HISTORICAL_PRE_V2,btc-updown-15m-1791249300,2026-10-06,False,PRE_A,60,DOWN,False,True,False,0,False,3.1236330758580877,,,11.961746953349927,0.0,26.0
HISTORICAL_PRE_V2,btc-updown-15m-1791250200,2026-10-06,False,PRE_A,300,DOWN,False,True,False,0,False,3.5767002239775874,,,19.38368129756505,1.0,32.0
HISTORICAL_PRE_V2,btc-updown-15m-1791250200,2026-10-06,False,PRE_A,180,DOWN,False,True,False,0,False,6.590684999971274,,,31.389326001332087,1.0,32.0
HISTORICAL_PRE_V2,btc-updown-15m-1791250200,2026-10-06,False,PRE_A,120,DOWN,False,True,False,0,False,8.415205053128037,,,31.526446530774454,1.0,32.0
HISTORICAL_PRE_V2,btc-updown-15m-1791250200,2026-10-06,False,PRE_A,60,DOWN,False,True,False,0,False,11.800791525192823,,,31.808935522677295,1.0,32.0
HISTORICAL_PRE_V2,btc-updown-15m-1791251100,2026-10-06,False,PRE_A,300,DOWN,False,True,False,0,False,0.5839468088844575,,,4.913115650991145,3.0,37.0
HISTORICAL_PRE_V2,btc-updown-15m-1791251100,2026-10-06,False,PRE_A,180,DOWN,False,True,False,0,False,0.9994275761644034,,,4.63372453931067,3.0,37.0
HISTORICAL_PRE_V2,btc-updown-15m-1791251100,2026-10-06,False,PRE_A,120,DOWN,False,True,False,0,False,1.8880221380254347,,,6.290522337613316,3.0,37.0
HISTORICAL_PRE_V2,btc-updown-15m-1791251100,2026-10-06,False,PRE_A,60,DOWN,False,True,False,0,False,1.6061743779304907,,,5.624945411786616,3.0,37.0
HISTORICAL_PRE_V2,btc-updown-15m-1791252000,2026-10-06,False,PRE_A,300,DOWN,False,True,False,0,False,2.71986185048712,,,12.87514326913048,1.0,32.0
HISTORICAL_PRE_V2,btc-updown-15m-1791252000,2026-10-06,False,PRE_A,180,DOWN,False,True,False,0,False,2.452955724970201,,,11.869645828082524,1.0,32.0
HISTORICAL_PRE_V2,btc-updown-15m-1791252000,2026-10-06,False,PRE_A,120,DOWN,False,True,False,0,False,3.898143628167315,,,13.243094860732215,1.0,32.0
HISTORICAL_PRE_V2,btc-updown-15m-1791252000,2026-10-06,False,PRE_A,60,DOWN,False,True,False,0,False,6.37023047308583,,,16.362679294852065,1.0,32.0
HISTORICAL_PRE_V2,btc-updown-15m-1791252900,2026-10-06,False,PRE_A,300,UP,False,True,False,0,False,4.677527849794407,,,28.784896624135797,0.0,8.0
HISTORICAL_PRE_V2,btc-updown-15m-1791252900,2026-10-06,False,PRE_A,180,UP,False,True,False,0,False,5.821326059649692,,,28.351898539209536,0.0,8.0
HISTORICAL_PRE_V2,btc-updown-15m-1791252900,2026-10-06,False,PRE_A,120,UP,False,True,False,0,False,6.563825961765916,,,26.746507854418002,0.0,8.0
HISTORICAL_PRE_V2,btc-updown-15m-1791252900,2026-10-06,False,PRE_A,60,UP,False,True,False,0,False,7.038573529669154,,,21.74298154312803,0.0,8.0
HISTORICAL_PRE_V2,btc-updown-15m-1791253800,2026-10-06,False,PRE_A,300,UP,True,True,True,1,False,0.3430712440067741,,,1.0437864476032683,4.0,51.0
HISTORICAL_PRE_V2,btc-updown-15m-1791253800,2026-10-06,False,PRE_A,180,UP,True,True,True,1,False,0.26098739647789837,,,1.980098495820425,4.0,51.0
HISTORICAL_PRE_V2,btc-updown-15m-1791253800,2026-10-06,False,PRE_A,120,UP,True,True,True,1,False,0.37252383334351835,,,0.016099331904462992,4.0,51.0
HISTORICAL_PRE_V2,btc-updown-15m-1791253800,2026-10-06,False,PRE_A,60,DOWN,False,True,False,0,False,0.48462769168667924,,,0.7739469372161002,4.0,51.0
HISTORICAL_PRE_V2,btc-updown-15m-1791254700,2026-10-06,False,PRE_A,300,DOWN,False,True,False,0,False,1.4185323519177098,,,8.678078536111109,0.0,25.0
HISTORICAL_PRE_V2,btc-updown-15m-1791254700,2026-10-06,False,PRE_A,180,DOWN,False,True,False,0,False,2.1489333272261613,,,9.4092153404461,0.0,25.0
HISTORICAL_PRE_V2,btc-updown-15m-1791254700,2026-10-06,False,PRE_A,120,DOWN,False,True,False,0,False,3.110927189325705,,,10.56944944987459,0.0,25.0
HISTORICAL_PRE_V2,btc-updown-15m-1791254700,2026-10-06,False,PRE_A,60,DOWN,False,True,False,0,False,4.605075118507058,,,13.022758191576528,0.0,25.0
HISTORICAL_PRE_V2,btc-updown-15m-1791255600,2026-10-06,False,PRE_A,300,UP,False,True,True,2,True,0.5310530187422102,,,2.8739114506505583,2.0,26.0
HISTORICAL_PRE_V2,btc-updown-15m-1791255600,2026-10-06,False,PRE_A,180,UP,False,True,True,2,True,0.04478572402980625,,,2.3734453918472647,2.0,26.0
HISTORICAL_PRE_V2,btc-updown-15m-1791255600,2026-10-06,False,PRE_A,120,DOWN,True,True,True,1,False,0.30498590504032225,,,0.4335497186648777,2.0,26.0
HISTORICAL_PRE_V2,btc-updown-15m-1791255600,2026-10-06,False,PRE_A,60,UP,False,True,False,0,False,0.3327250358758618,,,1.2173684759391297,2.0,26.0
HISTORICAL_PRE_V2,btc-updown-15m-1791256500,2026-10-06,False,PRE_A,300,UP,True,True,True,1,False,0.06078353305160439,,,1.504491794339316,2.0,22.0
HISTORICAL_PRE_V2,btc-updown-15m-1791256500,2026-10-06,False,PRE_A,180,DOWN,False,True,False,0,False,0.498312376162426,,,2.147665197121819,2.0,22.0
HISTORICAL_PRE_V2,btc-updown-15m-1791256500,2026-10-06,False,PRE_A,120,DOWN,False,True,False,0,False,1.106100491339807,,,3.2456080840314416,2.0,22.0
HISTORICAL_PRE_V2,btc-updown-15m-1791256500,2026-10-06,False,PRE_A,60,DOWN,False,True,False,0,False,2.4812670517007493,,,6.076869414793151,2.0,22.0
HISTORICAL_PRE_V2,btc-updown-15m-1791257400,2026-10-06,False,PRE_A,300,DOWN,False,True,False,0,False,1.0929912337955139,,,7.231877090188218,0.0,50.0
HISTORICAL_PRE_V2,btc-updown-15m-1791257400,2026-10-06,False,PRE_A,180,DOWN,False,True,False,0,False,1.3373336845185018,,,6.540820352648897,0.0,50.0
HISTORICAL_PRE_V2,btc-updown-15m-1791257400,2026-10-06,False,PRE_A,120,DOWN,False,True,False,0,False,1.5967349470356458,,,6.551020480792814,0.0,50.0
HISTORICAL_PRE_V2,btc-updown-15m-1791257400,2026-10-06,False,PRE_A,60,DOWN,False,True,False,0,False,0.6574775189159342,,,2.733953846269358,0.0,50.0
HISTORICAL_PRE_V2,btc-updown-15m-1791258300,2026-10-06,False,PRE_A,300,UP,False,True,False,0,False,0.8173181303757718,,,4.745586042683599,2.0,28.0
HISTORICAL_PRE_V2,btc-updown-15m-1791258300,2026-10-06,False,PRE_A,180,UP,False,True,False,0,False,1.1735738595224448,,,5.815524793165863,2.0,28.0
HISTORICAL_PRE_V2,btc-updown-15m-1791258300,2026-10-06,False,PRE_A,120,UP,False,True,False,0,False,1.0293161543536462,,,4.895913954932139,2.0,28.0
HISTORICAL_PRE_V2,btc-updown-15m-1791258300,2026-10-06,False,PRE_A,60,UP,False,True,False,0,False,1.374770101628252,,,3.9897678972658284,2.0,28.0
HISTORICAL_PRE_V2,btc-updown-15m-1791259200,2026-10-06,False,PRE_A,300,UP,False,True,False,0,False,1.896238831323257,,,10.5654002421569,0.0,24.0
HISTORICAL_PRE_V2,btc-updown-15m-1791259200,2026-10-06,False,PRE_A,180,UP,False,True,False,0,False,2.0457024094920895,,,9.768035301542353,0.0,24.0
HISTORICAL_PRE_V2,btc-updown-15m-1791259200,2026-10-06,False,PRE_A,120,UP,False,True,False,0,False,2.517995735581126,,,9.709511220276111,0.0,24.0
HISTORICAL_PRE_V2,btc-updown-15m-1791259200,2026-10-06,False,PRE_A,60,UP,False,True,False,0,False,5.260274981107646,,,13.386621300529718,0.0,24.0
HISTORICAL_PRE_V2,btc-updown-15m-1791260100,2026-10-06,False,PRE_A,300,DOWN,False,True,False,0,False,0.18703945248179163,,,1.0939720013841518,3.0,23.0
HISTORICAL_PRE_V2,btc-updown-15m-1791260100,2026-10-06,False,PRE_A,180,DOWN,False,True,False,0,False,0.2201118702514788,,,0.9583017985808024,3.0,23.0
HISTORICAL_PRE_V2,btc-updown-15m-1791260100,2026-10-06,False,PRE_A,120,DOWN,False,True,False,0,False,0.2622994765354813,,,0.8697480861447442,3.0,23.0
HISTORICAL_PRE_V2,btc-updown-15m-1791260100,2026-10-06,False,PRE_A,60,DOWN,False,True,False,0,False,1.4721299261418306,,,2.557998733523244,3.0,23.0
HISTORICAL_PRE_V2,btc-updown-15m-1791261000,2026-10-06,False,PRE_A,300,UP,False,True,False,0,False,0.6606318364327742,,,3.7230047024531046,4.0,28.0
HISTORICAL_PRE_V2,btc-updown-15m-1791261000,2026-10-06,False,PRE_A,180,UP,False,True,False,0,False,0.7388167955435596,,,3.6335901108198265,4.0,28.0
HISTORICAL_PRE_V2,btc-updown-15m-1791261000,2026-10-06,False,PRE_A,120,UP,False,True,False,0,False,0.36804697786951296,,,3.0801570937695217,4.0,28.0
HISTORICAL_PRE_V2,btc-updown-15m-1791261000,2026-10-06,False,PRE_A,60,UP,False,True,False,0,False,0.4228375950579767,,,1.308722311119645,4.0,28.0
HISTORICAL_PRE_V2,btc-updown-15m-1791261900,2026-10-06,False,PRE_A,300,UP,False,True,False,0,False,0.20017808494435996,,,0.3173163185738389,1.0,11.0
HISTORICAL_PRE_V2,btc-updown-15m-1791261900,2026-10-06,False,PRE_A,180,UP,False,True,False,0,False,0.13641079840913917,,,0.8723389446349885,1.0,11.0
HISTORICAL_PRE_V2,btc-updown-15m-1791261900,2026-10-06,False,PRE_A,120,UP,False,True,False,0,False,0.038069693662153244,,,0.540953965320585,1.0,11.0
HISTORICAL_PRE_V2,btc-updown-15m-1791261900,2026-10-06,False,PRE_A,60,UP,False,True,False,0,False,0.10211753160136439,,,0.24429257541870095,1.0,11.0
HISTORICAL_PRE_V2,btc-updown-15m-1791262800,2026-10-06,False,PRE_A,300,UP,False,True,False,0,False,1.8316240204255307,,,11.74156809547314,2.0,22.0
HISTORICAL_PRE_V2,btc-updown-15m-1791262800,2026-10-06,False,PRE_A,180,UP,False,True,False,0,False,2.4568041743785782,,,10.885194435046548,2.0,22.0
HISTORICAL_PRE_V2,btc-updown-15m-1791262800,2026-10-06,False,PRE_A,120,UP,False,True,False,0,False,3.02055236703629,,,11.869121956952812,2.0,22.0
HISTORICAL_PRE_V2,btc-updown-15m-1791262800,2026-10-06,False,PRE_A,60,UP,False,True,False,0,False,4.26917917963145,,,11.768828910385734,2.0,22.0
HISTORICAL_PRE_V2,btc-updown-15m-1791263700,2026-10-06,False,PRE_A,300,DOWN,False,True,False,0,False,0.6852644222683854,,,4.120557804513044,2.0,25.0
HISTORICAL_PRE_V2,btc-updown-15m-1791263700,2026-10-06,False,PRE_A,180,DOWN,False,True,False,0,False,1.0348469049526252,,,4.268842848784471,2.0,25.0
HISTORICAL_PRE_V2,btc-updown-15m-1791263700,2026-10-06,False,PRE_A,120,DOWN,False,True,False,0,False,1.525662089252934,,,5.105871002036644,2.0,25.0
HISTORICAL_PRE_V2,btc-updown-15m-1791263700,2026-10-06,False,PRE_A,60,DOWN,False,True,False,0,False,1.1177173807233476,,,4.857619822689323,2.0,25.0
HISTORICAL_PRE_V2,btc-updown-15m-1791264600,2026-10-06,False,PRE_A,300,DOWN,False,True,False,0,False,0.19469688837026025,,,0.6058174484812977,3.0,22.0
HISTORICAL_PRE_V2,btc-updown-15m-1791264600,2026-10-06,False,PRE_A,180,DOWN,False,True,False,0,False,1.6416304213664326,,,7.704430975770172,3.0,22.0
HISTORICAL_PRE_V2,btc-updown-15m-1791264600,2026-10-06,False,PRE_A,120,DOWN,False,True,False,0,False,2.485026623503482,,,8.116036148133297,3.0,22.0
HISTORICAL_PRE_V2,btc-updown-15m-1791264600,2026-10-06,False,PRE_A,60,DOWN,False,True,False,0,False,3.851587271528606,,,10.878073242944033,3.0,22.0
HISTORICAL_PRE_V2,btc-updown-15m-1791265500,2026-10-06,False,PRE_A,300,DOWN,False,True,False,0,False,0.946647693780682,,,6.955609236494481,0.0,20.0
HISTORICAL_PRE_V2,btc-updown-15m-1791265500,2026-10-06,False,PRE_A,180,DOWN,False,True,False,0,False,0.8817152934650404,,,4.474156732247582,0.0,20.0
HISTORICAL_PRE_V2,btc-updown-15m-1791265500,2026-10-06,False,PRE_A,120,DOWN,False,True,False,0,False,1.2704229631647166,,,4.946406396628436,0.0,20.0
HISTORICAL_PRE_V2,btc-updown-15m-1791265500,2026-10-06,False,PRE_A,60,DOWN,False,True,False,0,False,2.1700425523418643,,,5.719785516901017,0.0,20.0
HISTORICAL_PRE_V2,btc-updown-15m-1791266400,2026-10-06,False,PRE_A,300,DOWN,False,True,False,0,False,3.267656873336042,,,24.546531145786354,0.0,21.0
HISTORICAL_PRE_V2,btc-updown-15m-1791266400,2026-10-06,False,PRE_A,180,DOWN,False,True,False,0,False,6.159439011867987,,,30.90256244035862,0.0,21.0
HISTORICAL_PRE_V2,btc-updown-15m-1791266400,2026-10-06,False,PRE_A,120,DOWN,False,True,False,0,False,8.236649590017363,,,30.67718793269147,0.0,21.0
HISTORICAL_PRE_V2,btc-updown-15m-1791266400,2026-10-06,False,PRE_A,60,DOWN,False,True,False,0,False,13.41830767501556,,,35.929673409284675,0.0,21.0
HISTORICAL_PRE_V2,btc-updown-15m-1791267300,2026-10-06,False,PRE_A,300,UP,False,True,False,0,False,1.361762695093211,,,7.355270511046813,1.0,38.0
HISTORICAL_PRE_V2,btc-updown-15m-1791267300,2026-10-06,False,PRE_A,180,UP,False,True,False,0,False,2.206491124916566,,,10.337863356544604,1.0,38.0
HISTORICAL_PRE_V2,btc-updown-15m-1791267300,2026-10-06,False,PRE_A,120,UP,False,True,False,0,False,2.904530821450514,,,11.029831327806239,1.0,38.0
HISTORICAL_PRE_V2,btc-updown-15m-1791267300,2026-10-06,False,PRE_A,60,UP,False,True,False,0,False,3.350900480297688,,,10.53023841307524,1.0,38.0
HISTORICAL_PRE_V2,btc-updown-15m-1791268200,2026-10-06,False,PRE_A,300,UP,False,True,False,0,False,1.423421194513864,,,11.1141465655589,1.0,27.0
HISTORICAL_PRE_V2,btc-updown-15m-1791268200,2026-10-06,False,PRE_A,180,UP,False,True,False,0,False,1.159013687183556,,,7.57593695901048,1.0,27.0
HISTORICAL_PRE_V2,btc-updown-15m-1791268200,2026-10-06,False,PRE_A,120,UP,False,True,False,0,False,1.802158726690561,,,6.278673659900555,1.0,27.0
HISTORICAL_PRE_V2,btc-updown-15m-1791268200,2026-10-06,False,PRE_A,60,UP,False,True,False,0,False,2.7521525238852127,,,7.513424678429781,1.0,27.0
HISTORICAL_PRE_V2,btc-updown-15m-1791269100,2026-10-06,False,PRE_A,300,UP,True,True,True,1,False,0.14479410995364286,,,1.792603734386356,1.0,26.0
HISTORICAL_PRE_V2,btc-updown-15m-1791269100,2026-10-06,False,PRE_A,180,UP,True,True,True,1,False,0.6248787908578869,,,2.0838195193739324,1.0,26.0
HISTORICAL_PRE_V2,btc-updown-15m-1791269100,2026-10-06,False,PRE_A,120,UP,True,True,True,1,False,0.6495902994577913,,,2.844265475764022,1.0,26.0
HISTORICAL_PRE_V2,btc-updown-15m-1791269100,2026-10-06,False,PRE_A,60,UP,True,True,True,1,False,0.14015788038284488,,,2.375845420521773,1.0,26.0
HISTORICAL_PRE_V2,btc-updown-15m-1791270000,2026-10-06,False,PRE_A,300,DOWN,True,True,True,1,False,0.2338308302300206,,,0.8342985285694672,3.0,54.0
HISTORICAL_PRE_V2,btc-updown-15m-1791270000,2026-10-06,False,PRE_A,180,UP,False,True,False,0,False,0.558115611173321,,,2.7909052042094427,3.0,54.0
HISTORICAL_PRE_V2,btc-updown-15m-1791270000,2026-10-06,False,PRE_A,120,UP,False,True,False,0,False,0.3244057438746967,,,2.1586802241781005,3.0,54.0
HISTORICAL_PRE_V2,btc-updown-15m-1791270000,2026-10-06,False,PRE_A,60,UP,False,True,False,0,False,0.6484577472082632,,,1.2221400184306608,3.0,54.0
HISTORICAL_PRE_V2,btc-updown-15m-1791270900,2026-10-06,False,PRE_A,300,DOWN,False,True,False,0,False,0.44641214851197736,,,2.3522062508958843,1.0,17.0
HISTORICAL_PRE_V2,btc-updown-15m-1791270900,2026-10-06,False,PRE_A,180,DOWN,False,True,False,0,False,1.143501616534964,,,5.066678749565817,1.0,17.0
HISTORICAL_PRE_V2,btc-updown-15m-1791270900,2026-10-06,False,PRE_A,120,DOWN,False,True,False,0,False,1.4434868744025755,,,5.504485083397474,1.0,17.0
HISTORICAL_PRE_V2,btc-updown-15m-1791270900,2026-10-06,False,PRE_A,60,DOWN,False,True,False,0,False,2.270764968368067,,,6.259922101143379,1.0,17.0
HISTORICAL_PRE_V2,btc-updown-15m-1791271800,2026-10-06,False,PRE_A,300,UP,False,True,False,0,False,2.9548014655098145,,,17.178392637959664,0.0,16.0
HISTORICAL_PRE_V2,btc-updown-15m-1791271800,2026-10-06,False,PRE_A,180,UP,False,True,False,0,False,4.60646866239734,,,22.534468465379252,0.0,16.0
HISTORICAL_PRE_V2,btc-updown-15m-1791271800,2026-10-06,False,PRE_A,120,UP,False,True,False,0,False,5.415956845996394,,,21.574990327299933,0.0,16.0
HISTORICAL_PRE_V2,btc-updown-15m-1791271800,2026-10-06,False,PRE_A,60,UP,False,True,False,0,False,7.890306866685689,,,21.64210311987856,0.0,16.0
HISTORICAL_PRE_V2,btc-updown-15m-1791272700,2026-10-06,False,PRE_A,300,UP,False,True,False,0,False,1.9614485129340962,,,12.838269067718288,0.0,34.0
HISTORICAL_PRE_V2,btc-updown-15m-1791272700,2026-10-06,False,PRE_A,180,UP,False,True,False,0,False,3.2015015616729743,,,15.04484028670805,0.0,34.0
HISTORICAL_PRE_V2,btc-updown-15m-1791272700,2026-10-06,False,PRE_A,120,UP,False,True,False,0,False,2.7650901800482277,,,14.063753562272678,0.0,34.0
HISTORICAL_PRE_V2,btc-updown-15m-1791272700,2026-10-06,False,PRE_A,60,UP,False,True,False,0,False,3.108749272763575,,,10.49167107475671,0.0,34.0
HISTORICAL_PRE_V2,btc-updown-15m-1791273600,2026-10-06,False,PRE_A,300,UP,False,True,False,0,False,4.449113358382466,,,32.21270899077128,0.0,16.0
HISTORICAL_PRE_V2,btc-updown-15m-1791273600,2026-10-06,False,PRE_A,180,UP,False,True,False,0,False,5.828653994367927,,,33.13617311241878,0.0,16.0
HISTORICAL_PRE_V2,btc-updown-15m-1791273600,2026-10-06,False,PRE_A,120,UP,False,True,False,0,False,8.179336601004486,,,34.318438016612866,0.0,16.0
HISTORICAL_PRE_V2,btc-updown-15m-1791273600,2026-10-06,False,PRE_A,60,UP,False,True,False,0,False,10.333955583608683,,,31.684243054314198,0.0,16.0
HISTORICAL_PRE_V2,btc-updown-15m-1791274500,2026-10-06,False,PRE_A,300,UP,False,True,False,0,False,0.7597911376157941,,,5.2117642708827745,3.0,41.0
HISTORICAL_PRE_V2,btc-updown-15m-1791274500,2026-10-06,False,PRE_A,180,UP,False,True,False,0,False,2.0522022274231233,,,5.656758675102721,3.0,41.0
HISTORICAL_PRE_V2,btc-updown-15m-1791274500,2026-10-06,False,PRE_A,120,UP,False,True,False,0,False,2.602279246009846,,,9.181985436061572,3.0,41.0
HISTORICAL_PRE_V2,btc-updown-15m-1791274500,2026-10-06,False,PRE_A,60,UP,False,True,False,0,False,4.387184802798884,,,12.924438136771801,3.0,41.0
HISTORICAL_PRE_V2,btc-updown-15m-1791275400,2026-10-06,False,PRE_A,300,DOWN,True,True,True,1,False,1.4818311128616382,,,8.46499616132797,1.0,31.0
HISTORICAL_PRE_V2,btc-updown-15m-1791275400,2026-10-06,False,PRE_A,180,DOWN,True,True,True,1,False,0.21989056139235685,,,1.6196245656035224,1.0,31.0
HISTORICAL_PRE_V2,btc-updown-15m-1791275400,2026-10-06,False,PRE_A,120,DOWN,True,True,True,1,False,0.6301545918276323,,,0.06023879737374338,1.0,31.0
HISTORICAL_PRE_V2,btc-updown-15m-1791275400,2026-10-06,False,PRE_A,60,UP,False,True,False,0,False,2.260707260997631,,,5.039302394061203,1.0,31.0
HISTORICAL_PRE_V2,btc-updown-15m-1791276300,2026-10-06,False,PRE_A,300,UP,False,True,False,0,False,0.8729696376571084,,,5.8537354339347045,2.0,22.0
HISTORICAL_PRE_V2,btc-updown-15m-1791276300,2026-10-06,False,PRE_A,180,UP,False,True,False,0,False,1.1038649871523605,,,5.423298048638232,2.0,22.0
HISTORICAL_PRE_V2,btc-updown-15m-1791276300,2026-10-06,False,PRE_A,120,UP,False,True,False,0,False,2.470220451373364,,,6.36949749983467,2.0,22.0
HISTORICAL_PRE_V2,btc-updown-15m-1791276300,2026-10-06,False,PRE_A,60,UP,False,True,False,0,False,3.9797417854511856,,,9.888552888635557,2.0,22.0
HISTORICAL_PRE_V2,btc-updown-15m-1791277200,2026-10-06,False,PRE_A,300,DOWN,False,True,False,0,False,1.7617595788242604,,,7.690785501955308,2.0,33.0
HISTORICAL_PRE_V2,btc-updown-15m-1791277200,2026-10-06,False,PRE_A,180,DOWN,False,True,False,0,False,1.860696868216669,,,16.231690685476234,2.0,33.0
HISTORICAL_PRE_V2,btc-updown-15m-1791277200,2026-10-06,False,PRE_A,120,DOWN,False,True,False,0,False,3.000098649445158,,,12.05357032718536,2.0,33.0
HISTORICAL_PRE_V2,btc-updown-15m-1791277200,2026-10-06,False,PRE_A,60,DOWN,False,True,False,0,False,5.0005865400359255,,,12.097852448694649,2.0,33.0
HISTORICAL_PRE_V2,btc-updown-15m-1791278100,2026-10-06,False,PRE_A,300,UP,True,False,,,,1.8853588977489912,,,11.718532699237583,1.0,27.0
HISTORICAL_PRE_V2,btc-updown-15m-1791278100,2026-10-06,False,PRE_A,180,UP,True,True,True,1,False,3.886233147227725,,,12.832065772273276,1.0,27.0
HISTORICAL_PRE_V2,btc-updown-15m-1791278100,2026-10-06,False,PRE_A,120,UP,True,True,True,1,False,2.718193360089669,,,5.957583051051554,1.0,27.0
HISTORICAL_PRE_V2,btc-updown-15m-1791278100,2026-10-06,False,PRE_A,60,DOWN,False,True,False,0,False,5.697689820235277,,,14.554816523414033,1.0,27.0
HISTORICAL_PRE_V2,btc-updown-15m-1791279000,2026-10-06,False,PRE_A,300,UP,False,True,False,0,False,3.3569059530725367,,,23.14800808013314,0.0,10.0
HISTORICAL_PRE_V2,btc-updown-15m-1791279000,2026-10-06,False,PRE_A,180,UP,False,True,False,0,False,4.125272057600693,,,18.219384689285096,0.0,10.0
HISTORICAL_PRE_V2,btc-updown-15m-1791279000,2026-10-06,False,PRE_A,60,UP,False,True,False,0,False,6.724616665954191,,,19.17919566367006,0.0,10.0
HISTORICAL_PRE_V2,btc-updown-15m-1791279900,2026-10-06,False,PRE_A,300,UP,False,True,False,0,False,2.5586596459826274,,,16.311067383921035,1.0,27.0
HISTORICAL_PRE_V2,btc-updown-15m-1791279900,2026-10-06,False,PRE_A,180,UP,False,True,False,0,False,2.973920396415226,,,18.02437017505516,1.0,27.0
HISTORICAL_PRE_V2,btc-updown-15m-1791279900,2026-10-06,False,PRE_A,120,UP,False,True,False,0,False,3.226489036640033,,,13.919944904296857,1.0,27.0
HISTORICAL_PRE_V2,btc-updown-15m-1791279900,2026-10-06,False,PRE_A,60,UP,False,True,False,0,False,3.930130722765765,,,11.768921507621364,1.0,27.0
HISTORICAL_PRE_V2,btc-updown-15m-1791280800,2026-10-06,False,PRE_A,300,UP,False,True,False,0,False,0.58698276421873,,,3.609851431501262,5.0,30.0
HISTORICAL_PRE_V2,btc-updown-15m-1791280800,2026-10-06,False,PRE_A,180,UP,False,True,False,0,False,3.429741172630042,,,14.721939378308774,5.0,30.0
HISTORICAL_PRE_V2,btc-updown-15m-1791280800,2026-10-06,False,PRE_A,120,UP,False,True,False,0,False,3.7608282092202345,,,16.200852542577792,5.0,30.0
HISTORICAL_PRE_V2,btc-updown-15m-1791280800,2026-10-06,False,PRE_A,60,UP,False,True,False,0,False,6.221139837547613,,,15.850239269688801,5.0,30.0
HISTORICAL_PRE_V2,btc-updown-15m-1791281700,2026-10-06,False,PRE_A,300,DOWN,False,True,False,0,False,0.6644569493902018,,,3.251187333114465,0.0,38.0
HISTORICAL_PRE_V2,btc-updown-15m-1791281700,2026-10-06,False,PRE_A,180,DOWN,False,True,False,0,False,2.5932845533745965,,,13.491170752191117,0.0,38.0
HISTORICAL_PRE_V2,btc-updown-15m-1791281700,2026-10-06,False,PRE_A,120,DOWN,False,True,False,0,False,1.8874573441237534,,,8.885741941905163,0.0,38.0
HISTORICAL_PRE_V2,btc-updown-15m-1791281700,2026-10-06,False,PRE_A,60,DOWN,False,True,False,0,False,2.116639650024167,,,6.445897673108158,0.0,38.0
HISTORICAL_PRE_V2,btc-updown-15m-1791282600,2026-10-06,False,PRE_A,300,DOWN,True,True,True,1,False,1.4061478863798345,,,10.91532386930415,2.0,22.0
HISTORICAL_PRE_V2,btc-updown-15m-1791282600,2026-10-06,False,PRE_A,180,DOWN,True,True,True,1,False,0.2492443546608663,,,3.1807756058847008,2.0,22.0
HISTORICAL_PRE_V2,btc-updown-15m-1791282600,2026-10-06,False,PRE_A,120,DOWN,True,True,True,1,False,0.25002007266829274,,,0.02002283566811218,2.0,22.0
HISTORICAL_PRE_V2,btc-updown-15m-1791282600,2026-10-06,False,PRE_A,60,UP,False,True,False,0,False,2.3643554513618295,,,2.8228199514122143,2.0,22.0
HISTORICAL_PRE_V2,btc-updown-15m-1791283500,2026-10-06,False,PRE_A,300,DOWN,False,True,True,2,True,0.004045449565648748,,,1.2013431443561386,4.0,30.0
HISTORICAL_PRE_V2,btc-updown-15m-1791283500,2026-10-06,False,PRE_A,180,DOWN,False,True,False,0,False,0.3134895650643774,,,0.6996853812510655,4.0,30.0
HISTORICAL_PRE_V2,btc-updown-15m-1791283500,2026-10-06,False,PRE_A,120,DOWN,False,True,False,0,False,0.5667807264332636,,,1.9296104481413447,4.0,30.0
HISTORICAL_PRE_V2,btc-updown-15m-1791283500,2026-10-06,False,PRE_A,60,DOWN,False,True,False,0,False,2.5931750992487705,,,5.753413853580481,4.0,30.0
HISTORICAL_PRE_V2,btc-updown-15m-1791284400,2026-10-06,False,PRE_A,300,DOWN,True,True,True,1,False,0.8738411913214444,,,3.9556100604291586,2.0,22.0
HISTORICAL_PRE_V2,btc-updown-15m-1791284400,2026-10-06,False,PRE_A,180,DOWN,True,True,True,1,False,0.49992248773372255,,,3.669104700711377,2.0,22.0
HISTORICAL_PRE_V2,btc-updown-15m-1791284400,2026-10-06,False,PRE_A,120,UP,False,True,False,0,False,0.9791848543208923,,,0.020614503408820654,2.0,22.0
HISTORICAL_PRE_V2,btc-updown-15m-1791284400,2026-10-06,False,PRE_A,60,UP,False,True,False,0,False,2.1845635831850085,,,4.463899779819699,2.0,22.0
HISTORICAL_PRE_V2,btc-updown-15m-1791285300,2026-10-06,False,PRE_A,300,UP,False,False,,,,1.132079779071496,,,8.701689847856388,1.0,60.0
HISTORICAL_PRE_V2,btc-updown-15m-1791285300,2026-10-06,False,PRE_A,180,UP,False,False,,,,1.7648018838532258,,,4.71041739062763,1.0,60.0
HISTORICAL_PRE_V2,btc-updown-15m-1791285300,2026-10-06,False,PRE_A,60,UP,False,False,,,,0.6019256385263142,,,3.4412289744967217,1.0,60.0
HISTORICAL_PRE_V2,btc-updown-15m-1791286200,2026-10-06,False,PRE_A,300,UP,False,True,False,0,False,2.210478352054519,,,12.608150272944755,1.0,18.0
HISTORICAL_PRE_V2,btc-updown-15m-1791286200,2026-10-06,False,PRE_A,180,UP,False,True,False,0,False,2.1709911049118054,,,13.923645281173902,1.0,18.0
HISTORICAL_PRE_V2,btc-updown-15m-1791286200,2026-10-06,False,PRE_A,120,UP,False,True,False,0,False,1.2305603839827914,,,5.925957881910979,1.0,18.0
HISTORICAL_PRE_V2,btc-updown-15m-1791286200,2026-10-06,False,PRE_A,60,UP,False,True,False,0,False,3.190161845169076,,,6.505241639700667,1.0,18.0
HISTORICAL_PRE_V2,btc-updown-15m-1791287100,2026-10-06,False,PRE_A,300,DOWN,False,True,False,0,False,0.19605813570648994,,,0.42748717676049364,3.0,36.0
HISTORICAL_PRE_V2,btc-updown-15m-1791287100,2026-10-06,False,PRE_A,180,DOWN,False,True,False,0,False,0.7484060839608943,,,2.167070436660759,3.0,36.0
HISTORICAL_PRE_V2,btc-updown-15m-1791287100,2026-10-06,False,PRE_A,120,DOWN,False,True,False,0,False,1.15370334330112,,,4.918331541971065,3.0,36.0
HISTORICAL_PRE_V2,btc-updown-15m-1791287100,2026-10-06,False,PRE_A,60,DOWN,False,True,False,0,False,1.6768764374736032,,,4.586034637894333,3.0,36.0
HISTORICAL_PRE_V2,btc-updown-15m-1791288000,2026-10-06,False,PRE_A,300,UP,False,True,False,0,False,1.2199518800620377,,,7.562289552123704,0.0,24.0
HISTORICAL_PRE_V2,btc-updown-15m-1791288000,2026-10-06,False,PRE_A,180,UP,False,True,False,0,False,1.1967160680027953,,,5.572531405282759,0.0,24.0
HISTORICAL_PRE_V2,btc-updown-15m-1791288000,2026-10-06,False,PRE_A,120,UP,False,True,False,0,False,1.8904813489585734,,,6.672900883430456,0.0,24.0
HISTORICAL_PRE_V2,btc-updown-15m-1791288000,2026-10-06,False,PRE_A,60,UP,False,True,False,0,False,0.8679974909729458,,,3.197289742154877,0.0,24.0
HISTORICAL_PRE_V2,btc-updown-15m-1791288900,2026-10-06,False,PRE_A,300,DOWN,False,False,,,,3.123526867244413,,,14.52099540902342,1.0,34.0
HISTORICAL_PRE_V2,btc-updown-15m-1791288900,2026-10-06,False,PRE_A,180,DOWN,False,True,False,0,False,4.903226312843297,,,24.309649119608498,1.0,34.0
HISTORICAL_PRE_V2,btc-updown-15m-1791288900,2026-10-06,False,PRE_A,120,DOWN,False,True,False,0,False,5.417691309442403,,,22.043485001892236,1.0,34.0
HISTORICAL_PRE_V2,btc-updown-15m-1791288900,2026-10-06,False,PRE_A,60,DOWN,False,True,False,0,False,7.822547870858617,,,21.628813278761633,1.0,34.0
HISTORICAL_PRE_V2,btc-updown-15m-1791289800,2026-10-06,False,PRE_A,300,UP,False,False,,,,1.3148763589748842,,,5.5259836279311525,0.0,16.0
HISTORICAL_PRE_V2,btc-updown-15m-1791289800,2026-10-06,False,PRE_A,180,UP,False,False,,,,2.8097991564809863,,,12.006149555709364,0.0,16.0
HISTORICAL_PRE_V2,btc-updown-15m-1791289800,2026-10-06,False,PRE_A,120,UP,False,False,,,,3.0568248080369154,,,12.47255969308875,0.0,16.0
HISTORICAL_PRE_V2,btc-updown-15m-1791289800,2026-10-06,False,PRE_A,60,UP,False,False,,,,3.1722145234494565,,,10.237706015263283,0.0,16.0
HISTORICAL_PRE_V2,btc-updown-15m-1791296100,2026-10-06,False,PRE_A,300,DOWN,False,True,False,0,False,5.3049174562522685,,,34.290447627199654,2.0,51.0
HISTORICAL_PRE_V2,btc-updown-15m-1791296100,2026-10-06,False,PRE_A,180,DOWN,False,True,False,0,False,5.156012234532792,,,30.892772304372077,2.0,51.0
HISTORICAL_PRE_V2,btc-updown-15m-1791296100,2026-10-06,False,PRE_A,120,DOWN,False,True,False,0,False,5.942410343350178,,,22.192989824681987,2.0,51.0
HISTORICAL_PRE_V2,btc-updown-15m-1791296100,2026-10-06,False,PRE_A,60,DOWN,False,True,False,0,False,8.240469638997098,,,22.22645643866885,2.0,51.0
HISTORICAL_PRE_V2,btc-updown-15m-1791297000,2026-10-06,False,PRE_A,300,UP,False,True,False,0,False,2.6047635886807234,,,15.89884048192166,1.0,43.0
HISTORICAL_PRE_V2,btc-updown-15m-1791297000,2026-10-06,False,PRE_A,180,UP,False,True,False,0,False,5.170120741066387,,,18.90898948371407,1.0,43.0
HISTORICAL_PRE_V2,btc-updown-15m-1791297000,2026-10-06,False,PRE_A,120,UP,False,True,False,0,False,6.427240227478727,,,27.562456386226696,1.0,43.0
HISTORICAL_PRE_V2,btc-updown-15m-1791297000,2026-10-06,False,PRE_A,60,UP,False,True,False,0,False,8.417044231193083,,,25.008572017659677,1.0,43.0
HISTORICAL_PRE_V2,btc-updown-15m-1791297900,2026-10-06,False,PRE_A,300,UP,False,True,False,0,False,1.4397728590169996,,,14.089298982405655,1.0,55.0
HISTORICAL_PRE_V2,btc-updown-15m-1791297900,2026-10-06,False,PRE_A,180,UP,False,True,False,0,False,4.95098767535141,,,21.779128784207685,1.0,55.0
HISTORICAL_PRE_V2,btc-updown-15m-1791297900,2026-10-06,False,PRE_A,120,UP,False,True,False,0,False,7.965238789271374,,,25.685506852417472,1.0,55.0
HISTORICAL_PRE_V2,btc-updown-15m-1791297900,2026-10-06,False,PRE_A,60,UP,False,True,False,0,False,11.733705948521365,,,30.73085449173846,1.0,55.0
HISTORICAL_PRE_V2,btc-updown-15m-1791298800,2026-10-06,False,PRE_A,300,DOWN,True,True,True,1,False,0.5928892585644407,,,1.539319559010396,4.0,58.0
HISTORICAL_PRE_V2,btc-updown-15m-1791298800,2026-10-06,False,PRE_A,180,DOWN,True,True,True,1,False,0.2640675433436509,,,0.04778302660493158,4.0,58.0
HISTORICAL_PRE_V2,btc-updown-15m-1791298800,2026-10-06,False,PRE_A,120,UP,False,True,False,0,False,0.5233179222649291,,,2.402079517130154,4.0,58.0
HISTORICAL_PRE_V2,btc-updown-15m-1791298800,2026-10-06,False,PRE_A,60,UP,False,True,False,0,False,0.4343114781952948,,,0.5900273385560215,4.0,58.0
NATIVE_V2,btc-updown-15m-1791304200,2026-10-06,False,PRE_A,300,DOWN,False,True,False,0,False,2.3006426821292947,,,15.90140111872903,2.0,46.0
NATIVE_V2,btc-updown-15m-1791304200,2026-10-06,False,PRE_A,180,DOWN,False,True,False,0,False,2.368104390608348,,,11.522571619529199,2.0,46.0
NATIVE_V2,btc-updown-15m-1791304200,2026-10-06,False,PRE_A,120,DOWN,False,True,False,0,False,3.2248185192810377,,,11.712508066746791,2.0,46.0
NATIVE_V2,btc-updown-15m-1791304200,2026-10-06,False,PRE_A,60,DOWN,False,True,False,0,False,2.831857108964808,,,9.910124802252959,2.0,46.0
NATIVE_V2,btc-updown-15m-1791305100,2026-10-06,False,PRE_A,300,DOWN,False,False,,,,0.6034279045421219,,,1.9156906746278217,5.0,27.0
NATIVE_V2,btc-updown-15m-1791305100,2026-10-06,False,PRE_A,120,DOWN,False,False,,,,2.8858607085496697,,,10.404109025069555,5.0,27.0
NATIVE_V2,btc-updown-15m-1791305100,2026-10-06,False,PRE_A,60,DOWN,False,False,,,,3.885308849531886,,,11.856887503332995,5.0,27.0
NATIVE_V2,btc-updown-15m-1791306000,2026-10-06,False,PRE_A,300,UP,True,False,,,,1.038641623053834,,,2.5648306537186736,3.0,33.0
NATIVE_V2,btc-updown-15m-1791306000,2026-10-06,False,PRE_A,180,DOWN,False,True,False,0,False,0.8554753527855951,,,2.0653691020099023,3.0,33.0
NATIVE_V2,btc-updown-15m-1791306000,2026-10-06,False,PRE_A,120,DOWN,False,True,False,0,False,2.309301216347576,,,6.499297164120802,3.0,33.0
NATIVE_V2,btc-updown-15m-1791306000,2026-10-06,False,PRE_A,60,DOWN,False,True,False,0,False,2.683698455536428,,,9.131565100036838,3.0,33.0
NATIVE_V2,btc-updown-15m-1791306900,2026-10-06,False,PRE_A,300,DOWN,True,True,True,1,False,0.2174290030409753,,,0.49449537938289706,2.0,36.0
NATIVE_V2,btc-updown-15m-1791306900,2026-10-06,False,PRE_A,180,UP,False,True,False,0,False,1.9360515042541617,,,7.468889877680945,2.0,36.0
NATIVE_V2,btc-updown-15m-1791306900,2026-10-06,False,PRE_A,120,UP,False,True,False,0,False,2.3663520120619026,,,8.136698582631592,2.0,36.0
NATIVE_V2,btc-updown-15m-1791306900,2026-10-06,False,PRE_A,60,UP,False,True,False,0,False,4.845538032549235,,,12.081533325297947,2.0,36.0
NATIVE_V2,btc-updown-15m-1791307800,2026-10-06,False,PRE_A,300,DOWN,False,True,False,0,False,1.2280874121307823,,,7.561363332495415,0.0,32.0
NATIVE_V2,btc-updown-15m-1791307800,2026-10-06,False,PRE_A,180,DOWN,False,True,False,0,False,1.6385613517166426,,,7.492667396797754,0.0,32.0
NATIVE_V2,btc-updown-15m-1791307800,2026-10-06,False,PRE_A,120,DOWN,False,True,False,0,False,3.2737729868176495,,,10.943021171374177,0.0,32.0
NATIVE_V2,btc-updown-15m-1791307800,2026-10-06,False,PRE_A,60,DOWN,False,True,False,0,False,2.015591282706285,,,9.654150001156808,0.0,32.0
NATIVE_V2,btc-updown-15m-1791308700,2026-10-06,False,PRE_A,300,UP,False,True,False,0,False,2.7261198106343505,,,16.2575569412358,2.0,24.0
NATIVE_V2,btc-updown-15m-1791308700,2026-10-06,False,PRE_A,180,UP,False,True,False,0,False,2.803507259786838,,,15.43420931179025,2.0,24.0
NATIVE_V2,btc-updown-15m-1791308700,2026-10-06,False,PRE_A,120,UP,False,True,False,0,False,3.017390468724547,,,12.442286850589289,2.0,24.0
NATIVE_V2,btc-updown-15m-1791308700,2026-10-06,False,PRE_A,60,UP,False,True,False,0,False,4.164521900293241,,,11.580923501214484,2.0,24.0
NATIVE_V2,btc-updown-15m-1791309600,2026-10-06,False,PRE_A,300,UP,False,True,False,0,False,0.8076472989182449,,,5.990645803234889,0.0,40.0
NATIVE_V2,btc-updown-15m-1791309600,2026-10-06,False,PRE_A,180,UP,False,True,False,0,False,2.1113660122309756,,,8.839371975126406,0.0,40.0
NATIVE_V2,btc-updown-15m-1791309600,2026-10-06,False,PRE_A,120,UP,False,True,False,0,False,2.6519202387819414,,,10.183489952736485,0.0,40.0
NATIVE_V2,btc-updown-15m-1791309600,2026-10-06,False,PRE_A,60,UP,False,True,False,0,False,2.584377821706035,,,8.835762250273097,0.0,40.0
NATIVE_V2,btc-updown-15m-1791310500,2026-10-06,False,PRE_A,300,DOWN,False,True,False,0,False,1.9572204020610113,,,14.03068498885248,1.0,25.0
NATIVE_V2,btc-updown-15m-1791310500,2026-10-06,False,PRE_A,180,DOWN,False,True,False,0,False,1.9296998608921776,,,9.010610146882167,1.0,25.0
NATIVE_V2,btc-updown-15m-1791310500,2026-10-06,False,PRE_A,120,DOWN,False,True,False,0,False,1.7398652228410807,,,8.65566290524524,1.0,25.0
NATIVE_V2,btc-updown-15m-1791310500,2026-10-06,False,PRE_A,60,DOWN,False,True,False,0,False,2.062128574295129,,,6.99837620616956,1.0,25.0
NATIVE_V2,btc-updown-15m-1791311400,2026-10-06,False,PRE_A,300,DOWN,False,True,False,0,False,2.6510270893822345,,,14.942017666414298,0.0,21.0
NATIVE_V2,btc-updown-15m-1791311400,2026-10-06,False,PRE_A,180,DOWN,False,True,False,0,False,3.5591234968425947,,,17.042491590187787,0.0,21.0
NATIVE_V2,btc-updown-15m-1791311400,2026-10-06,False,PRE_A,120,DOWN,False,True,False,0,False,3.1940278829332476,,,14.055077452310579,0.0,21.0
NATIVE_V2,btc-updown-15m-1791311400,2026-10-06,False,PRE_A,60,DOWN,False,True,False,0,False,4.037160312014428,,,12.553461048261346,0.0,21.0
NATIVE_V2,btc-updown-15m-1791312300,2026-10-06,False,PRE_A,60,DOWN,False,False,,,,5.23184514717333,,,14.721647134823172,,
NATIVE_V2,btc-updown-15m-1791313200,2026-10-06,False,PRE_A,300,DOWN,False,True,False,0,False,0.471818795021533,,,2.5959677980699536,2.0,33.0
NATIVE_V2,btc-updown-15m-1791313200,2026-10-06,False,PRE_A,180,DOWN,False,True,False,0,False,2.15303429895184,,,7.738231731689407,2.0,33.0
NATIVE_V2,btc-updown-15m-1791313200,2026-10-06,False,PRE_A,120,DOWN,False,True,False,0,False,1.6146108376538824,,,8.840516681828099,2.0,33.0
NATIVE_V2,btc-updown-15m-1791313200,2026-10-06,False,PRE_A,60,DOWN,False,True,False,0,False,1.3279984842415953,,,4.911655344074514,2.0,33.0
NATIVE_V2,btc-updown-15m-1791314100,2026-10-06,False,PRE_A,300,DOWN,True,False,,,,0.09609551525570677,,,0.2653388243899451,,
NATIVE_V2,btc-updown-15m-1791314100,2026-10-06,False,PRE_A,180,DOWN,True,False,,,,0.6184171651207636,,,2.6184362768889278,,
NATIVE_V2,btc-updown-15m-1791314100,2026-10-06,False,PRE_A,120,DOWN,True,False,,,,0.2127719139050238,,,1.2072330360189358,,
NATIVE_V2,btc-updown-15m-1791314100,2026-10-06,False,PRE_A,60,UP,False,False,,,,0.8135012743534058,,,2.531854847595701,,
NATIVE_V2,btc-updown-15m-1791329400,2026-10-06,False,PRE_A,300,UP,False,True,False,0,False,0.36579435283420514,,,1.4498126896038521,1.0,7.0
NATIVE_V2,btc-updown-15m-1791329400,2026-10-06,False,PRE_A,180,UP,False,True,False,0,False,1.2722601294126492,,,4.630440599913733,1.0,7.0
NATIVE_V2,btc-updown-15m-1791329400,2026-10-06,False,PRE_A,120,UP,False,True,False,0,False,1.7718437550240471,,,5.738711924283424,1.0,7.0
NATIVE_V2,btc-updown-15m-1791329400,2026-10-06,False,PRE_A,60,UP,False,True,False,0,False,2.9158295688229487,,,7.624961489137493,1.0,7.0
NATIVE_V2,btc-updown-15m-1791330300,2026-10-06,False,PRE_A,300,UP,True,True,True,1,False,0.35327097501169846,,,2.3176143158858546,1.0,19.0
NATIVE_V2,btc-updown-15m-1791330300,2026-10-06,False,PRE_A,180,UP,True,True,True,1,False,0.3843565009316802,,,1.793796998271018,1.0,19.0
NATIVE_V2,btc-updown-15m-1791330300,2026-10-06,False,PRE_A,120,UP,True,True,True,1,False,0.4259317272257126,,,1.8640858551995565,1.0,19.0
NATIVE_V2,btc-updown-15m-1791330300,2026-10-06,False,PRE_A,60,UP,True,True,True,1,False,0.31416643881423856,,,1.50918290291168,1.0,19.0
