market_slug,session_regime,checkpoint_sec,snapshot_ts,observed_time_left_sec,leader_side,canonical_settlement_side,observed_flip,market_implied_flip_probability,analytic_flip_probability,empirical_path_probability,comparable_synchronized,required_move_sigma
btc-updown-15m-1791152100,WEEKDAY,300,,,UNKNOWN,DOWN,,,,,False,
btc-updown-15m-1791152100,WEEKDAY,180,,,UNKNOWN,DOWN,,,,,False,
btc-updown-15m-1791152100,WEEKDAY,120,1791152880.2121851,119.78781485557556,UP,DOWN,True,,0.002473998929648724,,True,2.293555251187423
btc-updown-15m-1791152100,WEEKDAY,60,1791152940.378449,59.62155103683472,UP,DOWN,True,,0.5246474095640847,,True,
btc-updown-15m-1791152100,WEEKDAY,30,1791152971.4731898,28.52681016921997,DOWN,DOWN,False,,2.297790748784223e-07,,True,2.9130765817038635
btc-updown-15m-1791151200,WEEKDAY,300,,,UNKNOWN,UP,,,,,False,
btc-updown-15m-1791151200,WEEKDAY,180,1791151920.1024551,179.89754486083984,UP,UP,False,0.0050000000000000044,0.0,,True,9.954700874582077
btc-updown-15m-1791151200,WEEKDAY,120,1791151978.2778418,121.72215819358826,UP,UP,False,0.0,0.0,,True,11.8966912353987
btc-updown-15m-1791151200,WEEKDAY,60,1791152040.246,59.75399994850159,UP,UP,False,0.0,0.0,,True,
btc-updown-15m-1791151200,WEEKDAY,30,1791152069.848028,30.15197205543518,UP,UP,False,0.0,0.0,,True,55.3918070009216
btc-updown-15m-1791150300,WEEKDAY,300,1791150899.721844,300.278156042099,DOWN,DOWN,False,0.055,0.026276482303409066,,True,1.8062008319679275
btc-updown-15m-1791150300,WEEKDAY,180,1791151020.2649128,179.73508715629578,DOWN,DOWN,False,0.125,0.09515960517061794,,True,1.1552747599703934
btc-updown-15m-1791150300,WEEKDAY,120,1791151080.294475,119.70552492141724,DOWN,DOWN,False,,5.698268962128772e-06,,True,3.584852160952409
btc-updown-15m-1791150300,WEEKDAY,60,1791151139.4906209,60.509379148483276,DOWN,DOWN,False,,0.0,,True,5.94931028037723
btc-updown-15m-1791150300,WEEKDAY,30,1791151170.765868,29.234132051467896,DOWN,DOWN,False,,0.0,,True,15.56165993218277
btc-updown-15m-1791148500,WEEKDAY,300,1791149099.5325189,300.467481136322,DOWN,DOWN,False,0.055,0.001004076442153723,,True,2.879341171184637
btc-updown-15m-1791148500,WEEKDAY,180,1791149220.260941,179.73905897140503,DOWN,DOWN,False,0.005,9.60115567788522e-06,,True,3.7730031849611456
btc-updown-15m-1791148500,WEEKDAY,120,1791149278.7557309,121.24426913261414,DOWN,DOWN,False,,3.640554524508843e-11,,True,5.340176922802006
btc-updown-15m-1791148500,WEEKDAY,60,1791149341.040112,58.959887981414795,DOWN,DOWN,False,,1.9984014443252818e-15,,True,
btc-updown-15m-1791148500,WEEKDAY,30,1791149370.6780648,29.321935176849365,DOWN,DOWN,False,,0.0,,True,22.68525174712387
btc-updown-15m-1791147600,WEEKDAY,300,1791148199.964761,300.03523898124695,UP,UP,False,,0.13932429582125783,,True,1.0088613297268219
btc-updown-15m-1791147600,WEEKDAY,180,1791148320.0388658,179.96113419532776,UP,UP,False,,7.896172604660023e-11,,True,5.636423393010847
btc-updown-15m-1791147600,WEEKDAY,120,1791148380.000535,119.9994649887085,UP,UP,False,,3.397948589167754e-12,,True,5.5986246972795275
btc-updown-15m-1791147600,WEEKDAY,60,1791148440.424927,59.57507300376892,UP,UP,False,,9.870992911942267e-13,,True,
btc-updown-15m-1791147600,WEEKDAY,30,1791148468.372728,31.62727189064026,UP,UP,False,,0.0,,True,20.596797256109486
btc-updown-15m-1791146700,WEEKDAY,300,1791147299.692276,300.30772399902344,UP,UP,False,,0.15219038692726883,,True,0.9565514357605382
btc-updown-15m-1791146700,WEEKDAY,180,1791147420.121578,179.87842202186584,UP,UP,False,0.03500000000000003,0.004405889476332359,,True,2.3094596086517627
btc-updown-15m-1791146700,WEEKDAY,120,1791147479.405751,120.59424901008606,UP,UP,False,0.05500000000000005,0.013511149358987784,,True,1.8077669215483512
btc-updown-15m-1791146700,WEEKDAY,60,1791147540.083607,59.91639304161072,UP,UP,False,0.0050000000000000044,0.0016789241305026348,,True,
btc-updown-15m-1791146700,WEEKDAY,30,1791147569.599862,30.400137901306152,UP,UP,False,0.0050000000000000044,0.0,,True,7.636936613887471
btc-updown-15m-1791145800,WEEKDAY,300,,,UNKNOWN,UP,,,,,False,
btc-updown-15m-1791145800,WEEKDAY,180,,,UNKNOWN,UP,,,,,False,
btc-updown-15m-1791145800,WEEKDAY,120,,,UNKNOWN,UP,,,,,False,
btc-updown-15m-1791145800,WEEKDAY,60,,,UNKNOWN,UP,,,,,False,
btc-updown-15m-1791145800,WEEKDAY,30,,,UNKNOWN,UP,,,,,False,
btc-updown-15m-1791144000,WEEKDAY,300,1791144599.661688,300.3383119106293,DOWN,DOWN,False,0.165,0.25731371297990796,,True,0.606758754220791
btc-updown-15m-1791144000,WEEKDAY,180,1791144719.766059,180.23394107818604,DOWN,DOWN,False,,0.1996873560097761,,True,0.7435638553015025
btc-updown-15m-1791144000,WEEKDAY,120,1791144780.2006679,119.79933214187622,DOWN,DOWN,False,0.155,0.28108703369757015,,True,0.47313141195734415
btc-updown-15m-1791144000,WEEKDAY,60,1791144840.150632,59.84936809539795,DOWN,DOWN,False,0.07500000000000001,0.26359460623433084,,True,
btc-updown-15m-1791144000,WEEKDAY,30,1791144860.4874501,39.51254987716675,DOWN,DOWN,False,,0.12550751265010196,,True,0.6629721327872543
btc-updown-15m-1791143100,WEEKDAY,300,1791143699.551661,300.4483389854431,DOWN,DOWN,False,,0.46858952954149885,,True,0.07314114724483753
btc-updown-15m-1791143100,WEEKDAY,180,1791143822.2525492,177.74745082855225,DOWN,DOWN,False,0.455,0.4704649972824673,,True,0.06507184341807694
btc-updown-15m-1791143100,WEEKDAY,120,1791143877.5660238,122.43397617340088,DOWN,DOWN,False,0.425,0.45421274536044437,,True,0.09428430138973198
btc-updown-15m-1791143100,WEEKDAY,60,,,UNKNOWN,DOWN,,,,,False,
btc-updown-15m-1791143100,WEEKDAY,30,,,UNKNOWN,DOWN,,,,,False,
btc-updown-15m-1791142200,WEEKDAY,300,,,UNKNOWN,DOWN,,,,,False,
btc-updown-15m-1791142200,WEEKDAY,180,,,UNKNOWN,DOWN,,,,,False,
btc-updown-15m-1791142200,WEEKDAY,120,,,UNKNOWN,DOWN,,,,,False,
btc-updown-15m-1791142200,WEEKDAY,60,,,UNKNOWN,DOWN,,,,,False,
btc-updown-15m-1791142200,WEEKDAY,30,1791143070.131799,29.86820101737976,DOWN,DOWN,False,0.005,,,True,
btc-updown-15m-1791141300,WEEKDAY,300,1791141899.625469,300.3745310306549,UP,UP,False,0.255,0.39420621491957664,,True,0.25019923166966485
btc-updown-15m-1791141300,WEEKDAY,180,1791142018.312961,181.68703889846802,UP,UP,False,0.11499999999999999,0.2791046376456322,,True,0.517350025058331
btc-updown-15m-1791141300,WEEKDAY,120,1791142080.174759,119.82524108886719,UP,UP,False,,0.004219717704073256,,True,2.149803524516197
btc-updown-15m-1791141300,WEEKDAY,60,1791142139.508252,60.491748094558716,UP,UP,False,0.0050000000000000044,2.645050334315613e-08,,True,3.1666978882389882
btc-updown-15m-1791141300,WEEKDAY,30,1791142170.753022,29.246978044509888,UP,UP,False,0.0010000000000000009,0.0,,True,8.433252339948325
btc-updown-15m-1791140400,WEEKDAY,300,1791141000.1549902,299.845009803772,UP,UP,False,0.07499999999999996,0.18191579370360944,,True,0.8456867898451115
btc-updown-15m-1791140400,WEEKDAY,180,1791141119.989179,180.01082110404968,UP,UP,False,0.06499999999999995,0.1059177398023099,,True,1.1013862506416952
btc-updown-15m-1791140400,WEEKDAY,120,1791141180.635666,119.36433410644531,UP,UP,False,0.03500000000000003,0.047820996697149454,,True,1.3589988884174762
btc-updown-15m-1791140400,WEEKDAY,60,1791141242.1168,57.88319993019104,UP,UP,False,,0.024950753472768206,,True,
btc-updown-15m-1791140400,WEEKDAY,30,1791141270.224271,29.775728940963745,UP,UP,False,0.0010000000000000009,0.0,,True,5.121515192266072
btc-updown-15m-1791138600,WEEKDAY,300,1791139200.160104,299.8398959636688,DOWN,UP,True,,0.48415683737881227,,True,0.03672469311258657
btc-updown-15m-1791138600,WEEKDAY,180,1791139320.3710358,179.62896418571472,UP,UP,False,0.17500000000000004,0.41770958261646585,,True,0.1834101356723182
btc-updown-15m-1791138600,WEEKDAY,120,1791139379.989484,120.01051592826843,UP,UP,False,,0.3329886569270937,,True,0.3526957780465504
btc-updown-15m-1791138600,WEEKDAY,60,1791139440.1551108,59.84488916397095,UP,UP,False,,0.26099290574432,,True,
btc-updown-15m-1791138600,WEEKDAY,30,1791139469.973359,30.02664089202881,UP,UP,False,,3.070529952464707e-05,,True,2.3139160396233787
btc-updown-15m-1791137700,WEEKDAY,300,1791138300.127112,299.8728880882263,UP,UP,False,0.405,0.47025248819595467,,True,0.06976892645465786
btc-updown-15m-1791137700,WEEKDAY,180,1791138413.8586318,186.14136815071106,UP,UP,False,,0.4632311604787067,,True,0.08199795657937695
btc-updown-15m-1791137700,WEEKDAY,120,,,UNKNOWN,UP,,,,,False,
btc-updown-15m-1791137700,WEEKDAY,60,1791138539.771224,60.22877597808838,UP,UP,False,,0.35783045236476874,,True,0.21121778360874108
btc-updown-15m-1791137700,WEEKDAY,30,1791138570.69051,29.309489965438843,UP,UP,False,,0.15718721457223028,,True,0.5810622367660361
btc-updown-15m-1791136800,WEEKDAY,300,1791137402.3488598,297.6511402130127,DOWN,DOWN,False,0.355,0.43873534098811867,,True,0.14323261681646052
btc-updown-15m-1791136800,WEEKDAY,180,1791137520.422261,179.57773900032043,DOWN,DOWN,False,0.505,0.4790593392986005,,True,0.04612876711180626
btc-updown-15m-1791136800,WEEKDAY,120,1791137584.191392,115.80860805511475,DOWN,DOWN,False,,0.4754728564091658,,True,0.04966569468378041
btc-updown-15m-1791136800,WEEKDAY,60,1791137635.724653,64.27534699440002,DOWN,DOWN,False,,0.4708667470465289,,True,0.04488030621007971
btc-updown-15m-1791136800,WEEKDAY,30,,,UNKNOWN,DOWN,,,,,False,
btc-updown-15m-1791135900,WEEKDAY,300,1791136500.2597241,299.74027585983276,DOWN,DOWN,False,0.065,0.12308202739033325,,True,1.0800275259152
btc-updown-15m-1791135900,WEEKDAY,180,1791136619.44596,180.55403995513916,DOWN,DOWN,False,,0.07733014466807037,,True,1.2563700554636634
btc-updown-15m-1791135900,WEEKDAY,120,1791136680.324599,119.67540097236633,DOWN,DOWN,False,0.005,0.0020603797654991096,,True,2.3424888382087596
btc-updown-15m-1791135900,WEEKDAY,60,1791136739.6714509,60.32854914665222,DOWN,DOWN,False,0.005,8.885587376994408e-09,,True,3.272085712388186
btc-updown-15m-1791135900,WEEKDAY,30,1791136770.080545,29.91945505142212,DOWN,DOWN,False,,0.0,,True,8.32823622998318
btc-updown-15m-1791135000,WEEKDAY,300,1791135600.0578308,299.9421691894531,DOWN,UP,True,0.045,0.18149182678418158,,True,0.8471106800356486
btc-updown-15m-1791135000,WEEKDAY,180,1791135720.555284,179.4447159767151,DOWN,UP,True,,0.12430329355811165,,True,1.0174631460257586
btc-updown-15m-1791135000,WEEKDAY,120,1791135780.3913002,119.60869979858398,DOWN,UP,True,,0.05773048065317754,,True,1.284838899112651
btc-updown-15m-1791135000,WEEKDAY,60,1791135838.1020741,61.89792585372925,DOWN,UP,True,0.045,0.11937400600586079,,True,0.7009939441088144
btc-updown-15m-1791135000,WEEKDAY,30,1791135864.701312,35.29868793487549,DOWN,UP,True,0.9195,0.8173126650829484,,True,0.5227863299720654
btc-updown-15m-1791133200,WEEKDAY,300,1791133801.1631439,298.8368561267853,DOWN,DOWN,False,0.20500000000000002,0.25900670381658486,,True,0.6016460531099235
btc-updown-15m-1791133200,WEEKDAY,180,1791133920.144201,179.85579895973206,DOWN,DOWN,False,0.035,0.1311119485995862,,True,0.9890345628627488
btc-updown-15m-1791133200,WEEKDAY,120,1791133980.379337,119.62066292762756,DOWN,DOWN,False,,0.021198375121426638,,True,1.6568223940841682
btc-updown-15m-1791133200,WEEKDAY,60,1791134040.03314,59.96686005592346,DOWN,DOWN,False,,0.01082912502097827,,True,
btc-updown-15m-1791133200,WEEKDAY,30,1791134069.745814,30.254185914993286,DOWN,DOWN,False,,0.0,,True,5.878407847603965
btc-updown-15m-1791132300,WEEKDAY,300,1791132900.567775,299.4322249889374,UP,UP,False,,0.3466104756838082,,True,0.3675457399842004
btc-updown-15m-1791132300,WEEKDAY,180,1791133020.031229,179.96877098083496,UP,UP,False,0.08999999999999997,0.18199043824126437,,True,0.8008963094673455
btc-updown-15m-1791132300,WEEKDAY,120,1791133079.6582808,120.34171915054321,UP,UP,False,,0.11513925328388364,,True,0.9804767900999524
btc-updown-15m-1791132300,WEEKDAY,60,1791133139.716855,60.2831449508667,UP,UP,False,0.0050000000000000044,0.013078051954516612,,True,1.2902359366947207
btc-updown-15m-1791132300,WEEKDAY,30,1791133169.912522,30.087477922439575,UP,UP,False,,2.4237891693701386e-08,,True,3.1506045037338772
btc-updown-15m-1791131400,WEEKDAY,300,1791132000.335347,299.66465306282043,UP,UP,False,,0.059546881073151425,,True,1.4509570438678836
btc-updown-15m-1791131400,WEEKDAY,180,1791132120.388536,179.6114640235901,UP,UP,False,,0.007543493205451779,,True,2.1424701785914486
btc-updown-15m-1791131400,WEEKDAY,120,1791132180.245335,119.7546648979187,UP,UP,False,0.00649999999999995,0.00025136024407468316,,True,2.838914269585439
btc-updown-15m-1791131400,WEEKDAY,60,1791132239.822998,60.177001953125,UP,UP,False,0.0010000000000000009,2.51909604287448e-13,,True,4.182238363436604
btc-updown-15m-1791131400,WEEKDAY,30,1791132270.2494211,29.75057888031006,UP,UP,False,0.0010000000000000009,0.0,,True,10.811286626577276
btc-updown-15m-1791129600,WEEKDAY,300,1791130200.2362611,299.7637388706207,DOWN,DOWN,False,0.28500000000000003,0.28083489279057394,,True,0.5402635496597077
btc-updown-15m-1791129600,WEEKDAY,180,1791130320.4401479,179.5598521232605,DOWN,DOWN,False,0.245,0.28548428302618256,,True,0.49958685054368734
btc-updown-15m-1791129600,WEEKDAY,120,1791130379.706721,120.29327893257141,DOWN,DOWN,False,0.20500000000000002,0.2164988320916187,,True,0.64075154575218
btc-updown-15m-1791129600,WEEKDAY,60,1791130439.964312,60.0356879234314,DOWN,DOWN,False,0.055,0.05612300901850914,,True,0.9178643674900309
btc-updown-15m-1791129600,WEEKDAY,30,1791130471.941499,28.05850100517273,DOWN,DOWN,False,0.005,0.011285390903294168,,True,1.3173056349741188
btc-updown-15m-1791128700,WEEKEND,300,1791129299.6918201,300.3081798553467,DOWN,DOWN,False,0.345,0.40174390578115343,,True,0.23150007110180845
btc-updown-15m-1791128700,WEEKEND,180,1791129420.2614112,179.73858880996704,DOWN,DOWN,False,,0.3160058015533599,,True,0.42226153165218816
btc-updown-15m-1791128700,WEEKEND,120,1791129479.818701,120.18129897117615,DOWN,DOWN,False,,0.2306569534868662,,True,0.6018740520585488
btc-updown-15m-1791128700,WEEKEND,60,1791129539.772552,60.22744798660278,DOWN,DOWN,False,,0.0038617281174109785,,True,1.5446274342836526
btc-updown-15m-1791128700,WEEKEND,30,1791129568.8018172,31.198182821273804,DOWN,DOWN,False,0.005,6.061817714453355e-14,,True,4.284558388136467
btc-updown-15m-1791127800,WEEKEND,300,1791128399.581861,300.4181389808655,DOWN,UP,True,0.315,0.32308805387167583,,True,0.42736182194723127
btc-updown-15m-1791127800,WEEKEND,180,,,UNKNOWN,UP,,,,,False,
btc-updown-15m-1791127800,WEEKEND,120,1791128580.024788,119.97521209716797,UP,UP,False,,0.26272359255451005,,True,0.5186801637470851
btc-updown-15m-1791127800,WEEKEND,60,1791128641.054789,58.9452109336853,UP,UP,False,,0.3170795581328223,,True,
btc-updown-15m-1791127800,WEEKEND,30,1791128669.737191,30.26280903816223,UP,UP,False,,0.02283829319990338,,True,1.1540522757314562
btc-updown-15m-1791125100,WEEKEND,300,1791125700.056881,299.94311904907227,UP,UP,False,0.015000000000000013,0.018889666440944364,,True,1.9335537888669145
btc-updown-15m-1791125100,WEEKEND,180,1791125819.977847,180.0221529006958,UP,UP,False,,0.0008300074785759781,,True,2.7731079676753336
btc-updown-15m-1791125100,WEEKEND,120,1791125879.999182,120.0008180141449,UP,UP,False,,5.8901671762257024e-08,,True,4.322847927395135
btc-updown-15m-1791125100,WEEKEND,60,1791125940.9632041,59.03679585456848,UP,UP,False,,8.372669224598894e-10,,True,
btc-updown-15m-1791125100,WEEKEND,30,1791125969.826355,30.17364501953125,UP,UP,False,,0.0,,True,16.27393850827938
btc-updown-15m-1791124200,WEEKEND,300,1791124799.8557792,300.14422082901,DOWN,DOWN,False,,0.16617508300367317,,True,0.9027800089114114
btc-updown-15m-1791124200,WEEKEND,180,1791124919.4920352,180.50796484947205,DOWN,DOWN,False,,0.07004394013714232,,True,1.3024247796489095
btc-updown-15m-1791124200,WEEKEND,120,1791124979.21174,120.78825998306274,DOWN,DOWN,False,0.005,0.02485307533123382,,True,1.6058966031964426
btc-updown-15m-1791124200,WEEKEND,60,1791125038.452374,61.54762601852417,DOWN,DOWN,False,,5.5403223264693935e-05,,True,2.288714462023301
btc-updown-15m-1791124200,WEEKEND,30,1791125069.9851258,30.01487421989441,DOWN,DOWN,False,,0.0,,True,5.891545896868654
btc-updown-15m-1791123300,WEEKEND,300,1791123900.137417,299.8625829219818,DOWN,DOWN,False,0.08499999999999999,0.18272923065382118,,True,0.8427316220700278
btc-updown-15m-1791123300,WEEKEND,180,1791124019.97152,180.028480052948,DOWN,DOWN,False,,0.12310741907911954,,True,1.0231015910465486
btc-updown-15m-1791123300,WEEKEND,120,1791124080.581023,119.41897702217102,DOWN,DOWN,False,0.10500000000000001,0.2403547543422015,,True,0.5751932926553691
btc-updown-15m-1791123300,WEEKEND,60,1791124140.0239308,59.97606921195984,DOWN,DOWN,False,,0.1487200562789428,,True,
btc-updown-15m-1791123300,WEEKEND,30,1791124169.330009,30.66999101638794,DOWN,DOWN,False,,1.450464684193964e-06,,True,2.702304771714042
btc-updown-15m-1791121500,WEEKEND,300,1791122100.079465,299.92053508758545,UP,UP,False,,0.25924255782542494,,True,0.6014468938270311
btc-updown-15m-1791121500,WEEKEND,180,1791122220.395966,179.60403394699097,UP,UP,False,0.10499999999999998,0.2753851740516041,,True,0.5262910234044068
btc-updown-15m-1791121500,WEEKEND,120,1791122279.5036118,120.49638819694519,UP,UP,False,0.10499999999999998,0.26438347013804053,,True,0.5150870092165717
btc-updown-15m-1791121500,WEEKEND,60,1791122339.458923,60.54107689857483,UP,UP,False,,0.23042274941658003,,True,0.42972696633529384
btc-updown-15m-1791121500,WEEKEND,30,1791122370.33091,29.669090032577515,UP,UP,False,,0.012081085166996353,,True,1.3019704270515156
btc-updown-15m-1791120600,WEEKEND,300,1791121200.5335019,299.4664981365204,UP,UP,False,,0.2709172264653097,,True,0.5682017472693859
btc-updown-15m-1791120600,WEEKEND,180,1791121317.1119611,182.88803887367249,UP,UP,False,,0.6150089361738231,,True,0.25836846752045767
btc-updown-15m-1791120600,WEEKEND,120,1791121380.1607301,119.8392698764801,DOWN,UP,True,,0.33136636527106034,,True,0.3560067984136682
btc-updown-15m-1791120600,WEEKEND,60,,,UNKNOWN,UP,,,,,False,
btc-updown-15m-1791120600,WEEKEND,30,1791121469.479307,30.520693063735962,UP,UP,False,0.015000000000000013,0.04492224592353544,,True,0.9795845284975445
btc-updown-15m-1791119700,WEEKEND,300,1791120299.487474,300.51252603530884,UP,UP,False,,0.18108699917471438,,True,0.8487564263020989
btc-updown-15m-1791119700,WEEKEND,180,1791120420.250657,179.749342918396,UP,UP,False,,0.0797149493311684,,True,1.2408455423552676
btc-updown-15m-1791119700,WEEKEND,120,1791120480.026842,119.97315788269043,UP,UP,False,,0.03893150015274094,,True,1.4398031036515222
btc-updown-15m-1791119700,WEEKEND,60,1791120540.150528,59.84947204589844,UP,UP,False,,0.0032275027617044705,,True,
btc-updown-15m-1791119700,WEEKEND,30,1791120570.061344,29.938656091690063,UP,UP,False,,0.0,,True,7.286448804643854
btc-updown-15m-1791117900,WEEKEND,300,1791118499.628785,300.37121510505676,DOWN,DOWN,False,,0.05918496802274703,,True,1.45484014915395
btc-updown-15m-1791117900,WEEKEND,180,1791118619.997082,180.00291800498962,DOWN,DOWN,False,0.010499999999999999,0.0016329110885788811,,True,2.5965137072917845
btc-updown-15m-1791117900,WEEKEND,120,1791118680.059819,119.940181016922,DOWN,DOWN,False,,7.814325128574495e-05,,True,3.0894618527590296
btc-updown-15m-1791117900,WEEKEND,60,1791118740.0739598,59.926040172576904,DOWN,DOWN,False,,0.00023780361003927775,,True,
btc-updown-15m-1791117900,WEEKEND,30,1791118770.290834,29.709166049957275,DOWN,DOWN,False,0.001,0.0,,True,8.897408169359851
btc-updown-15m-1791117000,WEEKEND,300,1791117599.9391801,300.06081986427307,UNKNOWN,DOWN,,,,,False,
btc-updown-15m-1791117000,WEEKEND,180,1791117720.63628,179.36371994018555,DOWN,DOWN,False,,0.2420368825092054,,True,0.6169388943730969
btc-updown-15m-1791117000,WEEKEND,120,1791117779.847064,120.15293598175049,DOWN,DOWN,False,,0.15045158879237241,,True,0.845231653042533
btc-updown-15m-1791117000,WEEKEND,60,1791117840.2759109,59.7240891456604,DOWN,DOWN,False,0.0075,0.09264337333546535,,True,
btc-updown-15m-1791117000,WEEKEND,30,1791117872.204706,27.795294046401978,DOWN,DOWN,False,,0.0,,True,7.53660621050702
btc-updown-15m-1791116100,WEEKEND,300,,,UNKNOWN,UP,,,,,False,
btc-updown-15m-1791116100,WEEKEND,180,1791116811.8075662,188.19243383407593,UP,UP,False,,0.24181086135696161,,True,0.6219143746464059
btc-updown-15m-1791116100,WEEKEND,120,1791116879.9428139,120.05718612670898,UP,UP,False,,0.19523435671965106,,True,0.7015386085937919
btc-updown-15m-1791116100,WEEKEND,60,1791116940.1838248,59.81617522239685,UP,UP,False,,0.17765167261515735,,True,
btc-updown-15m-1791116100,WEEKEND,30,1791116969.925954,30.07404589653015,UP,UP,False,,0.0002824960882059635,,True,1.9909596769521363
btc-updown-15m-1791114300,WEEKEND,300,1791114900.417294,299.58270597457886,UP,UP,False,,0.23997650039394813,,True,0.6578907180688839
btc-updown-15m-1791114300,WEEKEND,180,1791115019.516806,180.4831941127777,UP,UP,False,,0.1769824262027011,,True,0.8180908538147467
btc-updown-15m-1791114300,WEEKEND,120,1791115079.883181,120.11681890487671,UP,UP,False,0.025000000000000022,0.11991219758893645,,True,0.9602434652291997
btc-updown-15m-1791114300,WEEKEND,60,1791115139.496417,60.50358295440674,UP,UP,False,,0.017566013317381834,,True,1.2267216836797215
btc-updown-15m-1791114300,WEEKEND,30,1791115169.259425,30.740575075149536,UP,UP,False,,2.3425705819590803e-14,,True,4.353049282110858
btc-updown-15m-1791113400,WEEKEND,300,1791114000.216017,299.78398299217224,DOWN,DOWN,False,0.055,0.21300611172112927,,True,0.741182053364769
btc-updown-15m-1791113400,WEEKEND,180,1791114120.72558,179.27442002296448,DOWN,DOWN,False,,0.18433697920952596,,True,0.7925853919432004
btc-updown-15m-1791113400,WEEKEND,120,1791114180.363093,119.63690710067749,DOWN,DOWN,False,0.035,0.15156272678100735,,True,0.8404479962834661
btc-updown-15m-1791113400,WEEKEND,60,1791114240.2527108,59.747289180755615,DOWN,DOWN,False,,0.037401065806226375,,True,
btc-updown-15m-1791113400,WEEKEND,30,1791114270.908774,29.09122610092163,DOWN,DOWN,False,,0.0,,True,4.867624326353634
btc-updown-15m-1791112500,WEEKEND,300,1791113100.001079,299.998920917511,UP,UP,False,,0.2847656925824822,,True,0.529831761965968
btc-updown-15m-1791112500,WEEKEND,180,1791113220.426741,179.57325911521912,UP,UP,False,0.015000000000000013,0.07745657970036013,,True,1.2542433497917427
btc-updown-15m-1791112500,WEEKEND,120,1791113279.8343182,120.16568183898926,UP,UP,False,0.0024999999999999467,0.012232305901641372,,True,1.83764909784214
btc-updown-15m-1791112500,WEEKEND,60,1791113340.1250188,59.87498116493225,UP,UP,False,,0.009400252361180028,,True,
btc-updown-15m-1791112500,WEEKEND,30,1791113372.5087008,27.491299152374268,UP,UP,False,0.0010000000000000009,0.0,,True,6.534501796354549
btc-updown-15m-1791110700,WEEKEND,300,1791111299.4352582,300.5647418498993,DOWN,DOWN,False,,0.44745089580871855,,True,0.12277922925939755
btc-updown-15m-1791110700,WEEKEND,180,1791111420.16733,179.8326699733734,DOWN,DOWN,False,,0.43152439448000723,,True,0.15197747195222672
btc-updown-15m-1791110700,WEEKEND,120,1791111480.319963,119.68003702163696,DOWN,DOWN,False,0.015,0.10696803793393928,,True,1.014493459324004
btc-updown-15m-1791110700,WEEKEND,60,1791111538.7916842,61.2083158493042,DOWN,DOWN,False,0.005,0.0001642420657680388,,True,2.1155281905968826
btc-updown-15m-1791110700,WEEKEND,30,1791111570.844318,29.15568208694458,DOWN,DOWN,False,0.001,0.0,,True,7.626657909653432
btc-updown-15m-1791109800,WEEKEND,300,1791110399.559864,300.44013595581055,DOWN,DOWN,False,,0.01795191326690443,,True,1.9549451620226441
btc-updown-15m-1791109800,WEEKEND,180,1791110519.4810839,180.51891613006592,DOWN,DOWN,False,,0.04814676692896208,,True,1.468145011272748
btc-updown-15m-1791109800,WEEKEND,120,1791110580.220317,119.77968311309814,DOWN,DOWN,False,,0.008180149543161985,,True,1.960614247882718
btc-updown-15m-1791109800,WEEKEND,60,1791110639.687959,60.31204104423523,DOWN,DOWN,False,,9.491200232414343e-07,,True,2.766628766026393
btc-updown-15m-1791109800,WEEKEND,30,1791110670.2015622,29.79843783378601,DOWN,DOWN,False,,0.0,,True,7.076377628796677
btc-updown-15m-1791108900,WEEKEND,300,1791109500.5740101,299.4259898662567,UP,UP,False,0.020499999999999963,0.0023381565232560853,,True,2.6318572462133805
btc-updown-15m-1791108900,WEEKEND,180,1791109619.891181,180.10881900787354,UP,UP,False,,1.0301599574602527e-05,,True,3.75385054442132
btc-updown-15m-1791108900,WEEKEND,120,1791109681.510644,118.48935604095459,UP,UP,False,,1.3001955068148163e-10,,True,5.141281126744388
btc-updown-15m-1791108900,WEEKEND,60,1791109739.130485,60.86951494216919,UP,UP,False,,0.0,,True,7.800993296549426
btc-updown-15m-1791108900,WEEKEND,30,1791109769.8876312,30.11236882209778,UP,UP,False,,0.0,,True,18.7260424433558
btc-updown-15m-1791108000,WEEKEND,300,1791108599.8741739,300.1258261203766,UP,UP,False,,0.4050183479400906,,True,0.22411620632578305
btc-updown-15m-1791108000,WEEKEND,180,1791108720.462698,179.5373020172119,UP,UP,False,0.28500000000000003,0.4012076042150259,,True,0.2208437359534282
btc-updown-15m-1791108000,WEEKEND,120,1791108779.1911628,120.80883717536926,UP,UP,False,0.31499999999999995,0.3903549325109834,,True,0.22788672700537516
btc-updown-15m-1791108000,WEEKEND,60,,,UNKNOWN,UP,,,,,False,
btc-updown-15m-1791108000,WEEKEND,30,,,UNKNOWN,UP,,,,,False,
btc-updown-15m-1791107100,WEEKEND,300,1791107699.972477,300.0275230407715,DOWN,DOWN,False,,0.303635124464012,,True,0.47845401767696694
btc-updown-15m-1791107100,WEEKEND,180,1791107819.69385,180.3061499595642,DOWN,DOWN,False,,0.2482055910659502,,True,0.60008440382239
btc-updown-15m-1791107100,WEEKEND,120,1791107880.508495,119.49150490760803,DOWN,DOWN,False,0.015,0.05123074690222057,,True,1.3326207318009455
btc-updown-15m-1791107100,WEEKEND,60,1791107941.4432378,58.55676221847534,DOWN,DOWN,False,,0.09740527272600019,,True,
btc-updown-15m-1791107100,WEEKEND,30,1791107969.4398599,30.560140132904053,DOWN,DOWN,False,0.005,1.6764367671839864e-14,,True,4.382054098829073
btc-updown-15m-1791105300,WEEKEND,300,1791105900.03629,299.9637100696564,UP,UP,False,,0.08897358198742511,,True,1.2542841719957378
btc-updown-15m-1791105300,WEEKEND,180,1791106020.335229,179.6647710800171,UP,UP,False,,0.018539974169100026,,True,1.8382118517091577
btc-updown-15m-1791105300,WEEKEND,120,1791106080.476802,119.523197889328,UP,UP,False,,0.00019153853458575565,,True,2.8963622033852423
btc-updown-15m-1791105300,WEEKEND,60,1791106139.783808,60.21619200706482,UP,UP,False,,0.0,,True,5.1457463932590715
btc-updown-15m-1791105300,WEEKEND,30,1791106172.138904,27.861095905303955,UP,UP,False,,0.0,,True,16.52549632756829
btc-updown-15m-1791104400,WEEKEND,300,,,UNKNOWN,UP,,,,,False,
btc-updown-15m-1791104400,WEEKEND,180,,,UNKNOWN,UP,,,,,False,
btc-updown-15m-1791104400,WEEKEND,120,1791105180.455541,119.54445910453796,UP,UP,False,0.025000000000000022,0.12524897355166087,,True,0.9376546153009431
btc-updown-15m-1791104400,WEEKEND,60,1791105237.7035048,62.29649519920349,UP,UP,False,0.0050000000000000044,0.015791677326348452,,True,1.2862941126079708
btc-updown-15m-1791104400,WEEKEND,30,1791105269.993571,30.006428956985474,UP,UP,False,0.0050000000000000044,2.885397476504181e-10,,True,3.5775785559640814
btc-updown-15m-1791103500,WEEKEND,300,1791104100.727364,299.27263593673706,UP,UP,False,0.14500000000000002,0.32045455116679167,,True,0.4344972196262202
btc-updown-15m-1791103500,WEEKEND,180,1791104219.922198,180.07780194282532,UP,UP,False,,0.2547486869139832,,True,0.5820707317516676
btc-updown-15m-1791103500,WEEKEND,120,1791104280.251939,119.74806094169617,UP,UP,False,0.025000000000000022,0.19126207292447794,,True,0.712909337231483
btc-updown-15m-1791103500,WEEKEND,60,1791104339.851138,60.1488618850708,UP,UP,False,0.0050000000000000044,0.049375169361444815,,True,0.955775438435922
btc-updown-15m-1791103500,WEEKEND,30,1791104370.058157,29.941843032836914,UP,UP,False,0.0050000000000000044,1.704493224341519e-08,,True,3.186508440402071
btc-updown-15m-1791102600,WEEKEND,300,1791103200.090685,299.90931510925293,DOWN,DOWN,False,,0.003632890725605631,,True,2.501507539550555
btc-updown-15m-1791102600,WEEKEND,180,1791103320.3863711,179.61362886428833,DOWN,DOWN,False,,0.0038953304784931087,,True,2.3480011021978338
btc-updown-15m-1791102600,WEEKEND,120,1791103380.260829,119.7391710281372,DOWN,DOWN,False,0.0045000000000000005,0.0002574497478283755,,True,2.8364592078585544
btc-updown-15m-1791102600,WEEKEND,60,1791103439.3765051,60.62349486351013,DOWN,DOWN,False,,3.0103142201198807e-12,,True,4.015885505997087
btc-updown-15m-1791102600,WEEKEND,30,1791103470.3167229,29.683277130126953,DOWN,DOWN,False,0.001,0.0,,True,10.604655011633204
btc-updown-15m-1791101700,WEEKEND,300,1791102300.083664,299.9163360595703,DOWN,UP,True,,0.41783853954456,,True,0.1929093132902513
btc-updown-15m-1791101700,WEEKEND,180,1791102425.244522,174.75547790527344,UP,UP,False,0.09499999999999997,0.21458617149419967,,True,0.6945614123387068
btc-updown-15m-1791101700,WEEKEND,120,1791102480.944716,119.05528402328491,UP,UP,False,0.07499999999999996,0.10818615301048085,,True,1.0076516291766722
btc-updown-15m-1791101700,WEEKEND,60,1791102541.2833228,58.71667718887329,UP,UP,False,,0.04140921048284407,,True,
btc-updown-15m-1791101700,WEEKEND,30,1791102570.0584261,29.94157385826111,UP,UP,False,,5.965583971323518e-05,,True,2.2216730534484053
btc-updown-15m-1791100800,WEEKEND,300,,,UNKNOWN,UP,,,,,False,
btc-updown-15m-1791100800,WEEKEND,180,1791101521.584676,178.41532397270203,UP,UP,False,,,,True,
btc-updown-15m-1791100800,WEEKEND,120,1791101580.071907,119.92809295654297,UP,UP,False,,0.007222569578764326,,True,1.996886449312883
btc-updown-15m-1791100800,WEEKEND,60,1791101639.7976582,60.20234179496765,UP,UP,False,,2.7548050285375325e-08,,True,3.147619247781352
btc-updown-15m-1791100800,WEEKEND,30,1791101671.998029,28.001971006393433,UP,UP,False,,0.0,,True,7.280440420341428
btc-updown-15m-1791099900,WEEKEND,300,1791100500.178185,299.8218150138855,UP,UP,False,0.025000000000000022,0.08085917750256244,,True,1.3028222668998468
btc-updown-15m-1791099900,WEEKEND,180,1791100619.590561,180.40943908691406,UP,UP,False,,0.087782881213188,,True,1.195228484509326
btc-updown-15m-1791099900,WEEKEND,120,1791100679.610633,120.38936710357666,UP,UP,False,,0.002536865675887845,,True,2.2898197629501387
btc-updown-15m-1791099900,WEEKEND,60,1791100739.8739688,60.126031160354614,UP,UP,False,0.0050000000000000044,2.4424906541753444e-15,,True,4.52758683476099
btc-updown-15m-1791099900,WEEKEND,30,1791100769.123801,30.8761990070343,UP,UP,False,,0.0,,True,12.728189374097017
btc-updown-15m-1791099000,WEEKEND,300,1791099600.258249,299.74175095558167,DOWN,DOWN,False,,0.20557252211368615,,True,0.7652533248718366
btc-updown-15m-1791099000,WEEKEND,180,1791099719.7921228,180.20787715911865,DOWN,DOWN,False,0.175,0.33487413399326044,,True,0.37617048067112535
btc-updown-15m-1791099000,WEEKEND,120,1791099780.56572,119.43427991867065,DOWN,DOWN,False,0.225,0.3441460268555675,,True,0.3271724232969574
btc-updown-15m-1791099000,WEEKEND,60,1791099839.645451,60.354548931121826,DOWN,DOWN,False,,0.4014668751727051,,True,0.14492873532467188
btc-updown-15m-1791099000,WEEKEND,30,1791099870.857611,29.142389059066772,DOWN,DOWN,False,,0.2487753457621612,,True,0.39176099864227293
btc-updown-15m-1791098100,WEEKEND,300,,,UNKNOWN,DOWN,,,,,False,
btc-updown-15m-1791098100,WEEKEND,180,,,UNKNOWN,DOWN,,,,,False,
btc-updown-15m-1791098100,WEEKEND,120,,,UNKNOWN,DOWN,,,,,False,
btc-updown-15m-1791098100,WEEKEND,60,,,UNKNOWN,DOWN,,,,,False,
btc-updown-15m-1791098100,WEEKEND,30,1791098977.489364,22.5106360912323,DOWN,DOWN,False,,,,True,
btc-updown-15m-1791097200,WEEKEND,300,1791097800.250216,299.74978399276733,DOWN,DOWN,False,0.20500000000000002,0.3705838927760182,,True,0.3073467465428452
btc-updown-15m-1791097200,WEEKEND,180,1791097919.601444,180.3985559940338,DOWN,DOWN,False,,0.2897718558336286,,True,0.4888198235268759
btc-updown-15m-1791097200,WEEKEND,120,1791097980.1385229,119.86147713661194,DOWN,DOWN,False,,0.2204486952676823,,True,0.6292373153769536
btc-updown-15m-1791097200,WEEKEND,60,1791098039.0755022,60.924497842788696,DOWN,DOWN,False,,0.0037485104961232363,,True,1.567870126636379
btc-updown-15m-1791097200,WEEKEND,30,1791098069.638905,30.36109495162964,DOWN,DOWN,False,,1.653122083666858e-12,,True,4.02366842603733
btc-updown-15m-1791096300,WEEKEND,300,1791096900.1173298,299.8826701641083,UP,UP,False,0.015000000000000013,0.012718799112183432,,True,2.079966980612954
btc-updown-15m-1791096300,WEEKEND,180,1791097020.72216,179.2778398990631,UP,UP,False,,0.003720860199722953,,True,2.358672547645197
btc-updown-15m-1791096300,WEEKEND,120,1791097080.359957,119.64004302024841,UP,UP,False,,0.0009398246359000328,,True,2.536010728543099
btc-updown-15m-1791096300,WEEKEND,60,1791097137.899114,62.10088610649109,UP,UP,False,,3.4398718451456034e-07,,True,2.9616034792743027
btc-updown-15m-1791096300,WEEKEND,30,1791097169.953163,30.046837091445923,UP,UP,False,,0.0,,True,7.803000459481334
btc-updown-15m-1791095400,WEEKEND,300,1791095999.71005,300.2899498939514,UP,UP,False,,0.05839850325809781,,True,1.4602820255738018
btc-updown-15m-1791095400,WEEKEND,180,1791096120.0385852,179.96141481399536,UP,UP,False,,0.02229779542492938,,True,1.771274039608322
btc-updown-15m-1791095400,WEEKEND,120,1791096179.6012402,120.39875984191895,UP,UP,False,0.04500000000000004,0.015182928840947518,,True,1.769535628750139
btc-updown-15m-1791095400,WEEKEND,60,1791096239.65813,60.341870069503784,UP,UP,False,,5.205581240030899e-05,,True,2.25335750087974
btc-updown-15m-1791095400,WEEKEND,30,1791096270.1243799,29.875620126724243,UP,UP,False,,0.0,,True,5.848079170157565
btc-updown-15m-1791094500,WEEKEND,300,,,UNKNOWN,DOWN,,,,,False,
btc-updown-15m-1791094500,WEEKEND,180,,,UNKNOWN,DOWN,,,,,False,
btc-updown-15m-1791094500,WEEKEND,120,,,UNKNOWN,DOWN,,,,,False,
btc-updown-15m-1791094500,WEEKEND,60,1791095348.100461,51.89953899383545,DOWN,DOWN,False,0.005,,,True,
btc-updown-15m-1791094500,WEEKEND,30,1791095369.58749,30.41250991821289,DOWN,DOWN,False,0.005,0.10319397930328367,,True,
btc-updown-15m-1791093600,WEEKEND,300,1791094198.97035,301.02964997291565,UP,UP,False,0.18500000000000005,0.34898179951439123,,True,0.3617206635426148
btc-updown-15m-1791093600,WEEKEND,180,1791094319.007187,180.99281311035156,UP,UP,False,,0.328802394428664,,True,0.3914756382843372
btc-updown-15m-1791093600,WEEKEND,120,1791094383.285105,116.7148950099945,UP,UP,False,,0.28054696834984405,,True,0.47145597690254815
btc-updown-15m-1791093600,WEEKEND,60,1791094440.356917,59.64308309555054,UP,UP,False,,0.256510599181212,,True,
btc-updown-15m-1791093600,WEEKEND,30,1791094470.4433012,29.5566987991333,UP,UP,False,,0.03393317334709922,,True,1.0544637466783595
btc-updown-15m-1791092700,WEEKEND,300,1791093300.175654,299.82434606552124,UP,DOWN,True,0.20499999999999996,0.38813512680039985,,True,0.2648841670268213
btc-updown-15m-1791092700,WEEKEND,180,1791093419.0522811,180.94771885871887,DOWN,DOWN,False,,0.38505780748110746,,True,0.25782738644030195
btc-updown-15m-1791092700,WEEKEND,120,1791093486.862745,113.1372549533844,DOWN,DOWN,False,,0.3415402362957825,,True,0.3282618104521879
btc-updown-15m-1791092700,WEEKEND,60,,,UNKNOWN,DOWN,,,,,False,
btc-updown-15m-1791092700,WEEKEND,30,,,UNKNOWN,DOWN,,,,,False,
btc-updown-15m-1791091800,WEEKEND,300,,,UNKNOWN,UP,,,,,False,
btc-updown-15m-1791091800,WEEKEND,180,,,UNKNOWN,UP,,,,,False,
btc-updown-15m-1791091800,WEEKEND,120,,,UNKNOWN,UP,,,,,False,
btc-updown-15m-1791091800,WEEKEND,60,,,UNKNOWN,UP,,,,,False,
btc-updown-15m-1791091800,WEEKEND,30,1791092670.6596758,29.34032416343689,UP,UP,False,0.0010000000000000009,9.786513350118486e-05,,True,
btc-updown-15m-1791090900,WEEKEND,300,1791091500.408679,299.5913209915161,UP,UP,False,,0.2503891994756964,,True,0.6270708574789787
btc-updown-15m-1791090900,WEEKEND,180,1791091620.0134,179.98659992218018,UP,UP,False,,0.16875491751271743,,True,0.8461395959367214
btc-updown-15m-1791090900,WEEKEND,120,1791091679.660654,120.33934593200684,UP,UP,False,0.007500000000000062,0.10239594341203773,,True,1.0363365859836375
btc-updown-15m-1791090900,WEEKEND,60,1791091739.990438,60.00956201553345,UP,UP,False,,0.005655326883399314,,True,1.4628849893703217
btc-updown-15m-1791090900,WEEKEND,30,1791091770.08547,29.914530038833618,UP,UP,False,,1.3699349321605325e-08,,True,3.208616801838342
btc-updown-15m-1791090000,WEEKEND,300,1791090600.16961,299.83038997650146,UP,UP,False,0.06499999999999995,0.3265436710098468,,True,0.4187789374359219
btc-updown-15m-1791090000,WEEKEND,180,1791090719.6126049,180.3873951435089,UP,UP,False,,0.32415542886220483,,True,0.40265983022100715
btc-updown-15m-1791090000,WEEKEND,120,1791090780.1083689,119.89163112640381,UP,UP,False,,0.28137977018274907,,True,0.4726867682145589
btc-updown-15m-1791090000,WEEKEND,60,1791090839.591579,60.4084210395813,UP,UP,False,,0.1276615333979838,,True,0.6613825516379476
btc-updown-15m-1791090000,WEEKEND,30,1791090869.979557,30.020442962646484,UP,UP,False,,0.00127572909816831,,True,1.7422888021689273
btc-updown-15m-1791089100,WEEKEND,300,1791089700.032133,299.967866897583,UP,UP,False,0.605,0.49012898189577403,,True,0.023311714971276064
btc-updown-15m-1791089100,WEEKEND,180,1791089819.9984891,180.00151085853577,DOWN,UP,True,0.255,0.4959750946229179,,True,0.008714953440779275
btc-updown-15m-1791089100,WEEKEND,120,1791089879.325388,120.67461204528809,UP,UP,False,0.715,0.4915219194903734,,True,0.01751394422849671
btc-updown-15m-1791089100,WEEKEND,60,1791089937.528126,62.47187399864197,UP,UP,False,,0.49237487912895084,,True,0.011518666257657153
btc-updown-15m-1791089100,WEEKEND,30,1791089970.036455,29.963545083999634,UP,UP,False,0.19500000000000006,0.45552310109597394,,True,0.06455625828487054
btc-updown-15m-1791088200,WEEKEND,300,,,UNKNOWN,UP,,,,,False,
btc-updown-15m-1791088200,WEEKEND,180,,,UNKNOWN,UP,,,,,False,
btc-updown-15m-1791088200,WEEKEND,120,,,UNKNOWN,UP,,,,,False,
btc-updown-15m-1791088200,WEEKEND,60,1791089039.0858722,60.914127826690674,UP,UP,False,,0.47497524442154626,,True,0.036839632809251885
btc-updown-15m-1791088200,WEEKEND,30,1791089069.71491,30.28508996963501,UP,UP,False,,0.4250992693991771,,True,0.10911104950650506
btc-updown-15m-1791087300,WEEKEND,300,,,UNKNOWN,UP,,,,,False,
btc-updown-15m-1791087300,WEEKEND,180,,,UNKNOWN,UP,,,,,False,
btc-updown-15m-1791087300,WEEKEND,120,1791088079.9029078,120.09709215164185,UP,UP,False,,0.46993240620086585,,True,0.061759314210507926
btc-updown-15m-1791087300,WEEKEND,60,1791088139.664205,60.3357949256897,UP,UP,False,0.015000000000000013,0.42689926106643805,,True,0.1070627877394906
btc-updown-15m-1791087300,WEEKEND,30,1791088170.005142,29.994858026504517,UP,UP,False,,0.32792444188410275,,True,0.2574117021888757
btc-updown-15m-1791086400,WEEKEND,300,1791086999.954433,300.04556703567505,DOWN,DOWN,False,,0.37204366906081016,,True,0.3037728319625833
btc-updown-15m-1791086400,WEEKEND,180,1791087119.541257,180.45874309539795,DOWN,DOWN,False,0.07500000000000001,0.2586357038101198,,True,0.5713865214991951
btc-updown-15m-1791086400,WEEKEND,120,1791087179.7062368,120.29376316070557,DOWN,DOWN,False,,0.18668760040793647,,True,0.7274853810578691
btc-updown-15m-1791086400,WEEKEND,60,1791087240.550878,59.449121952056885,DOWN,DOWN,False,0.0055,0.11273088990359009,,True,
btc-updown-15m-1791086400,WEEKEND,30,1791087269.910479,30.089520931243896,DOWN,DOWN,False,,1.1237349439863209e-08,,True,3.2305248855566355
btc-updown-15m-1791085500,WEEKEND,300,1791086099.219512,300.7804880142212,DOWN,DOWN,False,0.055,0.2209156131750576,,True,0.7162760107738534
btc-updown-15m-1791085500,WEEKEND,180,1791086220.0363631,179.9636368751526,DOWN,DOWN,False,0.025,0.13730357056377196,,True,0.9638449985362708
btc-updown-15m-1791085500,WEEKEND,120,1791086280.051873,119.9481270313263,DOWN,DOWN,False,0.010499999999999999,0.0660374358236831,,True,1.2300722648132558
btc-updown-15m-1791085500,WEEKEND,60,1791086338.180301,61.81969904899597,DOWN,DOWN,False,,0.002290149731507818,,True,1.6852975698122956
btc-updown-15m-1791085500,WEEKEND,30,1791086371.1636,28.836400032043457,DOWN,DOWN,False,,3.3306690738754696e-16,,True,4.671427486393649
btc-updown-15m-1791084600,WEEKEND,300,1791085200.206418,299.79358196258545,UP,UP,False,,0.14867993787609546,,True,0.9704109316130589
btc-updown-15m-1791084600,WEEKEND,180,1791085319.8960588,180.1039412021637,UP,UP,False,,0.013891671288532637,,True,1.9406207010062901
btc-updown-15m-1791084600,WEEKEND,120,1791085380.1520839,119.84791612625122,UP,UP,False,,0.0007724899019977416,,True,2.5840018248808008
btc-updown-15m-1791084600,WEEKEND,60,1791085439.5538602,60.44613981246948,UP,UP,False,,6.118747730710083e-10,,True,3.5339446595361688
btc-updown-15m-1791084600,WEEKEND,30,1791085470.849663,29.150336980819702,UP,UP,False,,0.0,,True,9.503153255461728
btc-updown-15m-1791083700,WEEKEND,300,,,UNKNOWN,DOWN,,,,,False,
btc-updown-15m-1791083700,WEEKEND,180,1791084412.498789,187.50121092796326,UP,DOWN,True,,,,True,
btc-updown-15m-1791083700,WEEKEND,120,,,UNKNOWN,DOWN,,,,,False,
btc-updown-15m-1791083700,WEEKEND,60,,,UNKNOWN,DOWN,,,,,False,
btc-updown-15m-1791083700,WEEKEND,30,,,UNKNOWN,DOWN,,,,,False,
btc-updown-15m-1791082800,WEEKEND,300,1791083399.737115,300.26288509368896,UP,UP,False,,0.4935335681979187,,True,0.015364025459540255
btc-updown-15m-1791082800,WEEKEND,180,1791083519.82746,180.17253994941711,UP,UP,False,0.41500000000000004,0.498451248009698,,True,0.0036113987273907913
btc-updown-15m-1791082800,WEEKEND,120,1791083578.352959,121.6470410823822,UP,UP,False,,0.5063017019063305,,True,0.012814117248431355
btc-updown-15m-1791082800,WEEKEND,60,,,UNKNOWN,UP,,,,,False,
btc-updown-15m-1791082800,WEEKEND,30,1791083676.484701,23.515299081802368,UP,UP,False,,0.06902972802229579,,True,0.8565005198219514
btc-updown-15m-1791081900,WEEKEND,300,1791082500.411656,299.58834409713745,DOWN,UP,True,0.505,0.4115143934921308,,True,0.2080033045691843
btc-updown-15m-1791081900,WEEKEND,180,1791082620.3147058,179.68529415130615,UP,UP,False,,0.46746722767514415,,True,0.07218910244159549
btc-updown-15m-1791081900,WEEKEND,120,1791082680.110044,119.88995599746704,UP,UP,False,0.495,0.49089666257410325,,True,0.018764998502927246
btc-updown-15m-1791081900,WEEKEND,60,1791082739.7293901,60.270609855651855,UP,UP,False,0.125,0.3836877133307859,,True,0.17165208036004037
btc-updown-15m-1791081900,WEEKEND,30,1791082768.929051,31.0709490776062,UP,UP,False,,0.157853739577012,,True,0.5794640026527328
btc-updown-15m-1791081000,WEEKEND,300,1791081600.271107,299.7288930416107,DOWN,DOWN,False,0.245,0.3553964078528453,,True,0.3450517383624092
btc-updown-15m-1791081000,WEEKEND,180,1791081720.237076,179.76292395591736,DOWN,DOWN,False,0.045,0.1669742162195803,,True,0.8522194517936428
btc-updown-15m-1791081000,WEEKEND,120,1791081779.933003,120.06699705123901,DOWN,DOWN,False,,0.19539247867970072,,True,0.7010164251219149
btc-updown-15m-1791081000,WEEKEND,60,1791081840.687955,59.312045097351074,DOWN,DOWN,False,,0.08957642602059213,,True,
btc-updown-15m-1791081000,WEEKEND,30,1791081869.142613,30.85738706588745,DOWN,DOWN,False,,2.558410039377179e-09,,True,3.375915547310595
btc-updown-15m-1791080100,WEEKEND,300,1791080699.839561,300.1604390144348,UP,UP,False,,0.42628754144926595,,True,0.17332644838661934
btc-updown-15m-1791080100,WEEKEND,180,1791080820.5221472,179.4778528213501,UP,UP,False,0.19499999999999995,0.4092526814693773,,True,0.20253237181025327
btc-updown-15m-1791080100,WEEKEND,120,,,UNKNOWN,UP,,,,,False,
btc-updown-15m-1791080100,WEEKEND,60,,,UNKNOWN,UP,,,,,False,
btc-updown-15m-1791080100,WEEKEND,30,,,UNKNOWN,UP,,,,,False,
btc-updown-15m-1791078300,WEEKEND,300,1791078900.3013492,299.6986508369446,UP,UP,False,,0.2775372232728094,,True,0.5497411564711607
btc-updown-15m-1791078300,WEEKEND,180,1791079020.1740742,179.82592582702637,UP,UP,False,,0.20159951495855633,,True,0.737419864162785
btc-updown-15m-1791078300,WEEKEND,120,1791079079.5217862,120.47821378707886,UP,UP,False,0.06499999999999995,0.19399039357019687,,True,0.7058432017201534
btc-updown-15m-1791078300,WEEKEND,60,1791079141.721049,58.278950929641724,UP,UP,False,,0.13628765723241876,,True,
btc-updown-15m-1791078300,WEEKEND,30,1791079170.226946,29.773053884506226,UP,UP,False,,4.700801972123969e-07,,True,2.8313865791035364
btc-updown-15m-1791077400,WEEKEND,300,1791078000.177671,299.82232904434204,UP,UP,False,0.10499999999999998,0.21629646507487155,,True,0.7308933947130759
btc-updown-15m-1791077400,WEEKEND,180,1791078120.057994,179.94200611114502,UP,UP,False,,0.19692766024696196,,True,0.7522371312758059
btc-updown-15m-1791077400,WEEKEND,120,1791078180.110122,119.88987803459167,UP,UP,False,0.025000000000000022,0.1288336888482814,,True,0.9242777039046017
btc-updown-15m-1791077400,WEEKEND,60,1791078240.0632849,59.9367151260376,UP,UP,False,0.010499999999999954,0.09412896137608673,,True,
btc-updown-15m-1791077400,WEEKEND,30,1791078270.1466482,29.853351831436157,UP,UP,False,,3.009730464853533e-09,,True,3.3580413360797925
btc-updown-15m-1791076500,WEEKEND,300,1791077100.134132,299.86586809158325,DOWN,DOWN,False,0.095,0.19890707939866958,,True,0.7873131041722706
btc-updown-15m-1791076500,WEEKEND,180,1791077219.4624798,180.5375201702118,DOWN,DOWN,False,,0.22891058266613562,,True,0.655189056198712
btc-updown-15m-1791076500,WEEKEND,120,1791077280.731551,119.26844906806946,DOWN,DOWN,False,0.035,0.1632794837752195,,True,0.8000787857856583
btc-updown-15m-1791076500,WEEKEND,60,1791077340.340021,59.65997910499573,DOWN,DOWN,False,0.005,0.13698807373575211,,True,
btc-updown-15m-1791076500,WEEKEND,30,1791077370.3664699,29.633530139923096,DOWN,DOWN,False,,1.8110266275517262e-07,,True,2.9392821959420004
btc-updown-15m-1791074700,WEEKEND,300,1791075299.950644,300.04935598373413,UP,DOWN,True,0.355,0.36457634620329227,,True,0.32269363640301374
btc-updown-15m-1791074700,WEEKEND,180,1791075419.904715,180.09528493881226,DOWN,DOWN,False,0.125,0.2835039920504071,,True,0.5049513642002948
btc-updown-15m-1791074700,WEEKEND,120,1791075480.063763,119.9362370967865,DOWN,DOWN,False,0.14,0.23501393178537966,,True,0.5899260161389822
btc-updown-15m-1791074700,WEEKEND,60,1791075540.058379,59.94162106513977,DOWN,DOWN,False,0.015,0.1686201496604247,,True,
btc-updown-15m-1791074700,WEEKEND,30,1791075569.2223868,30.777613162994385,DOWN,DOWN,False,,3.743869236849662e-08,,True,3.107601323375301
btc-updown-15m-1791073800,WEEKEND,300,1791074399.534946,300.46505403518677,UP,DOWN,True,,0.3921940681029513,,True,0.25507759988061246
btc-updown-15m-1791073800,WEEKEND,180,1791074519.938606,180.06139397621155,DOWN,DOWN,False,0.275,0.4411975193450256,,True,0.1303344747208057
btc-updown-15m-1791073800,WEEKEND,120,1791074578.5946481,121.40535187721252,DOWN,DOWN,False,,0.4268180680643398,,True,0.1509879674076661
btc-updown-15m-1791073800,WEEKEND,60,,,UNKNOWN,DOWN,,,,,False,
btc-updown-15m-1791073800,WEEKEND,30,1791074675.662134,24.337866067886353,DOWN,DOWN,False,,0.11030898562884595,,True,0.7074458689132332
btc-updown-15m-1791072900,WEEKEND,300,1791073506.326462,293.67353796958923,UP,DOWN,True,,0.18365510659294704,,True,0.8382166584407935
btc-updown-15m-1791072900,WEEKEND,180,,,UNKNOWN,DOWN,,,,,False,
btc-updown-15m-1791072900,WEEKEND,120,1791073680.295548,119.70445203781128,DOWN,DOWN,False,,0.3224607391429393,,True,0.37605930091149986
btc-updown-15m-1791072900,WEEKEND,60,1791073739.485875,60.51412510871887,DOWN,DOWN,False,0.15000000000000002,0.1732938859776748,,True,0.5481982213523666
btc-updown-15m-1791072900,WEEKEND,30,1791073770.248532,29.75146794319153,DOWN,DOWN,False,,0.02003340813942739,,True,1.1858482622589321
btc-updown-15m-1791072000,WEEKEND,300,,,UNKNOWN,UP,,,,,False,
btc-updown-15m-1791072000,WEEKEND,180,,,UNKNOWN,UP,,,,,False,
btc-updown-15m-1791072000,WEEKEND,120,,,UNKNOWN,UP,,,,,False,
btc-updown-15m-1791072000,WEEKEND,60,,,UNKNOWN,UP,,,,,False,
btc-updown-15m-1791072000,WEEKEND,30,1791072868.7568169,31.243183135986328,UP,UP,False,0.0050000000000000044,8.674609214065487e-05,,True,
btc-updown-15m-1791071100,WEEKEND,300,,,UNKNOWN,DOWN,,,,,False,
btc-updown-15m-1791071100,WEEKEND,180,,,UNKNOWN,DOWN,,,,,False,
btc-updown-15m-1791071100,WEEKEND,120,,,UNKNOWN,DOWN,,,,,False,
btc-updown-15m-1791071100,WEEKEND,60,,,UNKNOWN,DOWN,,,,,False,
btc-updown-15m-1791071100,WEEKEND,30,1791071970.2077482,29.79225182533264,DOWN,DOWN,False,0.07500000000000001,,,True,
btc-updown-15m-1791070200,WEEKEND,300,1791070799.926263,300.07373690605164,UP,UP,False,0.05500000000000005,0.17240911757409993,,True,0.8798030022340115
btc-updown-15m-1791070200,WEEKEND,180,1791070920.067659,179.9323410987854,UP,UP,False,,0.0965644168910863,,True,1.1479105804004706
btc-updown-15m-1791070200,WEEKEND,120,1791070979.5412428,120.45875716209412,UP,UP,False,0.0050000000000000044,0.030731247410398455,,True,1.5286243646651823
btc-updown-15m-1791070200,WEEKEND,60,1791071040.869299,59.13070106506348,UP,UP,False,0.0010000000000000009,0.038251108625790065,,True,
btc-updown-15m-1791070200,WEEKEND,30,1791071070.093966,29.906033992767334,UP,UP,False,0.0010000000000000009,1.1102230246251565e-16,,True,4.749071926820841
btc-updown-15m-1791069300,WEEKEND,300,,,UNKNOWN,DOWN,,,,,False,
btc-updown-15m-1791069300,WEEKEND,180,,,UNKNOWN,DOWN,,,,,False,
btc-updown-15m-1791069300,WEEKEND,120,,,UNKNOWN,DOWN,,,,,False,
btc-updown-15m-1791069300,WEEKEND,60,,,UNKNOWN,DOWN,,,,,False,
btc-updown-15m-1791069300,WEEKEND,30,1791070173.884334,26.115665912628174,DOWN,DOWN,False,0.005,,,True,
btc-updown-15m-1791067500,WEEKEND,300,1791068099.884831,300.1151690483093,UP,DOWN,True,,0.4811649867287978,,True,0.04425188667641393
btc-updown-15m-1791067500,WEEKEND,180,,,UNKNOWN,DOWN,,,,,False,
btc-updown-15m-1791067500,WEEKEND,120,,,UNKNOWN,DOWN,,,,,False,
btc-updown-15m-1791067500,WEEKEND,60,,,UNKNOWN,DOWN,,,,,False,
btc-updown-15m-1791067500,WEEKEND,30,1791068377.182475,22.817524909973145,DOWN,DOWN,False,,2.200803365381976e-06,,True,2.6523833520182416
btc-updown-15m-1791066600,WEEKEND,300,,,UNKNOWN,UP,,,,,False,
btc-updown-15m-1791066600,WEEKEND,180,,,UNKNOWN,UP,,,,,False,
btc-updown-15m-1791066600,WEEKEND,120,,,UNKNOWN,UP,,,,,False,
btc-updown-15m-1791066600,WEEKEND,60,1791067439.989762,60.0102379322052,UP,UP,False,0.41500000000000004,0.14043216637001232,,True,0.6229147510340157
btc-updown-15m-1791066600,WEEKEND,30,1791067470.6472352,29.35276484489441,UP,UP,False,,0.002375335904171161,,True,1.630452136534809
btc-updown-15m-1791065700,WEEKEND,300,1791066299.762447,300.23755288124084,DOWN,DOWN,False,0.315,0.38514330410833064,,True,0.2717020855699108
btc-updown-15m-1791065700,WEEKEND,180,1791066419.742111,180.2578890323639,DOWN,DOWN,False,,0.23142089024401458,,True,0.647750169288114
btc-updown-15m-1791065700,WEEKEND,120,1791066479.690007,120.30999302864075,DOWN,DOWN,False,,0.3006023978174362,,True,0.42708345146223153
btc-updown-15m-1791065700,WEEKEND,60,1791066541.466008,58.53399205207825,DOWN,DOWN,False,0.635,0.5432500454510654,,True,
btc-updown-15m-1791065700,WEEKEND,30,1791066568.928722,31.07127809524536,DOWN,DOWN,False,0.64,0.0565367708258111,,True,0.9151926270841689
btc-updown-15m-1791064800,WEEKEND,300,1791065399.711614,300.2883861064911,UP,UP,False,0.11499999999999999,0.169322585931023,,True,0.891168139683616
btc-updown-15m-1791064800,WEEKEND,180,1791065519.831796,180.16820406913757,UP,UP,False,,0.04471263116304802,,True,1.4982430019499238
btc-updown-15m-1791064800,WEEKEND,120,1791065579.7166212,120.2833788394928,UP,UP,False,,0.0031216782292952105,,True,2.234123762229966
btc-updown-15m-1791064800,WEEKEND,60,1791065640.152113,59.84788703918457,UP,UP,False,0.0050000000000000044,0.0014315562912787794,,True,
btc-updown-15m-1791064800,WEEKEND,30,1791065670.039864,29.96013593673706,UP,UP,False,,0.0,,True,8.641764453731774
btc-updown-15m-1791063000,WEEKEND,300,1791063600.262313,299.7376871109009,UP,DOWN,True,0.395,0.4799899720548123,,True,0.046993289060821335
btc-updown-15m-1791063000,WEEKEND,180,1791063721.079235,178.9207649230957,DOWN,DOWN,False,,0.5086056743363206,,True,0.019200533432703882
btc-updown-15m-1791063000,WEEKEND,120,1791063779.987564,120.01243591308594,UP,DOWN,True,,0.26023768527864277,,True,0.5249607692471471
btc-updown-15m-1791063000,WEEKEND,60,,,UNKNOWN,DOWN,,,,,False,
btc-updown-15m-1791063000,WEEKEND,30,,,UNKNOWN,DOWN,,,,,False,
btc-updown-15m-1791062100,WEEKEND,300,1791062700.363016,299.63698410987854,UP,UP,False,0.09499999999999997,0.2374664745607108,,True,0.6654373124068654
btc-updown-15m-1791062100,WEEKEND,180,1791062819.77363,180.22637009620667,UP,UP,False,0.06499999999999995,0.1702422076511867,,True,0.8411066001520558
btc-updown-15m-1791062100,WEEKEND,120,1791062880.052726,119.94727396965027,UP,UP,False,0.22499999999999998,0.36852753770678326,,True,0.27432249734453695
btc-updown-15m-1791062100,WEEKEND,60,1791062939.596898,60.40310192108154,UP,UP,False,0.05500000000000005,0.2360686349138269,,True,0.41804505402338077
btc-updown-15m-1791062100,WEEKEND,30,1791062969.90276,30.09723997116089,UP,UP,False,,0.0006273571686796764,,True,1.8629352957951404
btc-updown-15m-1791061200,WEEKEND,300,1791061799.879595,300.120404958725,DOWN,DOWN,False,,0.0008307742335593726,,True,2.931195977675636
btc-updown-15m-1791061200,WEEKEND,180,1791061920.312247,179.68775296211243,DOWN,DOWN,False,,0.0008424002175560497,,True,2.771842580552971
btc-updown-15m-1791061200,WEEKEND,120,1791061980.0832,119.91680002212524,DOWN,DOWN,False,0.038,0.012420266358763365,,True,1.8329491689063018
btc-updown-15m-1791061200,WEEKEND,60,1791062040.0763671,59.923632860183716,DOWN,DOWN,False,,0.0018643581044480717,,True,
btc-updown-15m-1791061200,WEEKEND,30,1791062069.319946,30.68005394935608,DOWN,DOWN,False,,0.0,,True,7.343143366826106
btc-updown-15m-1791059400,WEEKEND,300,1791059999.5492558,300.4507441520691,DOWN,DOWN,False,0.11499999999999999,0.30005361807935504,,True,0.488076029060682
btc-updown-15m-1791059400,WEEKEND,180,1791060120.6256561,179.3743438720703,DOWN,DOWN,False,,0.248035482601283,,True,0.6001142744867826
btc-updown-15m-1791059400,WEEKEND,120,1791060180.607179,119.3928210735321,DOWN,DOWN,False,0.015,0.1715871755084718,,True,0.7732336293276837
btc-updown-15m-1791059400,WEEKEND,60,1791060239.389787,60.61021304130554,DOWN,DOWN,False,,0.010048972978793147,,True,1.3561750349457868
btc-updown-15m-1791059400,WEEKEND,30,1791060270.1753101,29.824689865112305,DOWN,DOWN,False,,7.983057548344163e-10,,True,3.486282761585929
btc-updown-15m-1791058500,WEEKEND,300,1791059100.290148,299.70985198020935,DOWN,UP,True,,0.4950689786112424,,True,0.011242941018327214
btc-updown-15m-1791058500,WEEKEND,180,1791059221.162883,178.83711695671082,UP,UP,False,,0.47423524778017423,,True,0.05714688755597844
btc-updown-15m-1791058500,WEEKEND,120,1791059280.252351,119.74764895439148,UP,UP,False,,0.4725599519364717,,True,0.056323438215801984
btc-updown-15m-1791058500,WEEKEND,60,,,UNKNOWN,UP,,,,,False,
btc-updown-15m-1791058500,WEEKEND,30,1791059370.052064,29.947936058044434,UP,UP,False,0.0050000000000000044,0.16294310833765846,,True,0.567403760987687
btc-updown-15m-1791057600,WEEKEND,300,1791058200.260515,299.7394850254059,UP,UP,False,,0.22948202419472097,,True,0.6897285814101582
btc-updown-15m-1791057600,WEEKEND,180,1791058319.815264,180.18473601341248,UP,UP,False,0.03500000000000003,0.16411583915620975,,True,0.862664102026353
btc-updown-15m-1791057600,WEEKEND,120,1791058379.923123,120.07687711715698,UP,UP,False,0.015000000000000013,0.12345853760055747,,True,0.9458276262819646
btc-updown-15m-1791057600,WEEKEND,60,1791058440.0522041,59.94779586791992,UP,UP,False,,0.035613771028297325,,True,
btc-updown-15m-1791057600,WEEKEND,30,1791058470.98359,29.01641011238098,UP,UP,False,,1.3322676295501878e-15,,True,4.561748158844256
btc-updown-15m-1791056700,WEEKEND,300,,,UNKNOWN,UP,,,,,False,
btc-updown-15m-1791056700,WEEKEND,180,,,UNKNOWN,UP,,,,,False,
btc-updown-15m-1791056700,WEEKEND,120,,,UNKNOWN,UP,,,,,False,
btc-updown-15m-1791056700,WEEKEND,60,,,UNKNOWN,UP,,,,,False,
btc-updown-15m-1791056700,WEEKEND,30,1791057572.106585,27.893414974212646,UP,UP,False,,,,True,
btc-updown-15m-1791055800,WEEKEND,300,1791056400.479689,299.52031111717224,DOWN,DOWN,False,,0.16426825216163643,,True,0.909786032973211
btc-updown-15m-1791055800,WEEKEND,180,1791056519.9172611,180.08273887634277,DOWN,DOWN,False,0.058,0.07537045497119821,,True,1.2679588219258688
btc-updown-15m-1791055800,WEEKEND,120,1791056580.0524979,119.94750213623047,DOWN,DOWN,False,,0.10241994673999938,,True,1.0355418984967208
btc-updown-15m-1791055800,WEEKEND,60,1791056640.0463302,59.95366978645325,DOWN,DOWN,False,,0.06279157250502776,,True,
btc-updown-15m-1791055800,WEEKEND,30,1791056670.0032861,29.996713876724243,DOWN,DOWN,False,,9.228839914499076e-12,,True,3.8812936761458725
btc-updown-15m-1791054900,WEEKEND,300,1791055499.640002,300.3599979877472,DOWN,DOWN,False,,0.33707116536655524,,True,0.3913857985235068
btc-updown-15m-1791054900,WEEKEND,180,1791055619.534561,180.46543908119202,DOWN,DOWN,False,0.175,0.30980707626367415,,True,0.43795206414450344
btc-updown-15m-1791054900,WEEKEND,120,1791055680.5800161,119.41998386383057,DOWN,DOWN,False,0.08499999999999999,0.24995957148501646,,True,0.550271032601096
btc-updown-15m-1791054900,WEEKEND,60,1791055739.863861,60.136138916015625,DOWN,DOWN,False,,0.08283838539517463,,True,0.8024671866366538
btc-updown-15m-1791054900,WEEKEND,30,1791055769.4583669,30.541633129119873,DOWN,DOWN,False,,0.00017929872137678604,,True,2.061556955992806
btc-updown-15m-1791054000,WEEKEND,300,1791054600.3676102,299.63238978385925,DOWN,DOWN,False,,0.07839622516071787,,True,1.3187656998116821
btc-updown-15m-1791054000,WEEKEND,180,1791054720.108636,179.89136409759521,DOWN,DOWN,False,0.0135,0.012001726789773959,,True,1.9918227515061513
btc-updown-15m-1791054000,WEEKEND,120,1791054780.1565702,119.84342980384827,DOWN,DOWN,False,0.0095,0.0013807587204321403,,True,2.4449351220005755
btc-updown-15m-1791054000,WEEKEND,60,1791054838.332744,61.667256116867065,DOWN,DOWN,False,,4.576556911217722e-09,,True,3.4085392744624152
btc-updown-15m-1791054000,WEEKEND,30,1791054870.1235578,29.876442193984985,DOWN,DOWN,False,,0.0,,True,8.916256178837857
btc-updown-15m-1791053100,WEEKEND,300,,,UNKNOWN,UP,,,,,False,
btc-updown-15m-1791053100,WEEKEND,180,,,UNKNOWN,UP,,,,,False,
btc-updown-15m-1791053100,WEEKEND,120,,,UNKNOWN,UP,,,,,False,
btc-updown-15m-1791053100,WEEKEND,60,1791053939.15274,60.84725999832153,UP,UP,False,,,,True,
btc-updown-15m-1791053100,WEEKEND,30,1791053969.335194,30.66480588912964,UP,UP,False,0.015000000000000013,0.14420268580419426,,True,0.6131358287019882
btc-updown-15m-1791052200,WEEKEND,300,1791052800.8123782,299.1876218318939,DOWN,DOWN,False,0.025,0.07522244955912538,,True,1.3391331394055634
btc-updown-15m-1791052200,WEEKEND,180,1791052920.611192,179.38880801200867,DOWN,DOWN,False,0.0205,0.04136089614994687,,True,1.5303723109213854
btc-updown-15m-1791052200,WEEKEND,120,1791052979.3954282,120.60457181930542,DOWN,DOWN,False,,0.014708417953189112,,True,1.7815372861147234
btc-updown-15m-1791052200,WEEKEND,60,1791053039.9120939,60.08790612220764,DOWN,DOWN,False,0.006,8.52522917507148e-05,,True,2.1748585436173298
btc-updown-15m-1791052200,WEEKEND,30,1791053067.81318,32.1868200302124,DOWN,DOWN,False,,0.0,,True,5.003812448534409
btc-updown-15m-1791050400,WEEKEND,300,1791050999.833447,300.1665530204773,UP,DOWN,True,0.345,0.37392683401296556,,True,0.29962804426681033
btc-updown-15m-1791050400,WEEKEND,180,1791051126.753769,173.24623107910156,DOWN,DOWN,False,0.175,0.21766855118247086,,True,0.6842973969550531
btc-updown-15m-1791050400,WEEKEND,120,1791051180.198329,119.8016710281372,DOWN,DOWN,False,0.215,0.2505007907627617,,True,0.5493220456098604
btc-updown-15m-1791050400,WEEKEND,60,1791051244.334111,55.6658890247345,DOWN,DOWN,False,0.015,0.07711457133935784,,True,0.822908697717604
btc-updown-15m-1791050400,WEEKEND,30,1791051270.19523,29.80476999282837,DOWN,DOWN,False,,8.329085401370673e-05,,True,2.1748823821158987
btc-updown-15m-1791049500,WEEKEND,300,1791050100.461272,299.5387279987335,UP,UP,False,,0.300165428144036,,True,0.4880503672655249
btc-updown-15m-1791049500,WEEKEND,180,1791050221.915297,178.0847029685974,UP,UP,False,,0.2234097823747393,,True,0.6701744026318728
btc-updown-15m-1791049500,WEEKEND,120,1791050279.5082948,120.49170517921448,UP,UP,False,,0.05307171934831989,,True,1.320860015898928
btc-updown-15m-1791049500,WEEKEND,60,1791050340.4765859,59.52341413497925,UP,UP,False,0.0050000000000000044,0.012821281221643055,,True,
btc-updown-15m-1791049500,WEEKEND,30,1791050369.978882,30.02111792564392,UP,UP,False,,0.0,,True,5.927974244093503
btc-updown-15m-1791048600,WEEKEND,300,1791049200.205154,299.79484605789185,UP,UP,False,0.355,0.4382582980783234,,True,0.14495971005593092
btc-updown-15m-1791048600,WEEKEND,180,1791049320.230947,179.76905298233032,UP,UP,False,,0.10369574814405791,,True,1.1119622360264145
btc-updown-15m-1791048600,WEEKEND,120,1791049379.824254,120.1757459640503,UP,UP,False,0.08499999999999996,0.1952541685103707,,True,0.7016528630183051
btc-updown-15m-1791048600,WEEKEND,60,1791049440.192311,59.80768895149231,UP,UP,False,,0.14854636387898557,,True,
btc-updown-15m-1791048600,WEEKEND,30,1791049469.572312,30.427687883377075,UP,UP,False,0.0050000000000000044,0.0,,True,4.8995754489050265
btc-updown-15m-1791047700,WEEKEND,300,,,UNKNOWN,UP,,,,,False,
btc-updown-15m-1791047700,WEEKEND,180,,,UNKNOWN,UP,,,,,False,
btc-updown-15m-1791047700,WEEKEND,120,,,UNKNOWN,UP,,,,,False,
btc-updown-15m-1791047700,WEEKEND,60,,,UNKNOWN,UP,,,,,False,
btc-updown-15m-1791047700,WEEKEND,30,1791048576.0088809,23.991119146347046,UP,UP,False,0.0010000000000000009,,,True,
btc-updown-15m-1791046800,WEEKEND,300,1791047400.279556,299.7204439640045,UP,UP,False,0.20499999999999996,0.365850652864288,,True,0.31951050964746147
btc-updown-15m-1791046800,WEEKEND,180,1791047522.493899,177.50610089302063,UP,UP,False,0.135,0.36928717147326084,,True,0.2940052517656401
btc-updown-15m-1791046800,WEEKEND,120,1791047580.272833,119.72716689109802,UP,UP,False,0.08499999999999996,0.2701018576149862,,True,0.5000754378823645
btc-updown-15m-1791046800,WEEKEND,60,1791047640.811966,59.18803405761719,UP,UP,False,0.0050000000000000044,0.23366843369160095,,True,
btc-updown-15m-1791046800,WEEKEND,30,1791047670.377701,29.62229895591736,UP,UP,False,0.0050000000000000044,0.00010023264216951766,,True,2.147140532950221
btc-updown-15m-1791045900,WEEKEND,300,1791046500.1501849,299.84981513023376,UP,UP,False,0.10499999999999998,0.31766126845137976,,True,0.4418428329870086
btc-updown-15m-1791045900,WEEKEND,180,1791046619.756429,180.24357104301453,UP,UP,False,0.06499999999999995,0.2316535594140089,,True,0.6472409885881998
btc-updown-15m-1791045900,WEEKEND,120,1791046679.541058,120.45894193649292,UP,UP,False,0.015000000000000013,0.13638773246482283,,True,0.896579261171303
btc-updown-15m-1791045900,WEEKEND,60,1791046740.441809,59.5581910610199,UP,UP,False,0.0050000000000000044,0.050508337366950484,,True,
btc-updown-15m-1791045900,WEEKEND,30,1791046770.114089,29.885910987854004,UP,UP,False,0.0050000000000000044,7.974509941277574e-12,,True,3.890599245542506
btc-updown-15m-1791045000,WEEKEND,300,1791045599.680126,300.31987404823303,UP,UP,False,0.08499999999999996,0.22891453469366752,,True,0.6915746056877539
btc-updown-15m-1791045000,WEEKEND,180,1791045721.07652,178.9234800338745,UP,UP,False,,0.21537169168092196,,True,0.6945906114008131
btc-updown-15m-1791045000,WEEKEND,120,1791045779.78242,120.21758008003235,UP,UP,False,0.05500000000000005,0.18419097585602218,,True,0.7350541734943753
btc-updown-15m-1791045000,WEEKEND,60,1791045840.4260118,59.57398819923401,UP,UP,False,0.0050000000000000044,0.13538472405956636,,True,
btc-updown-15m-1791045000,WEEKEND,30,1791045870.321683,29.678317070007324,UP,UP,False,0.0050000000000000044,1.6076244955254282e-06,,True,2.688685649507929
btc-updown-15m-1791044100,WEEKEND,300,,,UNKNOWN,DOWN,,,,,False,
btc-updown-15m-1791044100,WEEKEND,180,,,UNKNOWN,DOWN,,,,,False,
btc-updown-15m-1791044100,WEEKEND,120,,,UNKNOWN,DOWN,,,,,False,
btc-updown-15m-1791044100,WEEKEND,60,1791044946.588021,53.41197896003723,DOWN,DOWN,False,0.001,,,True,
btc-updown-15m-1791044100,WEEKEND,30,1791044970.8475652,29.152434825897217,DOWN,DOWN,False,,2.0962447888628333e-09,,True,3.3950374886106527
btc-updown-15m-1791043200,WEEKEND,300,1791043800.7115588,299.28844118118286,DOWN,DOWN,False,0.155,0.31640303189659635,,True,0.4446547470390472
btc-updown-15m-1791043200,WEEKEND,180,1791043920.2463691,179.75363087654114,DOWN,DOWN,False,0.10500000000000001,0.27850331712338644,,True,0.5178983570389643
btc-updown-15m-1791043200,WEEKEND,120,1791043979.8697758,120.13022422790527,DOWN,DOWN,False,0.055,0.2304028423879974,,True,0.6024932329534278
btc-updown-15m-1791043200,WEEKEND,60,1791044041.272724,58.72727608680725,DOWN,DOWN,False,0.005,0.13789468016066053,,True,
btc-updown-15m-1791043200,WEEKEND,30,1791044070.351104,29.648895978927612,DOWN,DOWN,False,0.005,1.5278543985530746e-09,,True,3.425166794563701
btc-updown-15m-1791042300,WEEKEND,300,1791042899.716625,300.28337502479553,UP,UP,False,0.235,0.3868025839418048,,True,0.2681556498193089
btc-updown-15m-1791042300,WEEKEND,180,1791043020.539904,179.46009588241577,UP,UP,False,0.10499999999999998,0.32916377607388236,,True,0.39011935778795986
btc-updown-15m-1791042300,WEEKEND,120,1791043080.3624089,119.63759112358093,UP,UP,False,0.06499999999999995,0.26859145630456494,,True,0.5037134997571933
btc-updown-15m-1791042300,WEEKEND,60,1791043140.06889,59.93110990524292,UP,UP,False,,0.23914153053504605,,True,
btc-updown-15m-1791042300,WEEKEND,30,1791043167.82954,32.17045998573303,UP,UP,False,0.0010000000000000009,0.0001745586324942705,,True,2.0648058015197814
btc-updown-15m-1791041400,WEEKEND,300,1791042000.777,299.22300004959106,DOWN,DOWN,False,0.245,0.31250610569902204,,True,0.4548716466103975
btc-updown-15m-1791041400,WEEKEND,180,1791042119.850692,180.1493079662323,DOWN,DOWN,False,0.185,0.259587337439678,,True,0.5686529968409346
btc-updown-15m-1791041400,WEEKEND,120,1791042179.684609,120.31539106369019,DOWN,DOWN,False,0.10500000000000001,0.17273911211904447,,True,0.7710340488353482
btc-updown-15m-1791041400,WEEKEND,60,1791042239.8001459,60.199854135513306,DOWN,DOWN,False,0.175,0.2969209484404933,,True,0.30898060635903174
btc-updown-15m-1791041400,WEEKEND,30,1791042269.632501,30.367499113082886,DOWN,DOWN,False,0.065,0.1729824171898851,,True,0.544303453514
btc-updown-15m-1791040500,WEEKEND,300,,,UNKNOWN,UP,,,,,False,
btc-updown-15m-1791040500,WEEKEND,180,,,UNKNOWN,UP,,,,,False,
btc-updown-15m-1791040500,WEEKEND,120,,,UNKNOWN,UP,,,,,False,
btc-updown-15m-1791040500,WEEKEND,60,1791041340.837274,59.16272592544556,UP,UP,False,0.04500000000000004,0.39531478128994624,,True,
btc-updown-15m-1791040500,WEEKEND,30,1791041369.466506,30.533493995666504,UP,UP,False,0.015000000000000013,0.13725808045112942,,True,0.6310924667615843
btc-updown-15m-1791039600,WEEKEND,300,1791040199.757974,300.24202609062195,DOWN,DOWN,False,0.165,0.3060024762546719,,True,0.47218235390354607
btc-updown-15m-1791039600,WEEKEND,180,1791040319.07674,180.923259973526,DOWN,DOWN,False,0.265,0.439679118938457,,True,0.133820934440256
btc-updown-15m-1791039600,WEEKEND,120,1791040374.6976151,125.30238485336304,DOWN,DOWN,False,,0.5341691158580941,,True,0.07091388660162004
btc-updown-15m-1791039600,WEEKEND,60,1791040439.6085372,60.39146280288696,UP,DOWN,True,0.725,0.4936495904911419,,True,0.009299997116336722
btc-updown-15m-1791039600,WEEKEND,30,1791040459.367877,40.63212299346924,UP,DOWN,True,,0.5067334518787221,,True,0.009709542347945976
btc-updown-15m-1791038700,WEEKEND,300,1791039300.244282,299.7557179927826,UP,UP,False,0.02849999999999997,0.051521226821982014,,True,1.517688959795414
btc-updown-15m-1791038700,WEEKEND,180,1791039420.190219,179.80978107452393,UP,UP,False,0.00550000000000006,0.010641066727508752,,True,2.0305927329473095
btc-updown-15m-1791038700,WEEKEND,120,1791039480.351962,119.64803791046143,UP,UP,False,0.0050000000000000044,0.001876205936052644,,True,2.3645272820977348
btc-updown-15m-1791038700,WEEKEND,60,1791039540.328179,59.67182111740112,UP,UP,False,0.0050000000000000044,0.0002616325115580853,,True,
btc-updown-15m-1791038700,WEEKEND,30,1791039569.6353579,30.36464214324951,UP,UP,False,0.0010000000000000009,0.0,,True,9.051188681315022
btc-updown-15m-1791037800,WEEKEND,300,1791038401.18567,298.8143301010132,DOWN,DOWN,False,,0.0947650479989759,,True,1.2216155553433565
btc-updown-15m-1791037800,WEEKEND,180,1791038519.6462588,180.35374116897583,DOWN,DOWN,False,0.005,0.023445705951030904,,True,1.7542563391562531
btc-updown-15m-1791037800,WEEKEND,120,1791038580.832969,119.1670310497284,DOWN,DOWN,False,,0.00428555047225998,,True,2.1440708844345626
btc-updown-15m-1791037800,WEEKEND,60,1791038640.378669,59.621330976486206,DOWN,DOWN,False,0.006,0.0019221215190780017,,True,
btc-updown-15m-1791037800,WEEKEND,30,1791038668.4579751,31.542024850845337,DOWN,DOWN,False,,0.0,,True,6.592966954962563
btc-updown-15m-1791036900,WEEKEND,300,1791037500.3227782,299.67722177505493,UP,UP,False,0.11499999999999999,0.30325131642209247,,True,0.47982672648415253
btc-updown-15m-1791036900,WEEKEND,180,1791037620.572169,179.42783093452454,UP,UP,False,0.015000000000000013,0.12630381402964475,,True,1.008775481773426
btc-updown-15m-1791036900,WEEKEND,120,1791037680.349236,119.65076398849487,UP,UP,False,0.033500000000000085,0.16494151775309573,,True,0.7952510537250839
btc-updown-15m-1791036900,WEEKEND,60,1791037739.768957,60.231043100357056,UP,UP,False,0.0035000000000000586,0.004502877716649367,,True,1.5139653144264222
btc-updown-15m-1791036900,WEEKEND,30,1791037769.97673,30.02326989173889,UP,UP,False,0.0010000000000000009,2.6922153173458696e-08,,True,3.139818214670585
btc-updown-15m-1791036000,WEEKEND,300,1791036599.998523,300.00147700309753,DOWN,DOWN,False,0.055,0.12697591862760393,,True,1.0624745149616428
btc-updown-15m-1791036000,WEEKEND,180,1791036719.789383,180.2106170654297,DOWN,DOWN,False,,0.032107830899242185,,True,1.633428620188873
btc-updown-15m-1791036000,WEEKEND,120,1791036780.3253949,119.67460513114929,DOWN,DOWN,False,0.004999999999999999,0.002121019670459301,,True,2.334978991301732
btc-updown-15m-1791036000,WEEKEND,60,1791036838.810508,61.189491987228394,DOWN,DOWN,False,,3.839214157697057e-08,,True,3.1651583070632188
btc-updown-15m-1791036000,WEEKEND,30,1791036870.349547,29.650453090667725,DOWN,DOWN,False,,0.0,,True,8.026548739298626
btc-updown-15m-1791035100,WEEKEND,300,1791035699.931007,300.06899309158325,UP,UP,False,0.135,0.2842208437906456,,True,0.5313366602305385
btc-updown-15m-1791035100,WEEKEND,180,1791035820.151505,179.84849500656128,UP,UP,False,0.04500000000000004,0.20769471726162392,,True,0.718495910420386
btc-updown-15m-1791035100,WEEKEND,120,1791035880.385191,119.61480903625488,UP,UP,False,,0.1428124675192105,,True,0.8714072770051007
btc-updown-15m-1791035100,WEEKEND,60,1791035939.66166,60.338340044021606,UP,UP,False,0.015000000000000013,0.06694666932292104,,True,0.8704831445015832
btc-updown-15m-1791035100,WEEKEND,30,1791035970.006548,29.993452072143555,UP,UP,False,0.0050000000000000044,0.00024155273875403616,,True,2.015239759860036
btc-updown-15m-1791034200,WEEKEND,300,1791034791.101748,308.89825201034546,UP,UP,False,0.02950000000000008,0.029677703875199524,,True,1.759144354807091
btc-updown-15m-1791034200,WEEKEND,180,1791034919.720254,180.27974605560303,UP,UP,False,0.00649999999999995,0.0026195474499915994,,True,2.462395986094407
btc-updown-15m-1791034200,WEEKEND,120,1791034979.547026,120.45297408103943,UP,UP,False,,0.0008727228526550501,,True,2.558122793671608
btc-updown-15m-1791034200,WEEKEND,60,1791035041.785162,58.2148380279541,UP,UP,False,0.0040000000000000036,0.0016486687618868512,,True,
btc-updown-15m-1791034200,WEEKEND,30,1791035069.9950001,30.00499987602234,UP,UP,False,0.0010000000000000009,7.771561172376096e-16,,True,4.603084043928403
btc-updown-15m-1791033300,WEEKEND,300,1791033899.697448,300.302551984787,DOWN,DOWN,False,0.065,0.12351578625714732,,True,1.0782006515958107
btc-updown-15m-1791033300,WEEKEND,180,1791034020.688888,179.31111192703247,DOWN,DOWN,False,,0.16589781217824418,,True,0.8557157620377148
btc-updown-15m-1791033300,WEEKEND,120,1791034080.328994,119.67100596427917,DOWN,DOWN,False,,0.040593470764683226,,True,1.4236126967033738
btc-updown-15m-1791033300,WEEKEND,60,1791034140.304638,59.69536209106445,DOWN,DOWN,False,,0.025366008865302714,,True,
btc-updown-15m-1791033300,WEEKEND,30,1791034170.288859,29.711141109466553,DOWN,DOWN,False,,0.0,,True,5.124787799631528
btc-updown-15m-1791032400,WEEKEND,300,1791033000.4042082,299.5957918167114,DOWN,DOWN,False,0.10500000000000001,0.09976099234701846,,True,1.1947859386742525
btc-updown-15m-1791032400,WEEKEND,180,1791033119.856829,180.14317107200623,DOWN,DOWN,False,0.155,0.25001696711983756,,True,0.594966734153217
btc-updown-15m-1791032400,WEEKEND,120,1791033179.685908,120.31409192085266,DOWN,DOWN,False,0.015,0.057731839673683005,,True,1.2867212242937478
btc-updown-15m-1791032400,WEEKEND,60,1791033240.488419,59.51158094406128,DOWN,DOWN,False,0.015,0.06444329933683313,,True,
btc-updown-15m-1791032400,WEEKEND,30,1791033269.7237382,30.276261806488037,DOWN,DOWN,False,,1.5868256708628792e-10,,True,3.634120883764301
btc-updown-15m-1791031500,WEEKEND,300,1791032100.410219,299.5897810459137,UP,UP,False,0.03500000000000003,0.08080395861262668,,True,1.3030876030128062
btc-updown-15m-1791031500,WEEKEND,180,1791032219.601953,180.39804697036743,UP,UP,False,0.0050000000000000044,0.004779146241485233,,True,2.2858498331606434
btc-updown-15m-1791031500,WEEKEND,120,1791032280.2526562,119.74734377861023,UP,UP,False,,0.00023246703134605085,,True,2.8558997169603515
btc-updown-15m-1791031500,WEEKEND,60,1791032339.909012,60.09098792076111,UP,UP,False,0.0015000000000000568,3.0347531154717444e-09,,True,3.3619107645342896
btc-updown-15m-1791031500,WEEKEND,30,1791032369.684599,30.315401077270508,UP,UP,False,0.0010000000000000009,0.0,,True,7.840080318280981
btc-updown-15m-1791030600,WEEKEND,300,1791031200.450455,299.54954504966736,UP,DOWN,True,,0.2651342955447946,,True,0.584554411393408
btc-updown-15m-1791030600,WEEKEND,180,1791031320.3225431,179.67745685577393,DOWN,DOWN,False,0.245,0.23862129394693282,,True,0.626779624848041
btc-updown-15m-1791030600,WEEKEND,120,1791031380.0430348,119.95696520805359,DOWN,DOWN,False,0.025,0.007801501056753313,,True,1.9754765852838738
btc-updown-15m-1791030600,WEEKEND,60,1791031440.005588,59.99441194534302,DOWN,DOWN,False,,0.06157642828434107,,True,
btc-updown-15m-1791030600,WEEKEND,30,1791031469.659276,30.340723991394043,DOWN,DOWN,False,,5.218048215738236e-15,,True,4.46884552889507
btc-updown-15m-1791029700,WEEKEND,300,1791030301.099238,298.90076208114624,UP,UP,False,,0.0003955475752799309,,True,3.1216146952026462
btc-updown-15m-1791029700,WEEKEND,180,1791030421.73263,178.26736998558044,UP,UP,False,0.0024999999999999467,3.9917104066589104e-09,,True,5.076331053555829
btc-updown-15m-1791029700,WEEKEND,120,1791030480.041282,119.95871806144714,UP,UP,False,0.0010000000000000009,5.863235452707727e-10,,True,4.964108703946499
btc-updown-15m-1791029700,WEEKEND,60,1791030539.4354188,60.56458115577698,UP,UP,False,0.0010000000000000009,0.0,,True,7.178448596849967
btc-updown-15m-1791029700,WEEKEND,30,1791030569.657453,30.342546939849854,UP,UP,False,,0.0,,True,18.192935596350953
btc-updown-15m-1791028800,WEEKEND,300,1791029400.141485,299.8585150241852,UP,UP,False,0.33499999999999996,0.4138457185821395,,True,0.20295017621841693
btc-updown-15m-1791028800,WEEKEND,180,1791029520.105271,179.89472889900208,UP,UP,False,0.06499999999999995,0.27120969522170224,,True,0.5374831254873309
btc-updown-15m-1791028800,WEEKEND,120,1791029580.781666,119.21833395957947,UP,UP,False,0.03500000000000003,0.18687267344467362,,True,0.725340915080392
btc-updown-15m-1791028800,WEEKEND,60,1791029640.21765,59.782350063323975,UP,UP,False,,0.15151690425869735,,True,
btc-updown-15m-1791028800,WEEKEND,30,1791029670.102875,29.897125005722046,UP,UP,False,0.0010000000000000009,6.566501189464446e-07,,True,2.7932808457697953
btc-updown-15m-1791027900,WEEKEND,300,1791028500.391254,299.60874605178833,UP,UP,False,0.08499999999999996,0.29618797241771844,,True,0.4987377884523243
btc-updown-15m-1791027900,WEEKEND,180,1791028619.963755,180.03624510765076,UP,UP,False,,0.2670802364767395,,True,0.5485767932264367
btc-updown-15m-1791027900,WEEKEND,120,1791028680.0972521,119.90274786949158,UP,UP,False,,0.2253439343301309,,True,0.6159997953660997
btc-updown-15m-1791027900,WEEKEND,60,1791028741.1986291,58.80137085914612,UP,UP,False,,0.3006974598544312,,True,
btc-updown-15m-1791027900,WEEKEND,30,1791028770.1053572,29.89464282989502,UP,UP,False,,0.008176013899497625,,True,1.3865107558911856
btc-updown-15m-1791027000,WEEKEND,300,1791027599.8413608,300.1586391925812,UP,UP,False,0.22499999999999998,0.4169196588874433,,True,0.1956251296286754
btc-updown-15m-1791027000,WEEKEND,180,1791027719.913237,180.08676290512085,UP,UP,False,,0.3744887943863622,,True,0.28248564750047767
btc-updown-15m-1791027000,WEEKEND,120,1791027780.776932,119.22306799888611,UP,UP,False,0.08499999999999996,0.3380067001045841,,True,0.34088849750274597
btc-updown-15m-1791027000,WEEKEND,60,1791027839.8295622,60.170437812805176,UP,UP,False,0.0050000000000000044,0.19987723789413636,,True,0.48771902010400714
btc-updown-15m-1791027000,WEEKEND,30,1791027869.5147781,30.48522186279297,UP,UP,False,0.0050000000000000044,0.01694859145756955,,True,1.2250306817522332
btc-updown-15m-1791026100,WEEKEND,300,1791026700.25322,299.74677991867065,UP,UP,False,,0.4635556502723963,,True,0.08545174834977932
btc-updown-15m-1791026100,WEEKEND,180,1791026820.1843379,179.81566214561462,UP,UP,False,0.245,0.44191533199860866,,True,0.12906825103185265
btc-updown-15m-1791026100,WEEKEND,120,1791026880.149177,119.85082292556763,UP,UP,False,,0.3923791644140525,,True,0.2231315112413164
btc-updown-15m-1791026100,WEEKEND,60,1791026940.605699,59.39430093765259,UP,UP,False,,0.3842069722118542,,True,
btc-updown-15m-1791026100,WEEKEND,30,1791026970.039739,29.96026110649109,UP,UP,False,,0.00279326119018819,,True,1.600225694989623
btc-updown-15m-1791024300,WEEKEND,300,1791024899.505698,300.49430203437805,UP,UP,False,,0.26539352514493975,,True,0.5839598127254443
btc-updown-15m-1791024300,WEEKEND,180,1791025020.3102982,179.689701795578,UP,UP,False,,0.14914325744389723,,True,0.9173675819400533
btc-updown-15m-1791024300,WEEKEND,120,1791025080.087751,119.91224908828735,UP,UP,False,,0.08295283626837224,,True,1.1313006117196431
btc-updown-15m-1791024300,WEEKEND,60,1791025140.031203,59.96879696846008,UP,UP,False,,0.05603963451190208,,True,
btc-updown-15m-1791024300,WEEKEND,30,1791025170.036994,29.963006019592285,UP,UP,False,,3.5995650904396825e-12,,True,3.9567637113842586
btc-updown-15m-1791023400,WEEKEND,300,1791023999.454763,300.5452370643616,DOWN,DOWN,False,,0.44295248715593744,,True,0.13338199789468758
btc-updown-15m-1791023400,WEEKEND,180,1791024120.176706,179.82329392433167,DOWN,DOWN,False,,0.45440953536494383,,True,0.10084149189900654
btc-updown-15m-1791023400,WEEKEND,120,1791024178.18701,121.81298995018005,DOWN,DOWN,False,0.425,0.38402460180874276,,True,0.24166389539081543
btc-updown-15m-1791023400,WEEKEND,60,1791024239.836747,60.16325306892395,DOWN,DOWN,False,0.275,0.26810023654500387,,True,0.35819263964623005
btc-updown-15m-1791023400,WEEKEND,30,1791024269.550167,30.449832916259766,DOWN,DOWN,False,,0.18157600859076062,,True,0.5252020745653473
btc-updown-15m-1791021600,WEEKEND,300,1791022202.614762,297.3852379322052,DOWN,DOWN,False,,0.4503481971490243,,True,0.115864823769125
btc-updown-15m-1791021600,WEEKEND,180,1791022320.077757,179.92224311828613,DOWN,DOWN,False,,0.42212308167136103,,True,0.17313587762425714
btc-updown-15m-1791021600,WEEKEND,120,1791022379.423967,120.57603311538696,DOWN,DOWN,False,0.245,0.399496375373151,,True,0.20811879151404447
btc-updown-15m-1791021600,WEEKEND,60,1791022440.0791638,59.920836210250854,DOWN,DOWN,False,0.095,0.38026607833487763,,True,
btc-updown-15m-1791021600,WEEKEND,30,1791022470.124168,29.875832080841064,DOWN,DOWN,False,,0.002857707324556258,,True,1.5963752708891439
btc-updown-15m-1791019800,WEEKEND,300,1791020399.8547058,300.1452941894531,DOWN,DOWN,False,0.20500000000000002,0.3756722852098863,,True,0.29485838547449683
btc-updown-15m-1791019800,WEEKEND,180,1791020520.061431,179.9385690689087,DOWN,DOWN,False,,0.3253018761170409,,True,0.3994106141308298
btc-updown-15m-1791019800,WEEKEND,120,1791020579.293592,120.70640802383423,DOWN,DOWN,False,,0.316097244100805,,True,0.3914127108393381
btc-updown-15m-1791019800,WEEKEND,60,1791020639.7359092,60.26409077644348,DOWN,DOWN,False,,0.12409937087170392,,True,0.6698468468721586
btc-updown-15m-1791019800,WEEKEND,30,1791020669.682338,30.317662000656128,DOWN,DOWN,False,,0.004061882440615783,,True,1.5289031541257243
btc-updown-15m-1791018900,WEEKEND,300,1791019500.648771,299.35122895240784,DOWN,DOWN,False,,0.22173123894031743,,True,0.7134567893284826
btc-updown-15m-1791018900,WEEKEND,180,1791019620.302283,179.69771695137024,DOWN,DOWN,False,,0.1398380801820719,,True,0.9535224228132493
btc-updown-15m-1791018900,WEEKEND,120,1791019679.983475,120.01652503013611,DOWN,DOWN,False,,0.07230227547667173,,True,1.1917471664761234
btc-updown-15m-1791018900,WEEKEND,60,1791019740.0654762,59.934523820877075,DOWN,DOWN,False,,0.0445296615360839,,True,
btc-updown-15m-1791018900,WEEKEND,30,1791019769.788425,30.211575031280518,DOWN,DOWN,False,,0.0,,True,4.832945821179152
btc-updown-15m-1791018000,WEEKEND,300,1791018599.888862,300.11113810539246,UP,UP,False,0.06499999999999995,0.24320874299015538,,True,0.6483357334961956
btc-updown-15m-1791018000,WEEKEND,180,1791018720.129848,179.87015199661255,UP,UP,False,,0.13002229226296458,,True,0.993478370242616
btc-updown-15m-1791018000,WEEKEND,120,1791018780.3976629,119.6023371219635,UP,UP,False,,0.05874952171835757,,True,1.2772956485569706
btc-updown-15m-1791018000,WEEKEND,60,1791018840.10429,59.89570999145508,UP,UP,False,,0.1651582348306777,,True,
btc-updown-15m-1791018000,WEEKEND,30,1791018870.2099771,29.79002285003662,UP,UP,False,0.0010000000000000009,5.2582071900841854e-05,,True,2.2394658073516287
btc-updown-15m-1791017100,WEEKEND,300,1791017699.873468,300.1265320777893,UP,DOWN,True,0.245,0.3809212599399904,,True,0.2824840992707217
btc-updown-15m-1791017100,WEEKEND,180,1791017820.4151711,179.58482885360718,UP,DOWN,True,,0.3191998113903701,,True,0.41459547749725706
btc-updown-15m-1791017100,WEEKEND,120,1791017880.383264,119.61673593521118,UP,DOWN,True,,0.2704523069740785,,True,0.4990951640870694
btc-updown-15m-1791017100,WEEKEND,60,1791017936.991135,63.00886511802673,UP,DOWN,True,,0.12459427988261096,,True,0.6965606680849016
btc-updown-15m-1791017100,WEEKEND,30,1791017969.2738008,30.72619915008545,UP,DOWN,True,0.725,0.6112709663259837,,True,0.163202811295167
btc-updown-15m-1791016200,WEEKEND,300,1791016799.6296709,300.3703291416168,UP,UP,False,,0.47811426658226497,,True,0.05138610676596268
btc-updown-15m-1791016200,WEEKEND,180,1791016920.501774,179.4982259273529,UP,UP,False,0.17500000000000004,0.4119293457974782,,True,0.1964663632515984
btc-updown-15m-1791016200,WEEKEND,120,1791016980.266769,119.73323106765747,UP,UP,False,,0.3117312056548128,,True,0.40087063777674553
btc-updown-15m-1791016200,WEEKEND,60,1791017033.831458,66.16854190826416,UP,UP,False,,0.16309547644556321,,True,0.617651940079515
btc-updown-15m-1791016200,WEEKEND,30,1791017069.521687,30.478312969207764,UP,UP,False,,0.002390190906414791,,True,1.6292979518148616
btc-updown-15m-1791015300,WEEKEND,300,1791015900.853601,299.1463990211487,DOWN,DOWN,False,,0.0934434399386781,,True,1.2290573826061908
btc-updown-15m-1791015300,WEEKEND,180,1791016020.629308,179.3706920146942,DOWN,DOWN,False,,0.019461462258899775,,True,1.821474951311144
btc-updown-15m-1791015300,WEEKEND,120,1791016079.841096,120.15890407562256,DOWN,DOWN,False,0.018500000000000003,0.02086855864670417,,True,1.664023498475648
btc-updown-15m-1791015300,WEEKEND,60,1791016139.514634,60.485366106033325,DOWN,DOWN,False,,0.00028197091819348596,,True,2.0080390620826436
btc-updown-15m-1791015300,WEEKEND,30,1791016170.045314,29.954685926437378,DOWN,DOWN,False,,6.439293542825908e-15,,True,4.452792461234644
btc-updown-15m-1791014400,WEEKEND,300,1791015000.278178,299.7218220233917,UP,UP,False,0.04500000000000004,0.15855297071318197,,True,0.9315949930494447
btc-updown-15m-1791014400,WEEKEND,180,1791015118.91521,181.08478999137878,UP,UP,False,,0.04541470052436947,,True,1.4927955182194157
btc-updown-15m-1791014400,WEEKEND,120,1791015180.4337459,119.56625413894653,UP,UP,False,,0.008224330870374885,,True,1.9568930358123455
btc-updown-15m-1791014400,WEEKEND,60,1791015239.410018,60.58998203277588,UP,UP,False,,1.1670012081133052e-06,,True,2.752674715726551
btc-updown-15m-1791014400,WEEKEND,30,1791015270.143549,29.8564510345459,UP,UP,False,0.0010000000000000009,0.0,,True,7.112446868180595
btc-updown-15m-1791013500,WEEKEND,300,,,UNKNOWN,UP,,,,,False,
btc-updown-15m-1791013500,WEEKEND,180,,,UNKNOWN,UP,,,,,False,
btc-updown-15m-1791013500,WEEKEND,120,,,UNKNOWN,UP,,,,,False,
btc-updown-15m-1791013500,WEEKEND,60,,,UNKNOWN,UP,,,,,False,
btc-updown-15m-1791013500,WEEKEND,30,,,UNKNOWN,UP,,,,,False,
btc-updown-15m-1791011700,WEEKEND,300,1791012300.191076,299.80892395973206,DOWN,UP,True,,0.40110147261475776,,True,0.23301797146935405
btc-updown-15m-1791011700,WEEKEND,180,1791012419.616006,180.38399410247803,DOWN,UP,True,,0.5054527092990201,,True,0.012248295023664847
btc-updown-15m-1791011700,WEEKEND,120,1791012477.769449,122.23055100440979,DOWN,UP,True,,0.5679363480145472,,True,0.14053373117828036
btc-updown-15m-1791011700,WEEKEND,60,,,UNKNOWN,UP,,,,,False,
btc-updown-15m-1791011700,WEEKEND,30,1791012577.471615,22.528384923934937,UP,UP,False,,0.005807894625141308,,True,1.4573475827070395
btc-updown-15m-1791010800,WEEKEND,300,1791011400.240809,299.75919103622437,UP,UP,False,0.235,0.3700055771385655,,True,0.30924936118526575
btc-updown-15m-1791010800,WEEKEND,180,1791011520.213304,179.78669595718384,UP,UP,False,,0.31975021237659296,,True,0.4133040123253145
btc-updown-15m-1791010800,WEEKEND,120,1791011579.773175,120.22682499885559,UP,UP,False,,0.14855826268058392,,True,0.851991093433699
btc-updown-15m-1791010800,WEEKEND,60,1791011639.8350122,60.16498780250549,UP,UP,False,0.0050000000000000044,0.0017129645262332627,,True,1.6945809893414168
btc-updown-15m-1791010800,WEEKEND,30,1791011669.580977,30.419023036956787,UP,UP,False,0.0050000000000000044,8.215650382226158e-15,,True,4.431832003397096
btc-updown-15m-1791009900,WEEKEND,300,1791010499.887221,300.11277890205383,DOWN,DOWN,False,0.035,0.07440068480420275,,True,1.3448734637881439
btc-updown-15m-1791009900,WEEKEND,180,1791010621.7985122,178.2014877796173,DOWN,DOWN,False,,0.012480865826005272,,True,1.9758191181940665
btc-updown-15m-1791009900,WEEKEND,120,1791010680.2890902,119.71090984344482,DOWN,DOWN,False,,0.0017146663075986446,,True,2.389734659717872
btc-updown-15m-1791009900,WEEKEND,60,1791010741.449711,58.550288915634155,DOWN,DOWN,False,,0.0003813277890112321,,True,
btc-updown-15m-1791009900,WEEKEND,30,1791010770.3012102,29.698789834976196,DOWN,DOWN,False,,0.0,,True,8.957253815629427
btc-updown-15m-1791008100,WEEKEND,300,1791008699.785055,300.2149450778961,UP,UP,False,0.245,0.39426981342297474,,True,0.2500350535671432
btc-updown-15m-1791008100,WEEKEND,180,1791008828.673113,171.32688689231873,UP,UP,False,,0.16698093394633462,,True,0.8461939220177161
btc-updown-15m-1791008100,WEEKEND,120,1791008880.74319,119.25680994987488,UP,UP,False,0.03500000000000003,0.0916912315883135,,True,1.0848551978879626
btc-updown-15m-1791008100,WEEKEND,60,1791008940.093631,59.90636897087097,UP,UP,False,0.03500000000000003,0.23314112176073354,,True,
btc-updown-15m-1791008100,WEEKEND,30,1791008969.9342039,30.06579613685608,UP,UP,False,,0.0005911391808716138,,True,1.872738460149573
btc-updown-15m-1791006300,WEEKEND,300,1791006900.432957,299.5670430660248,DOWN,UP,True,0.4,0.4391080619278009,,True,0.14242236630262683
btc-updown-15m-1791006300,WEEKEND,180,1791007020.2127202,179.78727984428406,UP,UP,False,0.135,0.3285910227783806,,True,0.3916180156646479
btc-updown-15m-1791006300,WEEKEND,120,1791007079.81683,120.18317008018494,UP,UP,False,0.20499999999999996,0.3254054642993809,,True,0.3699466428590312
btc-updown-15m-1791006300,WEEKEND,60,1791007140.511817,59.48818302154541,UP,UP,False,0.375,0.4288233147928675,,True,
btc-updown-15m-1791006300,WEEKEND,30,1791007169.388132,30.611867904663086,UP,UP,False,0.625,0.5289580185200433,,True,0.041925936601260996
btc-updown-15m-1791005400,WEEKEND,300,1791005999.794076,300.20592403411865,UP,UP,False,0.19499999999999995,0.3691060644895354,,True,0.31150419021849324
btc-updown-15m-1791005400,WEEKEND,180,1791006120.372372,179.62762808799744,UP,UP,False,,0.3651270957193822,,True,0.30425143753468337
btc-updown-15m-1791005400,WEEKEND,120,1791006179.762649,120.23735094070435,UP,UP,False,0.09499999999999997,0.32420400516381853,,True,0.3727164246090306
btc-updown-15m-1791005400,WEEKEND,60,1791006239.627018,60.372982025146484,UP,UP,False,,0.20651568868501935,,True,0.4756910049270306
btc-updown-15m-1791005400,WEEKEND,30,1791006270.205072,29.794928073883057,UP,UP,False,0.0050000000000000044,0.006338919491958084,,True,1.4394774339005234
btc-updown-15m-1791004500,WEEKEND,300,1791005099.626327,300.3736729621887,UP,UP,False,,0.19450849591537045,,True,0.8023413715394241
btc-updown-15m-1791004500,WEEKEND,180,1791005220.4584699,179.5415301322937,UP,UP,False,,0.08736589936082995,,True,1.196715430202684
btc-updown-15m-1791004500,WEEKEND,120,1791005280.075135,119.92486500740051,UP,UP,False,,0.028220455773488418,,True,1.5575078336885582
btc-updown-15m-1791004500,WEEKEND,60,1791005340.184269,59.815731048583984,UP,UP,False,0.0050000000000000044,0.013295152648024278,,True,
btc-updown-15m-1791004500,WEEKEND,30,1791005371.672674,28.32732605934143,UP,UP,False,0.0010000000000000009,0.0,,True,6.286019571864
btc-updown-15m-1791003600,WEEKEND,300,1791004199.997386,300.00261402130127,DOWN,DOWN,False,,0.459433619867411,,True,0.09459504911064923
btc-updown-15m-1791003600,WEEKEND,180,1791004319.9999099,180.0000901222229,DOWN,DOWN,False,,0.3750410891059989,,True,0.28084710551063774
btc-updown-15m-1791003600,WEEKEND,120,1791004379.932487,120.06751298904419,DOWN,DOWN,False,0.065,0.33665720308071345,,True,0.34429709642323725
btc-updown-15m-1791003600,WEEKEND,60,1791004439.914145,60.08585500717163,DOWN,DOWN,False,,0.19980654253024543,,True,0.48715703618202305
btc-updown-15m-1791003600,WEEKEND,30,1791004469.948836,30.051163911819458,DOWN,DOWN,False,0.005,0.00947632809568455,,True,1.3553426563046393
btc-updown-15m-1791002700,WEEKEND,300,1791003299.274573,300.72542691230774,UP,UP,False,,0.22662679905089023,,True,0.6986994545865938
btc-updown-15m-1791002700,WEEKEND,180,1791003420.022965,179.97703504562378,UP,UP,False,0.025000000000000022,0.15199969578039674,,True,0.9068011650217334
btc-updown-15m-1791002700,WEEKEND,120,1791003479.950567,120.04943299293518,UP,UP,False,,0.14401454417434878,,True,0.8678606053205171
btc-updown-15m-1791002700,WEEKEND,60,1791003539.623512,60.37648797035217,UP,UP,False,,0.009383936503222778,,True,1.3655273150961091
btc-updown-15m-1791002700,WEEKEND,30,1791003567.9784808,32.02151918411255,UP,UP,False,,2.9815432678326204e-08,,True,3.1292725641596415
btc-updown-15m-1791001800,WEEKEND,300,1791002400.248987,299.7510130405426,UP,UP,False,,0.3154451540159793,,True,0.4476271088104259
btc-updown-15m-1791001800,WEEKEND,180,1791002519.940321,180.05967903137207,UP,UP,False,0.20499999999999996,0.3418512978947932,,True,0.35960208209636757
btc-updown-15m-1791001800,WEEKEND,120,1791002579.889795,120.11020493507385,UP,UP,False,,0.5847630206918777,,True,0.1747825172262344
btc-updown-15m-1791001800,WEEKEND,60,1791002639.922254,60.07774591445923,UP,UP,False,0.06499999999999995,0.22521429991697184,,True,0.4364593892497316
btc-updown-15m-1791001800,WEEKEND,30,1791002669.902109,30.097891092300415,UP,UP,False,,9.360600456631563e-05,,True,2.1571034664829436
btc-updown-15m-1791000900,WEEKEND,300,1791001499.9786959,300.0213041305542,DOWN,DOWN,False,,0.07000464030151443,,True,1.3746473388177822
btc-updown-15m-1791000900,WEEKEND,180,1791001619.0928829,180.9071171283722,DOWN,DOWN,False,,0.007631991537057847,,True,2.1427560089313746
btc-updown-15m-1791000900,WEEKEND,120,1791001680.508853,119.4911470413208,DOWN,DOWN,False,,7.618414851306987e-06,,True,3.531281731944697
btc-updown-15m-1791000900,WEEKEND,60,1791001741.05129,58.9487099647522,DOWN,DOWN,False,,2.231351458048536e-07,,True,
btc-updown-15m-1791000900,WEEKEND,30,1791001767.2657878,32.734212160110474,DOWN,DOWN,False,,0.0,,True,12.537944727937937
btc-updown-15m-1791000000,WEEKEND,300,1791000599.964006,300.03599405288696,DOWN,DOWN,False,,0.2614957886541798,,True,0.5946860046186521
btc-updown-15m-1791000000,WEEKEND,180,1791000720.6074429,179.39255714416504,DOWN,DOWN,False,0.07500000000000001,0.19311092091415671,,True,0.7640173542543719
btc-updown-15m-1791000000,WEEKEND,120,1791000781.086586,118.91341400146484,DOWN,DOWN,False,0.045,0.10791853894372971,,True,1.0086589375590571
btc-updown-15m-1791000000,WEEKEND,60,1791000839.8887832,60.11121678352356,DOWN,DOWN,False,,0.00611031190925021,,True,1.45008594846019
btc-updown-15m-1791000000,WEEKEND,30,1791000869.550904,30.449095964431763,DOWN,DOWN,False,,1.0442346987105111e-10,,True,3.6714615297769595
btc-updown-15m-1790999100,WEEKEND,300,1790999700.06516,299.93483996391296,UP,UP,False,,0.39132756811132563,,True,0.2571428570824529
btc-updown-15m-1790999100,WEEKEND,180,1790999820.63844,179.36156010627747,UP,UP,False,,0.28694009078173455,,True,0.4959868948137418
btc-updown-15m-1790999100,WEEKEND,120,1790999878.7530081,121.24699187278748,UP,UP,False,,0.05132566485371126,,True,1.336292380228172
btc-updown-15m-1790999100,WEEKEND,60,1790999940.367907,59.63209295272827,UP,UP,False,,0.0248393908408987,,True,
btc-updown-15m-1790999100,WEEKEND,30,1790999969.5799239,30.42007613182068,UP,UP,False,,0.0,,True,5.027560328540125
btc-updown-15m-1790998200,WEEKEND,300,1790998799.295016,300.70498394966125,UP,UP,False,,0.2584016903536537,,True,0.6039872222972021
btc-updown-15m-1790998200,WEEKEND,180,1790998919.840974,180.15902590751648,UP,UP,False,,0.1867048300438734,,True,0.7854049649246756
btc-updown-15m-1790998200,WEEKEND,120,1790998979.535348,120.4646520614624,UP,UP,False,,0.036654499480172076,,True,1.4638877666541712
btc-updown-15m-1790998200,WEEKEND,60,1790999041.213315,58.7866849899292,UP,UP,False,,0.005765328852411211,,True,
btc-updown-15m-1790998200,WEEKEND,30,1790999068.573489,31.42651104927063,UP,UP,False,,0.0,,True,6.440417371609911
btc-updown-15m-1790997300,WEEKEND,300,1790997899.5850592,300.4149408340454,UP,UP,False,,0.16498354625983613,,True,0.9073328346617597
btc-updown-15m-1790997300,WEEKEND,180,1790998019.203397,180.79660296440125,UP,UP,False,,0.031720280087444874,,True,1.6380533833847646
btc-updown-15m-1790997300,WEEKEND,120,1790998079.30624,120.69375991821289,UP,UP,False,,0.016658197568188537,,True,1.7403379622281738
btc-updown-15m-1790997300,WEEKEND,60,1790998139.264786,60.73521399497986,UP,UP,False,,1.7224250504765948e-05,,True,2.4201473643534026
btc-updown-15m-1790997300,WEEKEND,30,1790998172.093476,27.906523942947388,UP,UP,False,,0.0,,True,7.259206663566852
btc-updown-15m-1790996400,WEEKEND,300,1790996999.673532,300.32646799087524,DOWN,DOWN,False,,0.2870449499973825,,True,0.5232690004312975
btc-updown-15m-1790996400,WEEKEND,180,1790997119.552782,180.44721794128418,DOWN,DOWN,False,,0.038153876062863246,,True,1.5647062294873713
btc-updown-15m-1790996400,WEEKEND,120,1790997180.62894,119.37105989456177,DOWN,DOWN,False,0.015,0.0030653534612071764,,True,2.2364367384619426
btc-updown-15m-1790996400,WEEKEND,60,1790997240.030316,59.96968388557434,DOWN,DOWN,False,,0.002497896370189545,,True,
btc-updown-15m-1790996400,WEEKEND,30,1790997268.9766731,31.023326873779297,DOWN,DOWN,False,0.001,0.0,,True,7.368573030531728
btc-updown-15m-1790994600,WEEKEND,300,1790995200.492288,299.5077118873596,UP,UP,False,,0.4338061864088234,,True,0.1554750101035271
btc-updown-15m-1790994600,WEEKEND,180,1790995320.052574,179.94742608070374,UP,UP,False,,0.386612259550724,,True,0.25437973321459284
btc-updown-15m-1790994600,WEEKEND,120,,,UNKNOWN,UP,,,,,False,
btc-updown-15m-1790994600,WEEKEND,60,,,UNKNOWN,UP,,,,,False,
btc-updown-15m-1790994600,WEEKEND,30,1790995474.525758,25.474241971969604,UP,UP,False,,4.927633634466133e-09,,True,3.3102338529598385
btc-updown-15m-1790993700,WEEKEND,300,1790994299.856331,300.1436688899994,UP,UP,False,,0.30867958551580366,,True,0.4654761312701253
btc-updown-15m-1790993700,WEEKEND,180,1790994419.776447,180.223552942276,UP,UP,False,,,,True,
btc-updown-15m-1790993700,WEEKEND,120,1790994479.697593,120.3024070262909,UP,UP,False,,,,True,
btc-updown-15m-1790993700,WEEKEND,60,1790994540.110965,59.88903498649597,UP,UP,False,,0.04201991934715399,,True,
btc-updown-15m-1790993700,WEEKEND,30,1790994568.901834,31.09816598892212,UP,UP,False,,1.765254609153999e-14,,True,4.374290496088003
btc-updown-15m-1790992800,WEEKEND,300,1790993399.258333,300.7416670322418,DOWN,DOWN,False,,0.2411895701516642,,True,0.6541866443445862
btc-updown-15m-1790992800,WEEKEND,180,1790993519.875659,180.12434101104736,DOWN,DOWN,False,,0.14291842516074948,,True,0.9417101930702345
btc-updown-15m-1790992800,WEEKEND,120,1790993579.8918889,120.10811114311218,DOWN,DOWN,False,,0.18360679231731192,,True,0.7366325072333961
btc-updown-15m-1790992800,WEEKEND,60,1790993640.298121,59.701879024505615,DOWN,DOWN,False,,0.14171965965402245,,True,
btc-updown-15m-1790992800,WEEKEND,30,1790993669.263626,30.736373901367188,DOWN,DOWN,False,0.005,2.9776782101142985e-07,,True,2.8843039904248653
btc-updown-15m-1790991000,WEEKEND,300,1790991599.4242508,300.57574915885925,UP,UP,False,,0.22052179384921933,,True,0.7176933158804958
btc-updown-15m-1790991000,WEEKEND,180,1790991720.0026722,179.99732780456543,UP,UP,False,0.405,0.417322965159575,,True,0.18433775278808898
btc-updown-15m-1790991000,WEEKEND,120,1790991779.546031,120.45396900177002,UP,UP,False,,0.1669318329334848,,True,0.790052411047943
btc-updown-15m-1790991000,WEEKEND,60,1790991833.268793,66.7312068939209,UP,UP,False,,0.17841042732562773,,True,0.5834007570298515
btc-updown-15m-1790991000,WEEKEND,30,,,UNKNOWN,UP,,,,,False,
btc-updown-15m-1790990100,WEEKEND,300,1790990700.371326,299.62867403030396,DOWN,DOWN,False,,0.29597521959899825,,True,0.4989325509545494
btc-updown-15m-1790990100,WEEKEND,180,1790990819.88481,180.1151900291443,DOWN,DOWN,False,,0.21321225905268448,,True,0.7016465367472557
btc-updown-15m-1790990100,WEEKEND,120,1790990879.514803,120.48519706726074,DOWN,DOWN,False,,0.11795927428800002,,True,0.9691110616422127
btc-updown-15m-1790990100,WEEKEND,60,1790990937.450361,62.549638986587524,DOWN,DOWN,False,,0.012919116431554911,,True,1.338783310880265
btc-updown-15m-1790990100,WEEKEND,30,1790990969.3864892,30.613510847091675,DOWN,DOWN,False,0.005,2.5011288595777614e-09,,True,3.378093959225503
btc-updown-15m-1790988300,WEEKEND,300,1790988900.464166,299.5358340740204,UP,UP,False,,0.14494156419149495,,True,0.985484006875673
btc-updown-15m-1790988300,WEEKEND,180,1790989019.433953,180.5660469532013,UP,UP,False,,0.19375541060034052,,True,0.7627495395309926
btc-updown-15m-1790988300,WEEKEND,120,1790989080.231135,119.76886510848999,UP,UP,False,,0.13238534601353968,,True,0.9103861749900551
btc-updown-15m-1790988300,WEEKEND,60,1790989140.233973,59.766026973724365,UP,UP,False,,0.08239303501527351,,True,
btc-updown-15m-1790988300,WEEKEND,30,1790989169.909007,30.09099292755127,UP,UP,False,,4.2098202701623677e-10,,True,3.543069419691905
btc-updown-15m-1790987400,WEEKEND,300,1790987999.9727528,300.02724719047546,UP,UP,False,,0.10237699167644254,,True,1.1808081516203888
btc-updown-15m-1790987400,WEEKEND,180,1790988120.467447,179.5325529575348,UP,UP,False,,0.11615288839849303,,True,1.053286804506076
btc-updown-15m-1790987400,WEEKEND,120,1790988179.7116458,120.28835415840149,UP,UP,False,0.015000000000000013,0.024000399406591155,,True,1.615649777775401
btc-updown-15m-1790987400,WEEKEND,60,1790988240.079697,59.92030310630798,UP,UP,False,,0.005545079095940375,,True,
btc-updown-15m-1790987400,WEEKEND,30,1790988269.325026,30.674973964691162,UP,UP,False,,0.0,,True,6.551890478789916
btc-updown-15m-1790986500,WEEKEND,300,1790987100.657697,299.34230303764343,UP,UP,False,,0.27619397731734385,,True,0.5534252677572017
btc-updown-15m-1790986500,WEEKEND,180,1790987219.7979,180.20210003852844,UP,UP,False,,0.21434411121344077,,True,0.698403356281336
btc-updown-15m-1790986500,WEEKEND,120,,,UNKNOWN,UP,,,,,False,
btc-updown-15m-1790986500,WEEKEND,60,1790987340.045901,59.95409893989563,UP,UP,False,,0.027471096544244622,,True,
btc-updown-15m-1790986500,WEEKEND,30,1790987370.910642,29.08935809135437,UP,UP,False,,0.0,,True,6.326657557277922
btc-updown-15m-1790985600,WEEKEND,300,1790986200.54231,299.45769000053406,DOWN,DOWN,False,,0.08465391140192524,,True,1.2800230860147652
btc-updown-15m-1790985600,WEEKEND,180,1790986319.917353,180.08264708518982,DOWN,DOWN,False,0.095,0.14755016780039765,,True,0.9237603207369468
btc-updown-15m-1790985600,WEEKEND,120,1790986380.195703,119.80429697036743,DOWN,DOWN,False,0.565,0.7143208479911205,,True,0.4622373236054053
btc-updown-15m-1790985600,WEEKEND,60,,,UNKNOWN,DOWN,,,,,False,
btc-updown-15m-1790985600,WEEKEND,30,1790986469.126861,30.873138904571533,UP,DOWN,True,,0.9566264813962696,,True,0.98929632192886
btc-updown-15m-1790965800,WEEKEND,300,1790966400.569978,299.4300220012665,DOWN,DOWN,False,0.0045000000000000005,2.5205501019698318e-09,,True,5.457781011257568
btc-updown-15m-1790965800,WEEKEND,180,1790966520.365608,179.63439202308655,DOWN,DOWN,False,0.002,0.0,,True,9.338323801244062
btc-updown-15m-1790965800,WEEKEND,120,1790966579.9325519,120.06744813919067,DOWN,DOWN,False,,0.0,,True,15.707276016931441
btc-updown-15m-1790965800,WEEKEND,60,1790966642.461501,57.53849911689758,DOWN,DOWN,False,0.001,0.0,,True,
btc-updown-15m-1790965800,WEEKEND,30,1790966667.774401,32.22559905052185,DOWN,DOWN,False,,0.0,,True,65.57732782229348
btc-updown-15m-1790964900,WEEKEND,300,1790965501.738883,298.26111698150635,DOWN,DOWN,False,,9.898854957945957e-09,,True,5.2337068832221725
btc-updown-15m-1790964900,WEEKEND,180,1790965620.478784,179.52121591567993,DOWN,DOWN,False,0.0015,2.220446049250313e-16,,True,7.197479523502443
btc-updown-15m-1790964900,WEEKEND,120,1790965679.296921,120.70307898521423,DOWN,DOWN,False,,0.0,,True,9.330926855809754
btc-updown-15m-1790964900,WEEKEND,60,1790965740.257853,59.74214696884155,DOWN,DOWN,False,,0.0,,True,
btc-updown-15m-1790964900,WEEKEND,30,1790965770.284707,29.715292930603027,DOWN,DOWN,False,,0.0,,True,29.68755083654136
btc-updown-15m-1790964000,WEEKEND,300,1790964599.496969,300.5030310153961,UP,UP,False,0.485,0.3608158454792886,,True,0.3320675771027378
btc-updown-15m-1790964000,WEEKEND,180,1790964720.296685,179.70331501960754,UP,UP,False,,0.13671818983763118,,True,0.9659265435109093
btc-updown-15m-1790964000,WEEKEND,120,1790964780.2587771,119.74122285842896,UP,UP,False,0.18500000000000005,0.10594796907074011,,True,1.019014515383046
btc-updown-15m-1790964000,WEEKEND,60,1790964840.231209,59.76879096031189,UP,UP,False,0.0050000000000000044,0.0017080638160771322,,True,
btc-updown-15m-1790964000,WEEKEND,30,1790964869.335875,30.664124965667725,UP,UP,False,0.0050000000000000044,0.0,,True,7.3446632101909985
btc-updown-15m-1790962200,WEEKEND,300,1790962799.844386,300.15561389923096,DOWN,DOWN,False,,0.032946123243373204,,True,1.713452929365592
btc-updown-15m-1790962200,WEEKEND,180,1790962931.889766,168.1102340221405,DOWN,DOWN,False,,0.1319181912328724,,True,0.9757976432809414
btc-updown-15m-1790962200,WEEKEND,120,1790962979.774266,120.22573399543762,DOWN,DOWN,False,,2.8701423307186946e-05,,True,3.289609012655823
btc-updown-15m-1790962200,WEEKEND,60,1790963039.650859,60.349140882492065,DOWN,DOWN,False,0.025,1.3588308256373693e-10,,True,3.6695372506917945
btc-updown-15m-1790962200,WEEKEND,30,1790963069.5209,30.479099988937378,DOWN,DOWN,False,,1.8693491199428536e-11,,True,3.8214067780345586
btc-updown-15m-1790960400,WEEKEND,300,1790961002.344724,297.65527606010437,DOWN,DOWN,False,,0.20451259413271894,,True,0.7683137145590276
btc-updown-15m-1790960400,WEEKEND,180,1790961121.101838,178.89816188812256,DOWN,DOWN,False,,0.007539763789341847,,True,2.143221719319886
btc-updown-15m-1790960400,WEEKEND,120,1790961172.365578,127.63442206382751,DOWN,DOWN,False,,0.0170586122294204,,True,1.7566588522204525
btc-updown-15m-1790960400,WEEKEND,60,1790961240.43151,59.56849002838135,DOWN,DOWN,False,0.005,3.143103138869563e-07,,True,
btc-updown-15m-1790960400,WEEKEND,30,1790961269.363911,30.636089086532593,DOWN,DOWN,False,0.005,0.0,,True,17.360596288128665
btc-updown-15m-1790957700,WEEKEND,300,1790958300.395427,299.6045730113983,DOWN,DOWN,False,0.345,0.17657455957425772,,True,0.8645561687837497
btc-updown-15m-1790957700,WEEKEND,180,1790958417.191183,182.80881690979004,DOWN,DOWN,False,,0.17823810524143674,,True,0.8152499762546195
btc-updown-15m-1790957700,WEEKEND,120,,,UNKNOWN,DOWN,,,,,False,
btc-updown-15m-1790957700,WEEKEND,60,,,UNKNOWN,DOWN,,,,,False,
btc-updown-15m-1790957700,WEEKEND,30,,,UNKNOWN,DOWN,,,,,False,
