cohort,market_slug,run_id,all_run_ids,market_start_taipei,snapshot_count,first_snapshot_ts,last_snapshot_ts,coverage_ratio,largest_gap_sec,joint_fresh_pct,settlement_available,run_count,T300_available,T180_available,T120_available,T60_available,T30_available
MONDAY_EARLY,btc-updown-15m-1791129600,run_1791127749_bd53b9e8,run_1791127749_bd53b9e8,2026-10-05T00:00:00+08:00,562,2026-10-05T00:00:21.455538+08:00,2026-10-05T00:14:59.341184+08:00,0.9754284954071045,39.84814190864563,45.01779359430605,True,1,True,True,True,True,True
MONDAY_EARLY,btc-updown-15m-1791131400,run_1791131381_baae0ef5,run_1791131381_baae0ef5,2026-10-05T00:30:00+08:00,554,2026-10-05T00:30:53.538626+08:00,2026-10-05T00:44:58.689333+08:00,0.9390563411182827,6.190178155899048,55.05415162454874,True,1,True,True,True,True,True
MONDAY_EARLY,btc-updown-15m-1791132300,run_1791131381_baae0ef5,run_1791131381_baae0ef5,2026-10-05T00:45:00+08:00,672,2026-10-05T00:45:18.945470+08:00,2026-10-05T00:59:58.815550+08:00,0.9776334222157796,53.48163986206055,54.910714285714285,True,1,True,True,True,True,True
MONDAY_EARLY,btc-updown-15m-1791133200,run_1791131381_baae0ef5,run_1791131381_baae0ef5,2026-10-05T01:00:00+08:00,530,2026-10-05T01:00:19.438431+08:00,2026-10-05T01:14:58.641298+08:00,0.9768920742140876,82.96594095230103,50.56603773584906,True,1,True,True,True,True,True
MONDAY_EARLY,btc-updown-15m-1791135000,run_1791135014_15577a71,run_1791135014_15577a71,2026-10-05T01:30:00+08:00,589,2026-10-05T01:31:29.615825+08:00,2026-10-05T01:44:57.856295+08:00,0.898044966591729,12.31818699836731,47.70797962648557,True,1,True,True,True,True,True
MONDAY_EARLY,btc-updown-15m-1791135900,run_1791135014_15577a71,run_1791135014_15577a71,2026-10-05T01:45:00+08:00,543,2026-10-05T01:45:21.366267+08:00,2026-10-05T01:59:58.309143+08:00,0.9743809734450446,32.305196046829224,54.51197053406998,True,1,True,True,True,True,True
MONDAY_EARLY,btc-updown-15m-1791136800,run_1791135014_15577a71,run_1791135014_15577a71,2026-10-05T02:00:00+08:00,549,2026-10-05T02:00:19.117027+08:00,2026-10-05T02:14:15.770625+08:00,0.9296151089668274,22.08323383331299,53.73406193078324,True,1,True,True,True,True,False
MONDAY_EARLY,btc-updown-15m-1791137700,run_1791135014_15577a71,run_1791135014_15577a71,2026-10-05T02:15:00+08:00,391,2026-10-05T02:15:19.736406+08:00,2026-10-05T02:29:59.984429+08:00,0.9780533589257134,49.61827111244202,44.75703324808184,True,1,True,True,False,True,True
MONDAY_EARLY,btc-updown-15m-1791138600,run_1791138648_00dd5e67,run_1791138648_00dd5e67,2026-10-05T02:30:00+08:00,487,2026-10-05T02:31:58.755334+08:00,2026-10-05T02:44:59.022291+08:00,0.8669632856051127,25.500081777572632,42.50513347022587,True,1,True,True,True,True,True
MONDAY_EARLY,btc-updown-15m-1791140400,run_1791140353_83060865,run_1791140353_83060865,2026-10-05T03:00:00+08:00,585,2026-10-05T03:00:23.504882+08:00,2026-10-05T03:14:58.249647+08:00,0.9719386280907525,15.671534061431885,50.085470085470085,True,1,True,True,True,True,True
MONDAY_EARLY,btc-updown-15m-1791141300,run_1791140353_83060865,run_1791140353_83060865,2026-10-05T03:15:00+08:00,565,2026-10-05T03:15:19.166280+08:00,2026-10-05T03:29:58.396230+08:00,0.9769221666124132,19.211946964263916,52.0353982300885,True,1,True,True,True,True,True
MONDAY_EARLY,btc-updown-15m-1791142200,run_1791142981_3d2f57d1,run_1791140353_83060865|run_1791142981_3d2f57d1,2026-10-05T03:30:00+08:00,447,2026-10-05T03:30:18.873432+08:00,2026-10-05T03:44:59.543390+08:00,0.978522175418006,178.03755283355713,62.639821029082775,True,2,False,False,False,False,True
MONDAY_EARLY,btc-updown-15m-1791143100,run_1791142981_3d2f57d1,run_1791142981_3d2f57d1,2026-10-05T03:45:00+08:00,545,2026-10-05T03:45:18.832180+08:00,2026-10-05T03:58:11.922248+08:00,0.8589889642927382,14.356224060058594,83.4862385321101,True,1,True,True,True,False,False
MONDAY_EARLY,btc-updown-15m-1791144000,run_1791142981_3d2f57d1,run_1791142981_3d2f57d1,2026-10-05T04:00:00+08:00,659,2026-10-05T04:00:20.166247+08:00,2026-10-05T04:14:53.326691+08:00,0.970178271399604,21.648509979248047,79.21092564491654,True,1,True,True,True,True,True
MONDAY_EARLY,btc-updown-15m-1791145800,run_1791146614_c03299a7,run_1791142981_3d2f57d1|run_1791146614_c03299a7,2026-10-05T04:30:00+08:00,543,2026-10-05T04:30:19.024706+08:00,2026-10-05T04:44:59.183439+08:00,0.9779541476567586,104.54757881164551,84.5303867403315,True,2,False,False,False,False,False
MONDAY_EARLY,btc-updown-15m-1791146700,run_1791146614_c03299a7,run_1791146614_c03299a7,2026-10-05T04:45:00+08:00,630,2026-10-05T04:45:19.411937+08:00,2026-10-05T04:59:58.557931+08:00,0.9768288821644253,14.34135913848877,55.3968253968254,True,1,True,True,True,True,True
MONDAY_EARLY,btc-updown-15m-1791147600,run_1791146614_c03299a7,run_1791146614_c03299a7,2026-10-05T05:00:00+08:00,570,2026-10-05T05:00:19.251881+08:00,2026-10-05T05:14:58.451442+08:00,0.9768884012434218,11.706624031066895,40.0,True,1,True,True,True,True,True
MONDAY_EARLY,btc-updown-15m-1791148500,run_1791146614_c03299a7,run_1791146614_c03299a7,2026-10-05T05:15:00+08:00,418,2026-10-05T05:15:20.276866+08:00,2026-10-05T05:29:59.257898+08:00,0.9766455912590026,57.788403034210205,44.73684210526316,True,1,True,True,True,True,True
MONDAY_EARLY,btc-updown-15m-1791150300,run_1791150245_90251ae4,run_1791150245_90251ae4,2026-10-05T05:45:00+08:00,657,2026-10-05T05:45:16.100074+08:00,2026-10-05T05:59:58.396917+08:00,0.9803298256132338,6.478657007217407,62.25266362252663,True,1,True,True,True,True,True
MONDAY_EARLY,btc-updown-15m-1791151200,run_1791150245_90251ae4,run_1791150245_90251ae4,2026-10-05T06:00:00+08:00,220,2026-10-05T06:00:19.538524+08:00,2026-10-05T06:14:58.672973+08:00,0.9768160547150506,325.4050328731537,63.63636363636363,True,1,False,True,True,True,True
MONDAY_EARLY,btc-updown-15m-1791152100,run_1791152702_e68ca564,run_1791150245_90251ae4|run_1791152702_e68ca564,2026-10-05T06:15:00+08:00,175,2026-10-05T06:15:19.430217+08:00,2026-10-05T06:29:59.768522+08:00,0.9781536722183227,204.61180901527405,43.42857142857143,True,2,False,False,True,True,True
MONDAY_LATER,btc-updown-15m-1791153900,run_1791154261_b189fd72,run_1791154261_b189fd72,2026-10-05T06:45:00+08:00,311,2026-10-05T06:53:00.326670+08:00,2026-10-05T06:59:58.736217+08:00,0.46489949650234647,19.404998064041138,61.736334405144696,True,1,True,True,True,True,True
MONDAY_LATER,btc-updown-15m-1791154800,run_1791155020_54a23d57,run_1791154261_b189fd72|run_1791155020_54a23d57,2026-10-05T07:00:00+08:00,372,2026-10-05T07:01:00.567367+08:00,2026-10-05T07:14:59.711594+08:00,0.9323824744754368,358.2714612483978,59.946236559139784,True,2,True,True,True,True,True
MONDAY_LATER,btc-updown-15m-1791155700,run_1791156382_b39ed868,run_1791155020_54a23d57|run_1791156117_501e1d0f|run_1791156382_b39ed868,2026-10-05T07:15:00+08:00,176,2026-10-05T07:15:23.513760+08:00,2026-10-05T07:29:59.034831+08:00,0.9728011899524265,348.74693989753723,35.79545454545455,True,3,False,False,True,True,True
MONDAY_LATER,btc-updown-15m-1791156600,run_1791156382_b39ed868,run_1791156382_b39ed868,2026-10-05T07:30:00+08:00,475,2026-10-05T07:30:18.234534+08:00,2026-10-05T07:44:59.900979+08:00,0.9796293836169773,45.81972599029541,50.31578947368421,True,1,True,True,True,True,True
MONDAY_LATER,btc-updown-15m-1791157500,run_1791158191_7d7e9cbc,run_1791156382_b39ed868|run_1791158191_7d7e9cbc,2026-10-05T07:45:00+08:00,266,2026-10-05T07:45:23.120974+08:00,2026-10-05T07:57:47.069115+08:00,0.8266090453995598,306.0174300670624,43.984962406015036,True,2,False,False,False,False,False
MONDAY_LATER,btc-updown-15m-1791158400,run_1791159200_94415f83,run_1791158611_8dc00e3e|run_1791159200_94415f83,2026-10-05T08:00:00+08:00,119,2026-10-05T08:04:45.362788+08:00,2026-10-05T08:14:58.507274+08:00,0.6812716507911682,212.22361707687378,32.773109243697476,True,2,False,False,False,False,True
MONDAY_LATER,btc-updown-15m-1791159300,run_1791159996_95ed00da,run_1791159200_94415f83|run_1791159996_95ed00da,2026-10-05T08:15:00+08:00,252,2026-10-05T08:15:21.069899+08:00,2026-10-05T08:28:11.735560+08:00,0.8562951787312826,222.53060030937195,36.507936507936506,True,2,False,False,True,False,False
MONDAY_LATER,btc-updown-15m-1791160200,run_1791159996_95ed00da,run_1791159996_95ed00da,2026-10-05T08:30:00+08:00,136,2026-10-05T08:30:51.755856+08:00,2026-10-05T08:44:59.769834+08:00,0.9422377536031935,139.52429699897766,44.11764705882353,True,1,False,True,True,True,True
MONDAY_LATER,btc-updown-15m-1791161100,run_1791161843_e56283a9,run_1791159996_95ed00da|run_1791161499_2f8dc6d9|run_1791161843_e56283a9,2026-10-05T08:45:00+08:00,140,2026-10-05T08:45:24.765487+08:00,2026-10-05T08:59:58.488373+08:00,0.9708032064967685,293.18431997299194,50.714285714285715,True,3,False,False,False,True,True
MONDAY_LATER,btc-updown-15m-1791162000,run_1791161843_e56283a9,run_1791161843_e56283a9,2026-10-05T09:00:00+08:00,418,2026-10-05T09:00:21.002360+08:00,2026-10-05T09:14:42.339855+08:00,0.9570416612095303,166.60779786109924,65.31100478468899,True,1,True,False,False,False,True
MONDAY_LATER,btc-updown-15m-1791164700,run_1791165203_d581de62,run_1791161843_e56283a9|run_1791165203_d581de62,2026-10-05T09:45:00+08:00,186,2026-10-05T09:45:23.692138+08:00,2026-10-05T09:59:58.846688+08:00,0.9723939445283678,251.3676290512085,65.59139784946237,True,2,True,True,True,True,True
MONDAY_LATER,btc-updown-15m-1791166500,run_1791166958_80457c31,run_1791166482_8aa3a2e9|run_1791166958_80457c31,2026-10-05T10:15:00+08:00,239,2026-10-05T10:15:53.540341+08:00,2026-10-05T10:29:58.419554+08:00,0.9387546812163459,380.2980589866638,79.9163179916318,True,2,True,True,True,True,True
MONDAY_LATER,btc-updown-15m-1791167400,run_1791168013_e3ed2ef7,run_1791166958_80457c31|run_1791168013_e3ed2ef7,2026-10-05T10:30:00+08:00,297,2026-10-05T10:30:20.074477+08:00,2026-10-05T10:44:58.697700+08:00,0.9762480256292555,231.34066224098206,87.54208754208754,True,2,False,True,True,True,True
MONDAY_LATER,btc-updown-15m-1791168300,run_1791168013_e3ed2ef7,run_1791168013_e3ed2ef7,2026-10-05T10:45:00+08:00,590,2026-10-05T10:45:19.240429+08:00,2026-10-05T10:59:58.699614+08:00,0.9771768720944722,44.704338788986206,92.20338983050847,True,1,True,True,True,True,True
MONDAY_LATER,btc-updown-15m-1791170100,run_1791170117_e27d1b53,run_1791170117_e27d1b53,2026-10-05T11:15:00+08:00,334,2026-10-05T11:16:34.756212+08:00,2026-10-05T11:29:58.821380+08:00,0.8934057423803541,140.8493230342865,93.11377245508982,True,1,True,True,False,False,True
MONDAY_LATER,btc-updown-15m-1791171000,run_1791170117_e27d1b53,run_1791170117_e27d1b53,2026-10-05T11:30:00+08:00,371,2026-10-05T11:30:20.068911+08:00,2026-10-05T11:44:58.799353+08:00,0.9763671578301324,29.942381858825684,86.52291105121294,True,1,True,True,True,True,True
MONDAY_LATER,btc-updown-15m-1791171900,run_1791172561_f8b13244,run_1791170117_e27d1b53|run_1791172561_f8b13244,2026-10-05T11:45:00+08:00,395,2026-10-05T11:45:19.083878+08:00,2026-10-05T11:59:58.735664+08:00,0.977390873697069,279.2182776927948,88.86075949367088,True,2,False,False,True,True,True
MONDAY_LATER,btc-updown-15m-1791172800,run_1791173579_1cb7be31,run_1791172561_f8b13244|run_1791172967_4ba1fd57|run_1791173579_1cb7be31,2026-10-05T12:00:00+08:00,96,2026-10-05T12:00:51.272668+08:00,2026-10-05T12:14:58.749204+08:00,0.9416405955950419,466.6460518836975,70.83333333333333,True,3,False,False,False,True,True
MONDAY_LATER,btc-updown-15m-1791174600,run_1791174777_d7582569,run_1791174547_2d1a1970|run_1791174777_d7582569,2026-10-05T12:30:00+08:00,323,2026-10-05T12:30:22.078934+08:00,2026-10-05T12:44:58.908467+08:00,0.9742550367779202,182.9509892463684,87.30650154798762,True,2,True,True,True,True,True
MONDAY_LATER,btc-updown-15m-1791175500,run_1791176047_9f102b89,run_1791174777_d7582569|run_1791176047_9f102b89,2026-10-05T12:45:00+08:00,95,2026-10-05T12:45:26.330867+08:00,2026-10-05T12:59:58.911872+08:00,0.9695344498422411,371.13030910491943,40.0,True,2,False,False,False,True,True
MONDAY_LATER,btc-updown-15m-1791176400,run_1791177179_53638f46,run_1791176047_9f102b89|run_1791176765_a2981ad9|run_1791177179_53638f46,2026-10-05T13:00:00+08:00,85,2026-10-05T13:00:21.480650+08:00,2026-10-05T13:14:59.415563+08:00,0.9754832368426852,315.6476080417633,64.70588235294117,True,3,False,False,False,True,True
MONDAY_LATER,btc-updown-15m-1791178200,run_1791178446_3382f6f0,run_1791178236_2b2abff6|run_1791178446_3382f6f0,2026-10-05T13:30:00+08:00,228,2026-10-05T13:31:50.337247+08:00,2026-10-05T13:44:58.707949+08:00,0.8759674469629923,177.1829698085785,52.19298245614035,True,2,True,True,True,True,True
MONDAY_LATER,btc-updown-15m-1791179100,run_1791179839_f2ee6c54,run_1791178446_3382f6f0|run_1791179839_f2ee6c54,2026-10-05T13:45:00+08:00,305,2026-10-05T13:45:26.602640+08:00,2026-10-05T13:59:58.812243+08:00,0.9691217811902364,299.9547870159149,65.24590163934427,True,2,False,False,False,True,True
MONDAY_LATER,btc-updown-15m-1791180000,run_1791180695_b3bd0e3b,run_1791179839_f2ee6c54|run_1791180210_ebc4c93f|run_1791180695_b3bd0e3b,2026-10-05T14:00:00+08:00,192,2026-10-05T14:00:51.137553+08:00,2026-10-05T14:14:59.469054+08:00,0.9425905566745334,253.6673948764801,40.625,True,3,False,False,True,True,True
MONDAY_LATER,btc-updown-15m-1791180900,run_1791181548_e5ba41e2,run_1791180695_b3bd0e3b|run_1791181548_e5ba41e2,2026-10-05T14:15:00+08:00,219,2026-10-05T14:15:18.291677+08:00,2026-10-05T14:27:26.879236+08:00,0.8095417322052849,268.24246191978455,46.57534246575342,True,2,False,True,False,False,False
MONDAY_LATER,btc-updown-15m-1791181800,run_1791181548_e5ba41e2,run_1791181548_e5ba41e2,2026-10-05T14:30:00+08:00,65,2026-10-05T14:38:08.070728+08:00,2026-10-05T14:44:58.778326+08:00,0.45634177578820123,265.9402458667755,15.384615384615385,True,1,False,False,True,True,True
MONDAY_LATER,btc-updown-15m-1791182700,run_1791182955_8e468700,run_1791181548_e5ba41e2|run_1791182955_8e468700,2026-10-05T14:45:00+08:00,260,2026-10-05T14:45:19.164892+08:00,2026-10-05T14:59:59.787774+08:00,0.978469868765937,180.67552733421326,6.923076923076923,True,2,True,True,True,True,True
MONDAY_LATER,btc-updown-15m-1791183600,run_1791184406_7d767f1b,run_1791182955_8e468700|run_1791184406_7d767f1b,2026-10-05T15:00:00+08:00,293,2026-10-05T15:00:19.095422+08:00,2026-10-05T15:14:59.309262+08:00,0.9780153777864244,409.32617807388306,11.262798634812286,True,2,False,False,False,False,True
MONDAY_LATER,btc-updown-15m-1791184500,run_1791185073_d2d90051,run_1791184406_7d767f1b|run_1791185073_d2d90051,2026-10-05T15:15:00+08:00,170,2026-10-05T15:15:20.666283+08:00,2026-10-05T15:29:59.778155+08:00,0.9767909691068861,273.8450322151184,7.0588235294117645,True,2,False,True,True,True,True
MONDAY_LATER,btc-updown-15m-1791186300,run_1791186277_998d597f,run_1791186277_998d597f,2026-10-05T15:45:00+08:00,258,2026-10-05T15:45:51.062907+08:00,2026-10-05T15:59:58.711585+08:00,0.9418318645159404,191.20143580436707,3.10077519379845,True,1,True,True,True,True,True
MONDAY_LATER,btc-updown-15m-1791187200,run_1791187494_a61bd3ab,run_1791186277_998d597f|run_1791187494_a61bd3ab,2026-10-05T16:00:00+08:00,263,2026-10-05T16:00:21.438875+08:00,2026-10-05T16:14:59.794917+08:00,0.9759511579407586,250.56019282341003,8.745247148288973,True,2,True,True,True,True,True
MONDAY_LATER,btc-updown-15m-1791189000,run_1791189375_b5d42b97,run_1791188953_1f5b843b|run_1791189375_b5d42b97,2026-10-05T16:30:00+08:00,351,2026-10-05T16:30:26.792089+08:00,2026-10-05T16:44:59.913048+08:00,0.9701343989372253,195.23142790794373,15.66951566951567,True,2,True,True,True,True,True
MONDAY_LATER,btc-updown-15m-1791189900,run_1791190587_5d687974,run_1791189375_b5d42b97|run_1791190339_06b690e2|run_1791190587_5d687974,2026-10-05T16:45:00+08:00,215,2026-10-05T16:45:19.289660+08:00,2026-10-05T16:59:59.350396+08:00,0.9778452621565925,244.59508609771729,15.813953488372093,True,3,False,False,True,True,True
MONDAY_LATER,btc-updown-15m-1791190800,run_1791190587_5d687974,run_1791190587_5d687974,2026-10-05T17:00:00+08:00,459,2026-10-05T17:00:31.767347+08:00,2026-10-05T17:14:59.876295+08:00,0.9645654977692498,26.913424253463745,18.30065359477124,True,1,True,True,True,True,True
MONDAY_LATER,btc-updown-15m-1791191700,run_1791192264_a1ec54a0,run_1791190587_5d687974|run_1791192264_a1ec54a0,2026-10-05T17:15:00+08:00,389,2026-10-05T17:15:18.778461+08:00,2026-10-05T17:29:59.583330+08:00,0.9786720768610636,172.05028414726257,31.876606683804628,True,2,False,True,True,True,True
MONDAY_LATER,btc-updown-15m-1791193500,run_1791194311_e7c99524,run_1791193483_908f4683|run_1791194311_e7c99524,2026-10-05T17:45:00+08:00,199,2026-10-05T17:45:58.815874+08:00,2026-10-05T17:59:59.022355+08:00,0.9335627563794454,215.34111189842224,37.688442211055275,True,2,False,False,False,False,False
MONDAY_LATER,btc-updown-15m-1791195300,run_1791195232_a9f1e8ee,run_1791195232_a9f1e8ee,2026-10-05T18:15:00+08:00,410,2026-10-05T18:15:04.033943+08:00,2026-10-05T18:29:59.024933+08:00,0.9944344335132175,44.55676817893982,45.1219512195122,True,1,True,True,True,True,True
MONDAY_LATER,btc-updown-15m-1791196200,run_1791197001_1b6f1dd9,run_1791195232_a9f1e8ee|run_1791197001_1b6f1dd9,2026-10-05T18:30:00+08:00,225,2026-10-05T18:30:19.127064+08:00,2026-10-05T18:44:58.829439+08:00,0.9774470832612779,293.999165058136,60.888888888888886,True,2,False,False,False,False,True
MONDAY_ALL,btc-updown-15m-1791129600,run_1791127749_bd53b9e8,run_1791127749_bd53b9e8,2026-10-05T00:00:00+08:00,562,2026-10-05T00:00:21.455538+08:00,2026-10-05T00:14:59.341184+08:00,0.9754284954071045,39.84814190864563,45.01779359430605,True,1,True,True,True,True,True
MONDAY_ALL,btc-updown-15m-1791131400,run_1791131381_baae0ef5,run_1791131381_baae0ef5,2026-10-05T00:30:00+08:00,554,2026-10-05T00:30:53.538626+08:00,2026-10-05T00:44:58.689333+08:00,0.9390563411182827,6.190178155899048,55.05415162454874,True,1,True,True,True,True,True
MONDAY_ALL,btc-updown-15m-1791132300,run_1791131381_baae0ef5,run_1791131381_baae0ef5,2026-10-05T00:45:00+08:00,672,2026-10-05T00:45:18.945470+08:00,2026-10-05T00:59:58.815550+08:00,0.9776334222157796,53.48163986206055,54.910714285714285,True,1,True,True,True,True,True
MONDAY_ALL,btc-updown-15m-1791133200,run_1791131381_baae0ef5,run_1791131381_baae0ef5,2026-10-05T01:00:00+08:00,530,2026-10-05T01:00:19.438431+08:00,2026-10-05T01:14:58.641298+08:00,0.9768920742140876,82.96594095230103,50.56603773584906,True,1,True,True,True,True,True
MONDAY_ALL,btc-updown-15m-1791135000,run_1791135014_15577a71,run_1791135014_15577a71,2026-10-05T01:30:00+08:00,589,2026-10-05T01:31:29.615825+08:00,2026-10-05T01:44:57.856295+08:00,0.898044966591729,12.31818699836731,47.70797962648557,True,1,True,True,True,True,True
MONDAY_ALL,btc-updown-15m-1791135900,run_1791135014_15577a71,run_1791135014_15577a71,2026-10-05T01:45:00+08:00,543,2026-10-05T01:45:21.366267+08:00,2026-10-05T01:59:58.309143+08:00,0.9743809734450446,32.305196046829224,54.51197053406998,True,1,True,True,True,True,True
MONDAY_ALL,btc-updown-15m-1791136800,run_1791135014_15577a71,run_1791135014_15577a71,2026-10-05T02:00:00+08:00,549,2026-10-05T02:00:19.117027+08:00,2026-10-05T02:14:15.770625+08:00,0.9296151089668274,22.08323383331299,53.73406193078324,True,1,True,True,True,True,False
MONDAY_ALL,btc-updown-15m-1791137700,run_1791135014_15577a71,run_1791135014_15577a71,2026-10-05T02:15:00+08:00,391,2026-10-05T02:15:19.736406+08:00,2026-10-05T02:29:59.984429+08:00,0.9780533589257134,49.61827111244202,44.75703324808184,True,1,True,True,False,True,True
MONDAY_ALL,btc-updown-15m-1791138600,run_1791138648_00dd5e67,run_1791138648_00dd5e67,2026-10-05T02:30:00+08:00,487,2026-10-05T02:31:58.755334+08:00,2026-10-05T02:44:59.022291+08:00,0.8669632856051127,25.500081777572632,42.50513347022587,True,1,True,True,True,True,True
MONDAY_ALL,btc-updown-15m-1791140400,run_1791140353_83060865,run_1791140353_83060865,2026-10-05T03:00:00+08:00,585,2026-10-05T03:00:23.504882+08:00,2026-10-05T03:14:58.249647+08:00,0.9719386280907525,15.671534061431885,50.085470085470085,True,1,True,True,True,True,True
MONDAY_ALL,btc-updown-15m-1791141300,run_1791140353_83060865,run_1791140353_83060865,2026-10-05T03:15:00+08:00,565,2026-10-05T03:15:19.166280+08:00,2026-10-05T03:29:58.396230+08:00,0.9769221666124132,19.211946964263916,52.0353982300885,True,1,True,True,True,True,True
MONDAY_ALL,btc-updown-15m-1791142200,run_1791142981_3d2f57d1,run_1791140353_83060865|run_1791142981_3d2f57d1,2026-10-05T03:30:00+08:00,447,2026-10-05T03:30:18.873432+08:00,2026-10-05T03:44:59.543390+08:00,0.978522175418006,178.03755283355713,62.639821029082775,True,2,False,False,False,False,True
MONDAY_ALL,btc-updown-15m-1791143100,run_1791142981_3d2f57d1,run_1791142981_3d2f57d1,2026-10-05T03:45:00+08:00,545,2026-10-05T03:45:18.832180+08:00,2026-10-05T03:58:11.922248+08:00,0.8589889642927382,14.356224060058594,83.4862385321101,True,1,True,True,True,False,False
MONDAY_ALL,btc-updown-15m-1791144000,run_1791142981_3d2f57d1,run_1791142981_3d2f57d1,2026-10-05T04:00:00+08:00,659,2026-10-05T04:00:20.166247+08:00,2026-10-05T04:14:53.326691+08:00,0.970178271399604,21.648509979248047,79.21092564491654,True,1,True,True,True,True,True
MONDAY_ALL,btc-updown-15m-1791145800,run_1791146614_c03299a7,run_1791142981_3d2f57d1|run_1791146614_c03299a7,2026-10-05T04:30:00+08:00,543,2026-10-05T04:30:19.024706+08:00,2026-10-05T04:44:59.183439+08:00,0.9779541476567586,104.54757881164551,84.5303867403315,True,2,False,False,False,False,False
MONDAY_ALL,btc-updown-15m-1791146700,run_1791146614_c03299a7,run_1791146614_c03299a7,2026-10-05T04:45:00+08:00,630,2026-10-05T04:45:19.411937+08:00,2026-10-05T04:59:58.557931+08:00,0.9768288821644253,14.34135913848877,55.3968253968254,True,1,True,True,True,True,True
MONDAY_ALL,btc-updown-15m-1791147600,run_1791146614_c03299a7,run_1791146614_c03299a7,2026-10-05T05:00:00+08:00,570,2026-10-05T05:00:19.251881+08:00,2026-10-05T05:14:58.451442+08:00,0.9768884012434218,11.706624031066895,40.0,True,1,True,True,True,True,True
MONDAY_ALL,btc-updown-15m-1791148500,run_1791146614_c03299a7,run_1791146614_c03299a7,2026-10-05T05:15:00+08:00,418,2026-10-05T05:15:20.276866+08:00,2026-10-05T05:29:59.257898+08:00,0.9766455912590026,57.788403034210205,44.73684210526316,True,1,True,True,True,True,True
MONDAY_ALL,btc-updown-15m-1791150300,run_1791150245_90251ae4,run_1791150245_90251ae4,2026-10-05T05:45:00+08:00,657,2026-10-05T05:45:16.100074+08:00,2026-10-05T05:59:58.396917+08:00,0.9803298256132338,6.478657007217407,62.25266362252663,True,1,True,True,True,True,True
MONDAY_ALL,btc-updown-15m-1791151200,run_1791150245_90251ae4,run_1791150245_90251ae4,2026-10-05T06:00:00+08:00,220,2026-10-05T06:00:19.538524+08:00,2026-10-05T06:14:58.672973+08:00,0.9768160547150506,325.4050328731537,63.63636363636363,True,1,False,True,True,True,True
MONDAY_ALL,btc-updown-15m-1791152100,run_1791152702_e68ca564,run_1791150245_90251ae4|run_1791152702_e68ca564,2026-10-05T06:15:00+08:00,175,2026-10-05T06:15:19.430217+08:00,2026-10-05T06:29:59.768522+08:00,0.9781536722183227,204.61180901527405,43.42857142857143,True,2,False,False,True,True,True
MONDAY_ALL,btc-updown-15m-1791153900,run_1791154261_b189fd72,run_1791154261_b189fd72,2026-10-05T06:45:00+08:00,311,2026-10-05T06:53:00.326670+08:00,2026-10-05T06:59:58.736217+08:00,0.46489949650234647,19.404998064041138,61.736334405144696,True,1,True,True,True,True,True
MONDAY_ALL,btc-updown-15m-1791154800,run_1791155020_54a23d57,run_1791154261_b189fd72|run_1791155020_54a23d57,2026-10-05T07:00:00+08:00,372,2026-10-05T07:01:00.567367+08:00,2026-10-05T07:14:59.711594+08:00,0.9323824744754368,358.2714612483978,59.946236559139784,True,2,True,True,True,True,True
MONDAY_ALL,btc-updown-15m-1791155700,run_1791156382_b39ed868,run_1791155020_54a23d57|run_1791156117_501e1d0f|run_1791156382_b39ed868,2026-10-05T07:15:00+08:00,176,2026-10-05T07:15:23.513760+08:00,2026-10-05T07:29:59.034831+08:00,0.9728011899524265,348.74693989753723,35.79545454545455,True,3,False,False,True,True,True
MONDAY_ALL,btc-updown-15m-1791156600,run_1791156382_b39ed868,run_1791156382_b39ed868,2026-10-05T07:30:00+08:00,475,2026-10-05T07:30:18.234534+08:00,2026-10-05T07:44:59.900979+08:00,0.9796293836169773,45.81972599029541,50.31578947368421,True,1,True,True,True,True,True
MONDAY_ALL,btc-updown-15m-1791157500,run_1791158191_7d7e9cbc,run_1791156382_b39ed868|run_1791158191_7d7e9cbc,2026-10-05T07:45:00+08:00,266,2026-10-05T07:45:23.120974+08:00,2026-10-05T07:57:47.069115+08:00,0.8266090453995598,306.0174300670624,43.984962406015036,True,2,False,False,False,False,False
MONDAY_ALL,btc-updown-15m-1791158400,run_1791159200_94415f83,run_1791158611_8dc00e3e|run_1791159200_94415f83,2026-10-05T08:00:00+08:00,119,2026-10-05T08:04:45.362788+08:00,2026-10-05T08:14:58.507274+08:00,0.6812716507911682,212.22361707687378,32.773109243697476,True,2,False,False,False,False,True
MONDAY_ALL,btc-updown-15m-1791159300,run_1791159996_95ed00da,run_1791159200_94415f83|run_1791159996_95ed00da,2026-10-05T08:15:00+08:00,252,2026-10-05T08:15:21.069899+08:00,2026-10-05T08:28:11.735560+08:00,0.8562951787312826,222.53060030937195,36.507936507936506,True,2,False,False,True,False,False
MONDAY_ALL,btc-updown-15m-1791160200,run_1791159996_95ed00da,run_1791159996_95ed00da,2026-10-05T08:30:00+08:00,136,2026-10-05T08:30:51.755856+08:00,2026-10-05T08:44:59.769834+08:00,0.9422377536031935,139.52429699897766,44.11764705882353,True,1,False,True,True,True,True
MONDAY_ALL,btc-updown-15m-1791161100,run_1791161843_e56283a9,run_1791159996_95ed00da|run_1791161499_2f8dc6d9|run_1791161843_e56283a9,2026-10-05T08:45:00+08:00,140,2026-10-05T08:45:24.765487+08:00,2026-10-05T08:59:58.488373+08:00,0.9708032064967685,293.18431997299194,50.714285714285715,True,3,False,False,False,True,True
MONDAY_ALL,btc-updown-15m-1791162000,run_1791161843_e56283a9,run_1791161843_e56283a9,2026-10-05T09:00:00+08:00,418,2026-10-05T09:00:21.002360+08:00,2026-10-05T09:14:42.339855+08:00,0.9570416612095303,166.60779786109924,65.31100478468899,True,1,True,False,False,False,True
MONDAY_ALL,btc-updown-15m-1791164700,run_1791165203_d581de62,run_1791161843_e56283a9|run_1791165203_d581de62,2026-10-05T09:45:00+08:00,186,2026-10-05T09:45:23.692138+08:00,2026-10-05T09:59:58.846688+08:00,0.9723939445283678,251.3676290512085,65.59139784946237,True,2,True,True,True,True,True
MONDAY_ALL,btc-updown-15m-1791166500,run_1791166958_80457c31,run_1791166482_8aa3a2e9|run_1791166958_80457c31,2026-10-05T10:15:00+08:00,239,2026-10-05T10:15:53.540341+08:00,2026-10-05T10:29:58.419554+08:00,0.9387546812163459,380.2980589866638,79.9163179916318,True,2,True,True,True,True,True
MONDAY_ALL,btc-updown-15m-1791167400,run_1791168013_e3ed2ef7,run_1791166958_80457c31|run_1791168013_e3ed2ef7,2026-10-05T10:30:00+08:00,297,2026-10-05T10:30:20.074477+08:00,2026-10-05T10:44:58.697700+08:00,0.9762480256292555,231.34066224098206,87.54208754208754,True,2,False,True,True,True,True
MONDAY_ALL,btc-updown-15m-1791168300,run_1791168013_e3ed2ef7,run_1791168013_e3ed2ef7,2026-10-05T10:45:00+08:00,590,2026-10-05T10:45:19.240429+08:00,2026-10-05T10:59:58.699614+08:00,0.9771768720944722,44.704338788986206,92.20338983050847,True,1,True,True,True,True,True
MONDAY_ALL,btc-updown-15m-1791170100,run_1791170117_e27d1b53,run_1791170117_e27d1b53,2026-10-05T11:15:00+08:00,334,2026-10-05T11:16:34.756212+08:00,2026-10-05T11:29:58.821380+08:00,0.8934057423803541,140.8493230342865,93.11377245508982,True,1,True,True,False,False,True
MONDAY_ALL,btc-updown-15m-1791171000,run_1791170117_e27d1b53,run_1791170117_e27d1b53,2026-10-05T11:30:00+08:00,371,2026-10-05T11:30:20.068911+08:00,2026-10-05T11:44:58.799353+08:00,0.9763671578301324,29.942381858825684,86.52291105121294,True,1,True,True,True,True,True
MONDAY_ALL,btc-updown-15m-1791171900,run_1791172561_f8b13244,run_1791170117_e27d1b53|run_1791172561_f8b13244,2026-10-05T11:45:00+08:00,395,2026-10-05T11:45:19.083878+08:00,2026-10-05T11:59:58.735664+08:00,0.977390873697069,279.2182776927948,88.86075949367088,True,2,False,False,True,True,True
MONDAY_ALL,btc-updown-15m-1791172800,run_1791173579_1cb7be31,run_1791172561_f8b13244|run_1791172967_4ba1fd57|run_1791173579_1cb7be31,2026-10-05T12:00:00+08:00,96,2026-10-05T12:00:51.272668+08:00,2026-10-05T12:14:58.749204+08:00,0.9416405955950419,466.6460518836975,70.83333333333333,True,3,False,False,False,True,True
MONDAY_ALL,btc-updown-15m-1791174600,run_1791174777_d7582569,run_1791174547_2d1a1970|run_1791174777_d7582569,2026-10-05T12:30:00+08:00,323,2026-10-05T12:30:22.078934+08:00,2026-10-05T12:44:58.908467+08:00,0.9742550367779202,182.9509892463684,87.30650154798762,True,2,True,True,True,True,True
MONDAY_ALL,btc-updown-15m-1791175500,run_1791176047_9f102b89,run_1791174777_d7582569|run_1791176047_9f102b89,2026-10-05T12:45:00+08:00,95,2026-10-05T12:45:26.330867+08:00,2026-10-05T12:59:58.911872+08:00,0.9695344498422411,371.13030910491943,40.0,True,2,False,False,False,True,True
MONDAY_ALL,btc-updown-15m-1791176400,run_1791177179_53638f46,run_1791176047_9f102b89|run_1791176765_a2981ad9|run_1791177179_53638f46,2026-10-05T13:00:00+08:00,85,2026-10-05T13:00:21.480650+08:00,2026-10-05T13:14:59.415563+08:00,0.9754832368426852,315.6476080417633,64.70588235294117,True,3,False,False,False,True,True
MONDAY_ALL,btc-updown-15m-1791178200,run_1791178446_3382f6f0,run_1791178236_2b2abff6|run_1791178446_3382f6f0,2026-10-05T13:30:00+08:00,228,2026-10-05T13:31:50.337247+08:00,2026-10-05T13:44:58.707949+08:00,0.8759674469629923,177.1829698085785,52.19298245614035,True,2,True,True,True,True,True
MONDAY_ALL,btc-updown-15m-1791179100,run_1791179839_f2ee6c54,run_1791178446_3382f6f0|run_1791179839_f2ee6c54,2026-10-05T13:45:00+08:00,305,2026-10-05T13:45:26.602640+08:00,2026-10-05T13:59:58.812243+08:00,0.9691217811902364,299.9547870159149,65.24590163934427,True,2,False,False,False,True,True
MONDAY_ALL,btc-updown-15m-1791180000,run_1791180695_b3bd0e3b,run_1791179839_f2ee6c54|run_1791180210_ebc4c93f|run_1791180695_b3bd0e3b,2026-10-05T14:00:00+08:00,192,2026-10-05T14:00:51.137553+08:00,2026-10-05T14:14:59.469054+08:00,0.9425905566745334,253.6673948764801,40.625,True,3,False,False,True,True,True
MONDAY_ALL,btc-updown-15m-1791180900,run_1791181548_e5ba41e2,run_1791180695_b3bd0e3b|run_1791181548_e5ba41e2,2026-10-05T14:15:00+08:00,219,2026-10-05T14:15:18.291677+08:00,2026-10-05T14:27:26.879236+08:00,0.8095417322052849,268.24246191978455,46.57534246575342,True,2,False,True,False,False,False
MONDAY_ALL,btc-updown-15m-1791181800,run_1791181548_e5ba41e2,run_1791181548_e5ba41e2,2026-10-05T14:30:00+08:00,65,2026-10-05T14:38:08.070728+08:00,2026-10-05T14:44:58.778326+08:00,0.45634177578820123,265.9402458667755,15.384615384615385,True,1,False,False,True,True,True
MONDAY_ALL,btc-updown-15m-1791182700,run_1791182955_8e468700,run_1791181548_e5ba41e2|run_1791182955_8e468700,2026-10-05T14:45:00+08:00,260,2026-10-05T14:45:19.164892+08:00,2026-10-05T14:59:59.787774+08:00,0.978469868765937,180.67552733421326,6.923076923076923,True,2,True,True,True,True,True
MONDAY_ALL,btc-updown-15m-1791183600,run_1791184406_7d767f1b,run_1791182955_8e468700|run_1791184406_7d767f1b,2026-10-05T15:00:00+08:00,293,2026-10-05T15:00:19.095422+08:00,2026-10-05T15:14:59.309262+08:00,0.9780153777864244,409.32617807388306,11.262798634812286,True,2,False,False,False,False,True
MONDAY_ALL,btc-updown-15m-1791184500,run_1791185073_d2d90051,run_1791184406_7d767f1b|run_1791185073_d2d90051,2026-10-05T15:15:00+08:00,170,2026-10-05T15:15:20.666283+08:00,2026-10-05T15:29:59.778155+08:00,0.9767909691068861,273.8450322151184,7.0588235294117645,True,2,False,True,True,True,True
MONDAY_ALL,btc-updown-15m-1791186300,run_1791186277_998d597f,run_1791186277_998d597f,2026-10-05T15:45:00+08:00,258,2026-10-05T15:45:51.062907+08:00,2026-10-05T15:59:58.711585+08:00,0.9418318645159404,191.20143580436707,3.10077519379845,True,1,True,True,True,True,True
MONDAY_ALL,btc-updown-15m-1791187200,run_1791187494_a61bd3ab,run_1791186277_998d597f|run_1791187494_a61bd3ab,2026-10-05T16:00:00+08:00,263,2026-10-05T16:00:21.438875+08:00,2026-10-05T16:14:59.794917+08:00,0.9759511579407586,250.56019282341003,8.745247148288973,True,2,True,True,True,True,True
MONDAY_ALL,btc-updown-15m-1791189000,run_1791189375_b5d42b97,run_1791188953_1f5b843b|run_1791189375_b5d42b97,2026-10-05T16:30:00+08:00,351,2026-10-05T16:30:26.792089+08:00,2026-10-05T16:44:59.913048+08:00,0.9701343989372253,195.23142790794373,15.66951566951567,True,2,True,True,True,True,True
MONDAY_ALL,btc-updown-15m-1791189900,run_1791190587_5d687974,run_1791189375_b5d42b97|run_1791190339_06b690e2|run_1791190587_5d687974,2026-10-05T16:45:00+08:00,215,2026-10-05T16:45:19.289660+08:00,2026-10-05T16:59:59.350396+08:00,0.9778452621565925,244.59508609771729,15.813953488372093,True,3,False,False,True,True,True
MONDAY_ALL,btc-updown-15m-1791190800,run_1791190587_5d687974,run_1791190587_5d687974,2026-10-05T17:00:00+08:00,459,2026-10-05T17:00:31.767347+08:00,2026-10-05T17:14:59.876295+08:00,0.9645654977692498,26.913424253463745,18.30065359477124,True,1,True,True,True,True,True
MONDAY_ALL,btc-updown-15m-1791191700,run_1791192264_a1ec54a0,run_1791190587_5d687974|run_1791192264_a1ec54a0,2026-10-05T17:15:00+08:00,389,2026-10-05T17:15:18.778461+08:00,2026-10-05T17:29:59.583330+08:00,0.9786720768610636,172.05028414726257,31.876606683804628,True,2,False,True,True,True,True
MONDAY_ALL,btc-updown-15m-1791193500,run_1791194311_e7c99524,run_1791193483_908f4683|run_1791194311_e7c99524,2026-10-05T17:45:00+08:00,199,2026-10-05T17:45:58.815874+08:00,2026-10-05T17:59:59.022355+08:00,0.9335627563794454,215.34111189842224,37.688442211055275,True,2,False,False,False,False,False
MONDAY_ALL,btc-updown-15m-1791195300,run_1791195232_a9f1e8ee,run_1791195232_a9f1e8ee,2026-10-05T18:15:00+08:00,410,2026-10-05T18:15:04.033943+08:00,2026-10-05T18:29:59.024933+08:00,0.9944344335132175,44.55676817893982,45.1219512195122,True,1,True,True,True,True,True
MONDAY_ALL,btc-updown-15m-1791196200,run_1791197001_1b6f1dd9,run_1791195232_a9f1e8ee|run_1791197001_1b6f1dd9,2026-10-05T18:30:00+08:00,225,2026-10-05T18:30:19.127064+08:00,2026-10-05T18:44:58.829439+08:00,0.9774470832612779,293.999165058136,60.888888888888886,True,2,False,False,False,False,True
ALL_WEEKEND,btc-updown-15m-1790957700,run_1790958041_06d028f8,run_1790958041_06d028f8,2026-10-03T00:15:00+08:00,263,2026-10-03T00:21:39.905326+08:00,2026-10-03T00:26:57.191183+08:00,0.3525398410691155,3.8284809589385986,92.77566539923954,True,1,True,True,False,False,False
ALL_WEEKEND,btc-updown-15m-1790960400,run_1790960589_1b970656,run_1790960589_1b970656,2026-10-03T01:00:00+08:00,456,2026-10-03T01:04:10.920785+08:00,2026-10-03T01:14:59.411699+08:00,0.7205454601181878,16.100543975830078,96.9298245614035,True,1,True,True,True,True,True
ALL_WEEKEND,btc-updown-15m-1790962200,run_1790962329_41f8ebe8,run_1790962329_41f8ebe8,2026-10-03T01:30:00+08:00,498,2026-10-03T01:33:06.206929+08:00,2026-10-03T01:44:59.283198+08:00,0.7923069654570686,26.525074005126953,92.9718875502008,True,1,True,True,True,True,True
ALL_WEEKEND,btc-updown-15m-1790964000,run_1790964229_ae4dba0a,run_1790964229_ae4dba0a,2026-10-03T02:00:00+08:00,493,2026-10-03T02:04:47.233479+08:00,2026-10-03T02:14:58.284792+08:00,0.6789459032482571,5.03024697303772,95.33468559837728,True,1,True,True,True,True,True
ALL_WEEKEND,btc-updown-15m-1790964900,run_1790964229_ae4dba0a,run_1790964229_ae4dba0a,2026-10-03T02:15:00+08:00,466,2026-10-03T02:15:18.693356+08:00,2026-10-03T02:29:58.919929+08:00,0.9780295255449083,12.321511030197144,98.068669527897,True,1,True,True,True,True,True
ALL_WEEKEND,btc-updown-15m-1790965800,run_1790964229_ae4dba0a,run_1790964229_ae4dba0a,2026-10-03T02:30:00+08:00,595,2026-10-03T02:30:18.834009+08:00,2026-10-03T02:44:58.801973+08:00,0.9777421821488275,6.159390926361084,97.6470588235294,True,1,True,True,True,True,True
ALL_WEEKEND,btc-updown-15m-1790985600,run_1790985778_95f5cc02,run_1790985778_95f5cc02,2026-10-03T08:00:00+08:00,463,2026-10-03T08:04:03.511346+08:00,2026-10-03T08:14:59.869419+08:00,0.7292867480383979,43.914973735809326,27.429805615550755,True,1,True,True,True,False,True
ALL_WEEKEND,btc-updown-15m-1790986500,run_1790985778_95f5cc02,run_1790985778_95f5cc02,2026-10-03T08:15:00+08:00,557,2026-10-03T08:15:19.140297+08:00,2026-10-03T08:29:58.263082+08:00,0.9768030945460001,70.68116998672485,37.342908438061045,True,1,True,True,False,True,True
ALL_WEEKEND,btc-updown-15m-1790987400,run_1790985778_95f5cc02,run_1790985778_95f5cc02,2026-10-03T08:30:00+08:00,610,2026-10-03T08:30:18.812653+08:00,2026-10-03T08:44:59.746339+08:00,0.9788152066866557,5.8603150844573975,28.688524590163933,True,1,True,True,True,True,True
ALL_WEEKEND,btc-updown-15m-1790988300,run_1790985778_95f5cc02,run_1790985778_95f5cc02,2026-10-03T08:45:00+08:00,657,2026-10-03T08:45:18.787093+08:00,2026-10-03T08:59:58.879844+08:00,0.9778808347384135,4.97816801071167,24.048706240487064,True,1,True,True,True,True,True
ALL_WEEKEND,btc-updown-15m-1790990100,run_1790990130_9fddffb2,run_1790990130_9fddffb2,2026-10-03T09:15:00+08:00,552,2026-10-03T09:16:43.691993+08:00,2026-10-03T09:29:59.432449+08:00,0.8841560623380873,5.143621921539307,19.92753623188406,True,1,True,True,True,True,True
ALL_WEEKEND,btc-updown-15m-1790991000,run_1790990130_9fddffb2,run_1790990130_9fddffb2,2026-10-03T09:30:00+08:00,562,2026-10-03T09:30:19.338596+08:00,2026-10-03T09:44:59.228661+08:00,0.9776556277275086,58.53345799446106,20.99644128113879,True,1,True,True,True,True,False
ALL_WEEKEND,btc-updown-15m-1790992800,run_1790992785_950a31bb,run_1790992785_950a31bb,2026-10-03T10:00:00+08:00,581,2026-10-03T10:00:47.741073+08:00,2026-10-03T10:14:58.790784+08:00,0.945610789987776,15.857560157775879,9.122203098106713,True,1,True,True,True,True,True
ALL_WEEKEND,btc-updown-15m-1790993700,run_1790992785_950a31bb,run_1790992785_950a31bb,2026-10-03T10:15:00+08:00,631,2026-10-03T10:15:19.579707+08:00,2026-10-03T10:29:57.884265+08:00,0.9758939533763462,5.970096826553345,1.5847860538827259,True,1,True,True,True,True,True
ALL_WEEKEND,btc-updown-15m-1790994600,run_1790992785_950a31bb,run_1790992785_950a31bb,2026-10-03T10:30:00+08:00,578,2026-10-03T10:30:18.655995+08:00,2026-10-03T10:44:58.887464+08:00,0.9780349657270644,129.31424689292908,2.422145328719723,True,1,True,True,False,False,True
ALL_WEEKEND,btc-updown-15m-1790996400,run_1790996415_f9ff5e78,run_1790996415_f9ff5e78,2026-10-03T11:00:00+08:00,540,2026-10-03T11:01:20.313280+08:00,2026-10-03T11:14:59.824045+08:00,0.91056751648585,36.55181288719177,9.444444444444445,True,1,True,True,True,True,True
ALL_WEEKEND,btc-updown-15m-1790997300,run_1790996415_f9ff5e78,run_1790996415_f9ff5e78,2026-10-03T11:15:00+08:00,544,2026-10-03T11:15:18.917846+08:00,2026-10-03T11:29:59.207268+08:00,0.978099357816908,6.163433790206909,11.580882352941176,True,1,True,True,True,True,True
ALL_WEEKEND,btc-updown-15m-1790998200,run_1790996415_f9ff5e78,run_1790996415_f9ff5e78,2026-10-03T11:30:00+08:00,582,2026-10-03T11:30:19.256826+08:00,2026-10-03T11:44:59.538203+08:00,0.9780904184447394,5.731300115585327,2.2336769759450172,True,1,True,True,True,True,True
ALL_WEEKEND,btc-updown-15m-1790999100,run_1790996415_f9ff5e78,run_1790996415_f9ff5e78,2026-10-03T11:45:00+08:00,617,2026-10-03T11:45:19.487832+08:00,2026-10-03T11:59:59.421696+08:00,0.9777042931980557,5.723876714706421,4.862236628849271,True,1,True,True,True,True,True
ALL_WEEKEND,btc-updown-15m-1791000000,run_1791000045_df1adc92,run_1791000045_df1adc92,2026-10-03T12:00:00+08:00,613,2026-10-03T12:01:50.830483+08:00,2026-10-03T12:14:59.208023+08:00,0.8759750445683797,5.2333598136901855,5.5464926590538335,True,1,True,True,True,True,True
ALL_WEEKEND,btc-updown-15m-1791000900,run_1791000045_df1adc92,run_1791000045_df1adc92,2026-10-03T12:15:00+08:00,514,2026-10-03T12:15:20.275303+08:00,2026-10-03T12:29:59.910759+08:00,0.9773727289835612,5.821043968200684,6.614785992217898,True,1,True,True,True,True,True
ALL_WEEKEND,btc-updown-15m-1791001800,run_1791000045_df1adc92,run_1791000045_df1adc92,2026-10-03T12:30:00+08:00,669,2026-10-03T12:30:18.614916+08:00,2026-10-03T12:44:59.946785+08:00,0.9792576320966084,10.081604957580566,24.364723467862483,True,1,True,True,True,True,True
ALL_WEEKEND,btc-updown-15m-1791002700,run_1791000045_df1adc92,run_1791000045_df1adc92,2026-10-03T12:45:00+08:00,599,2026-10-03T12:45:19.096442+08:00,2026-10-03T12:59:59.914337+08:00,0.9786865496635437,5.815591096878052,23.706176961602672,True,1,True,True,True,True,True
ALL_WEEKEND,btc-updown-15m-1791003600,run_1791003676_3d58af66,run_1791000045_df1adc92|run_1791003676_3d58af66,2026-10-03T13:00:00+08:00,599,2026-10-03T13:00:19.102628+08:00,2026-10-03T13:14:58.935632+08:00,0.9775922266642253,95.65059685707092,37.06176961602671,True,2,True,True,True,True,True
ALL_WEEKEND,btc-updown-15m-1791004500,run_1791003676_3d58af66,run_1791003676_3d58af66,2026-10-03T13:15:00+08:00,531,2026-10-03T13:15:21.371099+08:00,2026-10-03T13:29:58.546378+08:00,0.9746391987800598,15.548240900039673,49.717514124293785,True,1,True,True,True,True,True
ALL_WEEKEND,btc-updown-15m-1791005400,run_1791003676_3d58af66,run_1791003676_3d58af66,2026-10-03T13:30:00+08:00,671,2026-10-03T13:30:18.730814+08:00,2026-10-03T13:44:59.400502+08:00,0.9785218755404155,5.231160879135132,69.74664679582712,True,1,True,True,True,True,True
ALL_WEEKEND,btc-updown-15m-1791006300,run_1791003676_3d58af66,run_1791003676_3d58af66,2026-10-03T13:45:00+08:00,585,2026-10-03T13:45:18.760336+08:00,2026-10-03T13:59:58.801705+08:00,0.9778237432903714,44.93840789794922,77.94871794871794,True,1,True,True,True,True,True
ALL_WEEKEND,btc-updown-15m-1791008100,run_1791008112_a50d08a3,run_1791008112_a50d08a3,2026-10-03T14:15:00+08:00,456,2026-10-03T14:16:17.380254+08:00,2026-10-03T14:29:59.700501+08:00,0.9136891632609897,45.16369414329529,88.15789473684211,True,1,True,True,True,True,True
ALL_WEEKEND,btc-updown-15m-1791009900,run_1791009819_4f16006f,run_1791009819_4f16006f,2026-10-03T14:45:00+08:00,563,2026-10-03T14:45:00.431011+08:00,2026-10-03T14:59:58.331728+08:00,0.9976674633555942,6.0102379322052,85.2575488454707,True,1,True,True,True,True,True
ALL_WEEKEND,btc-updown-15m-1791010800,run_1791009819_4f16006f,run_1791009819_4f16006f,2026-10-03T15:00:00+08:00,643,2026-10-03T15:00:18.548374+08:00,2026-10-03T15:14:59.510889+08:00,0.9788472390174866,5.095812797546387,72.93934681181959,True,1,True,True,True,True,True
ALL_WEEKEND,btc-updown-15m-1791011700,run_1791009819_4f16006f,run_1791009819_4f16006f,2026-10-03T15:15:00+08:00,582,2026-10-03T15:15:19.103339+08:00,2026-10-03T15:29:59.865399+08:00,0.9786245112948947,99.70216608047485,93.12714776632302,True,1,True,True,True,False,True
ALL_WEEKEND,btc-updown-15m-1791013500,run_1791013463_c1370a2f,run_1791013463_c1370a2f,2026-10-03T15:45:00+08:00,382,2026-10-03T15:45:26.987893+08:00,2026-10-03T15:54:40.751705+08:00,0.6152931245168051,7.588404893875122,96.07329842931937,True,1,False,False,False,False,False
ALL_WEEKEND,btc-updown-15m-1791014400,run_1791014641_12c10290,run_1791014641_12c10290,2026-10-03T16:00:00+08:00,334,2026-10-03T16:05:08.113359+08:00,2026-10-03T16:14:58.608105+08:00,0.6561052730348376,5.9653098583221436,94.31137724550898,True,1,True,True,True,True,True
ALL_WEEKEND,btc-updown-15m-1791015300,run_1791014641_12c10290,run_1791014641_12c10290,2026-10-03T16:15:00+08:00,565,2026-10-03T16:15:18.732332+08:00,2026-10-03T16:29:58.393827+08:00,0.9774016610781352,5.8984620571136475,82.65486725663717,True,1,True,True,True,True,True
ALL_WEEKEND,btc-updown-15m-1791016200,run_1791014641_12c10290,run_1791014641_12c10290,2026-10-03T16:30:00+08:00,631,2026-10-03T16:30:19.080840+08:00,2026-10-03T16:44:59.741984+08:00,0.9785123822424147,23.677319288253784,93.026941362916,True,1,True,True,True,True,True
ALL_WEEKEND,btc-updown-15m-1791017100,run_1791014641_12c10290,run_1791014641_12c10290,2026-10-03T16:45:00+08:00,624,2026-10-03T16:45:19.418138+08:00,2026-10-03T16:59:59.235481+08:00,0.9775748255517748,21.42461323738098,82.8525641025641,True,1,True,True,True,True,True
ALL_WEEKEND,btc-updown-15m-1791018000,run_1791018273_c80d24ec,run_1791014641_12c10290|run_1791018273_c80d24ec,2026-10-03T17:00:00+08:00,510,2026-10-03T17:00:18.933350+08:00,2026-10-03T17:14:58.649225+08:00,0.9774620834986368,95.72027516365051,79.2156862745098,True,2,True,True,True,True,True
ALL_WEEKEND,btc-updown-15m-1791018900,run_1791018273_c80d24ec,run_1791018273_c80d24ec,2026-10-03T17:15:00+08:00,560,2026-10-03T17:15:18.957815+08:00,2026-10-03T17:29:58.947380+08:00,0.9777661834822761,6.1382341384887695,39.642857142857146,True,1,True,True,True,True,True
ALL_WEEKEND,btc-updown-15m-1791019800,run_1791018273_c80d24ec,run_1791018273_c80d24ec,2026-10-03T17:30:00+08:00,643,2026-10-03T17:30:18.611991+08:00,2026-10-03T17:44:59.104975+08:00,0.9783255378405253,5.779678106307983,55.98755832037325,True,1,True,True,True,True,True
ALL_WEEKEND,btc-updown-15m-1791021600,run_1791021599_d199e9dd,run_1791021599_d199e9dd,2026-10-03T18:00:00+08:00,551,2026-10-03T18:01:05.611796+08:00,2026-10-03T18:14:59.195868+08:00,0.9262045245700412,24.15270209312439,78.76588021778585,True,1,True,True,True,True,True
ALL_WEEKEND,btc-updown-15m-1791023400,run_1791023404_d05b32b1,run_1791023404_d05b32b1,2026-10-03T18:30:00+08:00,541,2026-10-03T18:31:11.664113+08:00,2026-10-03T18:44:59.051071+08:00,0.9193188423580594,30.011754035949707,60.813308687615525,True,1,True,True,True,True,True
ALL_WEEKEND,btc-updown-15m-1791024300,run_1791023404_d05b32b1,run_1791023404_d05b32b1,2026-10-03T18:45:00+08:00,541,2026-10-03T18:45:19.560118+08:00,2026-10-03T18:59:58.531893+08:00,0.9766353056165907,8.772279024124146,53.049907578558226,True,1,True,True,True,True,True
ALL_WEEKEND,btc-updown-15m-1791026100,run_1791026106_c815ceee,run_1791026106_c815ceee,2026-10-03T19:15:00+08:00,483,2026-10-03T19:16:14.687576+08:00,2026-10-03T19:29:59.160911+08:00,0.9160814833641052,49.37982225418091,74.74120082815735,True,1,True,True,True,True,True
ALL_WEEKEND,btc-updown-15m-1791027000,run_1791026106_c815ceee,run_1791026106_c815ceee,2026-10-03T19:30:00+08:00,629,2026-10-03T19:30:18.770763+08:00,2026-10-03T19:44:58.729495+08:00,0.9777319245868259,4.972292184829712,70.27027027027027,True,1,True,True,True,True,True
ALL_WEEKEND,btc-updown-15m-1791027900,run_1791026106_c815ceee,run_1791026106_c815ceee,2026-10-03T19:45:00+08:00,634,2026-10-03T19:45:18.999283+08:00,2026-10-03T19:59:59.104519+08:00,0.9778947067260743,5.156569004058838,60.88328075709779,True,1,True,True,True,True,True
ALL_WEEKEND,btc-updown-15m-1791028800,run_1791026106_c815ceee,run_1791026106_c815ceee,2026-10-03T20:00:00+08:00,617,2026-10-03T20:00:19.825434+08:00,2026-10-03T20:14:58.708717+08:00,0.9765369809998407,6.046205043792725,68.23338735818477,True,1,True,True,True,True,True
ALL_WEEKEND,btc-updown-15m-1791029700,run_1791029737_3db8ca59,run_1791029737_3db8ca59,2026-10-03T20:15:00+08:00,402,2026-10-03T20:16:47.774791+08:00,2026-10-03T20:29:59.663904+08:00,0.8798767921659681,6.273871183395386,74.37810945273633,True,1,True,True,True,True,True
ALL_WEEKEND,btc-updown-15m-1791030600,run_1791029737_3db8ca59,run_1791029737_3db8ca59,2026-10-03T20:30:00+08:00,607,2026-10-03T20:30:19.049774+08:00,2026-10-03T20:44:59.208812+08:00,0.9779544864760504,13.215979099273682,82.70181219110378,True,1,True,True,True,True,True
ALL_WEEKEND,btc-updown-15m-1791031500,run_1791029737_3db8ca59,run_1791029737_3db8ca59,2026-10-03T20:45:00+08:00,562,2026-10-03T20:45:19.466649+08:00,2026-10-03T20:59:58.372856+08:00,0.9765624523162841,5.984848976135254,96.26334519572954,True,1,True,True,True,True,True
ALL_WEEKEND,btc-updown-15m-1791032400,run_1791029737_3db8ca59,run_1791029737_3db8ca59,2026-10-03T21:00:00+08:00,644,2026-10-03T21:00:19.105075+08:00,2026-10-03T21:14:59.241486+08:00,0.9779293457667033,5.018181085586548,94.56521739130434,True,1,True,True,True,True,True
ALL_WEEKEND,btc-updown-15m-1791033300,run_1791033368_63fa64b7,run_1791029737_3db8ca59|run_1791033368_63fa64b7,2026-10-03T21:15:00+08:00,570,2026-10-03T21:15:18.953354+08:00,2026-10-03T21:29:58.861169+08:00,0.9776753499772813,101.29933023452759,95.78947368421052,True,2,True,True,True,True,True
ALL_WEEKEND,btc-updown-15m-1791034200,run_1791033368_63fa64b7,run_1791033368_63fa64b7,2026-10-03T21:30:00+08:00,569,2026-10-03T21:30:18.734250+08:00,2026-10-03T21:44:59.698636+08:00,0.9788493177625868,19.59049415588379,99.29701230228471,True,1,True,True,True,True,True
ALL_WEEKEND,btc-updown-15m-1791035100,run_1791033368_63fa64b7,run_1791033368_63fa64b7,2026-10-03T21:45:00+08:00,637,2026-10-03T21:45:18.973638+08:00,2026-10-03T21:59:58.962092+08:00,0.9777649490038554,4.402456045150757,99.84301412872841,True,1,True,True,True,True,True
ALL_WEEKEND,btc-updown-15m-1791036000,run_1791033368_63fa64b7,run_1791033368_63fa64b7,2026-10-03T22:00:00+08:00,549,2026-10-03T22:00:18.612267+08:00,2026-10-03T22:14:58.735065+08:00,0.977914219962226,6.146247863769531,95.62841530054645,True,1,True,True,True,True,True
ALL_WEEKEND,btc-updown-15m-1791036900,run_1791036999_39eed4e1,run_1791033368_63fa64b7|run_1791036999_39eed4e1,2026-10-03T22:15:00+08:00,558,2026-10-03T22:15:18.872687+08:00,2026-10-03T22:29:58.632247+08:00,0.977510622077518,91.23268508911133,97.31182795698925,True,2,True,True,True,True,True
ALL_WEEKEND,btc-updown-15m-1791037800,run_1791036999_39eed4e1,run_1791036999_39eed4e1,2026-10-03T22:30:00+08:00,566,2026-10-03T22:30:19.039647+08:00,2026-10-03T22:44:59.864382+08:00,0.9786941501829359,5.769312858581543,98.40989399293287,True,1,True,True,True,True,True
ALL_WEEKEND,btc-updown-15m-1791038700,run_1791036999_39eed4e1,run_1791036999_39eed4e1,2026-10-03T22:45:00+08:00,508,2026-10-03T22:45:18.655135+08:00,2026-10-03T22:59:59.031670+08:00,0.9781961501969232,14.047361135482788,98.62204724409449,True,1,True,True,True,True,True
ALL_WEEKEND,btc-updown-15m-1791039600,run_1791036999_39eed4e1,run_1791036999_39eed4e1,2026-10-03T23:00:00+08:00,574,2026-10-03T23:00:18.892035+08:00,2026-10-03T23:14:58.801613+08:00,0.977677308983273,39.433736085891724,98.08362369337979,True,1,True,True,True,True,True
ALL_WEEKEND,btc-updown-15m-1791040500,run_1791041249_fc1dd8e0,run_1791036999_39eed4e1|run_1791040631_6928e547|run_1791040992_ee674ec8|run_1791041249_fc1dd8e0,2026-10-03T23:15:00+08:00,176,2026-10-03T23:16:28.392933+08:00,2026-10-03T23:29:59.799600+08:00,0.9015629633267721,167.66629195213318,77.8409090909091,True,4,False,False,False,True,True
ALL_WEEKEND,btc-updown-15m-1791041400,run_1791041249_fc1dd8e0,run_1791041249_fc1dd8e0,2026-10-03T23:30:00+08:00,491,2026-10-03T23:30:19.069171+08:00,2026-10-03T23:44:59.545464+08:00,0.9783069923188952,45.740172147750854,93.89002036659878,True,1,True,True,True,True,True
ALL_WEEKEND,btc-updown-15m-1791042300,run_1791041249_fc1dd8e0,run_1791041249_fc1dd8e0,2026-10-03T23:45:00+08:00,628,2026-10-03T23:45:19.485105+08:00,2026-10-03T23:59:58.863279+08:00,0.9770868603388468,6.0612781047821045,90.92356687898089,True,1,True,True,True,True,True
ALL_WEEKEND,btc-updown-15m-1791043200,run_1791041249_fc1dd8e0,run_1791041249_fc1dd8e0,2026-10-04T00:00:00+08:00,643,2026-10-04T00:00:18.841955+08:00,2026-10-04T00:14:59.278886+08:00,0.9782632562849257,5.579007863998413,96.73405909797823,True,1,True,True,True,True,True
ALL_WEEKEND,btc-updown-15m-1791044100,run_1791044880_acbd0786,run_1791041249_fc1dd8e0|run_1791044880_acbd0786,2026-10-04T00:15:00+08:00,555,2026-10-04T00:15:19.751370+08:00,2026-10-04T00:29:58.643957+08:00,0.9765473188294305,99.29167318344116,96.3963963963964,True,2,False,False,False,True,True
ALL_WEEKEND,btc-updown-15m-1791045000,run_1791044880_acbd0786,run_1791044880_acbd0786,2026-10-04T00:30:00+08:00,646,2026-10-04T00:30:18.129472+08:00,2026-10-04T00:44:59.309345+08:00,0.9790887477662829,5.0081398487091064,99.38080495356037,True,1,True,True,True,True,True
ALL_WEEKEND,btc-updown-15m-1791045900,run_1791044880_acbd0786,run_1791044880_acbd0786,2026-10-04T00:45:00+08:00,631,2026-10-04T00:45:19.083324+08:00,2026-10-04T00:59:58.697960+08:00,0.9773495954937405,5.611041069030762,99.68304278922345,True,1,True,True,True,True,True
ALL_WEEKEND,btc-updown-15m-1791046800,run_1791044880_acbd0786,run_1791044880_acbd0786,2026-10-04T01:00:00+08:00,628,2026-10-04T01:00:19.187183+08:00,2026-10-04T01:14:59.233517+08:00,0.9778292600313823,20.232971906661987,99.04458598726114,True,1,True,True,True,True,True
ALL_WEEKEND,btc-updown-15m-1791047700,run_1791048511_365b424d,run_1791044880_acbd0786|run_1791048511_365b424d,2026-10-04T01:15:00+08:00,559,2026-10-04T01:15:18.990119+08:00,2026-10-04T01:29:59.244605+08:00,0.9780605398284065,94.97272181510925,94.63327370304114,True,2,False,False,False,False,True
ALL_WEEKEND,btc-updown-15m-1791048600,run_1791048511_365b424d,run_1791048511_365b424d,2026-10-04T01:30:00+08:00,629,2026-10-04T01:30:18.538138+08:00,2026-10-04T01:44:59.402909+08:00,0.9787386343214247,5.192097187042236,85.05564387917329,True,1,True,True,True,True,True
ALL_WEEKEND,btc-updown-15m-1791049500,run_1791048511_365b424d,run_1791048511_365b424d,2026-10-04T01:45:00+08:00,464,2026-10-04T01:45:19.252503+08:00,2026-10-04T01:59:58.629264+08:00,0.9770852896902297,40.09435510635376,83.1896551724138,True,1,True,True,True,True,True
ALL_WEEKEND,btc-updown-15m-1791050400,run_1791048511_365b424d,run_1791048511_365b424d,2026-10-04T02:00:00+08:00,456,2026-10-04T02:00:20.816589+08:00,2026-10-04T02:14:59.788777+08:00,0.9766357641749912,45.70655012130737,89.03508771929825,True,1,True,True,True,True,True
ALL_WEEKEND,btc-updown-15m-1791052200,run_1791052141_fe30de47,run_1791052141_fe30de47,2026-10-04T02:30:00+08:00,614,2026-10-04T02:30:06.436139+08:00,2026-10-04T02:44:58.732443+08:00,0.9914403374989827,5.835970878601074,92.50814332247558,True,1,True,True,True,True,True
ALL_WEEKEND,btc-updown-15m-1791053100,run_1791053867_a36e4c67,run_1791052141_fe30de47|run_1791053867_a36e4c67,2026-10-04T02:45:00+08:00,510,2026-10-04T02:45:18.693160+08:00,2026-10-04T02:59:59.689136+08:00,0.9788844180107117,171.4839391708374,88.82352941176471,True,2,False,False,False,True,True
ALL_WEEKEND,btc-updown-15m-1791054000,run_1791053867_a36e4c67,run_1791053867_a36e4c67,2026-10-04T03:00:00+08:00,504,2026-10-04T03:00:18.287431+08:00,2026-10-04T03:14:59.136588+08:00,0.9787212856610616,6.055670738220215,82.93650793650794,True,1,True,True,True,True,True
ALL_WEEKEND,btc-updown-15m-1791054900,run_1791053867_a36e4c67,run_1791053867_a36e4c67,2026-10-04T03:15:00+08:00,657,2026-10-04T03:15:18.755306+08:00,2026-10-04T03:29:58.972336+08:00,0.9780189222759671,5.039557218551636,65.90563165905631,True,1,True,True,True,True,True
ALL_WEEKEND,btc-updown-15m-1791055800,run_1791053867_a36e4c67,run_1791053867_a36e4c67,2026-10-04T03:30:00+08:00,608,2026-10-04T03:30:19.125785+08:00,2026-10-04T03:44:58.809750+08:00,0.9774266277419196,6.185730218887329,53.7828947368421,True,1,True,True,True,True,True
ALL_WEEKEND,btc-updown-15m-1791056700,run_1791057497_bb44b528,run_1791053867_a36e4c67|run_1791057497_bb44b528,2026-10-04T03:45:00+08:00,568,2026-10-04T03:45:18.761039+08:00,2026-10-04T03:59:58.733555+08:00,0.9777472398016188,93.92106914520264,39.7887323943662,True,2,False,False,False,False,True
ALL_WEEKEND,btc-updown-15m-1791057600,run_1791057497_bb44b528,run_1791057497_bb44b528,2026-10-04T04:00:00+08:00,629,2026-10-04T04:00:17.994016+08:00,2026-10-04T04:14:58.932277+08:00,0.9788202900356716,6.1916539669036865,33.38632750397456,True,1,True,True,True,True,True
ALL_WEEKEND,btc-updown-15m-1791058500,run_1791057497_bb44b528,run_1791057497_bb44b528,2026-10-04T04:15:00+08:00,608,2026-10-04T04:15:19.135442+08:00,2026-10-04T04:29:58.922979+08:00,0.9775417078865899,41.6433801651001,43.421052631578945,True,1,True,True,True,False,True
ALL_WEEKEND,btc-updown-15m-1791059400,run_1791057497_bb44b528,run_1791057497_bb44b528,2026-10-04T04:30:00+08:00,619,2026-10-04T04:30:19.190721+08:00,2026-10-04T04:44:58.401608+08:00,0.9769009855058458,5.6992878913879395,41.033925686591274,True,1,True,True,True,True,True
ALL_WEEKEND,btc-updown-15m-1791061200,run_1791061128_6012b10b,run_1791061128_6012b10b,2026-10-04T05:00:00+08:00,605,2026-10-04T05:00:00.149714+08:00,2026-10-04T05:14:58.968561+08:00,0.9986876077122159,5.756187200546265,62.8099173553719,True,1,True,True,True,True,True
ALL_WEEKEND,btc-updown-15m-1791062100,run_1791061128_6012b10b,run_1791061128_6012b10b,2026-10-04T05:15:00+08:00,671,2026-10-04T05:15:18.693155+08:00,2026-10-04T05:29:59.190344+08:00,0.9783302097850376,3.8273589611053467,73.02533532041728,True,1,True,True,True,True,True
ALL_WEEKEND,btc-updown-15m-1791063000,run_1791061128_6012b10b,run_1791061128_6012b10b,2026-10-04T05:30:00+08:00,556,2026-10-04T05:30:18.770475+08:00,2026-10-04T05:44:59.036043+08:00,0.9780728533532884,87.59690999984741,86.69064748201438,True,1,True,True,True,False,False
ALL_WEEKEND,btc-updown-15m-1791064800,run_1791064759_671ece47,run_1791064759_671ece47,2026-10-04T06:00:00+08:00,545,2026-10-04T06:00:24.644592+08:00,2026-10-04T06:14:59.399217+08:00,0.9719495831595527,11.592334985733032,58.34862385321101,True,1,True,True,True,True,True
ALL_WEEKEND,btc-updown-15m-1791065700,run_1791064759_671ece47,run_1791064759_671ece47,2026-10-04T06:15:00+08:00,651,2026-10-04T06:15:19.872149+08:00,2026-10-04T06:29:58.942664+08:00,0.9767450165748596,13.673589944839478,45.775729646697386,True,1,True,True,True,True,True
ALL_WEEKEND,btc-updown-15m-1791066600,run_1791067336_5b19463d,run_1791064759_671ece47|run_1791066780_900ee62c|run_1791067090_248ee83c|run_1791067336_5b19463d,2026-10-04T06:30:00+08:00,90,2026-10-04T06:30:21.212028+08:00,2026-10-04T06:44:59.647544+08:00,0.9760394626193576,264.97974967956543,57.77777777777778,True,4,False,False,False,True,True
ALL_WEEKEND,btc-updown-15m-1791067500,run_1791067336_5b19463d,run_1791067336_5b19463d,2026-10-04T06:45:00+08:00,461,2026-10-04T06:45:19.009032+08:00,2026-10-04T06:59:59.608049+08:00,0.9784433521164788,265.53540110588074,75.27114967462039,True,1,True,False,False,False,True
ALL_WEEKEND,btc-updown-15m-1791069300,run_1791070109_cc475056,run_1791069297_2bc86051|run_1791070109_cc475056,2026-10-04T07:15:00+08:00,475,2026-10-04T07:16:02.557490+08:00,2026-10-04T07:29:59.200315+08:00,0.9296031390296088,201.85192108154297,82.3157894736842,True,2,False,False,False,False,True
ALL_WEEKEND,btc-updown-15m-1791070200,run_1791070109_cc475056,run_1791070109_cc475056,2026-10-04T07:30:00+08:00,556,2026-10-04T07:30:20.212332+08:00,2026-10-04T07:44:59.716011+08:00,0.9772263100412157,5.958785057067871,67.98561151079137,True,1,True,True,True,True,True
ALL_WEEKEND,btc-updown-15m-1791071100,run_1791071895_523f85aa,run_1791070109_cc475056|run_1791071895_523f85aa,2026-10-04T07:45:00+08:00,524,2026-10-04T07:45:19.067055+08:00,2026-10-04T07:59:59.678580+08:00,0.9784572500652737,204.96226978302002,60.11450381679389,True,2,False,False,False,False,True
ALL_WEEKEND,btc-updown-15m-1791072000,run_1791072787_b44264cd,run_1791071895_523f85aa|run_1791072787_b44264cd,2026-10-04T08:00:00+08:00,129,2026-10-04T08:00:18.382106+08:00,2026-10-04T08:14:59.601937+08:00,0.9791331452793545,355.78982305526733,66.66666666666667,True,2,False,False,False,False,True
ALL_WEEKEND,btc-updown-15m-1791072900,run_1791072787_b44264cd,run_1791072787_b44264cd,2026-10-04T08:15:00+08:00,539,2026-10-04T08:15:18.255345+08:00,2026-10-04T08:29:59.644917+08:00,0.9793217468261719,115.71683096885681,67.71799628942486,True,1,True,False,True,True,True
ALL_WEEKEND,btc-updown-15m-1791073800,run_1791072787_b44264cd,run_1791072787_b44264cd,2026-10-04T08:30:00+08:00,577,2026-10-04T08:30:19.441386+08:00,2026-10-04T08:44:59.075330+08:00,0.9773710489273071,97.06748580932617,74.00346620450607,True,1,True,True,True,False,True
ALL_WEEKEND,btc-updown-15m-1791074700,run_1791072787_b44264cd,run_1791072787_b44264cd,2026-10-04T08:45:00+08:00,542,2026-10-04T08:45:19.338372+08:00,2026-10-04T08:59:59.174912+08:00,0.9775961555374993,17.860989332199097,75.27675276752767,True,1,True,True,True,True,True
ALL_WEEKEND,btc-updown-15m-1791076500,run_1791076424_50193a93,run_1791076424_50193a93,2026-10-04T09:15:00+08:00,635,2026-10-04T09:15:01.051043+08:00,2026-10-04T09:29:58.547568+08:00,0.9972183611657884,6.412003040313721,86.77165354330708,True,1,True,True,True,True,True
ALL_WEEKEND,btc-updown-15m-1791077400,run_1791076424_50193a93,run_1791076424_50193a93,2026-10-04T09:30:00+08:00,641,2026-10-04T09:30:18.981015+08:00,2026-10-04T09:44:58.354241+08:00,0.9770813624064127,6.2866950035095215,68.64274570982839,True,1,True,True,True,True,True
ALL_WEEKEND,btc-updown-15m-1791078300,run_1791076424_50193a93,run_1791076424_50193a93,2026-10-04T09:45:00+08:00,624,2026-10-04T09:45:18.749803+08:00,2026-10-04T09:59:59.768165+08:00,0.9789092911614312,5.59337592124939,37.66025641025641,True,1,True,True,True,True,True
ALL_WEEKEND,btc-updown-15m-1791080100,run_1791080054_04834687,run_1791080054_04834687,2026-10-04T10:15:00+08:00,556,2026-10-04T10:15:19.150397+08:00,2026-10-04T10:27:39.941226+08:00,0.823100921312968,3.3570518493652344,24.640287769784173,True,1,True,True,False,False,False
ALL_WEEKEND,btc-updown-15m-1791081000,run_1791081118_a7cf46b9,run_1791081118_a7cf46b9,2026-10-04T10:30:00+08:00,487,2026-10-04T10:33:05.711167+08:00,2026-10-04T10:44:58.965217+08:00,0.7925045002831353,8.710529088973999,40.6570841889117,True,1,True,True,True,True,True
ALL_WEEKEND,btc-updown-15m-1791081900,run_1791081118_a7cf46b9,run_1791081118_a7cf46b9,2026-10-04T10:45:00+08:00,626,2026-10-04T10:45:18.973948+08:00,2026-10-04T10:59:59.543882+08:00,0.978411037656996,11.02037787437439,42.97124600638978,True,1,True,True,True,True,True
ALL_WEEKEND,btc-updown-15m-1791082800,run_1791081118_a7cf46b9,run_1791081118_a7cf46b9,2026-10-04T11:00:00+08:00,592,2026-10-04T11:00:18.970057+08:00,2026-10-04T11:14:58.882252+08:00,0.9776802166302999,87.45102906227112,36.148648648648646,True,1,True,True,True,False,True
ALL_WEEKEND,btc-updown-15m-1791083700,run_1791084345_41679360,run_1791081118_a7cf46b9|run_1791084018_a2993851|run_1791084345_41679360,2026-10-04T11:15:00+08:00,95,2026-10-04T11:15:18.882403+08:00,2026-10-04T11:26:52.498789+08:00,0.7706848732630411,311.0236930847168,34.73684210526316,True,3,False,True,False,False,False
ALL_WEEKEND,btc-updown-15m-1791084600,run_1791084345_41679360,run_1791084345_41679360,2026-10-04T11:30:00+08:00,524,2026-10-04T11:30:21.097097+08:00,2026-10-04T11:44:58.410713+08:00,0.9747929069730971,10.126078128814697,36.6412213740458,True,1,True,True,True,True,True
ALL_WEEKEND,btc-updown-15m-1791085500,run_1791084345_41679360,run_1791084345_41679360,2026-10-04T11:45:00+08:00,596,2026-10-04T11:45:19.005011+08:00,2026-10-04T11:59:59.047866+08:00,0.977825394736396,8.347381114959717,57.214765100671144,True,1,True,True,True,True,True
ALL_WEEKEND,btc-updown-15m-1791086400,run_1791084345_41679360,run_1791084345_41679360,2026-10-04T12:00:00+08:00,635,2026-10-04T12:00:19.885420+08:00,2026-10-04T12:14:59.038014+08:00,0.9768362153900995,6.176092147827148,54.960629921259844,True,1,True,True,True,True,True
ALL_WEEKEND,btc-updown-15m-1791087300,run_1791087977_c480f2fa,run_1791084345_41679360|run_1791087977_c480f2fa,2026-10-04T12:15:00+08:00,572,2026-10-04T12:15:18.784456+08:00,2026-10-04T12:29:58.130358+08:00,0.97705100218455,97.2519919872284,38.63636363636363,True,2,False,False,True,True,True
ALL_WEEKEND,btc-updown-15m-1791088200,run_1791088949_8a69164e,run_1791087977_c480f2fa|run_1791088949_8a69164e,2026-10-04T12:30:00+08:00,460,2026-10-04T12:30:17.750720+08:00,2026-10-04T12:44:59.584818+08:00,0.9798156642913818,205.14162397384644,47.608695652173914,True,2,False,False,False,True,True
ALL_WEEKEND,btc-updown-15m-1791089100,run_1791088949_8a69164e,run_1791088949_8a69164e,2026-10-04T12:45:00+08:00,621,2026-10-04T12:45:18.616646+08:00,2026-10-04T12:59:59.995043+08:00,0.9793093302514818,9.086453914642334,47.50402576489533,True,1,True,True,True,True,True
ALL_WEEKEND,btc-updown-15m-1791090000,run_1791088949_8a69164e,run_1791088949_8a69164e,2026-10-04T13:00:00+08:00,604,2026-10-04T13:00:19.457541+08:00,2026-10-04T13:14:59.533324+08:00,0.9778619808620876,5.793371915817261,33.94039735099338,True,1,True,True,True,True,True
ALL_WEEKEND,btc-updown-15m-1791090900,run_1791088949_8a69164e,run_1791088949_8a69164e,2026-10-04T13:15:00+08:00,578,2026-10-04T13:15:18.887573+08:00,2026-10-04T13:29:59.953943+08:00,0.9789626333448622,6.000409126281738,40.13840830449827,True,1,True,True,True,True,True
ALL_WEEKEND,btc-updown-15m-1791091800,run_1791092582_c6d8b67f,run_1791088949_8a69164e|run_1791092582_c6d8b67f,2026-10-04T13:30:00+08:00,561,2026-10-04T13:30:18.925316+08:00,2026-10-04T13:44:58.899889+08:00,0.9777495254410637,104.00956797599792,26.203208556149733,True,2,False,False,False,False,True
ALL_WEEKEND,btc-updown-15m-1791092700,run_1791092582_c6d8b67f,run_1791092582_c6d8b67f,2026-10-04T13:45:00+08:00,509,2026-10-04T13:45:17.972294+08:00,2026-10-04T13:58:06.862745+08:00,0.8543227235476176,34.84503793716431,43.02554027504912,True,1,True,True,True,False,False
ALL_WEEKEND,btc-updown-15m-1791093600,run_1791092582_c6d8b67f,run_1791092582_c6d8b67f,2026-10-04T14:00:00+08:00,518,2026-10-04T14:00:19.793305+08:00,2026-10-04T14:14:59.325060+08:00,0.977257505522834,30.161981105804443,60.23166023166023,True,1,True,True,True,True,True
ALL_WEEKEND,btc-updown-15m-1791094500,run_1791095281_4743bbb1,run_1791092582_c6d8b67f|run_1791095281_4743bbb1,2026-10-04T14:15:00+08:00,462,2026-10-04T14:15:19.138006+08:00,2026-10-04T14:29:58.874723+08:00,0.977485241095225,175.3688519001007,66.23376623376623,True,2,False,False,False,True,True
ALL_WEEKEND,btc-updown-15m-1791095400,run_1791095281_4743bbb1,run_1791095281_4743bbb1,2026-10-04T14:30:00+08:00,588,2026-10-04T14:30:19.012114+08:00,2026-10-04T14:44:58.480038+08:00,0.97718658235338,7.174631118774414,46.7687074829932,True,1,True,True,True,True,True
ALL_WEEKEND,btc-updown-15m-1791096300,run_1791095281_4743bbb1,run_1791095281_4743bbb1,2026-10-04T14:45:00+08:00,580,2026-10-04T14:45:18.567681+08:00,2026-10-04T14:59:59.978126+08:00,0.9793449388609992,6.0278871059417725,30.0,True,1,True,True,True,True,True
ALL_WEEKEND,btc-updown-15m-1791097200,run_1791095281_4743bbb1,run_1791095281_4743bbb1,2026-10-04T15:00:00+08:00,652,2026-10-04T15:00:18.674812+08:00,2026-10-04T15:14:59.578334+08:00,0.9787816911273532,5.993992805480957,21.932515337423315,True,1,True,True,True,True,True
ALL_WEEKEND,btc-updown-15m-1791098100,run_1791098911_ca8eae61,run_1791095281_4743bbb1|run_1791098911_ca8eae61,2026-10-04T15:15:00+08:00,555,2026-10-04T15:15:19.548456+08:00,2026-10-04T15:29:59.646989+08:00,0.9778872590594822,95.74370574951172,28.28828828828829,True,2,False,False,False,False,True
ALL_WEEKEND,btc-updown-15m-1791099000,run_1791098911_ca8eae61,run_1791098911_ca8eae61,2026-10-04T15:30:00+08:00,618,2026-10-04T15:30:18.834895+08:00,2026-10-04T15:44:59.990802+08:00,0.9790621185302735,24.428604125976562,24.919093851132686,True,1,True,True,True,True,True
ALL_WEEKEND,btc-updown-15m-1791099900,run_1791098911_ca8eae61,run_1791098911_ca8eae61,2026-10-04T15:45:00+08:00,489,2026-10-04T15:45:20.930554+08:00,2026-10-04T15:59:58.711652+08:00,0.9753123309877184,52.5926251411438,27.811860940695297,True,1,True,True,True,True,True
ALL_WEEKEND,btc-updown-15m-1791100800,run_1791101455_05564309,run_1791098911_ca8eae61|run_1791101455_05564309,2026-10-04T16:00:00+08:00,308,2026-10-04T16:00:33.266373+08:00,2026-10-04T16:14:59.982500+08:00,0.9630179187986586,247.14459109306335,37.01298701298701,True,2,False,True,True,True,True
ALL_WEEKEND,btc-updown-15m-1791101700,run_1791101455_05564309,run_1791101455_05564309,2026-10-04T16:15:00+08:00,610,2026-10-04T16:15:18.379493+08:00,2026-10-04T16:29:59.688902+08:00,0.9792326762941148,67.32086730003357,46.721311475409834,True,1,True,True,True,True,True
ALL_WEEKEND,btc-updown-15m-1791102600,run_1791101455_05564309,run_1791101455_05564309,2026-10-04T16:30:00+08:00,504,2026-10-04T16:30:59.381513+08:00,2026-10-04T16:44:58.442013+08:00,0.9322894446055094,5.6920270919799805,48.214285714285715,True,1,True,True,True,True,True
ALL_WEEKEND,btc-updown-15m-1791103500,run_1791101455_05564309,run_1791101455_05564309,2026-10-04T16:45:00+08:00,662,2026-10-04T16:45:18.788798+08:00,2026-10-04T16:59:59.656357+08:00,0.9787417324384053,5.184672117233276,39.274924471299094,True,1,True,True,True,True,True
ALL_WEEKEND,btc-updown-15m-1791104400,run_1791105086_1e64e0f8,run_1791101455_05564309|run_1791105086_1e64e0f8,2026-10-04T17:00:00+08:00,577,2026-10-04T17:00:19.461626+08:00,2026-10-04T17:14:59.019695+08:00,0.9772867433230082,100.07841467857361,36.915077989601386,True,2,False,False,True,True,True
ALL_WEEKEND,btc-updown-15m-1791105300,run_1791105086_1e64e0f8,run_1791105086_1e64e0f8,2026-10-04T17:15:00+08:00,543,2026-10-04T17:15:18.026967+08:00,2026-10-04T17:29:58.538146+08:00,0.9783457544114854,5.917267799377441,49.171270718232044,True,1,True,True,True,True,True
ALL_WEEKEND,btc-updown-15m-1791107100,run_1791107133_3f0342b8,run_1791107133_3f0342b8,2026-10-04T17:45:00+08:00,451,2026-10-04T17:46:46.481553+08:00,2026-10-04T17:59:59.028225+08:00,0.8806074134508769,54.40806984901428,48.55875831485588,True,1,True,True,True,True,True
ALL_WEEKEND,btc-updown-15m-1791108000,run_1791107133_3f0342b8,run_1791107133_3f0342b8,2026-10-04T18:00:00+08:00,551,2026-10-04T18:00:18.974166+08:00,2026-10-04T18:13:05.770778+08:00,0.8519962358474732,3.733105182647705,37.386569872958255,True,1,True,True,True,False,False
ALL_WEEKEND,btc-updown-15m-1791108900,run_1791107133_3f0342b8,run_1791107133_3f0342b8,2026-10-04T18:15:00+08:00,421,2026-10-04T18:15:40.975432+08:00,2026-10-04T18:29:58.960569+08:00,0.9533168191379972,25.329051971435547,30.16627078384798,True,1,True,True,True,True,True
ALL_WEEKEND,btc-updown-15m-1791109800,run_1791107133_3f0342b8,run_1791107133_3f0342b8,2026-10-04T18:30:00+08:00,588,2026-10-04T18:30:19.369884+08:00,2026-10-04T18:44:59.003023+08:00,0.9773701545927259,7.070110082626343,20.578231292517007,True,1,True,True,True,True,True
ALL_WEEKEND,btc-updown-15m-1791110700,run_1791110764_61feccf3,run_1791107133_3f0342b8|run_1791110764_61feccf3,2026-10-04T18:45:00+08:00,530,2026-10-04T18:45:19.024339+08:00,2026-10-04T18:59:58.540596+08:00,0.9772402856085035,102.41702604293823,32.64150943396226,True,2,True,True,True,True,True
ALL_WEEKEND,btc-updown-15m-1791112500,run_1791112480_51b3a76a,run_1791112480_51b3a76a,2026-10-04T19:15:00+08:00,574,2026-10-04T19:15:49.016247+08:00,2026-10-04T19:29:58.891891+08:00,0.9443062710762024,6.267108201980591,52.26480836236934,True,1,True,True,True,True,True
ALL_WEEKEND,btc-updown-15m-1791113400,run_1791112480_51b3a76a,run_1791112480_51b3a76a,2026-10-04T19:30:00+08:00,596,2026-10-04T19:30:20.228011+08:00,2026-10-04T19:44:58.376325+08:00,0.9757203491528829,6.1396119594573975,57.5503355704698,True,1,True,True,True,True,True
ALL_WEEKEND,btc-updown-15m-1791114300,run_1791112480_51b3a76a,run_1791112480_51b3a76a,2026-10-04T19:45:00+08:00,630,2026-10-04T19:45:18.991635+08:00,2026-10-04T19:59:59.532915+08:00,0.9783792000346714,5.7052390575408936,67.93650793650794,True,1,True,True,True,True,True
ALL_WEEKEND,btc-updown-15m-1791116100,run_1791116112_9db06308,run_1791116112_9db06308,2026-10-04T20:15:00+08:00,408,2026-10-04T20:16:30.203663+08:00,2026-10-04T20:29:58.970298+08:00,0.8986295943790011,72.35173797607422,31.61764705882353,True,1,False,True,True,True,True
ALL_WEEKEND,btc-updown-15m-1791117000,run_1791116112_9db06308,run_1791116112_9db06308,2026-10-04T20:30:00+08:00,614,2026-10-04T20:30:19.333748+08:00,2026-10-04T20:44:58.388713+08:00,0.9767277389102512,15.199032068252563,31.596091205211728,True,1,False,True,True,True,True
ALL_WEEKEND,btc-updown-15m-1791117900,run_1791116112_9db06308,run_1791116112_9db06308,2026-10-04T20:45:00+08:00,561,2026-10-04T20:45:19.211451+08:00,2026-10-04T20:59:59.045716+08:00,0.9775936280356513,5.979498863220215,40.64171122994652,True,1,True,True,True,True,True
ALL_WEEKEND,btc-updown-15m-1791119700,run_1791119628_cdb7d7c2,run_1791119628_cdb7d7c2,2026-10-04T21:15:00+08:00,611,2026-10-04T21:15:00.313450+08:00,2026-10-04T21:29:59.976295+08:00,0.9996253832181294,9.94625210762024,11.783960720130933,True,1,True,True,True,True,True
ALL_WEEKEND,btc-updown-15m-1791120600,run_1791119628_cdb7d7c2,run_1791119628_cdb7d7c2,2026-10-04T21:30:00+08:00,559,2026-10-04T21:30:18.722426+08:00,2026-10-04T21:44:59.088038+08:00,0.9781840131017897,56.44297480583191,28.980322003577818,True,1,True,True,True,False,True
ALL_WEEKEND,btc-updown-15m-1791121500,run_1791119628_cdb7d7c2,run_1791119628_cdb7d7c2,2026-10-04T21:45:00+08:00,633,2026-10-04T21:45:19.215150+08:00,2026-10-04T21:59:59.553083+08:00,0.9781532586945427,6.244456052780151,32.859399684044234,True,1,True,True,True,True,True
ALL_WEEKEND,btc-updown-15m-1791123300,run_1791123262_fe49178c,run_1791123262_fe49178c,2026-10-04T22:15:00+08:00,623,2026-10-04T22:15:34.033267+08:00,2026-10-04T22:29:58.172338+08:00,0.9601545233196682,6.504260778427124,24.398073836276083,True,1,True,True,True,True,True
ALL_WEEKEND,btc-updown-15m-1791124200,run_1791123262_fe49178c,run_1791123262_fe49178c,2026-10-04T22:30:00+08:00,537,2026-10-04T22:30:18.813235+08:00,2026-10-04T22:44:58.250358+08:00,0.9771523589558072,37.27134394645691,29.050279329608937,True,1,True,True,True,True,True
ALL_WEEKEND,btc-updown-15m-1791125100,run_1791123262_fe49178c,run_1791123262_fe49178c,2026-10-04T22:45:00+08:00,501,2026-10-04T22:45:19.245509+08:00,2026-10-04T22:59:59.948199+08:00,0.9785585440529717,19.786972284317017,18.962075848303392,True,1,True,True,True,True,True
ALL_WEEKEND,btc-updown-15m-1791127800,run_1791127749_bd53b9e8,run_1791127749_bd53b9e8,2026-10-04T23:30:00+08:00,545,2026-10-04T23:30:20.087704+08:00,2026-10-04T23:44:59.552359+08:00,0.9771829496489631,55.74589800834656,38.71559633027523,True,1,True,False,True,True,True
ALL_WEEKEND,btc-updown-15m-1791128700,run_1791127749_bd53b9e8,run_1791127749_bd53b9e8,2026-10-04T23:45:00+08:00,517,2026-10-04T23:45:18.815105+08:00,2026-10-04T23:59:59.164938+08:00,0.9781664811240303,26.420568227767944,40.2321083172147,True,1,True,True,True,True,True
TIME_MATCHED_WEEKEND,btc-updown-15m-1790957700,run_1790958041_06d028f8,run_1790958041_06d028f8,2026-10-03T00:15:00+08:00,263,2026-10-03T00:21:39.905326+08:00,2026-10-03T00:26:57.191183+08:00,0.3525398410691155,3.8284809589385986,92.77566539923954,True,1,True,True,False,False,False
TIME_MATCHED_WEEKEND,btc-updown-15m-1790960400,run_1790960589_1b970656,run_1790960589_1b970656,2026-10-03T01:00:00+08:00,456,2026-10-03T01:04:10.920785+08:00,2026-10-03T01:14:59.411699+08:00,0.7205454601181878,16.100543975830078,96.9298245614035,True,1,True,True,True,True,True
TIME_MATCHED_WEEKEND,btc-updown-15m-1790962200,run_1790962329_41f8ebe8,run_1790962329_41f8ebe8,2026-10-03T01:30:00+08:00,498,2026-10-03T01:33:06.206929+08:00,2026-10-03T01:44:59.283198+08:00,0.7923069654570686,26.525074005126953,92.9718875502008,True,1,True,True,True,True,True
TIME_MATCHED_WEEKEND,btc-updown-15m-1790964000,run_1790964229_ae4dba0a,run_1790964229_ae4dba0a,2026-10-03T02:00:00+08:00,493,2026-10-03T02:04:47.233479+08:00,2026-10-03T02:14:58.284792+08:00,0.6789459032482571,5.03024697303772,95.33468559837728,True,1,True,True,True,True,True
TIME_MATCHED_WEEKEND,btc-updown-15m-1790964900,run_1790964229_ae4dba0a,run_1790964229_ae4dba0a,2026-10-03T02:15:00+08:00,466,2026-10-03T02:15:18.693356+08:00,2026-10-03T02:29:58.919929+08:00,0.9780295255449083,12.321511030197144,98.068669527897,True,1,True,True,True,True,True
TIME_MATCHED_WEEKEND,btc-updown-15m-1790965800,run_1790964229_ae4dba0a,run_1790964229_ae4dba0a,2026-10-03T02:30:00+08:00,595,2026-10-03T02:30:18.834009+08:00,2026-10-03T02:44:58.801973+08:00,0.9777421821488275,6.159390926361084,97.6470588235294,True,1,True,True,True,True,True
TIME_MATCHED_WEEKEND,btc-updown-15m-1790985600,run_1790985778_95f5cc02,run_1790985778_95f5cc02,2026-10-03T08:00:00+08:00,463,2026-10-03T08:04:03.511346+08:00,2026-10-03T08:14:59.869419+08:00,0.7292867480383979,43.914973735809326,27.429805615550755,True,1,True,True,True,False,True
TIME_MATCHED_WEEKEND,btc-updown-15m-1790986500,run_1790985778_95f5cc02,run_1790985778_95f5cc02,2026-10-03T08:15:00+08:00,557,2026-10-03T08:15:19.140297+08:00,2026-10-03T08:29:58.263082+08:00,0.9768030945460001,70.68116998672485,37.342908438061045,True,1,True,True,False,True,True
TIME_MATCHED_WEEKEND,btc-updown-15m-1790987400,run_1790985778_95f5cc02,run_1790985778_95f5cc02,2026-10-03T08:30:00+08:00,610,2026-10-03T08:30:18.812653+08:00,2026-10-03T08:44:59.746339+08:00,0.9788152066866557,5.8603150844573975,28.688524590163933,True,1,True,True,True,True,True
TIME_MATCHED_WEEKEND,btc-updown-15m-1790988300,run_1790985778_95f5cc02,run_1790985778_95f5cc02,2026-10-03T08:45:00+08:00,657,2026-10-03T08:45:18.787093+08:00,2026-10-03T08:59:58.879844+08:00,0.9778808347384135,4.97816801071167,24.048706240487064,True,1,True,True,True,True,True
TIME_MATCHED_WEEKEND,btc-updown-15m-1790990100,run_1790990130_9fddffb2,run_1790990130_9fddffb2,2026-10-03T09:15:00+08:00,552,2026-10-03T09:16:43.691993+08:00,2026-10-03T09:29:59.432449+08:00,0.8841560623380873,5.143621921539307,19.92753623188406,True,1,True,True,True,True,True
TIME_MATCHED_WEEKEND,btc-updown-15m-1790991000,run_1790990130_9fddffb2,run_1790990130_9fddffb2,2026-10-03T09:30:00+08:00,562,2026-10-03T09:30:19.338596+08:00,2026-10-03T09:44:59.228661+08:00,0.9776556277275086,58.53345799446106,20.99644128113879,True,1,True,True,True,True,False
TIME_MATCHED_WEEKEND,btc-updown-15m-1790992800,run_1790992785_950a31bb,run_1790992785_950a31bb,2026-10-03T10:00:00+08:00,581,2026-10-03T10:00:47.741073+08:00,2026-10-03T10:14:58.790784+08:00,0.945610789987776,15.857560157775879,9.122203098106713,True,1,True,True,True,True,True
TIME_MATCHED_WEEKEND,btc-updown-15m-1790993700,run_1790992785_950a31bb,run_1790992785_950a31bb,2026-10-03T10:15:00+08:00,631,2026-10-03T10:15:19.579707+08:00,2026-10-03T10:29:57.884265+08:00,0.9758939533763462,5.970096826553345,1.5847860538827259,True,1,True,True,True,True,True
TIME_MATCHED_WEEKEND,btc-updown-15m-1790994600,run_1790992785_950a31bb,run_1790992785_950a31bb,2026-10-03T10:30:00+08:00,578,2026-10-03T10:30:18.655995+08:00,2026-10-03T10:44:58.887464+08:00,0.9780349657270644,129.31424689292908,2.422145328719723,True,1,True,True,False,False,True
TIME_MATCHED_WEEKEND,btc-updown-15m-1790996400,run_1790996415_f9ff5e78,run_1790996415_f9ff5e78,2026-10-03T11:00:00+08:00,540,2026-10-03T11:01:20.313280+08:00,2026-10-03T11:14:59.824045+08:00,0.91056751648585,36.55181288719177,9.444444444444445,True,1,True,True,True,True,True
TIME_MATCHED_WEEKEND,btc-updown-15m-1790997300,run_1790996415_f9ff5e78,run_1790996415_f9ff5e78,2026-10-03T11:15:00+08:00,544,2026-10-03T11:15:18.917846+08:00,2026-10-03T11:29:59.207268+08:00,0.978099357816908,6.163433790206909,11.580882352941176,True,1,True,True,True,True,True
TIME_MATCHED_WEEKEND,btc-updown-15m-1790998200,run_1790996415_f9ff5e78,run_1790996415_f9ff5e78,2026-10-03T11:30:00+08:00,582,2026-10-03T11:30:19.256826+08:00,2026-10-03T11:44:59.538203+08:00,0.9780904184447394,5.731300115585327,2.2336769759450172,True,1,True,True,True,True,True
TIME_MATCHED_WEEKEND,btc-updown-15m-1790999100,run_1790996415_f9ff5e78,run_1790996415_f9ff5e78,2026-10-03T11:45:00+08:00,617,2026-10-03T11:45:19.487832+08:00,2026-10-03T11:59:59.421696+08:00,0.9777042931980557,5.723876714706421,4.862236628849271,True,1,True,True,True,True,True
TIME_MATCHED_WEEKEND,btc-updown-15m-1791000000,run_1791000045_df1adc92,run_1791000045_df1adc92,2026-10-03T12:00:00+08:00,613,2026-10-03T12:01:50.830483+08:00,2026-10-03T12:14:59.208023+08:00,0.8759750445683797,5.2333598136901855,5.5464926590538335,True,1,True,True,True,True,True
TIME_MATCHED_WEEKEND,btc-updown-15m-1791000900,run_1791000045_df1adc92,run_1791000045_df1adc92,2026-10-03T12:15:00+08:00,514,2026-10-03T12:15:20.275303+08:00,2026-10-03T12:29:59.910759+08:00,0.9773727289835612,5.821043968200684,6.614785992217898,True,1,True,True,True,True,True
TIME_MATCHED_WEEKEND,btc-updown-15m-1791001800,run_1791000045_df1adc92,run_1791000045_df1adc92,2026-10-03T12:30:00+08:00,669,2026-10-03T12:30:18.614916+08:00,2026-10-03T12:44:59.946785+08:00,0.9792576320966084,10.081604957580566,24.364723467862483,True,1,True,True,True,True,True
TIME_MATCHED_WEEKEND,btc-updown-15m-1791002700,run_1791000045_df1adc92,run_1791000045_df1adc92,2026-10-03T12:45:00+08:00,599,2026-10-03T12:45:19.096442+08:00,2026-10-03T12:59:59.914337+08:00,0.9786865496635437,5.815591096878052,23.706176961602672,True,1,True,True,True,True,True
TIME_MATCHED_WEEKEND,btc-updown-15m-1791003600,run_1791003676_3d58af66,run_1791000045_df1adc92|run_1791003676_3d58af66,2026-10-03T13:00:00+08:00,599,2026-10-03T13:00:19.102628+08:00,2026-10-03T13:14:58.935632+08:00,0.9775922266642253,95.65059685707092,37.06176961602671,True,2,True,True,True,True,True
TIME_MATCHED_WEEKEND,btc-updown-15m-1791004500,run_1791003676_3d58af66,run_1791003676_3d58af66,2026-10-03T13:15:00+08:00,531,2026-10-03T13:15:21.371099+08:00,2026-10-03T13:29:58.546378+08:00,0.9746391987800598,15.548240900039673,49.717514124293785,True,1,True,True,True,True,True
TIME_MATCHED_WEEKEND,btc-updown-15m-1791005400,run_1791003676_3d58af66,run_1791003676_3d58af66,2026-10-03T13:30:00+08:00,671,2026-10-03T13:30:18.730814+08:00,2026-10-03T13:44:59.400502+08:00,0.9785218755404155,5.231160879135132,69.74664679582712,True,1,True,True,True,True,True
TIME_MATCHED_WEEKEND,btc-updown-15m-1791006300,run_1791003676_3d58af66,run_1791003676_3d58af66,2026-10-03T13:45:00+08:00,585,2026-10-03T13:45:18.760336+08:00,2026-10-03T13:59:58.801705+08:00,0.9778237432903714,44.93840789794922,77.94871794871794,True,1,True,True,True,True,True
TIME_MATCHED_WEEKEND,btc-updown-15m-1791008100,run_1791008112_a50d08a3,run_1791008112_a50d08a3,2026-10-03T14:15:00+08:00,456,2026-10-03T14:16:17.380254+08:00,2026-10-03T14:29:59.700501+08:00,0.9136891632609897,45.16369414329529,88.15789473684211,True,1,True,True,True,True,True
TIME_MATCHED_WEEKEND,btc-updown-15m-1791009900,run_1791009819_4f16006f,run_1791009819_4f16006f,2026-10-03T14:45:00+08:00,563,2026-10-03T14:45:00.431011+08:00,2026-10-03T14:59:58.331728+08:00,0.9976674633555942,6.0102379322052,85.2575488454707,True,1,True,True,True,True,True
TIME_MATCHED_WEEKEND,btc-updown-15m-1791010800,run_1791009819_4f16006f,run_1791009819_4f16006f,2026-10-03T15:00:00+08:00,643,2026-10-03T15:00:18.548374+08:00,2026-10-03T15:14:59.510889+08:00,0.9788472390174866,5.095812797546387,72.93934681181959,True,1,True,True,True,True,True
TIME_MATCHED_WEEKEND,btc-updown-15m-1791011700,run_1791009819_4f16006f,run_1791009819_4f16006f,2026-10-03T15:15:00+08:00,582,2026-10-03T15:15:19.103339+08:00,2026-10-03T15:29:59.865399+08:00,0.9786245112948947,99.70216608047485,93.12714776632302,True,1,True,True,True,False,True
TIME_MATCHED_WEEKEND,btc-updown-15m-1791013500,run_1791013463_c1370a2f,run_1791013463_c1370a2f,2026-10-03T15:45:00+08:00,382,2026-10-03T15:45:26.987893+08:00,2026-10-03T15:54:40.751705+08:00,0.6152931245168051,7.588404893875122,96.07329842931937,True,1,False,False,False,False,False
TIME_MATCHED_WEEKEND,btc-updown-15m-1791014400,run_1791014641_12c10290,run_1791014641_12c10290,2026-10-03T16:00:00+08:00,334,2026-10-03T16:05:08.113359+08:00,2026-10-03T16:14:58.608105+08:00,0.6561052730348376,5.9653098583221436,94.31137724550898,True,1,True,True,True,True,True
TIME_MATCHED_WEEKEND,btc-updown-15m-1791015300,run_1791014641_12c10290,run_1791014641_12c10290,2026-10-03T16:15:00+08:00,565,2026-10-03T16:15:18.732332+08:00,2026-10-03T16:29:58.393827+08:00,0.9774016610781352,5.8984620571136475,82.65486725663717,True,1,True,True,True,True,True
TIME_MATCHED_WEEKEND,btc-updown-15m-1791016200,run_1791014641_12c10290,run_1791014641_12c10290,2026-10-03T16:30:00+08:00,631,2026-10-03T16:30:19.080840+08:00,2026-10-03T16:44:59.741984+08:00,0.9785123822424147,23.677319288253784,93.026941362916,True,1,True,True,True,True,True
TIME_MATCHED_WEEKEND,btc-updown-15m-1791017100,run_1791014641_12c10290,run_1791014641_12c10290,2026-10-03T16:45:00+08:00,624,2026-10-03T16:45:19.418138+08:00,2026-10-03T16:59:59.235481+08:00,0.9775748255517748,21.42461323738098,82.8525641025641,True,1,True,True,True,True,True
TIME_MATCHED_WEEKEND,btc-updown-15m-1791018000,run_1791018273_c80d24ec,run_1791014641_12c10290|run_1791018273_c80d24ec,2026-10-03T17:00:00+08:00,510,2026-10-03T17:00:18.933350+08:00,2026-10-03T17:14:58.649225+08:00,0.9774620834986368,95.72027516365051,79.2156862745098,True,2,True,True,True,True,True
TIME_MATCHED_WEEKEND,btc-updown-15m-1791018900,run_1791018273_c80d24ec,run_1791018273_c80d24ec,2026-10-03T17:15:00+08:00,560,2026-10-03T17:15:18.957815+08:00,2026-10-03T17:29:58.947380+08:00,0.9777661834822761,6.1382341384887695,39.642857142857146,True,1,True,True,True,True,True
TIME_MATCHED_WEEKEND,btc-updown-15m-1791019800,run_1791018273_c80d24ec,run_1791018273_c80d24ec,2026-10-03T17:30:00+08:00,643,2026-10-03T17:30:18.611991+08:00,2026-10-03T17:44:59.104975+08:00,0.9783255378405253,5.779678106307983,55.98755832037325,True,1,True,True,True,True,True
TIME_MATCHED_WEEKEND,btc-updown-15m-1791021600,run_1791021599_d199e9dd,run_1791021599_d199e9dd,2026-10-03T18:00:00+08:00,551,2026-10-03T18:01:05.611796+08:00,2026-10-03T18:14:59.195868+08:00,0.9262045245700412,24.15270209312439,78.76588021778585,True,1,True,True,True,True,True
TIME_MATCHED_WEEKEND,btc-updown-15m-1791023400,run_1791023404_d05b32b1,run_1791023404_d05b32b1,2026-10-03T18:30:00+08:00,541,2026-10-03T18:31:11.664113+08:00,2026-10-03T18:44:59.051071+08:00,0.9193188423580594,30.011754035949707,60.813308687615525,True,1,True,True,True,True,True
TIME_MATCHED_WEEKEND,btc-updown-15m-1791024300,run_1791023404_d05b32b1,run_1791023404_d05b32b1,2026-10-03T18:45:00+08:00,541,2026-10-03T18:45:19.560118+08:00,2026-10-03T18:59:58.531893+08:00,0.9766353056165907,8.772279024124146,53.049907578558226,True,1,True,True,True,True,True
TIME_MATCHED_WEEKEND,btc-updown-15m-1791043200,run_1791041249_fc1dd8e0,run_1791041249_fc1dd8e0,2026-10-04T00:00:00+08:00,643,2026-10-04T00:00:18.841955+08:00,2026-10-04T00:14:59.278886+08:00,0.9782632562849257,5.579007863998413,96.73405909797823,True,1,True,True,True,True,True
TIME_MATCHED_WEEKEND,btc-updown-15m-1791044100,run_1791044880_acbd0786,run_1791041249_fc1dd8e0|run_1791044880_acbd0786,2026-10-04T00:15:00+08:00,555,2026-10-04T00:15:19.751370+08:00,2026-10-04T00:29:58.643957+08:00,0.9765473188294305,99.29167318344116,96.3963963963964,True,2,False,False,False,True,True
TIME_MATCHED_WEEKEND,btc-updown-15m-1791045000,run_1791044880_acbd0786,run_1791044880_acbd0786,2026-10-04T00:30:00+08:00,646,2026-10-04T00:30:18.129472+08:00,2026-10-04T00:44:59.309345+08:00,0.9790887477662829,5.0081398487091064,99.38080495356037,True,1,True,True,True,True,True
TIME_MATCHED_WEEKEND,btc-updown-15m-1791045900,run_1791044880_acbd0786,run_1791044880_acbd0786,2026-10-04T00:45:00+08:00,631,2026-10-04T00:45:19.083324+08:00,2026-10-04T00:59:58.697960+08:00,0.9773495954937405,5.611041069030762,99.68304278922345,True,1,True,True,True,True,True
TIME_MATCHED_WEEKEND,btc-updown-15m-1791046800,run_1791044880_acbd0786,run_1791044880_acbd0786,2026-10-04T01:00:00+08:00,628,2026-10-04T01:00:19.187183+08:00,2026-10-04T01:14:59.233517+08:00,0.9778292600313823,20.232971906661987,99.04458598726114,True,1,True,True,True,True,True
TIME_MATCHED_WEEKEND,btc-updown-15m-1791047700,run_1791048511_365b424d,run_1791044880_acbd0786|run_1791048511_365b424d,2026-10-04T01:15:00+08:00,559,2026-10-04T01:15:18.990119+08:00,2026-10-04T01:29:59.244605+08:00,0.9780605398284065,94.97272181510925,94.63327370304114,True,2,False,False,False,False,True
TIME_MATCHED_WEEKEND,btc-updown-15m-1791048600,run_1791048511_365b424d,run_1791048511_365b424d,2026-10-04T01:30:00+08:00,629,2026-10-04T01:30:18.538138+08:00,2026-10-04T01:44:59.402909+08:00,0.9787386343214247,5.192097187042236,85.05564387917329,True,1,True,True,True,True,True
TIME_MATCHED_WEEKEND,btc-updown-15m-1791049500,run_1791048511_365b424d,run_1791048511_365b424d,2026-10-04T01:45:00+08:00,464,2026-10-04T01:45:19.252503+08:00,2026-10-04T01:59:58.629264+08:00,0.9770852896902297,40.09435510635376,83.1896551724138,True,1,True,True,True,True,True
TIME_MATCHED_WEEKEND,btc-updown-15m-1791050400,run_1791048511_365b424d,run_1791048511_365b424d,2026-10-04T02:00:00+08:00,456,2026-10-04T02:00:20.816589+08:00,2026-10-04T02:14:59.788777+08:00,0.9766357641749912,45.70655012130737,89.03508771929825,True,1,True,True,True,True,True
TIME_MATCHED_WEEKEND,btc-updown-15m-1791052200,run_1791052141_fe30de47,run_1791052141_fe30de47,2026-10-04T02:30:00+08:00,614,2026-10-04T02:30:06.436139+08:00,2026-10-04T02:44:58.732443+08:00,0.9914403374989827,5.835970878601074,92.50814332247558,True,1,True,True,True,True,True
TIME_MATCHED_WEEKEND,btc-updown-15m-1791053100,run_1791053867_a36e4c67,run_1791052141_fe30de47|run_1791053867_a36e4c67,2026-10-04T02:45:00+08:00,510,2026-10-04T02:45:18.693160+08:00,2026-10-04T02:59:59.689136+08:00,0.9788844180107117,171.4839391708374,88.82352941176471,True,2,False,False,False,True,True
TIME_MATCHED_WEEKEND,btc-updown-15m-1791054000,run_1791053867_a36e4c67,run_1791053867_a36e4c67,2026-10-04T03:00:00+08:00,504,2026-10-04T03:00:18.287431+08:00,2026-10-04T03:14:59.136588+08:00,0.9787212856610616,6.055670738220215,82.93650793650794,True,1,True,True,True,True,True
TIME_MATCHED_WEEKEND,btc-updown-15m-1791054900,run_1791053867_a36e4c67,run_1791053867_a36e4c67,2026-10-04T03:15:00+08:00,657,2026-10-04T03:15:18.755306+08:00,2026-10-04T03:29:58.972336+08:00,0.9780189222759671,5.039557218551636,65.90563165905631,True,1,True,True,True,True,True
TIME_MATCHED_WEEKEND,btc-updown-15m-1791055800,run_1791053867_a36e4c67,run_1791053867_a36e4c67,2026-10-04T03:30:00+08:00,608,2026-10-04T03:30:19.125785+08:00,2026-10-04T03:44:58.809750+08:00,0.9774266277419196,6.185730218887329,53.7828947368421,True,1,True,True,True,True,True
TIME_MATCHED_WEEKEND,btc-updown-15m-1791056700,run_1791057497_bb44b528,run_1791053867_a36e4c67|run_1791057497_bb44b528,2026-10-04T03:45:00+08:00,568,2026-10-04T03:45:18.761039+08:00,2026-10-04T03:59:58.733555+08:00,0.9777472398016188,93.92106914520264,39.7887323943662,True,2,False,False,False,False,True
TIME_MATCHED_WEEKEND,btc-updown-15m-1791057600,run_1791057497_bb44b528,run_1791057497_bb44b528,2026-10-04T04:00:00+08:00,629,2026-10-04T04:00:17.994016+08:00,2026-10-04T04:14:58.932277+08:00,0.9788202900356716,6.1916539669036865,33.38632750397456,True,1,True,True,True,True,True
TIME_MATCHED_WEEKEND,btc-updown-15m-1791058500,run_1791057497_bb44b528,run_1791057497_bb44b528,2026-10-04T04:15:00+08:00,608,2026-10-04T04:15:19.135442+08:00,2026-10-04T04:29:58.922979+08:00,0.9775417078865899,41.6433801651001,43.421052631578945,True,1,True,True,True,False,True
TIME_MATCHED_WEEKEND,btc-updown-15m-1791059400,run_1791057497_bb44b528,run_1791057497_bb44b528,2026-10-04T04:30:00+08:00,619,2026-10-04T04:30:19.190721+08:00,2026-10-04T04:44:58.401608+08:00,0.9769009855058458,5.6992878913879395,41.033925686591274,True,1,True,True,True,True,True
TIME_MATCHED_WEEKEND,btc-updown-15m-1791061200,run_1791061128_6012b10b,run_1791061128_6012b10b,2026-10-04T05:00:00+08:00,605,2026-10-04T05:00:00.149714+08:00,2026-10-04T05:14:58.968561+08:00,0.9986876077122159,5.756187200546265,62.8099173553719,True,1,True,True,True,True,True
TIME_MATCHED_WEEKEND,btc-updown-15m-1791062100,run_1791061128_6012b10b,run_1791061128_6012b10b,2026-10-04T05:15:00+08:00,671,2026-10-04T05:15:18.693155+08:00,2026-10-04T05:29:59.190344+08:00,0.9783302097850376,3.8273589611053467,73.02533532041728,True,1,True,True,True,True,True
TIME_MATCHED_WEEKEND,btc-updown-15m-1791063000,run_1791061128_6012b10b,run_1791061128_6012b10b,2026-10-04T05:30:00+08:00,556,2026-10-04T05:30:18.770475+08:00,2026-10-04T05:44:59.036043+08:00,0.9780728533532884,87.59690999984741,86.69064748201438,True,1,True,True,True,False,False
TIME_MATCHED_WEEKEND,btc-updown-15m-1791064800,run_1791064759_671ece47,run_1791064759_671ece47,2026-10-04T06:00:00+08:00,545,2026-10-04T06:00:24.644592+08:00,2026-10-04T06:14:59.399217+08:00,0.9719495831595527,11.592334985733032,58.34862385321101,True,1,True,True,True,True,True
TIME_MATCHED_WEEKEND,btc-updown-15m-1791065700,run_1791064759_671ece47,run_1791064759_671ece47,2026-10-04T06:15:00+08:00,651,2026-10-04T06:15:19.872149+08:00,2026-10-04T06:29:58.942664+08:00,0.9767450165748596,13.673589944839478,45.775729646697386,True,1,True,True,True,True,True
TIME_MATCHED_WEEKEND,btc-updown-15m-1791066600,run_1791067336_5b19463d,run_1791064759_671ece47|run_1791066780_900ee62c|run_1791067090_248ee83c|run_1791067336_5b19463d,2026-10-04T06:30:00+08:00,90,2026-10-04T06:30:21.212028+08:00,2026-10-04T06:44:59.647544+08:00,0.9760394626193576,264.97974967956543,57.77777777777778,True,4,False,False,False,True,True
TIME_MATCHED_WEEKEND,btc-updown-15m-1791067500,run_1791067336_5b19463d,run_1791067336_5b19463d,2026-10-04T06:45:00+08:00,461,2026-10-04T06:45:19.009032+08:00,2026-10-04T06:59:59.608049+08:00,0.9784433521164788,265.53540110588074,75.27114967462039,True,1,True,False,False,False,True
TIME_MATCHED_WEEKEND,btc-updown-15m-1791069300,run_1791070109_cc475056,run_1791069297_2bc86051|run_1791070109_cc475056,2026-10-04T07:15:00+08:00,475,2026-10-04T07:16:02.557490+08:00,2026-10-04T07:29:59.200315+08:00,0.9296031390296088,201.85192108154297,82.3157894736842,True,2,False,False,False,False,True
TIME_MATCHED_WEEKEND,btc-updown-15m-1791070200,run_1791070109_cc475056,run_1791070109_cc475056,2026-10-04T07:30:00+08:00,556,2026-10-04T07:30:20.212332+08:00,2026-10-04T07:44:59.716011+08:00,0.9772263100412157,5.958785057067871,67.98561151079137,True,1,True,True,True,True,True
TIME_MATCHED_WEEKEND,btc-updown-15m-1791071100,run_1791071895_523f85aa,run_1791070109_cc475056|run_1791071895_523f85aa,2026-10-04T07:45:00+08:00,524,2026-10-04T07:45:19.067055+08:00,2026-10-04T07:59:59.678580+08:00,0.9784572500652737,204.96226978302002,60.11450381679389,True,2,False,False,False,False,True
TIME_MATCHED_WEEKEND,btc-updown-15m-1791072000,run_1791072787_b44264cd,run_1791071895_523f85aa|run_1791072787_b44264cd,2026-10-04T08:00:00+08:00,129,2026-10-04T08:00:18.382106+08:00,2026-10-04T08:14:59.601937+08:00,0.9791331452793545,355.78982305526733,66.66666666666667,True,2,False,False,False,False,True
TIME_MATCHED_WEEKEND,btc-updown-15m-1791072900,run_1791072787_b44264cd,run_1791072787_b44264cd,2026-10-04T08:15:00+08:00,539,2026-10-04T08:15:18.255345+08:00,2026-10-04T08:29:59.644917+08:00,0.9793217468261719,115.71683096885681,67.71799628942486,True,1,True,False,True,True,True
TIME_MATCHED_WEEKEND,btc-updown-15m-1791073800,run_1791072787_b44264cd,run_1791072787_b44264cd,2026-10-04T08:30:00+08:00,577,2026-10-04T08:30:19.441386+08:00,2026-10-04T08:44:59.075330+08:00,0.9773710489273071,97.06748580932617,74.00346620450607,True,1,True,True,True,False,True
TIME_MATCHED_WEEKEND,btc-updown-15m-1791074700,run_1791072787_b44264cd,run_1791072787_b44264cd,2026-10-04T08:45:00+08:00,542,2026-10-04T08:45:19.338372+08:00,2026-10-04T08:59:59.174912+08:00,0.9775961555374993,17.860989332199097,75.27675276752767,True,1,True,True,True,True,True
TIME_MATCHED_WEEKEND,btc-updown-15m-1791076500,run_1791076424_50193a93,run_1791076424_50193a93,2026-10-04T09:15:00+08:00,635,2026-10-04T09:15:01.051043+08:00,2026-10-04T09:29:58.547568+08:00,0.9972183611657884,6.412003040313721,86.77165354330708,True,1,True,True,True,True,True
TIME_MATCHED_WEEKEND,btc-updown-15m-1791077400,run_1791076424_50193a93,run_1791076424_50193a93,2026-10-04T09:30:00+08:00,641,2026-10-04T09:30:18.981015+08:00,2026-10-04T09:44:58.354241+08:00,0.9770813624064127,6.2866950035095215,68.64274570982839,True,1,True,True,True,True,True
TIME_MATCHED_WEEKEND,btc-updown-15m-1791078300,run_1791076424_50193a93,run_1791076424_50193a93,2026-10-04T09:45:00+08:00,624,2026-10-04T09:45:18.749803+08:00,2026-10-04T09:59:59.768165+08:00,0.9789092911614312,5.59337592124939,37.66025641025641,True,1,True,True,True,True,True
TIME_MATCHED_WEEKEND,btc-updown-15m-1791080100,run_1791080054_04834687,run_1791080054_04834687,2026-10-04T10:15:00+08:00,556,2026-10-04T10:15:19.150397+08:00,2026-10-04T10:27:39.941226+08:00,0.823100921312968,3.3570518493652344,24.640287769784173,True,1,True,True,False,False,False
TIME_MATCHED_WEEKEND,btc-updown-15m-1791081000,run_1791081118_a7cf46b9,run_1791081118_a7cf46b9,2026-10-04T10:30:00+08:00,487,2026-10-04T10:33:05.711167+08:00,2026-10-04T10:44:58.965217+08:00,0.7925045002831353,8.710529088973999,40.6570841889117,True,1,True,True,True,True,True
TIME_MATCHED_WEEKEND,btc-updown-15m-1791081900,run_1791081118_a7cf46b9,run_1791081118_a7cf46b9,2026-10-04T10:45:00+08:00,626,2026-10-04T10:45:18.973948+08:00,2026-10-04T10:59:59.543882+08:00,0.978411037656996,11.02037787437439,42.97124600638978,True,1,True,True,True,True,True
TIME_MATCHED_WEEKEND,btc-updown-15m-1791082800,run_1791081118_a7cf46b9,run_1791081118_a7cf46b9,2026-10-04T11:00:00+08:00,592,2026-10-04T11:00:18.970057+08:00,2026-10-04T11:14:58.882252+08:00,0.9776802166302999,87.45102906227112,36.148648648648646,True,1,True,True,True,False,True
TIME_MATCHED_WEEKEND,btc-updown-15m-1791083700,run_1791084345_41679360,run_1791081118_a7cf46b9|run_1791084018_a2993851|run_1791084345_41679360,2026-10-04T11:15:00+08:00,95,2026-10-04T11:15:18.882403+08:00,2026-10-04T11:26:52.498789+08:00,0.7706848732630411,311.0236930847168,34.73684210526316,True,3,False,True,False,False,False
TIME_MATCHED_WEEKEND,btc-updown-15m-1791084600,run_1791084345_41679360,run_1791084345_41679360,2026-10-04T11:30:00+08:00,524,2026-10-04T11:30:21.097097+08:00,2026-10-04T11:44:58.410713+08:00,0.9747929069730971,10.126078128814697,36.6412213740458,True,1,True,True,True,True,True
TIME_MATCHED_WEEKEND,btc-updown-15m-1791085500,run_1791084345_41679360,run_1791084345_41679360,2026-10-04T11:45:00+08:00,596,2026-10-04T11:45:19.005011+08:00,2026-10-04T11:59:59.047866+08:00,0.977825394736396,8.347381114959717,57.214765100671144,True,1,True,True,True,True,True
TIME_MATCHED_WEEKEND,btc-updown-15m-1791086400,run_1791084345_41679360,run_1791084345_41679360,2026-10-04T12:00:00+08:00,635,2026-10-04T12:00:19.885420+08:00,2026-10-04T12:14:59.038014+08:00,0.9768362153900995,6.176092147827148,54.960629921259844,True,1,True,True,True,True,True
TIME_MATCHED_WEEKEND,btc-updown-15m-1791087300,run_1791087977_c480f2fa,run_1791084345_41679360|run_1791087977_c480f2fa,2026-10-04T12:15:00+08:00,572,2026-10-04T12:15:18.784456+08:00,2026-10-04T12:29:58.130358+08:00,0.97705100218455,97.2519919872284,38.63636363636363,True,2,False,False,True,True,True
TIME_MATCHED_WEEKEND,btc-updown-15m-1791088200,run_1791088949_8a69164e,run_1791087977_c480f2fa|run_1791088949_8a69164e,2026-10-04T12:30:00+08:00,460,2026-10-04T12:30:17.750720+08:00,2026-10-04T12:44:59.584818+08:00,0.9798156642913818,205.14162397384644,47.608695652173914,True,2,False,False,False,True,True
TIME_MATCHED_WEEKEND,btc-updown-15m-1791089100,run_1791088949_8a69164e,run_1791088949_8a69164e,2026-10-04T12:45:00+08:00,621,2026-10-04T12:45:18.616646+08:00,2026-10-04T12:59:59.995043+08:00,0.9793093302514818,9.086453914642334,47.50402576489533,True,1,True,True,True,True,True
TIME_MATCHED_WEEKEND,btc-updown-15m-1791090000,run_1791088949_8a69164e,run_1791088949_8a69164e,2026-10-04T13:00:00+08:00,604,2026-10-04T13:00:19.457541+08:00,2026-10-04T13:14:59.533324+08:00,0.9778619808620876,5.793371915817261,33.94039735099338,True,1,True,True,True,True,True
TIME_MATCHED_WEEKEND,btc-updown-15m-1791090900,run_1791088949_8a69164e,run_1791088949_8a69164e,2026-10-04T13:15:00+08:00,578,2026-10-04T13:15:18.887573+08:00,2026-10-04T13:29:59.953943+08:00,0.9789626333448622,6.000409126281738,40.13840830449827,True,1,True,True,True,True,True
TIME_MATCHED_WEEKEND,btc-updown-15m-1791091800,run_1791092582_c6d8b67f,run_1791088949_8a69164e|run_1791092582_c6d8b67f,2026-10-04T13:30:00+08:00,561,2026-10-04T13:30:18.925316+08:00,2026-10-04T13:44:58.899889+08:00,0.9777495254410637,104.00956797599792,26.203208556149733,True,2,False,False,False,False,True
TIME_MATCHED_WEEKEND,btc-updown-15m-1791092700,run_1791092582_c6d8b67f,run_1791092582_c6d8b67f,2026-10-04T13:45:00+08:00,509,2026-10-04T13:45:17.972294+08:00,2026-10-04T13:58:06.862745+08:00,0.8543227235476176,34.84503793716431,43.02554027504912,True,1,True,True,True,False,False
TIME_MATCHED_WEEKEND,btc-updown-15m-1791093600,run_1791092582_c6d8b67f,run_1791092582_c6d8b67f,2026-10-04T14:00:00+08:00,518,2026-10-04T14:00:19.793305+08:00,2026-10-04T14:14:59.325060+08:00,0.977257505522834,30.161981105804443,60.23166023166023,True,1,True,True,True,True,True
TIME_MATCHED_WEEKEND,btc-updown-15m-1791094500,run_1791095281_4743bbb1,run_1791092582_c6d8b67f|run_1791095281_4743bbb1,2026-10-04T14:15:00+08:00,462,2026-10-04T14:15:19.138006+08:00,2026-10-04T14:29:58.874723+08:00,0.977485241095225,175.3688519001007,66.23376623376623,True,2,False,False,False,True,True
TIME_MATCHED_WEEKEND,btc-updown-15m-1791095400,run_1791095281_4743bbb1,run_1791095281_4743bbb1,2026-10-04T14:30:00+08:00,588,2026-10-04T14:30:19.012114+08:00,2026-10-04T14:44:58.480038+08:00,0.97718658235338,7.174631118774414,46.7687074829932,True,1,True,True,True,True,True
TIME_MATCHED_WEEKEND,btc-updown-15m-1791096300,run_1791095281_4743bbb1,run_1791095281_4743bbb1,2026-10-04T14:45:00+08:00,580,2026-10-04T14:45:18.567681+08:00,2026-10-04T14:59:59.978126+08:00,0.9793449388609992,6.0278871059417725,30.0,True,1,True,True,True,True,True
TIME_MATCHED_WEEKEND,btc-updown-15m-1791097200,run_1791095281_4743bbb1,run_1791095281_4743bbb1,2026-10-04T15:00:00+08:00,652,2026-10-04T15:00:18.674812+08:00,2026-10-04T15:14:59.578334+08:00,0.9787816911273532,5.993992805480957,21.932515337423315,True,1,True,True,True,True,True
TIME_MATCHED_WEEKEND,btc-updown-15m-1791098100,run_1791098911_ca8eae61,run_1791095281_4743bbb1|run_1791098911_ca8eae61,2026-10-04T15:15:00+08:00,555,2026-10-04T15:15:19.548456+08:00,2026-10-04T15:29:59.646989+08:00,0.9778872590594822,95.74370574951172,28.28828828828829,True,2,False,False,False,False,True
TIME_MATCHED_WEEKEND,btc-updown-15m-1791099000,run_1791098911_ca8eae61,run_1791098911_ca8eae61,2026-10-04T15:30:00+08:00,618,2026-10-04T15:30:18.834895+08:00,2026-10-04T15:44:59.990802+08:00,0.9790621185302735,24.428604125976562,24.919093851132686,True,1,True,True,True,True,True
TIME_MATCHED_WEEKEND,btc-updown-15m-1791099900,run_1791098911_ca8eae61,run_1791098911_ca8eae61,2026-10-04T15:45:00+08:00,489,2026-10-04T15:45:20.930554+08:00,2026-10-04T15:59:58.711652+08:00,0.9753123309877184,52.5926251411438,27.811860940695297,True,1,True,True,True,True,True
TIME_MATCHED_WEEKEND,btc-updown-15m-1791100800,run_1791101455_05564309,run_1791098911_ca8eae61|run_1791101455_05564309,2026-10-04T16:00:00+08:00,308,2026-10-04T16:00:33.266373+08:00,2026-10-04T16:14:59.982500+08:00,0.9630179187986586,247.14459109306335,37.01298701298701,True,2,False,True,True,True,True
TIME_MATCHED_WEEKEND,btc-updown-15m-1791101700,run_1791101455_05564309,run_1791101455_05564309,2026-10-04T16:15:00+08:00,610,2026-10-04T16:15:18.379493+08:00,2026-10-04T16:29:59.688902+08:00,0.9792326762941148,67.32086730003357,46.721311475409834,True,1,True,True,True,True,True
TIME_MATCHED_WEEKEND,btc-updown-15m-1791102600,run_1791101455_05564309,run_1791101455_05564309,2026-10-04T16:30:00+08:00,504,2026-10-04T16:30:59.381513+08:00,2026-10-04T16:44:58.442013+08:00,0.9322894446055094,5.6920270919799805,48.214285714285715,True,1,True,True,True,True,True
TIME_MATCHED_WEEKEND,btc-updown-15m-1791103500,run_1791101455_05564309,run_1791101455_05564309,2026-10-04T16:45:00+08:00,662,2026-10-04T16:45:18.788798+08:00,2026-10-04T16:59:59.656357+08:00,0.9787417324384053,5.184672117233276,39.274924471299094,True,1,True,True,True,True,True
TIME_MATCHED_WEEKEND,btc-updown-15m-1791104400,run_1791105086_1e64e0f8,run_1791101455_05564309|run_1791105086_1e64e0f8,2026-10-04T17:00:00+08:00,577,2026-10-04T17:00:19.461626+08:00,2026-10-04T17:14:59.019695+08:00,0.9772867433230082,100.07841467857361,36.915077989601386,True,2,False,False,True,True,True
TIME_MATCHED_WEEKEND,btc-updown-15m-1791105300,run_1791105086_1e64e0f8,run_1791105086_1e64e0f8,2026-10-04T17:15:00+08:00,543,2026-10-04T17:15:18.026967+08:00,2026-10-04T17:29:58.538146+08:00,0.9783457544114854,5.917267799377441,49.171270718232044,True,1,True,True,True,True,True
TIME_MATCHED_WEEKEND,btc-updown-15m-1791107100,run_1791107133_3f0342b8,run_1791107133_3f0342b8,2026-10-04T17:45:00+08:00,451,2026-10-04T17:46:46.481553+08:00,2026-10-04T17:59:59.028225+08:00,0.8806074134508769,54.40806984901428,48.55875831485588,True,1,True,True,True,True,True
TIME_MATCHED_WEEKEND,btc-updown-15m-1791108000,run_1791107133_3f0342b8,run_1791107133_3f0342b8,2026-10-04T18:00:00+08:00,551,2026-10-04T18:00:18.974166+08:00,2026-10-04T18:13:05.770778+08:00,0.8519962358474732,3.733105182647705,37.386569872958255,True,1,True,True,True,False,False
TIME_MATCHED_WEEKEND,btc-updown-15m-1791108900,run_1791107133_3f0342b8,run_1791107133_3f0342b8,2026-10-04T18:15:00+08:00,421,2026-10-04T18:15:40.975432+08:00,2026-10-04T18:29:58.960569+08:00,0.9533168191379972,25.329051971435547,30.16627078384798,True,1,True,True,True,True,True
TIME_MATCHED_WEEKEND,btc-updown-15m-1791109800,run_1791107133_3f0342b8,run_1791107133_3f0342b8,2026-10-04T18:30:00+08:00,588,2026-10-04T18:30:19.369884+08:00,2026-10-04T18:44:59.003023+08:00,0.9773701545927259,7.070110082626343,20.578231292517007,True,1,True,True,True,True,True
TIME_MATCHED_WEEKEND,btc-updown-15m-1791110700,run_1791110764_61feccf3,run_1791107133_3f0342b8|run_1791110764_61feccf3,2026-10-04T18:45:00+08:00,530,2026-10-04T18:45:19.024339+08:00,2026-10-04T18:59:58.540596+08:00,0.9772402856085035,102.41702604293823,32.64150943396226,True,2,True,True,True,True,True
