slug,weekday_weekend,week,et_hour_block,time_to_resolution_bin,trade_count,volume_shares,volume_usdc_estimate,median_trade_size,max_no_trade_interval_sec,price_jump_count_5c
btc-updown-15m-1785135600,weekday,2026-07-27,00-06,T-15m_to_T-10m,235,4913.115193,2400.9455350076214,10.0,15.0,95
btc-updown-15m-1785135600,weekday,2026-07-27,00-06,T-10m_to_T-5m,456,10399.291692,5021.61244000527,10.0,7.0,158
btc-updown-15m-1785135600,weekday,2026-07-27,00-06,T-5m_to_T-2m,358,8024.493871,3768.5867630344246,13.0,8.0,120
btc-updown-15m-1785135600,weekday,2026-07-27,00-06,T-2m_to_T-1m,100,2151.392211,1090.097076008709,10.0,6.0,30
btc-updown-15m-1785135600,weekday,2026-07-27,00-06,T-60s_to_T-30s,92,2070.638037,988.3490659945627,9.3135285,3.0,27
btc-updown-15m-1785135600,weekday,2026-07-27,00-06,T-30s_to_T-15s,22,349.432342,216.80629199719286,8.920633500000001,3.0,6
btc-updown-15m-1785135600,weekday,2026-07-27,00-06,T-15s_to_settlement,32,432.732512,244.05696699982698,8.96,4.0,9
btc-updown-15m-1785157200,weekday,2026-07-27,06-12,T-15m_to_T-10m,319,7979.666032,3758.172192003814,9.71846,8.0,102
btc-updown-15m-1785157200,weekday,2026-07-27,06-12,T-10m_to_T-5m,339,6891.876553,3322.9843970175907,9.93,13.0,115
btc-updown-15m-1785157200,weekday,2026-07-27,06-12,T-5m_to_T-2m,288,5448.574015,2813.0195430017598,10.0,11.0,90
btc-updown-15m-1785157200,weekday,2026-07-27,06-12,T-2m_to_T-1m,95,4355.693674,3398.0281620194364,10.0,5.0,22
btc-updown-15m-1785157200,weekday,2026-07-27,06-12,T-60s_to_T-30s,1,1.78,1.7622,1.78,29.0,0
btc-updown-15m-1785157200,weekday,2026-07-27,06-12,T-30s_to_T-15s,5,64.114,64.049886,10.01,7.0,0
btc-updown-15m-1785157200,weekday,2026-07-27,06-12,T-15s_to_settlement,7,98.99,98.89101,6.33,8.0,0
btc-updown-15m-1785243600,weekday,2026-07-27,06-12,T-15m_to_T-10m,229,5110.719934,2643.1494290004784,9.054544,21.0,45
btc-updown-15m-1785243600,weekday,2026-07-27,06-12,T-10m_to_T-5m,379,9918.558087,5229.491258984399,9.0,9.0,121
btc-updown-15m-1785243600,weekday,2026-07-27,06-12,T-5m_to_T-2m,262,9170.464867,5507.999327046279,10.1,8.0,89
btc-updown-15m-1785243600,weekday,2026-07-27,06-12,T-2m_to_T-1m,53,2110.514963,1479.7899710011084,5.1,9.0,6
btc-updown-15m-1785243600,weekday,2026-07-27,06-12,T-60s_to_T-30s,18,514.765451,256.38629500016486,6.0,7.0,2
btc-updown-15m-1785243600,weekday,2026-07-27,06-12,T-30s_to_T-15s,3,67.84,10.0723,5.09,6.0,1
btc-updown-15m-1785243600,weekday,2026-07-27,06-12,T-15s_to_settlement,13,169.19199999999998,168.938978,10.0,10.0,0
btc-updown-15m-1785265200,weekday,2026-07-27,12-18,T-15m_to_T-10m,272,10349.092691,4118.700517980534,6.924657,15.0,85
btc-updown-15m-1785265200,weekday,2026-07-27,12-18,T-10m_to_T-5m,337,11720.491758,5713.44743198424,9.98,10.0,114
btc-updown-15m-1785265200,weekday,2026-07-27,12-18,T-5m_to_T-2m,209,6112.760718,3720.05992000424,14.777776,6.0,59
btc-updown-15m-1785265200,weekday,2026-07-27,12-18,T-2m_to_T-1m,82,2072.91947,1275.068110004432,15.0,7.0,18
btc-updown-15m-1785265200,weekday,2026-07-27,12-18,T-60s_to_T-30s,38,1132.311043,752.1649099991837,15.0,3.0,6
btc-updown-15m-1785265200,weekday,2026-07-27,12-18,T-30s_to_T-15s,31,1091.9002,982.981198,5.53,3.0,2
btc-updown-15m-1785265200,weekday,2026-07-27,12-18,T-15s_to_settlement,1,1.11,1.0989,1.11,11.0,0
btc-updown-15m-1785286800,weekday,2026-07-27,18-24,T-15m_to_T-10m,352,7877.204279,4046.062908967879,10.0,7.0,126
btc-updown-15m-1785286800,weekday,2026-07-27,18-24,T-10m_to_T-5m,340,6401.636914,3212.984626009678,8.0,8.0,130
btc-updown-15m-1785286800,weekday,2026-07-27,18-24,T-5m_to_T-2m,182,6245.926253,2808.9941499948477,10.0,16.0,57
btc-updown-15m-1785286800,weekday,2026-07-27,18-24,T-2m_to_T-1m,40,4024.16093,655.4751979994688,10.0100195,27.0,8
btc-updown-15m-1785286800,weekday,2026-07-27,18-24,T-60s_to_T-30s,0,0,0,,30,0
btc-updown-15m-1785286800,weekday,2026-07-27,18-24,T-30s_to_T-15s,0,0,0,,15,0
btc-updown-15m-1785286800,weekday,2026-07-27,18-24,T-15s_to_settlement,1,1.39,1.38861,1.39,12.0,0
btc-updown-15m-1785351600,weekday,2026-07-27,12-18,T-15m_to_T-10m,358,3737.2375739999998,1913.2069019955197,5.5,11.0,107
btc-updown-15m-1785351600,weekday,2026-07-27,12-18,T-10m_to_T-5m,323,6846.838683,4084.67606900397,8.0,9.0,131
btc-updown-15m-1785351600,weekday,2026-07-27,12-18,T-5m_to_T-2m,90,4195.623797,1783.9639640168573,10.2249625,20.0,32
btc-updown-15m-1785351600,weekday,2026-07-27,12-18,T-2m_to_T-1m,23,465.112858,194.45531999987224,5.035588,12.0,8
btc-updown-15m-1785351600,weekday,2026-07-27,12-18,T-60s_to_T-30s,9,1363.347,1360.790306052408,18.0,12.0,0
btc-updown-15m-1785351600,weekday,2026-07-27,12-18,T-30s_to_T-15s,1,1.11,1.1088900000000002,1.11,9.0,0
btc-updown-15m-1785351600,weekday,2026-07-27,12-18,T-15s_to_settlement,0,0,0,,15,0
btc-updown-15m-1785373200,weekday,2026-07-27,18-24,T-15m_to_T-10m,310,7726.810473,3635.0649420150357,7.9939735,8.0,116
btc-updown-15m-1785373200,weekday,2026-07-27,18-24,T-10m_to_T-5m,279,6159.388114,3621.7973710073625,8.0,24.0,81
btc-updown-15m-1785373200,weekday,2026-07-27,18-24,T-5m_to_T-2m,165,3716.855209,2269.0994119921793,10.0,7.0,44
btc-updown-15m-1785373200,weekday,2026-07-27,18-24,T-2m_to_T-1m,44,2046.541624,1371.3946469933394,20.201009499999998,6.0,7
btc-updown-15m-1785373200,weekday,2026-07-27,18-24,T-60s_to_T-30s,25,523.725783,360.82484700146495,20.0,8.0,4
btc-updown-15m-1785373200,weekday,2026-07-27,18-24,T-30s_to_T-15s,15,636.8736,395.18709898927364,5.39,4.0,2
btc-updown-15m-1785373200,weekday,2026-07-27,18-24,T-15s_to_settlement,41,785.819448,425.26429099352345,10.0,3.0,12
btc-updown-15m-1785394800,weekday,2026-07-27,00-06,T-15m_to_T-10m,321,6041.565889,2734.2512869802035,9.16,9.0,129
btc-updown-15m-1785394800,weekday,2026-07-27,00-06,T-10m_to_T-5m,252,3487.204184,1981.6849949922282,6.1803135,15.0,96
btc-updown-15m-1785394800,weekday,2026-07-27,00-06,T-5m_to_T-2m,152,3530.363577,2246.5425169883392,6.99,10.0,31
btc-updown-15m-1785394800,weekday,2026-07-27,00-06,T-2m_to_T-1m,5,122.25,23.2075,10.0,35.0,2
btc-updown-15m-1785394800,weekday,2026-07-27,00-06,T-60s_to_T-30s,7,190.08599999999998,189.850564,5.15,21.0,0
btc-updown-15m-1785394800,weekday,2026-07-27,00-06,T-30s_to_T-15s,0,0,0,,15,0
btc-updown-15m-1785394800,weekday,2026-07-27,00-06,T-15s_to_settlement,0,0,0,,15,0
btc-updown-15m-1785416400,weekday,2026-07-27,06-12,T-15m_to_T-10m,353,6137.757292,3218.127861980726,8.236362,20.0,106
btc-updown-15m-1785416400,weekday,2026-07-27,06-12,T-10m_to_T-5m,294,4602.614448,2404.803167000433,6.935465000000001,9.0,102
btc-updown-15m-1785416400,weekday,2026-07-27,06-12,T-5m_to_T-2m,176,5626.821267,3085.844060983997,10.0,8.0,52
btc-updown-15m-1785416400,weekday,2026-07-27,06-12,T-2m_to_T-1m,55,1102.083914,750.4313789962401,10.0,6.0,11
btc-updown-15m-1785416400,weekday,2026-07-27,06-12,T-60s_to_T-30s,17,1372.328913,1347.6251190047333,10.20405,5.0,2
btc-updown-15m-1785416400,weekday,2026-07-27,06-12,T-30s_to_T-15s,4,682.99,681.7970800025139,100.2,7.0,0
btc-updown-15m-1785416400,weekday,2026-07-27,06-12,T-15s_to_settlement,1,1.99,1.98801,1.99,9.0,0
btc-updown-15m-1785459600,weekday,2026-07-27,18-24,T-15m_to_T-10m,308,8736.127204,4014.1140149916932,10.0,11.0,122
btc-updown-15m-1785459600,weekday,2026-07-27,18-24,T-10m_to_T-5m,126,16016.241475,10644.326121017317,10.0,19.0,36
btc-updown-15m-1785459600,weekday,2026-07-27,18-24,T-5m_to_T-2m,30,9364.599241,4118.114781000001,32.5,49.0,9
btc-updown-15m-1785459600,weekday,2026-07-27,18-24,T-2m_to_T-1m,0,0,0,,60,0
btc-updown-15m-1785459600,weekday,2026-07-27,18-24,T-60s_to_T-30s,0,0,0,,30,0
btc-updown-15m-1785459600,weekday,2026-07-27,18-24,T-30s_to_T-15s,0,0,0,,15,0
btc-updown-15m-1785459600,weekday,2026-07-27,18-24,T-15s_to_settlement,0,0,0,,15,0
btc-updown-15m-1785481200,weekday,2026-07-27,00-06,T-15m_to_T-10m,395,5741.897653,2768.4986069910383,6.4,6.0,147
btc-updown-15m-1785481200,weekday,2026-07-27,00-06,T-10m_to_T-5m,327,9674.924762,4979.466960958569,13.58,14.0,120
btc-updown-15m-1785481200,weekday,2026-07-27,00-06,T-5m_to_T-2m,59,2508.915855,2143.369223990811,8.86,18.0,10
btc-updown-15m-1785481200,weekday,2026-07-27,00-06,T-2m_to_T-1m,1,70.0,69.93,70.0,56.0,0
btc-updown-15m-1785481200,weekday,2026-07-27,00-06,T-60s_to_T-30s,0,0,0,,30,0
btc-updown-15m-1785481200,weekday,2026-07-27,00-06,T-30s_to_T-15s,0,0,0,,15,0
btc-updown-15m-1785481200,weekday,2026-07-27,00-06,T-15s_to_settlement,0,0,0,,15,0
btc-updown-15m-1785524400,weekday,2026-07-27,12-18,T-15m_to_T-10m,322,5936.049282,2956.17089601359,6.397413,12.0,106
btc-updown-15m-1785524400,weekday,2026-07-27,12-18,T-10m_to_T-5m,193,5641.705945,2724.555199033844,9.17857,18.0,71
btc-updown-15m-1785524400,weekday,2026-07-27,12-18,T-5m_to_T-2m,191,3659.424685,1861.8954209981448,8.510633,9.0,49
btc-updown-15m-1785524400,weekday,2026-07-27,12-18,T-2m_to_T-1m,61,1529.371273,887.7556130067355,11.0,8.0,13
btc-updown-15m-1785524400,weekday,2026-07-27,12-18,T-60s_to_T-30s,17,231.601806,206.33543999918038,6.061223,7.0,6
btc-updown-15m-1785524400,weekday,2026-07-27,12-18,T-30s_to_T-15s,27,932.344301,915.773657000101,5.0,3.0,2
btc-updown-15m-1785524400,weekday,2026-07-27,12-18,T-15s_to_settlement,1,6.0,5.9399999999999995,6.0,13.0,0
btc-updown-15m-1785562200,weekend,2026-07-27,00-06,T-15m_to_T-10m,261,5740.764262,2882.3603960173728,8.246165,17.0,68
btc-updown-15m-1785562200,weekend,2026-07-27,00-06,T-10m_to_T-5m,340,6618.630954,3376.4964259979783,6.681817,9.0,98
btc-updown-15m-1785562200,weekend,2026-07-27,00-06,T-5m_to_T-2m,76,5527.768413,4354.737681009233,8.645,18.0,18
btc-updown-15m-1785562200,weekend,2026-07-27,00-06,T-2m_to_T-1m,7,1316.527,1308.8163729662813,5.01,12.0,2
btc-updown-15m-1785562200,weekend,2026-07-27,00-06,T-60s_to_T-30s,6,5699.353332,6.000000051115755,1000.0,12.0,0
btc-updown-15m-1785562200,weekend,2026-07-27,00-06,T-30s_to_T-15s,1,276.05,0.9999999862050001,276.05,15.0,0
btc-updown-15m-1785562200,weekend,2026-07-27,00-06,T-15s_to_settlement,2,2000.0,2.0,1000.0,11.0,0
btc-updown-15m-1785573000,weekend,2026-07-27,00-06,T-15m_to_T-10m,213,4060.184495,2122.78328000014,6.0,12.0,70
btc-updown-15m-1785573000,weekend,2026-07-27,00-06,T-10m_to_T-5m,298,4463.906892,2324.8304859976497,5.0,6.0,93
btc-updown-15m-1785573000,weekend,2026-07-27,00-06,T-5m_to_T-2m,199,3161.85618,1667.002960016754,7.45,6.0,54
btc-updown-15m-1785573000,weekend,2026-07-27,00-06,T-2m_to_T-1m,52,829.940469,573.380062000167,5.15625,6.0,14
btc-updown-15m-1785573000,weekend,2026-07-27,00-06,T-60s_to_T-30s,45,590.849605,209.96135400188314,5.12371,4.0,19
btc-updown-15m-1785573000,weekend,2026-07-27,00-06,T-30s_to_T-15s,14,322.591833,229.12238999999798,10.745000000000001,4.0,4
btc-updown-15m-1785573000,weekend,2026-07-27,00-06,T-15s_to_settlement,15,846.2820399999999,606.9686480001479,10.42104,11.0,2
btc-updown-15m-1785583800,weekend,2026-07-27,06-12,T-15m_to_T-10m,173,3057.919115,1528.7079259951852,9.433961,24.0,39
btc-updown-15m-1785583800,weekend,2026-07-27,06-12,T-10m_to_T-5m,278,4367.561602,2347.096388984329,8.0,12.0,86
btc-updown-15m-1785583800,weekend,2026-07-27,06-12,T-5m_to_T-2m,280,5513.875644,3108.6597159964062,7.49,6.0,78
btc-updown-15m-1785583800,weekend,2026-07-27,06-12,T-2m_to_T-1m,42,447.57769,293.90799799904437,5.0,6.0,8
btc-updown-15m-1785583800,weekend,2026-07-27,06-12,T-60s_to_T-30s,50,1325.978465,857.4472610064402,6.1899999999999995,3.0,14
btc-updown-15m-1785583800,weekend,2026-07-27,06-12,T-30s_to_T-15s,11,219.815775,183.28954699480832,5.457433,9.0,3
btc-updown-15m-1785583800,weekend,2026-07-27,06-12,T-15s_to_settlement,15,101.258141,69.89985700061867,5.0,3.0,2
btc-updown-15m-1785594600,weekend,2026-07-27,06-12,T-15m_to_T-10m,240,5812.736521,2840.5878840252185,10.178845500000001,11.0,65
btc-updown-15m-1785594600,weekend,2026-07-27,06-12,T-10m_to_T-5m,213,3451.99752,1859.4946320047188,6.0,6.0,71
btc-updown-15m-1785594600,weekend,2026-07-27,06-12,T-5m_to_T-2m,202,3032.693105,1490.4778980081503,5.26314,5.0,55
btc-updown-15m-1785594600,weekend,2026-07-27,06-12,T-2m_to_T-1m,72,1225.977568,773.9997430050403,12.3145445,8.0,9
btc-updown-15m-1785594600,weekend,2026-07-27,06-12,T-60s_to_T-30s,19,524.421712,389.0921169961484,15.0,9.0,8
btc-updown-15m-1785594600,weekend,2026-07-27,06-12,T-30s_to_T-15s,0,0,0,,15,0
btc-updown-15m-1785594600,weekend,2026-07-27,06-12,T-15s_to_settlement,25,1630.3248110000002,167.40315799881571,11.17,6.0,14
btc-updown-15m-1785605400,weekend,2026-07-27,12-18,T-15m_to_T-10m,571,9057.373437,4600.866564994237,6.666665,6.0,164
btc-updown-15m-1785605400,weekend,2026-07-27,12-18,T-10m_to_T-5m,500,8601.555173,4468.228169965598,6.275384000000001,9.0,160
btc-updown-15m-1785605400,weekend,2026-07-27,12-18,T-5m_to_T-2m,218,3668.353112,1536.3509450195916,5.0,6.0,60
btc-updown-15m-1785605400,weekend,2026-07-27,12-18,T-2m_to_T-1m,88,1525.269279,718.9047930010388,7.5998850000000004,5.0,28
btc-updown-15m-1785605400,weekend,2026-07-27,12-18,T-60s_to_T-30s,48,703.552152,338.27422100438275,3.125,3.0,9
btc-updown-15m-1785605400,weekend,2026-07-27,12-18,T-30s_to_T-15s,38,1725.6202,1649.953998,5.0,3.0,2
btc-updown-15m-1785605400,weekend,2026-07-27,12-18,T-15s_to_settlement,5,193.36,191.4264,33.95,6.0,0
btc-updown-15m-1785627000,weekend,2026-07-27,18-24,T-15m_to_T-10m,118,2528.490831,1238.9527449988575,6.993809000000001,30.0,40
btc-updown-15m-1785627000,weekend,2026-07-27,18-24,T-10m_to_T-5m,283,8905.141282,5212.631241961002,5.208325,6.0,79
btc-updown-15m-1785627000,weekend,2026-07-27,18-24,T-5m_to_T-2m,183,4716.4589160000005,2614.6883620151652,2.10526,10.0,34
btc-updown-15m-1785627000,weekend,2026-07-27,18-24,T-2m_to_T-1m,88,816.84034,471.0328740027231,2.0202,6.0,10
btc-updown-15m-1785627000,weekend,2026-07-27,18-24,T-60s_to_T-30s,70,887.245843,395.1942929942548,5.970000000000001,4.0,12
btc-updown-15m-1785627000,weekend,2026-07-27,18-24,T-30s_to_T-15s,40,459.815446,305.9820929984435,2.0202,2.0,8
btc-updown-15m-1785627000,weekend,2026-07-27,18-24,T-15s_to_settlement,15,337.9484,234.239537999,5.0,5.0,4
btc-updown-15m-1785648600,weekend,2026-07-27,00-06,T-15m_to_T-10m,215,3637.0890210000002,1840.1985789951004,6.16,12.0,86
btc-updown-15m-1785648600,weekend,2026-07-27,00-06,T-10m_to_T-5m,262,6436.192361,3900.540691015363,5.0287345000000006,6.0,80
btc-updown-15m-1785648600,weekend,2026-07-27,00-06,T-5m_to_T-2m,128,3288.385792,2124.0925970297585,5.0,30.0,34
btc-updown-15m-1785648600,weekend,2026-07-27,00-06,T-2m_to_T-1m,1,1.11,1.0989,1.11,33.0,0
btc-updown-15m-1785648600,weekend,2026-07-27,00-06,T-60s_to_T-30s,2,169.993,169.823007,84.9965,26.0,0
btc-updown-15m-1785648600,weekend,2026-07-27,00-06,T-30s_to_T-15s,0,0,0,,15,0
btc-updown-15m-1785648600,weekend,2026-07-27,00-06,T-15s_to_settlement,0,0,0,,15,0
btc-updown-15m-1785670200,weekend,2026-07-27,06-12,T-15m_to_T-10m,247,3528.638033,1577.43208097646,6.0,15.0,89
btc-updown-15m-1785670200,weekend,2026-07-27,06-12,T-10m_to_T-5m,320,5075.569447,2590.432758000003,6.0,8.0,125
btc-updown-15m-1785670200,weekend,2026-07-27,06-12,T-5m_to_T-2m,342,5183.635484,2637.2362129938924,6.732272,11.0,114
btc-updown-15m-1785670200,weekend,2026-07-27,06-12,T-2m_to_T-1m,188,2846.039971,2075.632104000178,8.0,3.0,43
btc-updown-15m-1785670200,weekend,2026-07-27,06-12,T-60s_to_T-30s,49,993.376158,780.7881949997981,10.0,5.0,4
btc-updown-15m-1785670200,weekend,2026-07-27,06-12,T-30s_to_T-15s,0,0,0,,15,0
btc-updown-15m-1785670200,weekend,2026-07-27,06-12,T-15s_to_settlement,3,136.22,101.92980000000001,33.6,11.0,2
btc-updown-15m-1785691800,weekend,2026-07-27,12-18,T-15m_to_T-10m,258,4494.7882,2195.382671967661,7.470000000000001,13.0,74
btc-updown-15m-1785691800,weekend,2026-07-27,12-18,T-10m_to_T-5m,241,4286.620213,2193.385846023228,7.0,9.0,94
btc-updown-15m-1785691800,weekend,2026-07-27,12-18,T-5m_to_T-2m,170,2567.976031,1295.0583039963458,5.851763,6.0,58
btc-updown-15m-1785691800,weekend,2026-07-27,12-18,T-2m_to_T-1m,60,1617.793209,805.7796689926282,7.7021415,3.0,27
btc-updown-15m-1785691800,weekend,2026-07-27,12-18,T-60s_to_T-30s,26,229.216714,115.72918199978388,4.309166,5.0,16
btc-updown-15m-1785691800,weekend,2026-07-27,12-18,T-30s_to_T-15s,87,2799.542644,2087.1828960331723,10.0,3.0,12
btc-updown-15m-1785691800,weekend,2026-07-27,12-18,T-15s_to_settlement,6,65.81,65.1519,8.47,6.0,0
btc-updown-15m-1785702600,weekend,2026-07-27,12-18,T-15m_to_T-10m,222,4720.519069,2506.060456006187,8.333332,24.0,70
btc-updown-15m-1785702600,weekend,2026-07-27,12-18,T-10m_to_T-5m,210,4821.9560519999995,2562.1161510156035,10.557691,12.0,68
btc-updown-15m-1785702600,weekend,2026-07-27,12-18,T-5m_to_T-2m,147,2450.26478,1378.6217920024117,6.0,6.0,30
btc-updown-15m-1785702600,weekend,2026-07-27,12-18,T-2m_to_T-1m,56,703.121121,366.99312999882846,5.0765,6.0,14
btc-updown-15m-1785702600,weekend,2026-07-27,12-18,T-60s_to_T-30s,28,949.943015,924.9914760012938,10.0,16.0,4
btc-updown-15m-1785702600,weekend,2026-07-27,12-18,T-30s_to_T-15s,2,53.0,52.47,26.5,9.0,0
btc-updown-15m-1785702600,weekend,2026-07-27,12-18,T-15s_to_settlement,0,0,0,,15,0
btc-updown-15m-1785713400,weekend,2026-07-27,18-24,T-15m_to_T-10m,293,7597.713392,3803.692675000157,6.0,13.0,87
btc-updown-15m-1785713400,weekend,2026-07-27,18-24,T-10m_to_T-5m,307,7948.705724,4002.9793119496194,8.0,9.0,113
btc-updown-15m-1785713400,weekend,2026-07-27,18-24,T-5m_to_T-2m,225,4209.459279,1856.8539269490223,6.37,7.0,78
btc-updown-15m-1785713400,weekend,2026-07-27,18-24,T-2m_to_T-1m,54,634.06872,403.34033600080716,5.218233,6.0,20
btc-updown-15m-1785713400,weekend,2026-07-27,18-24,T-60s_to_T-30s,21,294.204853,78.44156299772533,2.022463,6.0,7
btc-updown-15m-1785713400,weekend,2026-07-27,18-24,T-30s_to_T-15s,29,330.749415,322.2821760066392,4.1237,2.0,2
btc-updown-15m-1785713400,weekend,2026-07-27,18-24,T-15s_to_settlement,60,855.832755,767.1289260095659,5.0,3.0,9
btc-updown-15m-1785724200,weekend,2026-07-27,18-24,T-15m_to_T-10m,260,5747.058156,2587.7956190679483,5.5450975,14.0,99
btc-updown-15m-1785724200,weekend,2026-07-27,18-24,T-10m_to_T-5m,213,4075.447982,1536.2086649892417,5.7,24.0,80
btc-updown-15m-1785724200,weekend,2026-07-27,18-24,T-5m_to_T-2m,111,5419.859396,3887.4136750087323,7.072133,23.0,16
btc-updown-15m-1785724200,weekend,2026-07-27,18-24,T-2m_to_T-1m,4,48.028,47.931944,13.511,24.0,0
btc-updown-15m-1785724200,weekend,2026-07-27,18-24,T-60s_to_T-30s,2,170.0,169.82999999999998,85.0,15.0,0
btc-updown-15m-1785724200,weekend,2026-07-27,18-24,T-30s_to_T-15s,0,0,0,,15,0
btc-updown-15m-1785724200,weekend,2026-07-27,18-24,T-15s_to_settlement,0,0,0,,15,0
btc-updown-15m-1785762000,weekday,2026-08-03,06-12,T-15m_to_T-10m,254,3245.438846,1569.1689849723725,6.0,13.0,101
btc-updown-15m-1785762000,weekday,2026-08-03,06-12,T-10m_to_T-5m,238,4232.663799,2164.923807989327,6.0,15.0,80
btc-updown-15m-1785762000,weekday,2026-08-03,06-12,T-5m_to_T-2m,213,5613.166767,2546.9722210118107,7.5,11.0,70
btc-updown-15m-1785762000,weekday,2026-08-03,06-12,T-2m_to_T-1m,98,2429.069873,1981.9956980029065,7.12511,10.0,12
btc-updown-15m-1785762000,weekday,2026-08-03,06-12,T-60s_to_T-30s,1,1.72,1.7027999999999999,1.72,24.0,0
btc-updown-15m-1785762000,weekday,2026-08-03,06-12,T-30s_to_T-15s,2,10.0,9.9,5.0,10.0,0
btc-updown-15m-1785762000,weekday,2026-08-03,06-12,T-15s_to_settlement,0,0,0,,15,0
btc-updown-15m-1785783600,weekday,2026-08-03,12-18,T-15m_to_T-10m,225,2914.045616,1496.7115200049193,5.0,21.0,74
btc-updown-15m-1785783600,weekday,2026-08-03,12-18,T-10m_to_T-5m,348,6209.40163,3005.5828649826803,5.56,11.0,113
btc-updown-15m-1785783600,weekday,2026-08-03,12-18,T-5m_to_T-2m,239,4476.981271,3167.309420999192,7.0,5.0,75
btc-updown-15m-1785783600,weekday,2026-08-03,12-18,T-2m_to_T-1m,65,2536.4411,1685.1807179920306,15.0,9.0,16
btc-updown-15m-1785783600,weekday,2026-08-03,12-18,T-60s_to_T-30s,40,929.784855,914.0874620001223,5.0,11.0,3
btc-updown-15m-1785783600,weekday,2026-08-03,12-18,T-30s_to_T-15s,0,0,0,,15,0
btc-updown-15m-1785783600,weekday,2026-08-03,12-18,T-15s_to_settlement,2,50.0,49.95,25.0,10.0,0
btc-updown-15m-1785805200,weekday,2026-08-03,18-24,T-15m_to_T-10m,405,8764.98086,4639.6973579918185,6.222221,7.0,164
btc-updown-15m-1785805200,weekday,2026-08-03,18-24,T-10m_to_T-5m,230,6412.94362,4121.6871400188,8.0,15.0,67
btc-updown-15m-1785805200,weekday,2026-08-03,18-24,T-5m_to_T-2m,96,7261.3706999999995,2608.415462987931,6.515000000000001,18.0,16
btc-updown-15m-1785805200,weekday,2026-08-03,18-24,T-2m_to_T-1m,7,214.913,214.64317300000002,4.99,34.0,0
btc-updown-15m-1785805200,weekday,2026-08-03,18-24,T-60s_to_T-30s,8,9106.023,7248.614140047299,118.86,13.0,1
btc-updown-15m-1785805200,weekday,2026-08-03,18-24,T-30s_to_T-15s,0,0,0,,15,0
btc-updown-15m-1785805200,weekday,2026-08-03,18-24,T-15s_to_settlement,0,0,0,,15,0
btc-updown-15m-1785826800,weekday,2026-08-03,00-06,T-15m_to_T-10m,212,4441.959346,2204.9237109859923,6.878201499999999,15.0,70
btc-updown-15m-1785826800,weekday,2026-08-03,00-06,T-10m_to_T-5m,283,5311.726554,2363.6837500229003,8.540538,9.0,106
btc-updown-15m-1785826800,weekday,2026-08-03,00-06,T-5m_to_T-2m,171,5721.069024,3030.8705049685304,8.0,12.0,44
btc-updown-15m-1785826800,weekday,2026-08-03,00-06,T-2m_to_T-1m,2,1819.994,1817.524011942762,909.997,45.0,0
btc-updown-15m-1785826800,weekday,2026-08-03,00-06,T-60s_to_T-30s,0,0,0,,30,0
btc-updown-15m-1785826800,weekday,2026-08-03,00-06,T-30s_to_T-15s,0,0,0,,15,0
btc-updown-15m-1785826800,weekday,2026-08-03,00-06,T-15s_to_settlement,0,0,0,,15,0
btc-updown-15m-1785870000,weekday,2026-08-03,12-18,T-15m_to_T-10m,273,4235.556918,2127.785291026915,5.555554,8.0,86
btc-updown-15m-1785870000,weekday,2026-08-03,12-18,T-10m_to_T-5m,261,7454.0233610000005,3774.0914009885532,7.0,12.0,105
btc-updown-15m-1785870000,weekday,2026-08-03,12-18,T-5m_to_T-2m,286,8962.809764,4018.1172809725376,10.9054035,5.0,84
btc-updown-15m-1785870000,weekday,2026-08-03,12-18,T-2m_to_T-1m,114,2310.637483,1212.0540540140764,9.186455500000001,4.0,42
btc-updown-15m-1785870000,weekday,2026-08-03,12-18,T-60s_to_T-30s,74,1550.41534,1058.329062004244,10.0,9.0,14
btc-updown-15m-1785870000,weekday,2026-08-03,12-18,T-30s_to_T-15s,16,957.9588,203.5183119965,15.07575,3.0,3
btc-updown-15m-1785870000,weekday,2026-08-03,12-18,T-15s_to_settlement,3,116.1,86.519,19.0,9.0,1
btc-updown-15m-1785913200,weekday,2026-08-03,00-06,T-15m_to_T-10m,405,7749.996285,3987.3234369757297,6.666665,9.0,127
btc-updown-15m-1785913200,weekday,2026-08-03,00-06,T-10m_to_T-5m,248,4335.687737,2393.195562003472,7.0336385,14.0,100
btc-updown-15m-1785913200,weekday,2026-08-03,00-06,T-5m_to_T-2m,137,3216.786004,2086.895654008082,10.0,22.0,35
btc-updown-15m-1785913200,weekday,2026-08-03,00-06,T-2m_to_T-1m,7,972.3,541.3037000093,19.019,19.0,2
btc-updown-15m-1785913200,weekday,2026-08-03,00-06,T-60s_to_T-30s,0,0,0,,30,0
btc-updown-15m-1785913200,weekday,2026-08-03,00-06,T-30s_to_T-15s,0,0,0,,15,0
btc-updown-15m-1785913200,weekday,2026-08-03,00-06,T-15s_to_settlement,0,0,0,,15,0
btc-updown-15m-1785934800,weekday,2026-08-03,06-12,T-15m_to_T-10m,244,5290.668701,2760.296966027208,6.970000000000001,13.0,71
btc-updown-15m-1785934800,weekday,2026-08-03,06-12,T-10m_to_T-5m,235,6534.102603,2971.316222990413,8.77,11.0,79
btc-updown-15m-1785934800,weekday,2026-08-03,06-12,T-5m_to_T-2m,50,4521.94,1251.2359999999999,16.695,80.0,13
btc-updown-15m-1785934800,weekday,2026-08-03,06-12,T-2m_to_T-1m,2,21.96,2.1404,10.98,53.0,1
btc-updown-15m-1785934800,weekday,2026-08-03,06-12,T-60s_to_T-30s,5,169.991,149.861009,25.505,10.0,1
btc-updown-15m-1785934800,weekday,2026-08-03,06-12,T-30s_to_T-15s,0,0,0,,15,0
btc-updown-15m-1785934800,weekday,2026-08-03,06-12,T-15s_to_settlement,0,0,0,,15,0
btc-updown-15m-1785978000,weekday,2026-08-03,18-24,T-15m_to_T-10m,315,6940.00763,3323.7452799754838,6.236362,19.0,90
btc-updown-15m-1785978000,weekday,2026-08-03,18-24,T-10m_to_T-5m,285,4674.492572,2114.9270620101975,5.952375,12.0,102
btc-updown-15m-1785978000,weekday,2026-08-03,18-24,T-5m_to_T-2m,233,5689.583127,2247.145381993965,13.333332,5.0,76
btc-updown-15m-1785978000,weekday,2026-08-03,18-24,T-2m_to_T-1m,35,1168.9956,543.7147639905,15.0,18.0,10
btc-updown-15m-1785978000,weekday,2026-08-03,18-24,T-60s_to_T-30s,14,738.9108,509.16429199942,14.36845,18.0,3
btc-updown-15m-1785978000,weekday,2026-08-03,18-24,T-30s_to_T-15s,2,812.168,8.0000000103408,406.084,13.0,0
btc-updown-15m-1785978000,weekday,2026-08-03,18-24,T-15s_to_settlement,2,170.0,122.14556,85.0,12.0,1
btc-updown-15m-1785999600,weekday,2026-08-03,00-06,T-15m_to_T-10m,223,6052.688885,2934.9678789925797,8.764703,8.0,91
btc-updown-15m-1785999600,weekday,2026-08-03,00-06,T-10m_to_T-5m,367,7508.167707,3793.5896739993823,6.125,9.0,96
btc-updown-15m-1785999600,weekday,2026-08-03,00-06,T-5m_to_T-2m,351,6608.46251,3354.6091199986718,6.894734,6.0,93
btc-updown-15m-1785999600,weekday,2026-08-03,00-06,T-2m_to_T-1m,87,1296.027553,926.0018909990797,5.23,5.0,20
btc-updown-15m-1785999600,weekday,2026-08-03,00-06,T-60s_to_T-30s,12,947.916,934.81484,9.3569,10.0,0
btc-updown-15m-1785999600,weekday,2026-08-03,00-06,T-30s_to_T-15s,6,141.335,140.965605,5.67,8.0,0
btc-updown-15m-1785999600,weekday,2026-08-03,00-06,T-15s_to_settlement,1,59.0,58.941,59.0,15.0,0
btc-updown-15m-1786021200,weekday,2026-08-03,06-12,T-15m_to_T-10m,483,9716.186738,4887.751995000742,6.944442,12.0,137
btc-updown-15m-1786021200,weekday,2026-08-03,06-12,T-10m_to_T-5m,296,14578.972722,8943.481585968677,14.0107,15.0,94
btc-updown-15m-1786021200,weekday,2026-08-03,06-12,T-5m_to_T-2m,33,3005.984651,749.4990249995116,11.32525,28.0,12
btc-updown-15m-1786021200,weekday,2026-08-03,06-12,T-2m_to_T-1m,6,2154.049,2151.310529,431.655,30.0,0
btc-updown-15m-1786021200,weekday,2026-08-03,06-12,T-60s_to_T-30s,0,0,0,,30,0
btc-updown-15m-1786021200,weekday,2026-08-03,06-12,T-30s_to_T-15s,0,0,0,,15,0
btc-updown-15m-1786021200,weekday,2026-08-03,06-12,T-15s_to_settlement,0,0,0,,15,0
btc-updown-15m-1786107600,weekday,2026-08-03,06-12,T-15m_to_T-10m,392,7985.805732,4008.549737997435,6.285,6.0,119
btc-updown-15m-1786107600,weekday,2026-08-03,06-12,T-10m_to_T-5m,340,7958.000706,4382.144266986411,10.0,9.0,111
btc-updown-15m-1786107600,weekday,2026-08-03,06-12,T-5m_to_T-2m,166,4721.749608,3147.2247020027376,8.026315,17.0,56
btc-updown-15m-1786107600,weekday,2026-08-03,06-12,T-2m_to_T-1m,32,2072.036152,1245.9722460017017,11.616150000000001,8.0,11
btc-updown-15m-1786107600,weekday,2026-08-03,06-12,T-60s_to_T-30s,4,3473.9900000000002,3467.48601014498,119.595,17.0,0
btc-updown-15m-1786107600,weekday,2026-08-03,06-12,T-30s_to_T-15s,0,0,0,,15,0
btc-updown-15m-1786107600,weekday,2026-08-03,06-12,T-15s_to_settlement,1,24.85,24.82515,24.85,9.0,0
btc-updown-15m-1786129200,weekday,2026-08-03,12-18,T-15m_to_T-10m,344,13351.896825,6532.335904983271,12.0,10.0,126
btc-updown-15m-1786129200,weekday,2026-08-03,12-18,T-10m_to_T-5m,147,5572.996915,3560.2533499863925,10.0,24.0,46
btc-updown-15m-1786129200,weekday,2026-08-03,12-18,T-5m_to_T-2m,16,1204.29,63.542079999944,9.205,78.0,5
btc-updown-15m-1786129200,weekday,2026-08-03,12-18,T-2m_to_T-1m,17,989.588,988.247583998791,24.0,30.0,0
btc-updown-15m-1786129200,weekday,2026-08-03,12-18,T-60s_to_T-30s,2,1144.5,1143.3555,572.25,27.0,0
btc-updown-15m-1786129200,weekday,2026-08-03,12-18,T-30s_to_T-15s,0,0,0,,15,0
btc-updown-15m-1786129200,weekday,2026-08-03,12-18,T-15s_to_settlement,0,0,0,,15,0
btc-updown-15m-1786150800,weekday,2026-08-03,18-24,T-15m_to_T-10m,152,4460.816173,2168.7298099652276,7.0,15.0,54
btc-updown-15m-1786150800,weekday,2026-08-03,18-24,T-10m_to_T-5m,343,11714.432685,6100.495645958107,7.130433,9.0,96
btc-updown-15m-1786150800,weekday,2026-08-03,18-24,T-5m_to_T-2m,243,5750.976,2716.6864489894924,7.36,6.0,58
btc-updown-15m-1786150800,weekday,2026-08-03,18-24,T-2m_to_T-1m,36,2031.0052640000001,1900.6817969989354,3.0612,11.0,4
btc-updown-15m-1786150800,weekday,2026-08-03,18-24,T-60s_to_T-30s,3,631.058,126.034882,118.998,13.0,1
btc-updown-15m-1786150800,weekday,2026-08-03,18-24,T-30s_to_T-15s,2,34.03,33.99597,17.015,10.0,0
btc-updown-15m-1786150800,weekday,2026-08-03,18-24,T-15s_to_settlement,1,150.0,0.15,150.0,8.0,0
btc-updown-15m-1786167000,weekend,2026-08-03,00-06,T-15m_to_T-10m,240,5851.527725,2865.931765035292,8.521738,21.0,54
btc-updown-15m-1786167000,weekend,2026-08-03,00-06,T-10m_to_T-5m,93,2029.115452,1005.1311639875216,11.0,14.0,22
btc-updown-15m-1786167000,weekend,2026-08-03,00-06,T-5m_to_T-2m,182,5137.6465,2418.1765099939257,8.0,6.0,80
btc-updown-15m-1786167000,weekend,2026-08-03,00-06,T-2m_to_T-1m,69,3828.360139,3018.176917052605,5.053757,5.0,27
btc-updown-15m-1786167000,weekend,2026-08-03,00-06,T-60s_to_T-30s,26,547.764325,285.30233799871905,8.881662500000001,6.0,8
btc-updown-15m-1786167000,weekend,2026-08-03,00-06,T-30s_to_T-15s,6,180.1303,153.777997,10.05,9.0,2
btc-updown-15m-1786167000,weekend,2026-08-03,00-06,T-15s_to_settlement,1,47.84,47.3616,47.84,15.0,0
btc-updown-15m-1786177800,weekend,2026-08-03,00-06,T-15m_to_T-10m,199,5398.721879,2560.960170015974,10.0,28.0,64
btc-updown-15m-1786177800,weekend,2026-08-03,00-06,T-10m_to_T-5m,171,4480.373726,2147.3906680097066,9.5,15.0,70
btc-updown-15m-1786177800,weekend,2026-08-03,00-06,T-5m_to_T-2m,47,1923.531581,1093.1626800055335,14.49,21.0,12
btc-updown-15m-1786177800,weekend,2026-08-03,00-06,T-2m_to_T-1m,3,265.328,14.1999879962564,103.316,38.0,1
btc-updown-15m-1786177800,weekend,2026-08-03,00-06,T-60s_to_T-30s,5,408.649,396.254371,50.0,12.0,2
btc-updown-15m-1786177800,weekend,2026-08-03,00-06,T-30s_to_T-15s,0,0,0,,15,0
btc-updown-15m-1786177800,weekend,2026-08-03,00-06,T-15s_to_settlement,0,0,0,,15,0
btc-updown-15m-1786188600,weekend,2026-08-03,06-12,T-15m_to_T-10m,258,7173.214314,3618.767491997157,11.1976735,17.0,54
btc-updown-15m-1786188600,weekend,2026-08-03,06-12,T-10m_to_T-5m,214,5355.6830899999995,2609.4855019825677,8.914284,20.0,73
btc-updown-15m-1786188600,weekend,2026-08-03,06-12,T-5m_to_T-2m,184,1998.894613,828.158016999974,5.2803015,6.0,75
btc-updown-15m-1786188600,weekend,2026-08-03,06-12,T-2m_to_T-1m,82,1256.172855,792.1939580046756,7.0208685,5.0,32
btc-updown-15m-1786188600,weekend,2026-08-03,06-12,T-60s_to_T-30s,28,398.65754499999997,219.49799299647105,6.245,6.0,11
btc-updown-15m-1786188600,weekend,2026-08-03,06-12,T-30s_to_T-15s,36,3622.329946,2455.607973044841,15.576525,2.0,8
btc-updown-15m-1786188600,weekend,2026-08-03,06-12,T-15s_to_settlement,1,3.0,2.9699999999999998,3.0,9.0,0
btc-updown-15m-1786210200,weekend,2026-08-03,12-18,T-15m_to_T-10m,264,5880.636709,2659.2588040089095,11.49577,16.0,73
btc-updown-15m-1786210200,weekend,2026-08-03,12-18,T-10m_to_T-5m,206,4925.069634,3184.2290110162776,5.292337,11.0,63
btc-updown-15m-1786210200,weekend,2026-08-03,12-18,T-5m_to_T-2m,216,4057.226139,2896.4932209988674,8.0,11.0,47
btc-updown-15m-1786210200,weekend,2026-08-03,12-18,T-2m_to_T-1m,66,1918.877533,1338.0887360019474,11.4205665,5.0,12
btc-updown-15m-1786210200,weekend,2026-08-03,12-18,T-60s_to_T-30s,18,429.22,321.7107,15.0,8.0,2
btc-updown-15m-1786210200,weekend,2026-08-03,12-18,T-30s_to_T-15s,2,199.99099999999999,199.79100899999997,99.99549999999999,6.0,0
btc-updown-15m-1786210200,weekend,2026-08-03,12-18,T-15s_to_settlement,0,0,0,,15,0
btc-updown-15m-1786221000,weekend,2026-08-03,12-18,T-15m_to_T-10m,234,7498.325927,2771.019830016513,11.0,18.0,62
btc-updown-15m-1786221000,weekend,2026-08-03,12-18,T-10m_to_T-5m,236,4024.41691,2052.9547700044013,6.410254,8.0,90
btc-updown-15m-1786221000,weekend,2026-08-03,12-18,T-5m_to_T-2m,173,3002.702971,1876.5375619763981,7.0,6.0,32
btc-updown-15m-1786221000,weekend,2026-08-03,12-18,T-2m_to_T-1m,43,858.576166,626.8933529987872,10.0,6.0,14
btc-updown-15m-1786221000,weekend,2026-08-03,12-18,T-60s_to_T-30s,21,428.741706,401.1853920031046,6.0,6.0,4
btc-updown-15m-1786221000,weekend,2026-08-03,12-18,T-30s_to_T-15s,17,658.5136,651.277464000745,11.81,6.0,0
btc-updown-15m-1786221000,weekend,2026-08-03,12-18,T-15s_to_settlement,0,0,0,,15,0
btc-updown-15m-1786231800,weekend,2026-08-03,18-24,T-15m_to_T-10m,179,3783.969075,1921.7740170023296,10.0,21.0,33
btc-updown-15m-1786231800,weekend,2026-08-03,18-24,T-10m_to_T-5m,250,4701.005559,2070.685341992707,10.0,36.0,43
btc-updown-15m-1786231800,weekend,2026-08-03,18-24,T-5m_to_T-2m,118,2589.252633,2084.214278996025,10.0,15.0,12
btc-updown-15m-1786231800,weekend,2026-08-03,18-24,T-2m_to_T-1m,25,469.486526,234.45806200036336,10.0,17.0,3
btc-updown-15m-1786231800,weekend,2026-08-03,18-24,T-60s_to_T-30s,1,50.0,0.05,50.0,19.0,0
btc-updown-15m-1786231800,weekend,2026-08-03,18-24,T-30s_to_T-15s,3,208.992,125.958988,82.99,7.0,2
btc-updown-15m-1786231800,weekend,2026-08-03,18-24,T-15s_to_settlement,0,0,0,,15,0
btc-updown-15m-1786242600,weekend,2026-08-03,18-24,T-15m_to_T-10m,369,12869.054195,5740.050584969049,10.2,9.0,84
btc-updown-15m-1786242600,weekend,2026-08-03,18-24,T-10m_to_T-5m,191,4484.918729,2359.4802379648477,5.0,6.0,83
btc-updown-15m-1786242600,weekend,2026-08-03,18-24,T-5m_to_T-2m,144,3870.757431,2271.738945954614,5.906975,6.0,47
btc-updown-15m-1786242600,weekend,2026-08-03,18-24,T-2m_to_T-1m,12,451.4039,297.117161000052,31.46,51.0,5
btc-updown-15m-1786242600,weekend,2026-08-03,18-24,T-60s_to_T-30s,0,0,0,,30,0
btc-updown-15m-1786242600,weekend,2026-08-03,18-24,T-30s_to_T-15s,0,0,0,,15,0
btc-updown-15m-1786242600,weekend,2026-08-03,18-24,T-15s_to_settlement,1,1037.46,1036.42254,1037.46,13.0,0
btc-updown-15m-1786253400,weekend,2026-08-03,00-06,T-15m_to_T-10m,171,4411.64485,2108.42896301008,14.0,24.0,19
btc-updown-15m-1786253400,weekend,2026-08-03,00-06,T-10m_to_T-5m,244,5267.582119,2668.115456990641,13.0,18.0,73
btc-updown-15m-1786253400,weekend,2026-08-03,00-06,T-5m_to_T-2m,394,8662.516561,4045.8305670271693,10.0,3.0,101
btc-updown-15m-1786253400,weekend,2026-08-03,00-06,T-2m_to_T-1m,70,1455.1767,672.0491650136576,10.0,6.0,22
btc-updown-15m-1786253400,weekend,2026-08-03,00-06,T-60s_to_T-30s,59,1652.534613,802.8552080013005,10.0,3.0,26
btc-updown-15m-1786253400,weekend,2026-08-03,00-06,T-30s_to_T-15s,15,822.1802,715.958398,10.0,6.0,2
btc-updown-15m-1786253400,weekend,2026-08-03,00-06,T-15s_to_settlement,4,367.59389999999996,344.896861008134,6.845,6.0,1
btc-updown-15m-1786275000,weekend,2026-08-03,06-12,T-15m_to_T-10m,225,6005.695866,3080.0740199849192,9.8,33.0,46
btc-updown-15m-1786275000,weekend,2026-08-03,06-12,T-10m_to_T-5m,259,4267.310236,2603.0267769973243,5.0,6.0,90
btc-updown-15m-1786275000,weekend,2026-08-03,06-12,T-5m_to_T-2m,115,2968.609671,2510.4703480030507,5.0,12.0,25
btc-updown-15m-1786275000,weekend,2026-08-03,06-12,T-2m_to_T-1m,28,867.861812,859.0966930002021,2.5,16.0,0
btc-updown-15m-1786275000,weekend,2026-08-03,06-12,T-60s_to_T-30s,16,411.3008,407.196352,16.655,12.0,0
btc-updown-15m-1786275000,weekend,2026-08-03,06-12,T-30s_to_T-15s,4,150.0,149.85,10.01,8.0,0
btc-updown-15m-1786275000,weekend,2026-08-03,06-12,T-15s_to_settlement,1,16.13,16.11387,16.13,12.0,0
btc-updown-15m-1786285800,weekend,2026-08-03,06-12,T-15m_to_T-10m,306,4240.055323,1765.63324599237,7.4502625,14.0,105
btc-updown-15m-1786285800,weekend,2026-08-03,06-12,T-10m_to_T-5m,227,4233.691945,2184.5276049828585,6.0,12.0,87
btc-updown-15m-1786285800,weekend,2026-08-03,06-12,T-5m_to_T-2m,169,2955.991952,1942.663917983957,7.2258,12.0,46
btc-updown-15m-1786285800,weekend,2026-08-03,06-12,T-2m_to_T-1m,33,538.060703,391.81291199870986,11.77,9.0,4
btc-updown-15m-1786285800,weekend,2026-08-03,06-12,T-60s_to_T-30s,4,286.784,181.750122006962,75.8,14.0,2
btc-updown-15m-1786285800,weekend,2026-08-03,06-12,T-30s_to_T-15s,2,164.81,164.64519,82.405,12.0,0
btc-updown-15m-1786285800,weekend,2026-08-03,06-12,T-15s_to_settlement,0,0,0,,15,0
btc-updown-15m-1786296600,weekend,2026-08-03,12-18,T-15m_to_T-10m,291,7620.216275,4271.1758990056005,10.0,20.0,75
btc-updown-15m-1786296600,weekend,2026-08-03,12-18,T-10m_to_T-5m,256,6480.177546,3311.8687010419576,6.17,6.0,90
btc-updown-15m-1786296600,weekend,2026-08-03,12-18,T-5m_to_T-2m,147,2253.197073,1278.9025020006789,4.0,6.0,52
btc-updown-15m-1786296600,weekend,2026-08-03,12-18,T-2m_to_T-1m,60,1511.32267,1020.8981710021299,10.095741499999999,5.0,10
btc-updown-15m-1786296600,weekend,2026-08-03,12-18,T-60s_to_T-30s,57,1371.14203,925.2829530012808,10.40625,3.0,12
btc-updown-15m-1786296600,weekend,2026-08-03,12-18,T-30s_to_T-15s,8,721.965713,467.9905989978854,15.0,4.0,2
btc-updown-15m-1786296600,weekend,2026-08-03,12-18,T-15s_to_settlement,1,1.47,1.4553,1.47,10.0,0
btc-updown-15m-1786318200,weekend,2026-08-03,18-24,T-15m_to_T-10m,428,9559.201813,4850.2830699521755,10.0,17.0,124
btc-updown-15m-1786318200,weekend,2026-08-03,18-24,T-10m_to_T-5m,437,7265.966891,3640.642641001207,8.69,9.0,135
btc-updown-15m-1786318200,weekend,2026-08-03,18-24,T-5m_to_T-2m,156,4729.354179,2312.632687000323,5.5867629999999995,17.0,53
btc-updown-15m-1786318200,weekend,2026-08-03,18-24,T-2m_to_T-1m,88,2533.837021,1065.6632299972437,9.886363,7.0,36
btc-updown-15m-1786318200,weekend,2026-08-03,18-24,T-60s_to_T-30s,54,1695.438811,1133.5415860011747,11.292807499999999,8.0,16
btc-updown-15m-1786318200,weekend,2026-08-03,18-24,T-30s_to_T-15s,3,175.096,18.518775997877597,11.6,6.0,2
btc-updown-15m-1786318200,weekend,2026-08-03,18-24,T-15s_to_settlement,4,201.84,201.58418000691,14.35,7.0,0
btc-updown-15m-1786329000,weekend,2026-08-03,18-24,T-15m_to_T-10m,254,6633.822222,3902.6072999635535,8.201876,14.0,97
btc-updown-15m-1786329000,weekend,2026-08-03,18-24,T-10m_to_T-5m,219,4466.792689,2759.692170983806,7.082346,12.0,53
btc-updown-15m-1786329000,weekend,2026-08-03,18-24,T-5m_to_T-2m,147,5155.974606,4615.811012019658,15.0,21.0,13
btc-updown-15m-1786329000,weekend,2026-08-03,18-24,T-2m_to_T-1m,10,856.179,656.200320999904,14.507,18.0,1
btc-updown-15m-1786329000,weekend,2026-08-03,18-24,T-60s_to_T-30s,0,0,0,,30,0
btc-updown-15m-1786329000,weekend,2026-08-03,18-24,T-30s_to_T-15s,0,0,0,,15,0
btc-updown-15m-1786329000,weekend,2026-08-03,18-24,T-15s_to_settlement,0,0,0,,15,0
btc-updown-15m-1786388400,weekday,2026-08-10,12-18,T-15m_to_T-10m,335,7928.755113,4059.858076985729,8.0,11.0,112
btc-updown-15m-1786388400,weekday,2026-08-10,12-18,T-10m_to_T-5m,234,5493.070569,3157.6148629898107,7.1008379999999995,11.0,84
btc-updown-15m-1786388400,weekday,2026-08-10,12-18,T-5m_to_T-2m,177,7207.587322,2879.74483906635,10.0,15.0,58
btc-updown-15m-1786388400,weekday,2026-08-10,12-18,T-2m_to_T-1m,89,2526.556427,1981.7785460004975,10.0,6.0,15
btc-updown-15m-1786388400,weekday,2026-08-10,12-18,T-60s_to_T-30s,5,166.35999999999999,164.69639999999998,10.0,21.0,0
btc-updown-15m-1786388400,weekday,2026-08-10,12-18,T-30s_to_T-15s,0,0,0,,15,0
btc-updown-15m-1786388400,weekday,2026-08-10,12-18,T-15s_to_settlement,1,13.67,13.65633,13.67,11.0,0
btc-updown-15m-1786410000,weekday,2026-08-10,18-24,T-15m_to_T-10m,271,5853.982893,2705.541579004798,9.8,16.0,88
btc-updown-15m-1786410000,weekday,2026-08-10,18-24,T-10m_to_T-5m,201,2941.877446,1294.4760580037105,5.263156,16.0,72
btc-updown-15m-1786410000,weekday,2026-08-10,18-24,T-5m_to_T-2m,482,8134.153074,4362.283684959499,10.0,5.0,118
btc-updown-15m-1786410000,weekday,2026-08-10,18-24,T-2m_to_T-1m,31,1067.203774,1048.668430000067,6.0,9.0,2
btc-updown-15m-1786410000,weekday,2026-08-10,18-24,T-60s_to_T-30s,8,2585.54,25.8554,12.22,11.0,0
btc-updown-15m-1786410000,weekday,2026-08-10,18-24,T-30s_to_T-15s,3,42.42,22.3958,10.0,12.0,1
btc-updown-15m-1786410000,weekday,2026-08-10,18-24,T-15s_to_settlement,0,0,0,,15,0
btc-updown-15m-1786431600,weekday,2026-08-10,00-06,T-15m_to_T-10m,291,8255.715317,3867.4624929984225,10.0,10.0,85
btc-updown-15m-1786431600,weekday,2026-08-10,00-06,T-10m_to_T-5m,268,4701.5102799999995,2155.8292580261136,7.0,18.0,85
btc-updown-15m-1786431600,weekday,2026-08-10,00-06,T-5m_to_T-2m,233,5742.475363,2395.1504059976983,8.08,6.0,69
btc-updown-15m-1786431600,weekday,2026-08-10,00-06,T-2m_to_T-1m,111,2947.986829,1524.4888579975416,10.0,5.0,35
btc-updown-15m-1786431600,weekday,2026-08-10,00-06,T-60s_to_T-30s,36,1295.222037,913.561127003829,10.0,4.0,9
btc-updown-15m-1786431600,weekday,2026-08-10,00-06,T-30s_to_T-15s,3,4.88,4.8312,1.24,12.0,0
btc-updown-15m-1786431600,weekday,2026-08-10,00-06,T-15s_to_settlement,3,22.94,3.1106000000000003,10.0,7.0,1
btc-updown-15m-1786453200,weekday,2026-08-10,06-12,T-15m_to_T-10m,319,11549.832649,6348.298383014229,10.0,12.0,86
btc-updown-15m-1786453200,weekday,2026-08-10,06-12,T-10m_to_T-5m,385,9242.017786,4580.026952027422,8.0,7.0,141
btc-updown-15m-1786453200,weekday,2026-08-10,06-12,T-5m_to_T-2m,291,9464.996147,4495.678933974338,10.0,6.0,94
btc-updown-15m-1786453200,weekday,2026-08-10,06-12,T-2m_to_T-1m,86,3597.7371479999997,2717.2144459706437,11.120555,8.0,24
btc-updown-15m-1786453200,weekday,2026-08-10,06-12,T-60s_to_T-30s,30,6609.8314,2157.327086023386,7.815,9.0,6
btc-updown-15m-1786453200,weekday,2026-08-10,06-12,T-30s_to_T-15s,9,173.774,30.153106,10.0,4.0,3
btc-updown-15m-1786453200,weekday,2026-08-10,06-12,T-15s_to_settlement,1,80.89,80.80911,80.89,8.0,0
btc-updown-15m-1786496400,weekday,2026-08-10,18-24,T-15m_to_T-10m,535,10398.756763,4860.874521976771,10.0,11.0,137
btc-updown-15m-1786496400,weekday,2026-08-10,18-24,T-10m_to_T-5m,477,7825.361101,3852.114243019401,7.98,6.0,147
btc-updown-15m-1786496400,weekday,2026-08-10,18-24,T-5m_to_T-2m,289,5679.429172,2757.9867879690296,6.0,7.0,80
btc-updown-15m-1786496400,weekday,2026-08-10,18-24,T-2m_to_T-1m,85,2284.054391,1744.2029719999955,6.0,5.0,8
btc-updown-15m-1786496400,weekday,2026-08-10,18-24,T-60s_to_T-30s,8,444.3749,439.931151,3.73735,17.0,0
btc-updown-15m-1786496400,weekday,2026-08-10,18-24,T-30s_to_T-15s,0,0,0,,15,0
btc-updown-15m-1786496400,weekday,2026-08-10,18-24,T-15s_to_settlement,0,0,0,,15,0
btc-updown-15m-1786518000,weekday,2026-08-10,00-06,T-15m_to_T-10m,290,6249.401387,3069.4033329856215,10.0,12.0,84
btc-updown-15m-1786518000,weekday,2026-08-10,00-06,T-10m_to_T-5m,129,2679.964633,1669.9196289780073,7.0,17.0,38
btc-updown-15m-1786518000,weekday,2026-08-10,00-06,T-5m_to_T-2m,62,3700.087222,2033.0531990416473,6.08225,20.0,19
btc-updown-15m-1786518000,weekday,2026-08-10,00-06,T-2m_to_T-1m,5,2019.982,39.962018,11.011,20.0,1
btc-updown-15m-1786518000,weekday,2026-08-10,00-06,T-60s_to_T-30s,0,0,0,,30,0
btc-updown-15m-1786518000,weekday,2026-08-10,00-06,T-30s_to_T-15s,0,0,0,,15,0
btc-updown-15m-1786518000,weekday,2026-08-10,00-06,T-15s_to_settlement,0,0,0,,15,0
btc-updown-15m-1786561200,weekday,2026-08-10,12-18,T-15m_to_T-10m,349,6439.957812,3198.3016400083434,5.83,10.0,109
btc-updown-15m-1786561200,weekday,2026-08-10,12-18,T-10m_to_T-5m,343,4893.251895,2615.2579109983285,5.065787,8.0,143
btc-updown-15m-1786561200,weekday,2026-08-10,12-18,T-5m_to_T-2m,185,4203.487573,1945.3350639736125,5.68,15.0,42
btc-updown-15m-1786561200,weekday,2026-08-10,12-18,T-2m_to_T-1m,146,3412.354572,1463.2844709936533,6.0797045,3.0,39
btc-updown-15m-1786561200,weekday,2026-08-10,12-18,T-60s_to_T-30s,54,1795.683293,1354.80500700204,10.0,9.0,3
btc-updown-15m-1786561200,weekday,2026-08-10,12-18,T-30s_to_T-15s,8,1031.53,11.8147,5.0,8.0,2
btc-updown-15m-1786561200,weekday,2026-08-10,12-18,T-15s_to_settlement,5,25.0,5.15,5.0,6.0,1
btc-updown-15m-1786626000,weekday,2026-08-10,06-12,T-15m_to_T-10m,442,10763.323953,5522.9576010094725,10.0,10.0,146
btc-updown-15m-1786626000,weekday,2026-08-10,06-12,T-10m_to_T-5m,255,7140.501425,3577.7993590019023,15.0,17.0,80
btc-updown-15m-1786626000,weekday,2026-08-10,06-12,T-5m_to_T-2m,131,3042.208389,1468.9462899985456,15.0,9.0,46
btc-updown-15m-1786626000,weekday,2026-08-10,06-12,T-2m_to_T-1m,35,799.9182,691.261618,9.06,36.0,5
btc-updown-15m-1786626000,weekday,2026-08-10,06-12,T-60s_to_T-30s,3,824.473,203.3753800159182,104.16,14.0,1
btc-updown-15m-1786626000,weekday,2026-08-10,06-12,T-30s_to_T-15s,0,0,0,,15,0
btc-updown-15m-1786626000,weekday,2026-08-10,06-12,T-15s_to_settlement,0,0,0,,15,0
btc-updown-15m-1786647600,weekday,2026-08-10,12-18,T-15m_to_T-10m,272,4183.499129,2114.589916015582,5.1123725,12.0,89
btc-updown-15m-1786647600,weekday,2026-08-10,12-18,T-10m_to_T-5m,285,17921.88388,8739.514943022947,10.0,20.0,91
btc-updown-15m-1786647600,weekday,2026-08-10,12-18,T-5m_to_T-2m,91,11587.631026,3724.2644627265277,23.0,23.0,17
btc-updown-15m-1786647600,weekday,2026-08-10,12-18,T-2m_to_T-1m,8,1132.2058,132.797981001385,14.015,21.0,1
btc-updown-15m-1786647600,weekday,2026-08-10,12-18,T-60s_to_T-30s,0,0,0,,30,0
btc-updown-15m-1786647600,weekday,2026-08-10,12-18,T-30s_to_T-15s,0,0,0,,15,0
btc-updown-15m-1786647600,weekday,2026-08-10,12-18,T-15s_to_settlement,0,0,0,,15,0
btc-updown-15m-1786669200,weekday,2026-08-10,18-24,T-15m_to_T-10m,470,7063.125961,3363.0285899704395,6.0,10.0,146
btc-updown-15m-1786669200,weekday,2026-08-10,18-24,T-10m_to_T-5m,460,7242.769931,3248.5609979908445,6.7,8.0,148
btc-updown-15m-1786669200,weekday,2026-08-10,18-24,T-5m_to_T-2m,366,10131.182038,5344.14447700041,11.028984999999999,10.0,102
btc-updown-15m-1786669200,weekday,2026-08-10,18-24,T-2m_to_T-1m,245,4821.816835,2058.538600001249,8.590908,9.0,56
btc-updown-15m-1786669200,weekday,2026-08-10,18-24,T-60s_to_T-30s,55,2638.831957,2260.341180019204,10.0,6.0,18
btc-updown-15m-1786669200,weekday,2026-08-10,18-24,T-30s_to_T-15s,2,201.33,3.3167,100.665,8.0,1
btc-updown-15m-1786669200,weekday,2026-08-10,18-24,T-15s_to_settlement,1,500.0,5.0,500.0,14.0,0
btc-updown-15m-1786690800,weekday,2026-08-10,00-06,T-15m_to_T-10m,525,11713.409028,6178.103029974582,10.0,9.0,135
btc-updown-15m-1786690800,weekday,2026-08-10,00-06,T-10m_to_T-5m,220,11222.375041,4706.104580979094,12.5,9.0,75
btc-updown-15m-1786690800,weekday,2026-08-10,00-06,T-5m_to_T-2m,96,5820.504319,5604.04327399223,15.0,44.0,8
btc-updown-15m-1786690800,weekday,2026-08-10,00-06,T-2m_to_T-1m,18,4163.191,1364.3487990458962,10.615,17.0,6
btc-updown-15m-1786690800,weekday,2026-08-10,00-06,T-60s_to_T-30s,0,0,0,,30,0
btc-updown-15m-1786690800,weekday,2026-08-10,00-06,T-30s_to_T-15s,0,0,0,,15,0
btc-updown-15m-1786690800,weekday,2026-08-10,00-06,T-15s_to_settlement,0,0,0,,15,0
btc-updown-15m-1786734000,weekday,2026-08-10,12-18,T-15m_to_T-10m,369,9236.884555,4721.272178000415,5.405404,12.0,124
btc-updown-15m-1786734000,weekday,2026-08-10,12-18,T-10m_to_T-5m,209,6573.993141,3224.485987995914,11.317646,17.0,56
btc-updown-15m-1786734000,weekday,2026-08-10,12-18,T-5m_to_T-2m,105,2123.602213,1628.4571440062043,10.0,25.0,22
btc-updown-15m-1786734000,weekday,2026-08-10,12-18,T-2m_to_T-1m,4,188.83599999999998,47.49155199936,21.048000000000002,27.0,2
btc-updown-15m-1786734000,weekday,2026-08-10,12-18,T-60s_to_T-30s,0,0,0,,30,0
btc-updown-15m-1786734000,weekday,2026-08-10,12-18,T-30s_to_T-15s,2,390.88,328.61312,195.44,9.0,1
btc-updown-15m-1786734000,weekday,2026-08-10,12-18,T-15s_to_settlement,1,1.12,1.11888,1.12,9.0,0
btc-updown-15m-1786771800,weekend,2026-08-10,00-06,T-15m_to_T-10m,260,3815.653451,1994.682312984438,6.0,14.0,86
btc-updown-15m-1786771800,weekend,2026-08-10,00-06,T-10m_to_T-5m,221,4154.507379,2360.0997579719487,6.303795,27.0,78
btc-updown-15m-1786771800,weekend,2026-08-10,00-06,T-5m_to_T-2m,47,2986.818733,2223.091221028909,30.0,57.0,14
btc-updown-15m-1786771800,weekend,2026-08-10,00-06,T-2m_to_T-1m,0,0,0,,60,0
btc-updown-15m-1786771800,weekend,2026-08-10,00-06,T-60s_to_T-30s,1,210.44,210.22956,210.44,26.0,0
btc-updown-15m-1786771800,weekend,2026-08-10,00-06,T-30s_to_T-15s,0,0,0,,15,0
btc-updown-15m-1786771800,weekend,2026-08-10,00-06,T-15s_to_settlement,2,7.8100000000000005,7.80219,3.9050000000000002,6.0,0
btc-updown-15m-1786782600,weekend,2026-08-10,00-06,T-15m_to_T-10m,307,6916.71662,3459.833572976783,7.35,12.0,94
btc-updown-15m-1786782600,weekend,2026-08-10,00-06,T-10m_to_T-5m,289,6568.916771,3741.312092009522,8.90476,6.0,89
btc-updown-15m-1786782600,weekend,2026-08-10,00-06,T-5m_to_T-2m,49,1731.075303,1342.1095860116077,10.309266,28.0,20
btc-updown-15m-1786782600,weekend,2026-08-10,00-06,T-2m_to_T-1m,26,991.4621999999999,981.655137,5.52525,18.0,0
btc-updown-15m-1786782600,weekend,2026-08-10,00-06,T-60s_to_T-30s,2,659.53,658.87047,329.765,15.0,0
btc-updown-15m-1786782600,weekend,2026-08-10,00-06,T-30s_to_T-15s,0,0,0,,15,0
btc-updown-15m-1786782600,weekend,2026-08-10,00-06,T-15s_to_settlement,0,0,0,,15,0
btc-updown-15m-1786793400,weekend,2026-08-10,06-12,T-15m_to_T-10m,161,3400.38526,1667.735727974649,9.0,30.0,44
btc-updown-15m-1786793400,weekend,2026-08-10,06-12,T-10m_to_T-5m,178,3662.715882,2016.9850559875767,10.0,21.0,52
btc-updown-15m-1786793400,weekend,2026-08-10,06-12,T-5m_to_T-2m,179,3753.51553,1933.9493440134995,10.0,6.0,68
btc-updown-15m-1786793400,weekend,2026-08-10,06-12,T-2m_to_T-1m,114,2604.534348,1870.7947919866835,8.945568999999999,3.0,23
btc-updown-15m-1786793400,weekend,2026-08-10,06-12,T-60s_to_T-30s,5,343.15000000000003,329.9185,11.59,9.0,1
btc-updown-15m-1786793400,weekend,2026-08-10,06-12,T-30s_to_T-15s,0,0,0,,15,0
btc-updown-15m-1786793400,weekend,2026-08-10,06-12,T-15s_to_settlement,1,9.8,9.702,9.8,10.0,0
btc-updown-15m-1786804200,weekend,2026-08-10,06-12,T-15m_to_T-10m,171,4447.995494,2238.8039199807477,8.77,15.0,32
btc-updown-15m-1786804200,weekend,2026-08-10,06-12,T-10m_to_T-5m,296,5205.615993,2835.2715810176983,6.970000000000001,10.0,90
btc-updown-15m-1786804200,weekend,2026-08-10,06-12,T-5m_to_T-2m,338,8535.873033,4260.884498982007,10.0,6.0,103
btc-updown-15m-1786804200,weekend,2026-08-10,06-12,T-2m_to_T-1m,64,1653.437691,1009.0144969920824,7.520431,5.0,24
btc-updown-15m-1786804200,weekend,2026-08-10,06-12,T-60s_to_T-30s,55,1259.110791,826.0354619962858,10.123452,3.0,20
btc-updown-15m-1786804200,weekend,2026-08-10,06-12,T-30s_to_T-15s,17,257.684793,241.22344200332222,6.0606,3.0,3
btc-updown-15m-1786804200,weekend,2026-08-10,06-12,T-15s_to_settlement,13,1072.5992,1061.861208,10.101,6.0,0
btc-updown-15m-1786815000,weekend,2026-08-10,12-18,T-15m_to_T-10m,128,2091.453281,1087.5059459969543,5.1482355,27.0,27
btc-updown-15m-1786815000,weekend,2026-08-10,12-18,T-10m_to_T-5m,252,5130.438373,2684.4912039732444,8.69,13.0,91
btc-updown-15m-1786815000,weekend,2026-08-10,12-18,T-5m_to_T-2m,326,7627.666288,3895.0048889882323,10.0,9.0,87
btc-updown-15m-1786815000,weekend,2026-08-10,12-18,T-2m_to_T-1m,117,2600.091407,1248.3116710098043,10.0,3.0,38
btc-updown-15m-1786815000,weekend,2026-08-10,12-18,T-60s_to_T-30s,118,3175.127948,1822.5660590115037,8.5856915,4.0,28
btc-updown-15m-1786815000,weekend,2026-08-10,12-18,T-30s_to_T-15s,41,1100.689182,674.1590440026101,10.0,2.0,13
btc-updown-15m-1786815000,weekend,2026-08-10,12-18,T-15s_to_settlement,37,580.445716,427.4548980009482,10.0,3.0,7
btc-updown-15m-1786825800,weekend,2026-08-10,12-18,T-15m_to_T-10m,163,2689.015462,1357.1732419905609,8.06,14.0,35
btc-updown-15m-1786825800,weekend,2026-08-10,12-18,T-10m_to_T-5m,237,3325.475864,1684.645111012992,7.476414,22.0,61
btc-updown-15m-1786825800,weekend,2026-08-10,12-18,T-5m_to_T-2m,170,4441.551712,2249.1691140065473,10.0,7.0,67
btc-updown-15m-1786825800,weekend,2026-08-10,12-18,T-2m_to_T-1m,72,968.87734,366.8291699955135,5.7683325,6.0,21
btc-updown-15m-1786825800,weekend,2026-08-10,12-18,T-60s_to_T-30s,119,3534.218601,1981.369727000821,16.67,2.0,39
btc-updown-15m-1786825800,weekend,2026-08-10,12-18,T-30s_to_T-15s,10,644.4911,633.4280890001884,10.19455,5.0,2
btc-updown-15m-1786825800,weekend,2026-08-10,12-18,T-15s_to_settlement,0,0,0,,15,0
btc-updown-15m-1786858200,weekend,2026-08-10,00-06,T-15m_to_T-10m,164,3382.671171,1511.552731959446,5.275766,27.0,72
btc-updown-15m-1786858200,weekend,2026-08-10,00-06,T-10m_to_T-5m,257,4468.874447,2607.71477998868,6.8,8.0,75
btc-updown-15m-1786858200,weekend,2026-08-10,00-06,T-5m_to_T-2m,324,9793.87795,4531.28299201924,7.380434,6.0,92
btc-updown-15m-1786858200,weekend,2026-08-10,00-06,T-2m_to_T-1m,126,3918.114168,2211.194518006275,10.0,7.0,40
btc-updown-15m-1786858200,weekend,2026-08-10,00-06,T-60s_to_T-30s,58,2652.15141,2323.482115999193,10.0,6.0,9
btc-updown-15m-1786858200,weekend,2026-08-10,00-06,T-30s_to_T-15s,1,300.0,3.0,300.0,11.0,0
btc-updown-15m-1786858200,weekend,2026-08-10,00-06,T-15s_to_settlement,2,318.0,197.22,159.0,8.0,1
btc-updown-15m-1786879800,weekend,2026-08-10,06-12,T-15m_to_T-10m,259,5072.879668,2563.6435979843222,10.0,20.0,69
btc-updown-15m-1786879800,weekend,2026-08-10,06-12,T-10m_to_T-5m,253,4070.994173,2071.888166017539,7.142856,20.0,71
btc-updown-15m-1786879800,weekend,2026-08-10,06-12,T-5m_to_T-2m,87,2501.106976,1821.3068979907869,10.0,23.0,33
btc-updown-15m-1786879800,weekend,2026-08-10,06-12,T-2m_to_T-1m,23,1066.321878,937.608392998696,11.461,9.0,2
btc-updown-15m-1786879800,weekend,2026-08-10,06-12,T-60s_to_T-30s,8,325.243354,214.85809000580946,19.4435,6.0,2
btc-updown-15m-1786879800,weekend,2026-08-10,06-12,T-30s_to_T-15s,3,321.79600600000003,271.574209000006,50.0,9.0,2
btc-updown-15m-1786879800,weekend,2026-08-10,06-12,T-15s_to_settlement,1,230.7,230.46929999999998,230.7,14.0,0
btc-updown-15m-1786890600,weekend,2026-08-10,06-12,T-15m_to_T-10m,372,6002.304445,3129.5949060251323,6.619482,11.0,112
btc-updown-15m-1786890600,weekend,2026-08-10,06-12,T-10m_to_T-5m,304,3770.397268,2312.798142984403,5.6161604999999994,12.0,102
btc-updown-15m-1786890600,weekend,2026-08-10,06-12,T-5m_to_T-2m,124,2020.291165,1081.1505419838115,7.384458,12.0,49
btc-updown-15m-1786890600,weekend,2026-08-10,06-12,T-2m_to_T-1m,37,543.578499,224.3753629949037,5.0,9.0,9
btc-updown-15m-1786890600,weekend,2026-08-10,06-12,T-60s_to_T-30s,43,701.8417,400.908287006415,10.0,8.0,6
btc-updown-15m-1786890600,weekend,2026-08-10,06-12,T-30s_to_T-15s,0,0,0,,15,0
btc-updown-15m-1786890600,weekend,2026-08-10,06-12,T-15s_to_settlement,0,0,0,,15,0
btc-updown-15m-1786901400,weekend,2026-08-10,12-18,T-15m_to_T-10m,369,6340.439481,3132.5159099704074,6.23611,22.0,99
btc-updown-15m-1786901400,weekend,2026-08-10,12-18,T-10m_to_T-5m,386,8589.564096,4041.8022409916784,7.0,6.0,125
btc-updown-15m-1786901400,weekend,2026-08-10,12-18,T-5m_to_T-2m,194,4493.594427,2124.063721978429,7.015000000000001,15.0,66
btc-updown-15m-1786901400,weekend,2026-08-10,12-18,T-2m_to_T-1m,27,1320.3886499999999,1014.6584949999999,5.0505,15.0,6
btc-updown-15m-1786901400,weekend,2026-08-10,12-18,T-60s_to_T-30s,0,0,0,,30,0
btc-updown-15m-1786901400,weekend,2026-08-10,12-18,T-30s_to_T-15s,0,0,0,,15,0
btc-updown-15m-1786901400,weekend,2026-08-10,12-18,T-15s_to_settlement,0,0,0,,15,0
btc-updown-15m-1786923000,weekend,2026-08-10,18-24,T-15m_to_T-10m,227,3472.820755,1719.0414180048772,6.0,12.0,89
btc-updown-15m-1786923000,weekend,2026-08-10,18-24,T-10m_to_T-5m,309,4700.521477,2458.1080719653023,5.91,15.0,83
btc-updown-15m-1786923000,weekend,2026-08-10,18-24,T-5m_to_T-2m,116,2678.642784,1684.6976209912914,6.12222,15.0,39
btc-updown-15m-1786923000,weekend,2026-08-10,18-24,T-2m_to_T-1m,7,1540.0515,746.04695699,76.596,15.0,3
btc-updown-15m-1786923000,weekend,2026-08-10,18-24,T-60s_to_T-30s,2,1500.0,1.5,750.0,26.0,0
btc-updown-15m-1786923000,weekend,2026-08-10,18-24,T-30s_to_T-15s,0,0,0,,15,0
btc-updown-15m-1786923000,weekend,2026-08-10,18-24,T-15s_to_settlement,0,0,0,,15,0
btc-updown-15m-1786933800,weekend,2026-08-10,18-24,T-15m_to_T-10m,646,11053.963328,5211.924120992272,7.0,8.0,179
btc-updown-15m-1786933800,weekend,2026-08-10,18-24,T-10m_to_T-5m,271,5056.438809,2578.4413039901415,6.0,13.0,98
btc-updown-15m-1786933800,weekend,2026-08-10,18-24,T-5m_to_T-2m,53,3264.141766,1978.7254260043464,10.0,53.0,13
btc-updown-15m-1786933800,weekend,2026-08-10,18-24,T-2m_to_T-1m,6,489.216,488.269984,9.8945,45.0,0
btc-updown-15m-1786933800,weekend,2026-08-10,18-24,T-60s_to_T-30s,1,158.34,158.18166,158.34,24.0,0
btc-updown-15m-1786933800,weekend,2026-08-10,18-24,T-30s_to_T-15s,0,0,0,,15,0
btc-updown-15m-1786933800,weekend,2026-08-10,18-24,T-15s_to_settlement,1,1000.0,1.0,1000.0,12.0,0
btc-updown-15m-1786950000,weekday,2026-08-17,00-06,T-15m_to_T-10m,505,11619.078592,4597.980869049669,8.761903,7.0,158
btc-updown-15m-1786950000,weekday,2026-08-17,00-06,T-10m_to_T-5m,201,4493.17935,2953.863597991356,10.0,12.0,50
btc-updown-15m-1786950000,weekday,2026-08-17,00-06,T-5m_to_T-2m,96,7358.0450710000005,6073.955255908073,25.7,14.0,32
btc-updown-15m-1786950000,weekday,2026-08-17,00-06,T-2m_to_T-1m,7,2578.272,692.1806560074781,102.36,35.0,4
btc-updown-15m-1786950000,weekday,2026-08-17,00-06,T-60s_to_T-30s,0,0,0,,30,0
btc-updown-15m-1786950000,weekday,2026-08-17,00-06,T-30s_to_T-15s,0,0,0,,15,0
btc-updown-15m-1786950000,weekday,2026-08-17,00-06,T-15s_to_settlement,0,0,0,,15,0
btc-updown-15m-1786971600,weekday,2026-08-17,06-12,T-15m_to_T-10m,337,6961.420294,3304.546132007123,7.291665,9.0,96
btc-updown-15m-1786971600,weekday,2026-08-17,06-12,T-10m_to_T-5m,240,4875.857747,2509.6902199884435,6.4675,16.0,79
btc-updown-15m-1786971600,weekday,2026-08-17,06-12,T-5m_to_T-2m,409,12386.869957,6293.11829897651,11.66,10.0,111
btc-updown-15m-1786971600,weekday,2026-08-17,06-12,T-2m_to_T-1m,211,5514.729766,3242.161767005207,6.0,4.0,56
btc-updown-15m-1786971600,weekday,2026-08-17,06-12,T-60s_to_T-30s,67,1933.848726,1687.50445598404,5.0808,2.0,11
btc-updown-15m-1786971600,weekday,2026-08-17,06-12,T-30s_to_T-15s,43,1916.051145,1185.794257984679,5.0505,8.0,5
btc-updown-15m-1786971600,weekday,2026-08-17,06-12,T-15s_to_settlement,0,0,0,,15,0
btc-updown-15m-1787014800,weekday,2026-08-17,18-24,T-15m_to_T-10m,811,14574.091353,7049.686762003936,6.51,14.0,149
btc-updown-15m-1787014800,weekday,2026-08-17,18-24,T-10m_to_T-5m,250,4796.789185,2711.179988996318,10.0,12.0,77
btc-updown-15m-1787014800,weekday,2026-08-17,18-24,T-5m_to_T-2m,111,7262.972843,4572.773613980329,18.33,30.0,35
btc-updown-15m-1787014800,weekday,2026-08-17,18-24,T-2m_to_T-1m,68,4781.559538,3088.0741499080923,5.0,6.0,22
btc-updown-15m-1787014800,weekday,2026-08-17,18-24,T-60s_to_T-30s,4,236.0,116.998640004,54.995,16.0,1
btc-updown-15m-1787014800,weekday,2026-08-17,18-24,T-30s_to_T-15s,0,0,0,,15,0
btc-updown-15m-1787014800,weekday,2026-08-17,18-24,T-15s_to_settlement,0,0,0,,15,0
btc-updown-15m-1787036400,weekday,2026-08-17,00-06,T-15m_to_T-10m,455,14762.15865,7562.536579144931,7.0,9.0,84
btc-updown-15m-1787036400,weekday,2026-08-17,00-06,T-10m_to_T-5m,498,9468.29599,5249.17548899223,7.266865,27.0,88
btc-updown-15m-1787036400,weekday,2026-08-17,00-06,T-5m_to_T-2m,203,3561.337949,1646.9659200066073,6.34,8.0,82
btc-updown-15m-1787036400,weekday,2026-08-17,00-06,T-2m_to_T-1m,108,1236.014366,720.4728949990828,6.2230505,3.0,41
btc-updown-15m-1787036400,weekday,2026-08-17,00-06,T-60s_to_T-30s,58,9189.773181,3207.151937930461,23.0,6.0,13
btc-updown-15m-1787036400,weekday,2026-08-17,00-06,T-30s_to_T-15s,11,5531.26,592.9406,20.0,10.0,2
btc-updown-15m-1787036400,weekday,2026-08-17,00-06,T-15s_to_settlement,0,0,0,,15,0
btc-updown-15m-1787058000,weekday,2026-08-17,06-12,T-15m_to_T-10m,352,6216.9519,2824.305894013784,8.7045155,14.0,116
btc-updown-15m-1787058000,weekday,2026-08-17,06-12,T-10m_to_T-5m,180,3777.60059,1981.557896998539,10.0,15.0,75
btc-updown-15m-1787058000,weekday,2026-08-17,06-12,T-5m_to_T-2m,78,3357.627639,1491.2874509987048,20.40815,11.0,35
btc-updown-15m-1787058000,weekday,2026-08-17,06-12,T-2m_to_T-1m,22,2244.4173,1627.840631,16.6386,12.0,2
btc-updown-15m-1787058000,weekday,2026-08-17,06-12,T-60s_to_T-30s,11,568.926029,298.1293720085641,20.0,6.0,4
btc-updown-15m-1787058000,weekday,2026-08-17,06-12,T-30s_to_T-15s,8,522.783025,70.35398501524622,5.005005,4.0,1
btc-updown-15m-1787058000,weekday,2026-08-17,06-12,T-15s_to_settlement,2,4812.49,473.550390078976,2406.245,10.0,1
btc-updown-15m-1787144400,weekday,2026-08-17,06-12,T-15m_to_T-10m,347,5506.088877,2739.528903022323,6.244443,15.0,127
btc-updown-15m-1787144400,weekday,2026-08-17,06-12,T-10m_to_T-5m,318,5511.316435,2980.1699560159914,9.240479,10.0,90
btc-updown-15m-1787144400,weekday,2026-08-17,06-12,T-5m_to_T-2m,480,17538.774796,8566.639955980316,11.2848405,3.0,136
btc-updown-15m-1787144400,weekday,2026-08-17,06-12,T-2m_to_T-1m,18,495.444237,417.6369919992526,15.0,30.0,3
btc-updown-15m-1787144400,weekday,2026-08-17,06-12,T-60s_to_T-30s,0,0,0,,30,0
btc-updown-15m-1787144400,weekday,2026-08-17,06-12,T-30s_to_T-15s,3,44.037,43.992963,7.997,13.0,0
btc-updown-15m-1787144400,weekday,2026-08-17,06-12,T-15s_to_settlement,9,652.51,651.5663400000001,9.99,3.0,0
btc-updown-15m-1787166000,weekday,2026-08-17,12-18,T-15m_to_T-10m,314,4860.828271,2540.25179402438,5.803724000000001,14.0,94
btc-updown-15m-1787166000,weekday,2026-08-17,12-18,T-10m_to_T-5m,598,9872.534651,4966.902772013522,9.045,5.0,164
btc-updown-15m-1787166000,weekday,2026-08-17,12-18,T-5m_to_T-2m,425,9174.022818,5307.389711969374,9.80392,6.0,112
btc-updown-15m-1787166000,weekday,2026-08-17,12-18,T-2m_to_T-1m,125,2285.366397,1364.4534550025558,10.0,5.0,30
btc-updown-15m-1787166000,weekday,2026-08-17,12-18,T-60s_to_T-30s,163,7141.630316,4198.803694002915,12.0,6.0,17
btc-updown-15m-1787166000,weekday,2026-08-17,12-18,T-30s_to_T-15s,1,21.27,21.057299999999998,21.27,11.0,0
btc-updown-15m-1787166000,weekday,2026-08-17,12-18,T-15s_to_settlement,0,0,0,,15,0
btc-updown-15m-1787187600,weekday,2026-08-17,18-24,T-15m_to_T-10m,470,7769.323092,3820.297275988022,5.0,9.0,154
btc-updown-15m-1787187600,weekday,2026-08-17,18-24,T-10m_to_T-5m,468,10029.970778,4652.921909998984,8.3,7.0,151
btc-updown-15m-1787187600,weekday,2026-08-17,18-24,T-5m_to_T-2m,223,6211.621542,3737.4932899882797,10.666663,8.0,91
btc-updown-15m-1787187600,weekday,2026-08-17,18-24,T-2m_to_T-1m,70,2911.593521,1752.8880799991075,11.28421,5.0,28
btc-updown-15m-1787187600,weekday,2026-08-17,18-24,T-60s_to_T-30s,42,1024.839999,435.7738989998352,5.051533,8.0,12
btc-updown-15m-1787187600,weekday,2026-08-17,18-24,T-30s_to_T-15s,2,204.70999999999998,102.70289999999999,102.35499999999999,11.0,1
btc-updown-15m-1787187600,weekday,2026-08-17,18-24,T-15s_to_settlement,0,0,0,,15,0
btc-updown-15m-1787252400,weekday,2026-08-17,12-18,T-15m_to_T-10m,380,6076.029557,3046.632992997262,5.689401500000001,15.0,121
btc-updown-15m-1787252400,weekday,2026-08-17,12-18,T-10m_to_T-5m,465,13318.145443,6747.663074983599,10.0,6.0,140
btc-updown-15m-1787252400,weekday,2026-08-17,12-18,T-5m_to_T-2m,415,22854.5312,10193.533310116412,10.306566,5.0,152
btc-updown-15m-1787252400,weekday,2026-08-17,12-18,T-2m_to_T-1m,306,16930.208798,8169.931820999076,17.75,3.0,61
btc-updown-15m-1787252400,weekday,2026-08-17,12-18,T-60s_to_T-30s,28,1360.798994,1310.2689020007685,10.3546385,9.0,1
btc-updown-15m-1787252400,weekday,2026-08-17,12-18,T-30s_to_T-15s,1,8.45,8.365499999999999,8.45,15.0,0
btc-updown-15m-1787252400,weekday,2026-08-17,12-18,T-15s_to_settlement,1,3.21,3.1778999999999997,3.21,13.0,0
btc-updown-15m-1787274000,weekday,2026-08-17,18-24,T-15m_to_T-10m,364,5538.93943,2838.5841449928557,5.059171,15.0,117
btc-updown-15m-1787274000,weekday,2026-08-17,18-24,T-10m_to_T-5m,350,7343.338415,4804.8914779955385,8.431817500000001,14.0,117
btc-updown-15m-1787274000,weekday,2026-08-17,18-24,T-5m_to_T-2m,78,6311.743066,4479.454048996159,15.0,20.0,20
btc-updown-15m-1787274000,weekday,2026-08-17,18-24,T-2m_to_T-1m,2,1108.0,1106.892,554.0,48.0,0
btc-updown-15m-1787274000,weekday,2026-08-17,18-24,T-60s_to_T-30s,4,11024.112000000001,25.108128398892003,4.9995,19.0,1
btc-updown-15m-1787274000,weekday,2026-08-17,18-24,T-30s_to_T-15s,19,386.714,382.83428599999996,5.005,6.0,4
btc-updown-15m-1787274000,weekday,2026-08-17,18-24,T-15s_to_settlement,0,0,0,,15,0
btc-updown-15m-1787295600,weekday,2026-08-17,00-06,T-15m_to_T-10m,752,17138.392051,7732.0674430076,9.6917715,5.0,221
btc-updown-15m-1787295600,weekday,2026-08-17,00-06,T-10m_to_T-5m,405,8877.957705,5677.3554049862005,8.0,6.0,135
btc-updown-15m-1787295600,weekday,2026-08-17,00-06,T-5m_to_T-2m,134,8923.320216,7205.202341021475,10.249483,15.0,26
btc-updown-15m-1787295600,weekday,2026-08-17,00-06,T-2m_to_T-1m,33,2819.7965,2220.747728000918,5.0,11.0,8
btc-updown-15m-1787295600,weekday,2026-08-17,00-06,T-60s_to_T-30s,3,219.61,219.39039000000002,18.6,24.0,0
btc-updown-15m-1787295600,weekday,2026-08-17,00-06,T-30s_to_T-15s,0,0,0,,15,0
btc-updown-15m-1787295600,weekday,2026-08-17,00-06,T-15s_to_settlement,0,0,0,,15,0
btc-updown-15m-1787317200,weekday,2026-08-17,06-12,T-15m_to_T-10m,473,7474.106458,3653.9279580041734,6.103447,9.0,139
btc-updown-15m-1787317200,weekday,2026-08-17,06-12,T-10m_to_T-5m,467,8531.165823,4362.35537902016,7.823528,11.0,177
btc-updown-15m-1787317200,weekday,2026-08-17,06-12,T-5m_to_T-2m,547,13677.110276,6088.23756191143,10.0,8.0,135
btc-updown-15m-1787317200,weekday,2026-08-17,06-12,T-2m_to_T-1m,154,5477.501321,3888.860337063434,7.234505,3.0,35
btc-updown-15m-1787317200,weekday,2026-08-17,06-12,T-60s_to_T-30s,134,4035.379619,2690.514372994947,7.6918,14.0,11
btc-updown-15m-1787317200,weekday,2026-08-17,06-12,T-30s_to_T-15s,0,0,0,,15,0
btc-updown-15m-1787317200,weekday,2026-08-17,06-12,T-15s_to_settlement,3,327.44,3.2744,107.44,10.0,0
btc-updown-15m-1787360400,weekday,2026-08-17,18-24,T-15m_to_T-10m,331,3903.443397,1911.158495992913,5.0,15.0,92
btc-updown-15m-1787360400,weekday,2026-08-17,18-24,T-10m_to_T-5m,207,4258.551589,2045.6699809811253,8.0,18.0,78
btc-updown-15m-1787360400,weekday,2026-08-17,18-24,T-5m_to_T-2m,117,7810.611877,2707.756980013328,14.285713,15.0,44
btc-updown-15m-1787360400,weekday,2026-08-17,18-24,T-2m_to_T-1m,20,3598.55375,2093.9457940084953,3.0045,17.0,5
btc-updown-15m-1787360400,weekday,2026-08-17,18-24,T-60s_to_T-30s,1,50.26,50.20974,50.26,21.0,0
btc-updown-15m-1787360400,weekday,2026-08-17,18-24,T-30s_to_T-15s,0,0,0,,15,0
btc-updown-15m-1787360400,weekday,2026-08-17,18-24,T-15s_to_settlement,0,0,0,,15,0
btc-updown-15m-1787376600,weekend,2026-08-17,00-06,T-15m_to_T-10m,506,11024.611755,4553.987728062305,5.0,7.0,161
btc-updown-15m-1787376600,weekend,2026-08-17,00-06,T-10m_to_T-5m,556,11389.546388,5723.673470063248,5.0,9.0,177
btc-updown-15m-1787376600,weekend,2026-08-17,00-06,T-5m_to_T-2m,422,9486.784274,5304.291656996468,10.0,6.0,132
btc-updown-15m-1787376600,weekend,2026-08-17,00-06,T-2m_to_T-1m,3,125.95,7.0905000000000005,20.0,30.0,1
btc-updown-15m-1787376600,weekend,2026-08-17,00-06,T-60s_to_T-30s,1,500.0,5.0,500.0,21.0,0
btc-updown-15m-1787376600,weekend,2026-08-17,00-06,T-30s_to_T-15s,0,0,0,,15,0
btc-updown-15m-1787376600,weekend,2026-08-17,00-06,T-15s_to_settlement,0,0,0,,15,0
btc-updown-15m-1787387400,weekend,2026-08-17,00-06,T-15m_to_T-10m,478,6377.387552,3431.770203989909,5.555554,9.0,156
btc-updown-15m-1787387400,weekend,2026-08-17,00-06,T-10m_to_T-5m,419,18592.769299,5933.097461045453,6.0,8.0,137
btc-updown-15m-1787387400,weekend,2026-08-17,00-06,T-5m_to_T-2m,147,4184.560503,2548.8150079902916,10.0,13.0,57
btc-updown-15m-1787387400,weekend,2026-08-17,00-06,T-2m_to_T-1m,478,16738.114143,6329.239038957321,12.66,10.0,43
btc-updown-15m-1787387400,weekend,2026-08-17,00-06,T-60s_to_T-30s,195,4837.665902,2391.645794006637,8.082466,3.0,29
btc-updown-15m-1787387400,weekend,2026-08-17,00-06,T-30s_to_T-15s,62,6710.12141,5793.083133977152,10.0,5.0,5
btc-updown-15m-1787387400,weekend,2026-08-17,00-06,T-15s_to_settlement,4,1159.69,160.53031000000001,70.59,8.0,1
btc-updown-15m-1787398200,weekend,2026-08-17,06-12,T-15m_to_T-10m,248,3437.564607,1813.4104039918477,8.0,19.0,69
btc-updown-15m-1787398200,weekend,2026-08-17,06-12,T-10m_to_T-5m,152,3399.038191,1792.7316149873284,10.0,15.0,48
btc-updown-15m-1787398200,weekend,2026-08-17,06-12,T-5m_to_T-2m,63,5589.570802,4587.985001892384,10.2,12.0,16
btc-updown-15m-1787398200,weekend,2026-08-17,06-12,T-2m_to_T-1m,13,1395.225833,1109.8143950111114,20.02,17.0,2
btc-updown-15m-1787398200,weekend,2026-08-17,06-12,T-60s_to_T-30s,13,1006.048,139.061963971182,10.0,12.0,3
btc-updown-15m-1787398200,weekend,2026-08-17,06-12,T-30s_to_T-15s,0,0,0,,15,0
btc-updown-15m-1787398200,weekend,2026-08-17,06-12,T-15s_to_settlement,1,1.07,1.0689300000000002,1.07,15.0,0
btc-updown-15m-1787419800,weekend,2026-08-17,12-18,T-15m_to_T-10m,277,4283.418151,2191.3199620093214,5.984847,23.0,81
btc-updown-15m-1787419800,weekend,2026-08-17,12-18,T-10m_to_T-5m,235,5298.03918,2553.0390659604786,5.7,18.0,80
btc-updown-15m-1787419800,weekend,2026-08-17,12-18,T-5m_to_T-2m,212,6481.982312,2826.1193219950724,6.4895385,9.0,60
btc-updown-15m-1787419800,weekend,2026-08-17,12-18,T-2m_to_T-1m,17,1682.0059,122.540941,7.0707,18.0,6
btc-updown-15m-1787419800,weekend,2026-08-17,12-18,T-60s_to_T-30s,4,24.44,4.61,6.42,15.0,1
btc-updown-15m-1787419800,weekend,2026-08-17,12-18,T-30s_to_T-15s,1,20.0,19.98,20.0,9.0,0
btc-updown-15m-1787419800,weekend,2026-08-17,12-18,T-15s_to_settlement,1,24.99,24.96501,24.99,12.0,0
btc-updown-15m-1787430600,weekend,2026-08-17,12-18,T-15m_to_T-10m,294,4643.816675,2233.1085000005405,7.1115885,13.0,90
btc-updown-15m-1787430600,weekend,2026-08-17,12-18,T-10m_to_T-5m,345,5100.250132,2682.779615008829,6.509802,10.0,102
btc-updown-15m-1787430600,weekend,2026-08-17,12-18,T-5m_to_T-2m,363,8355.975934,4341.91388999482,8.85,16.0,79
btc-updown-15m-1787430600,weekend,2026-08-17,12-18,T-2m_to_T-1m,57,1785.1466950000001,1425.9822230006585,5.32,6.0,11
btc-updown-15m-1787430600,weekend,2026-08-17,12-18,T-60s_to_T-30s,13,239.94000000000003,237.5406,4.42,26.0,0
btc-updown-15m-1787430600,weekend,2026-08-17,12-18,T-30s_to_T-15s,0,0,0,,15,0
btc-updown-15m-1787430600,weekend,2026-08-17,12-18,T-15s_to_settlement,1,6.0,5.9399999999999995,6.0,9.0,0
btc-updown-15m-1787441400,weekend,2026-08-17,18-24,T-15m_to_T-10m,217,3308.732329,1611.4933159978743,7.392155,28.0,66
btc-updown-15m-1787441400,weekend,2026-08-17,18-24,T-10m_to_T-5m,350,6445.902024,3207.8052979906884,9.511195,24.0,125
btc-updown-15m-1787441400,weekend,2026-08-17,18-24,T-5m_to_T-2m,87,8294.403318,4437.140876006445,10.0,12.0,25
btc-updown-15m-1787441400,weekend,2026-08-17,18-24,T-2m_to_T-1m,31,2447.4646,648.16605400145,6.0606,18.0,7
btc-updown-15m-1787441400,weekend,2026-08-17,18-24,T-60s_to_T-30s,0,0,0,,30,0
btc-updown-15m-1787441400,weekend,2026-08-17,18-24,T-30s_to_T-15s,0,0,0,,15,0
btc-updown-15m-1787441400,weekend,2026-08-17,18-24,T-15s_to_settlement,1,6.06,6.05394,6.06,10.0,0
btc-updown-15m-1787452200,weekend,2026-08-17,18-24,T-15m_to_T-10m,323,4290.228304,1663.1493430321034,7.082346,8.0,112
btc-updown-15m-1787452200,weekend,2026-08-17,18-24,T-10m_to_T-5m,249,4676.913001,2292.802026016674,5.0,10.0,87
btc-updown-15m-1787452200,weekend,2026-08-17,18-24,T-5m_to_T-2m,136,6710.941097,3400.379297986394,10.0505,87.0,22
btc-updown-15m-1787452200,weekend,2026-08-17,18-24,T-2m_to_T-1m,10,399.992201,398.13425000198,6.0363025,22.0,0
btc-updown-15m-1787452200,weekend,2026-08-17,18-24,T-60s_to_T-30s,8,191.938,191.58653599980002,6.5055,13.0,0
btc-updown-15m-1787452200,weekend,2026-08-17,18-24,T-30s_to_T-15s,11,1086.945,988.064035,10.0,3.0,3
btc-updown-15m-1787452200,weekend,2026-08-17,18-24,T-15s_to_settlement,0,0,0,,15,0
btc-updown-15m-1787463000,weekend,2026-08-17,00-06,T-15m_to_T-10m,292,3616.030914,1828.396531017981,5.0,18.0,98
btc-updown-15m-1787463000,weekend,2026-08-17,00-06,T-10m_to_T-5m,295,2870.215405,1466.7701099866126,5.0,14.0,112
btc-updown-15m-1787463000,weekend,2026-08-17,00-06,T-5m_to_T-2m,456,6553.758014,3386.8905529937624,6.170287999999999,8.0,135
btc-updown-15m-1787463000,weekend,2026-08-17,00-06,T-2m_to_T-1m,86,1328.120605,780.0425549966777,6.65789,9.0,18
btc-updown-15m-1787463000,weekend,2026-08-17,00-06,T-60s_to_T-30s,6,322.0,219.8,3.47,21.0,1
btc-updown-15m-1787463000,weekend,2026-08-17,00-06,T-30s_to_T-15s,2,838.65,340.26349999999996,419.325,9.0,1
btc-updown-15m-1787463000,weekend,2026-08-17,00-06,T-15s_to_settlement,0,0,0,,15,0
btc-updown-15m-1787473800,weekend,2026-08-17,00-06,T-15m_to_T-10m,325,4715.984631,2260.244397009064,5.87719,7.0,106
btc-updown-15m-1787473800,weekend,2026-08-17,00-06,T-10m_to_T-5m,282,4566.780196,2702.2520099935286,5.555554,11.0,80
btc-updown-15m-1787473800,weekend,2026-08-17,00-06,T-5m_to_T-2m,39,3972.685133,3716.7288120541825,15.0,53.0,6
btc-updown-15m-1787473800,weekend,2026-08-17,00-06,T-2m_to_T-1m,3,2875.8810000000003,42.2687499665191,1050.0,45.0,2
btc-updown-15m-1787473800,weekend,2026-08-17,00-06,T-60s_to_T-30s,1,126.545,0.999999995524,126.545,21.0,0
btc-updown-15m-1787473800,weekend,2026-08-17,00-06,T-30s_to_T-15s,0,0,0,,15,0
btc-updown-15m-1787473800,weekend,2026-08-17,00-06,T-15s_to_settlement,0,0,0,,15,0
btc-updown-15m-1787484600,weekend,2026-08-17,06-12,T-15m_to_T-10m,325,4402.289315,2163.2494659939744,6.833332,12.0,107
btc-updown-15m-1787484600,weekend,2026-08-17,06-12,T-10m_to_T-5m,326,6785.496943,3509.2609740129087,7.0,6.0,116
btc-updown-15m-1787484600,weekend,2026-08-17,06-12,T-5m_to_T-2m,79,3196.949019,1887.676773007806,10.1,15.0,21
btc-updown-15m-1787484600,weekend,2026-08-17,06-12,T-2m_to_T-1m,10,871.9801659999999,870.7115649997746,6.923083,17.0,0
btc-updown-15m-1787484600,weekend,2026-08-17,06-12,T-60s_to_T-30s,1,6.02,6.013979999999999,6.02,21.0,0
btc-updown-15m-1787484600,weekend,2026-08-17,06-12,T-30s_to_T-15s,1,40.28,40.23972,40.28,10.0,0
btc-updown-15m-1787484600,weekend,2026-08-17,06-12,T-15s_to_settlement,0,0,0,,15,0
btc-updown-15m-1787506200,weekend,2026-08-17,12-18,T-15m_to_T-10m,374,5583.043124,2790.703173991702,7.990565500000001,12.0,93
btc-updown-15m-1787506200,weekend,2026-08-17,12-18,T-10m_to_T-5m,268,3358.227164,1698.2693509985913,7.0,15.0,93
btc-updown-15m-1787506200,weekend,2026-08-17,12-18,T-5m_to_T-2m,474,9962.105563,5153.593329009448,10.0,8.0,87
btc-updown-15m-1787506200,weekend,2026-08-17,12-18,T-2m_to_T-1m,125,1877.568452,1043.6898410096999,7.825,3.0,48
btc-updown-15m-1787506200,weekend,2026-08-17,12-18,T-60s_to_T-30s,85,4190.512063,1648.8132520071622,7.0,5.0,16
btc-updown-15m-1787506200,weekend,2026-08-17,12-18,T-30s_to_T-15s,5,1503.84,284.3816,129.0,14.0,1
btc-updown-15m-1787506200,weekend,2026-08-17,12-18,T-15s_to_settlement,0,0,0,,15,0
btc-updown-15m-1787527800,weekend,2026-08-17,18-24,T-15m_to_T-10m,423,6555.354876,2858.5054230177943,6.139309,14.0,145
btc-updown-15m-1787527800,weekend,2026-08-17,18-24,T-10m_to_T-5m,514,8128.862793,4272.073243988384,6.472220500000001,7.0,152
btc-updown-15m-1787527800,weekend,2026-08-17,18-24,T-5m_to_T-2m,168,5601.373753,3233.264216992447,12.0908815,13.0,48
btc-updown-15m-1787527800,weekend,2026-08-17,18-24,T-2m_to_T-1m,5,152.29,151.74243,6.0,18.0,0
btc-updown-15m-1787527800,weekend,2026-08-17,18-24,T-60s_to_T-30s,0,0,0,,30,0
btc-updown-15m-1787527800,weekend,2026-08-17,18-24,T-30s_to_T-15s,2,184.59,184.40541000000002,92.295,8.0,0
btc-updown-15m-1787527800,weekend,2026-08-17,18-24,T-15s_to_settlement,0,0,0,,15,0
btc-updown-15m-1787538600,weekend,2026-08-17,18-24,T-15m_to_T-10m,266,2738.013681,1394.7628970081464,5.0,9.0,100
btc-updown-15m-1787538600,weekend,2026-08-17,18-24,T-10m_to_T-5m,398,5534.1949700000005,2967.333239003551,6.4004315,8.0,119
btc-updown-15m-1787538600,weekend,2026-08-17,18-24,T-5m_to_T-2m,339,5701.74751,2603.596278007149,7.863635,12.0,87
btc-updown-15m-1787538600,weekend,2026-08-17,18-24,T-2m_to_T-1m,185,3813.478839,2064.184635000046,10.23611,6.0,54
btc-updown-15m-1787538600,weekend,2026-08-17,18-24,T-60s_to_T-30s,147,8133.78634,4109.495158024847,20.5,2.0,44
btc-updown-15m-1787538600,weekend,2026-08-17,18-24,T-30s_to_T-15s,60,2775.000394,1448.6642029828856,7.0,3.0,9
btc-updown-15m-1787538600,weekend,2026-08-17,18-24,T-15s_to_settlement,1,5.14,5.0886,5.14,14.0,0
btc-updown-15m-1787554800,weekday,2026-08-24,00-06,T-15m_to_T-10m,268,4687.36293,2495.3678959867298,6.441800000000001,18.0,87
btc-updown-15m-1787554800,weekday,2026-08-24,00-06,T-10m_to_T-5m,242,3109.381704,1619.233340003796,9.1383315,12.0,96
btc-updown-15m-1787554800,weekday,2026-08-24,00-06,T-5m_to_T-2m,124,7100.001954,5033.426487999924,11.455,29.0,24
btc-updown-15m-1787554800,weekday,2026-08-24,00-06,T-2m_to_T-1m,19,1214.935,1199.6381059999999,5.01,32.0,3
btc-updown-15m-1787554800,weekday,2026-08-24,00-06,T-60s_to_T-30s,0,0,0,,30,0
btc-updown-15m-1787554800,weekday,2026-08-24,00-06,T-30s_to_T-15s,0,0,0,,15,0
btc-updown-15m-1787554800,weekday,2026-08-24,00-06,T-15s_to_settlement,0,0,0,,15,0
btc-updown-15m-1787598000,weekday,2026-08-24,12-18,T-15m_to_T-10m,370,4570.536917,2207.8365539746706,5.549266,12.0,114
btc-updown-15m-1787598000,weekday,2026-08-24,12-18,T-10m_to_T-5m,601,14602.864275,7739.269196986658,10.0,8.0,161
btc-updown-15m-1787598000,weekday,2026-08-24,12-18,T-5m_to_T-2m,304,10139.749412,6634.78920699888,10.0,6.0,95
btc-updown-15m-1787598000,weekday,2026-08-24,12-18,T-2m_to_T-1m,38,3632.9231,1539.756888002871,12.759999999999998,21.0,10
btc-updown-15m-1787598000,weekday,2026-08-24,12-18,T-60s_to_T-30s,3,114.14999999999999,114.03585,5.0,15.0,0
btc-updown-15m-1787598000,weekday,2026-08-24,12-18,T-30s_to_T-15s,2,315.37,315.05463000000003,157.685,7.0,0
btc-updown-15m-1787598000,weekday,2026-08-24,12-18,T-15s_to_settlement,1,440.0,439.56,440.0,12.0,0
btc-updown-15m-1787662800,weekday,2026-08-24,06-12,T-15m_to_T-10m,394,6087.966129,2863.6807559993736,5.975,9.0,136
btc-updown-15m-1787662800,weekday,2026-08-24,06-12,T-10m_to_T-5m,624,12858.462184,6056.829273948933,9.7573675,11.0,202
btc-updown-15m-1787662800,weekday,2026-08-24,06-12,T-5m_to_T-2m,305,9673.517551,5573.644647947457,12.0,22.0,92
btc-updown-15m-1787662800,weekday,2026-08-24,06-12,T-2m_to_T-1m,26,2431.9216,343.125883998192,20.0,13.0,10
btc-updown-15m-1787662800,weekday,2026-08-24,06-12,T-60s_to_T-30s,2,1074.0,1048.95404,537.0,17.0,1
btc-updown-15m-1787662800,weekday,2026-08-24,06-12,T-30s_to_T-15s,0,0,0,,15,0
btc-updown-15m-1787662800,weekday,2026-08-24,06-12,T-15s_to_settlement,1,4.16,4.15584,4.16,8.0,0
btc-updown-15m-1787684400,weekday,2026-08-24,12-18,T-15m_to_T-10m,373,14149.592738,6400.897275134218,11.36,16.0,114
btc-updown-15m-1787684400,weekday,2026-08-24,12-18,T-10m_to_T-5m,253,6242.013044,3341.995932020692,8.22,15.0,97
btc-updown-15m-1787684400,weekday,2026-08-24,12-18,T-5m_to_T-2m,227,9107.893175,4198.22865494859,10.0,6.0,63
btc-updown-15m-1787684400,weekday,2026-08-24,12-18,T-2m_to_T-1m,165,7477.785432,3847.7290640024016,20.583332,5.0,49
btc-updown-15m-1787684400,weekday,2026-08-24,12-18,T-60s_to_T-30s,247,4493.491075,2591.9257759978505,8.0,2.0,37
btc-updown-15m-1787684400,weekday,2026-08-24,12-18,T-30s_to_T-15s,26,1105.80545,1081.7224139996001,11.5505,8.0,1
btc-updown-15m-1787684400,weekday,2026-08-24,12-18,T-15s_to_settlement,0,0,0,,15,0
btc-updown-15m-1787706000,weekday,2026-08-24,18-24,T-15m_to_T-10m,362,12621.459496,6024.79717199479,7.1647605,11.0,97
btc-updown-15m-1787706000,weekday,2026-08-24,18-24,T-10m_to_T-5m,244,5275.953681,3623.196591983657,11.54395,16.0,39
btc-updown-15m-1787706000,weekday,2026-08-24,18-24,T-5m_to_T-2m,133,3127.065306,2127.159944999187,6.29,9.0,44
btc-updown-15m-1787706000,weekday,2026-08-24,18-24,T-2m_to_T-1m,12,797.390777,592.3518599920355,52.599999999999994,21.0,3
btc-updown-15m-1787706000,weekday,2026-08-24,18-24,T-60s_to_T-30s,8,491.451,221.35999999514092,50.0,12.0,5
btc-updown-15m-1787706000,weekday,2026-08-24,18-24,T-30s_to_T-15s,0,0,0,,15,0
btc-updown-15m-1787706000,weekday,2026-08-24,18-24,T-15s_to_settlement,0,0,0,,15,0
btc-updown-15m-1787727600,weekday,2026-08-24,00-06,T-15m_to_T-10m,0,0,0,,300,0
btc-updown-15m-1787727600,weekday,2026-08-24,00-06,T-10m_to_T-5m,0,0,0,,300,0
btc-updown-15m-1787727600,weekday,2026-08-24,00-06,T-5m_to_T-2m,0,0,0,,180,0
btc-updown-15m-1787727600,weekday,2026-08-24,00-06,T-2m_to_T-1m,0,0,0,,60,0
btc-updown-15m-1787727600,weekday,2026-08-24,00-06,T-60s_to_T-30s,0,0,0,,30,0
btc-updown-15m-1787727600,weekday,2026-08-24,00-06,T-30s_to_T-15s,0,0,0,,15,0
btc-updown-15m-1787727600,weekday,2026-08-24,00-06,T-15s_to_settlement,0,0,0,,15,0
btc-updown-15m-1787770800,weekday,2026-08-24,12-18,T-15m_to_T-10m,379,7900.32922,3946.7903109905965,6.0,6.0,130
btc-updown-15m-1787770800,weekday,2026-08-24,12-18,T-10m_to_T-5m,249,3683.864189,1605.131752985999,7.747244,9.0,92
btc-updown-15m-1787770800,weekday,2026-08-24,12-18,T-5m_to_T-2m,230,4937.223513,1995.0242370094263,10.0,6.0,87
btc-updown-15m-1787770800,weekday,2026-08-24,12-18,T-2m_to_T-1m,19,1628.761914,993.5363850034446,10.0,12.0,9
btc-updown-15m-1787770800,weekday,2026-08-24,12-18,T-60s_to_T-30s,4,222.59,222.36740999999998,34.91,13.0,0
btc-updown-15m-1787770800,weekday,2026-08-24,12-18,T-30s_to_T-15s,0,0,0,,15,0
btc-updown-15m-1787770800,weekday,2026-08-24,12-18,T-15s_to_settlement,0,0,0,,15,0
btc-updown-15m-1787814000,weekday,2026-08-24,00-06,T-15m_to_T-10m,226,3664.423273,1758.6534090075313,8.30357,12.0,98
btc-updown-15m-1787814000,weekday,2026-08-24,00-06,T-10m_to_T-5m,177,2828.555408,1254.9527120132714,7.544443,15.0,59
btc-updown-15m-1787814000,weekday,2026-08-24,00-06,T-5m_to_T-2m,88,1678.849186,875.0234449992421,8.210225000000001,15.0,35
btc-updown-15m-1787814000,weekday,2026-08-24,00-06,T-2m_to_T-1m,37,2182.082339,1425.9848369827316,7.01,10.0,7
btc-updown-15m-1787814000,weekday,2026-08-24,00-06,T-60s_to_T-30s,96,2035.607709,642.7404580353058,7.0,13.0,17
btc-updown-15m-1787814000,weekday,2026-08-24,00-06,T-30s_to_T-15s,208,1743.475486,921.2760560032109,5.0,2.0,24
btc-updown-15m-1787814000,weekday,2026-08-24,00-06,T-15s_to_settlement,57,1695.939268,821.9336789941891,12.471426,3.0,18
btc-updown-15m-1787835600,weekday,2026-08-24,06-12,T-15m_to_T-10m,320,8487.98317,3753.5649989087647,7.4758055,17.0,107
btc-updown-15m-1787835600,weekday,2026-08-24,06-12,T-10m_to_T-5m,380,8765.682367,4300.692906016094,7.066428,8.0,140
btc-updown-15m-1787835600,weekday,2026-08-24,06-12,T-5m_to_T-2m,409,7880.356989,4037.583987968573,8.0,5.0,136
btc-updown-15m-1787835600,weekday,2026-08-24,06-12,T-2m_to_T-1m,60,2220.665305,1493.9780109868066,10.20405,5.0,17
btc-updown-15m-1787835600,weekday,2026-08-24,06-12,T-60s_to_T-30s,1,10.59,10.4841,10.59,24.0,0
btc-updown-15m-1787835600,weekday,2026-08-24,06-12,T-30s_to_T-15s,0,0,0,,15,0
btc-updown-15m-1787835600,weekday,2026-08-24,06-12,T-15s_to_settlement,0,0,0,,15,0
btc-updown-15m-1787878800,weekday,2026-08-24,18-24,T-15m_to_T-10m,429,11927.283672,4881.031679013535,10.0,11.0,141
btc-updown-15m-1787878800,weekday,2026-08-24,18-24,T-10m_to_T-5m,200,3246.0900189999998,2101.715562001055,6.2162205,16.0,70
btc-updown-15m-1787878800,weekday,2026-08-24,18-24,T-5m_to_T-2m,140,9456.113733,4806.537381972235,14.017407500000001,14.0,48
btc-updown-15m-1787878800,weekday,2026-08-24,18-24,T-2m_to_T-1m,10,1422.92711,804.303041995079,50.0,27.0,3
btc-updown-15m-1787878800,weekday,2026-08-24,18-24,T-60s_to_T-30s,1,53.42,53.36658,53.42,21.0,0
btc-updown-15m-1787878800,weekday,2026-08-24,18-24,T-30s_to_T-15s,0,0,0,,15,0
btc-updown-15m-1787878800,weekday,2026-08-24,18-24,T-15s_to_settlement,1,7.0,6.993,7.0,10.0,0
btc-updown-15m-1787900400,weekday,2026-08-24,00-06,T-15m_to_T-10m,311,4742.344858,2253.123908998013,7.042251,9.0,112
btc-updown-15m-1787900400,weekday,2026-08-24,00-06,T-10m_to_T-5m,305,11239.432336,5494.31269306028,10.0,30.0,83
btc-updown-15m-1787900400,weekday,2026-08-24,00-06,T-5m_to_T-2m,18,6738.204887,6359.394464093458,17.5175,31.0,5
btc-updown-15m-1787900400,weekday,2026-08-24,00-06,T-2m_to_T-1m,0,0,0,,60,0
btc-updown-15m-1787900400,weekday,2026-08-24,00-06,T-60s_to_T-30s,0,0,0,,30,0
btc-updown-15m-1787900400,weekday,2026-08-24,00-06,T-30s_to_T-15s,0,0,0,,15,0
btc-updown-15m-1787900400,weekday,2026-08-24,00-06,T-15s_to_settlement,0,0,0,,15,0
btc-updown-15m-1787922000,weekday,2026-08-24,06-12,T-15m_to_T-10m,276,4599.212803,2202.9579280037124,8.95,14.0,91
btc-updown-15m-1787922000,weekday,2026-08-24,06-12,T-10m_to_T-5m,420,8518.065088,4272.348266029182,8.173708999999999,6.0,135
btc-updown-15m-1787922000,weekday,2026-08-24,06-12,T-5m_to_T-2m,154,2763.886433,1395.8617749987686,8.888887,6.0,62
btc-updown-15m-1787922000,weekday,2026-08-24,06-12,T-2m_to_T-1m,41,1374.702077,733.9092000043674,8.16665,12.0,13
btc-updown-15m-1787922000,weekday,2026-08-24,06-12,T-60s_to_T-30s,1,5.61,5.5539000000000005,5.61,24.0,0
btc-updown-15m-1787922000,weekday,2026-08-24,06-12,T-30s_to_T-15s,1,15.47,15.3153,15.47,12.0,0
btc-updown-15m-1787922000,weekday,2026-08-24,06-12,T-15s_to_settlement,0,0,0,,15,0
btc-updown-15m-1787981400,weekend,2026-08-24,00-06,T-15m_to_T-10m,129,2921.99931,1455.8246569860798,10.208332,24.0,20
btc-updown-15m-1787981400,weekend,2026-08-24,00-06,T-10m_to_T-5m,327,5502.169461,2923.6120640050485,7.692305,8.0,113
btc-updown-15m-1787981400,weekend,2026-08-24,00-06,T-5m_to_T-2m,181,4596.126448,2178.133392026024,10.638283,15.0,56
btc-updown-15m-1787981400,weekend,2026-08-24,00-06,T-2m_to_T-1m,49,1098.004194,777.4487549987141,10.101,13.0,9
btc-updown-15m-1787981400,weekend,2026-08-24,00-06,T-60s_to_T-30s,6,30.1705,29.868795,4.365,15.0,0
btc-updown-15m-1787981400,weekend,2026-08-24,00-06,T-30s_to_T-15s,0,0,0,,15,0
btc-updown-15m-1787981400,weekend,2026-08-24,00-06,T-15s_to_settlement,0,0,0,,15,0
btc-updown-15m-1788003000,weekend,2026-08-24,06-12,T-15m_to_T-10m,151,2081.631821,1059.4115260230533,5.0,9.0,52
btc-updown-15m-1788003000,weekend,2026-08-24,06-12,T-10m_to_T-5m,227,4323.173785,2128.1124660102732,7.692306,18.0,83
btc-updown-15m-1788003000,weekend,2026-08-24,06-12,T-5m_to_T-2m,175,3987.685591,2295.8558809953665,10.09,11.0,54
btc-updown-15m-1788003000,weekend,2026-08-24,06-12,T-2m_to_T-1m,21,1342.0073,639.741027,10.0,15.0,7
btc-updown-15m-1788003000,weekend,2026-08-24,06-12,T-60s_to_T-30s,2,537.14,536.60286,268.57,18.0,0
btc-updown-15m-1788003000,weekend,2026-08-24,06-12,T-30s_to_T-15s,0,0,0,,15,0
btc-updown-15m-1788003000,weekend,2026-08-24,06-12,T-15s_to_settlement,0,0,0,,15,0
btc-updown-15m-1788013800,weekend,2026-08-24,06-12,T-15m_to_T-10m,94,1383.321382,682.4068660052153,6.87,43.0,9
btc-updown-15m-1788013800,weekend,2026-08-24,06-12,T-10m_to_T-5m,346,5627.335627,3047.1113349920515,7.0925535,9.0,102
btc-updown-15m-1788013800,weekend,2026-08-24,06-12,T-5m_to_T-2m,113,8944.492502,4910.687491025592,10.101,34.0,17
btc-updown-15m-1788013800,weekend,2026-08-24,06-12,T-2m_to_T-1m,10,211.76000000000002,63.63466,5.503,25.0,2
btc-updown-15m-1788013800,weekend,2026-08-24,06-12,T-60s_to_T-30s,7,895.004,894.1089959999999,60.0,9.0,0
btc-updown-15m-1788013800,weekend,2026-08-24,06-12,T-30s_to_T-15s,0,0,0,,15,0
btc-updown-15m-1788013800,weekend,2026-08-24,06-12,T-15s_to_settlement,0,0,0,,15,0
btc-updown-15m-1788024600,weekend,2026-08-24,12-18,T-15m_to_T-10m,274,5283.972193,2704.3993180114903,8.333332,15.0,101
btc-updown-15m-1788024600,weekend,2026-08-24,12-18,T-10m_to_T-5m,357,7614.885257,4037.449436002756,7.5,6.0,127
btc-updown-15m-1788024600,weekend,2026-08-24,12-18,T-5m_to_T-2m,336,7305.723873,3825.8058459951444,10.4049175,11.0,99
btc-updown-15m-1788024600,weekend,2026-08-24,12-18,T-2m_to_T-1m,73,1853.495316,1034.247085991498,10.5263,6.0,34
btc-updown-15m-1788024600,weekend,2026-08-24,12-18,T-60s_to_T-30s,25,1508.900608,586.2349599993497,8.27,4.0,7
btc-updown-15m-1788024600,weekend,2026-08-24,12-18,T-30s_to_T-15s,0,0,0,,15,0
btc-updown-15m-1788024600,weekend,2026-08-24,12-18,T-15s_to_settlement,0,0,0,,15,0
btc-updown-15m-1788035400,weekend,2026-08-24,12-18,T-15m_to_T-10m,362,6080.029885,2466.0001400044703,8.0,9.0,133
btc-updown-15m-1788035400,weekend,2026-08-24,12-18,T-10m_to_T-5m,255,4424.134894,2103.287268969305,5.8,12.0,102
btc-updown-15m-1788035400,weekend,2026-08-24,12-18,T-5m_to_T-2m,150,3744.99086,2025.7392210107776,8.09,6.0,58
btc-updown-15m-1788035400,weekend,2026-08-24,12-18,T-2m_to_T-1m,67,4713.159594,3823.6011979608925,6.0,6.0,18
btc-updown-15m-1788035400,weekend,2026-08-24,12-18,T-60s_to_T-30s,1,100.0,1.0,100.0,18.0,0
btc-updown-15m-1788035400,weekend,2026-08-24,12-18,T-30s_to_T-15s,2,2.24,2.2176,1.12,9.0,0
btc-updown-15m-1788035400,weekend,2026-08-24,12-18,T-15s_to_settlement,0,0,0,,15,0
btc-updown-15m-1788046200,weekend,2026-08-24,18-24,T-15m_to_T-10m,198,3710.110426,1886.259316988951,10.0,20.0,43
btc-updown-15m-1788046200,weekend,2026-08-24,18-24,T-10m_to_T-5m,306,9244.681029,4086.252108017953,11.4766615,24.0,98
btc-updown-15m-1788046200,weekend,2026-08-24,18-24,T-5m_to_T-2m,157,3550.671386,1703.9271549998116,10.0,12.0,58
btc-updown-15m-1788046200,weekend,2026-08-24,18-24,T-2m_to_T-1m,100,3726.0346,1666.3119329850479,10.0,3.0,42
btc-updown-15m-1788046200,weekend,2026-08-24,18-24,T-60s_to_T-30s,378,9228.082184,4248.1578789784235,10.0,2.0,41
btc-updown-15m-1788046200,weekend,2026-08-24,18-24,T-30s_to_T-15s,211,3020.700123,1782.1607539986612,10.0,2.0,17
btc-updown-15m-1788046200,weekend,2026-08-24,18-24,T-15s_to_settlement,50,1687.0622,1286.5533880202424,7.04,3.0,16
btc-updown-15m-1788067800,weekend,2026-08-24,00-06,T-15m_to_T-10m,93,3023.841866,1543.9382789888953,11.11111,33.0,32
btc-updown-15m-1788067800,weekend,2026-08-24,00-06,T-10m_to_T-5m,263,4884.938236,2275.2843280112666,7.35294,7.0,80
btc-updown-15m-1788067800,weekend,2026-08-24,00-06,T-5m_to_T-2m,157,4523.843088,2532.5883839853086,8.0,12.0,40
btc-updown-15m-1788067800,weekend,2026-08-24,00-06,T-2m_to_T-1m,101,3292.124902,1598.8994029871856,10.0,9.0,29
btc-updown-15m-1788067800,weekend,2026-08-24,00-06,T-60s_to_T-30s,75,1420.236649,937.7528710141362,10.0,5.0,10
btc-updown-15m-1788067800,weekend,2026-08-24,00-06,T-30s_to_T-15s,15,305.682,205.62518,5.6,8.0,3
btc-updown-15m-1788067800,weekend,2026-08-24,00-06,T-15s_to_settlement,0,0,0,,15,0
btc-updown-15m-1788089400,weekend,2026-08-24,06-12,T-15m_to_T-10m,407,9508.352066,4839.405650965816,10.0,15.0,125
btc-updown-15m-1788089400,weekend,2026-08-24,06-12,T-10m_to_T-5m,323,8630.702506,4358.276225960153,7.608687,10.0,110
btc-updown-15m-1788089400,weekend,2026-08-24,06-12,T-5m_to_T-2m,304,8934.744579,4758.119641941953,10.0,12.0,86
btc-updown-15m-1788089400,weekend,2026-08-24,06-12,T-2m_to_T-1m,149,4942.731023,2780.8902749623176,12.215185,5.0,43
btc-updown-15m-1788089400,weekend,2026-08-24,06-12,T-60s_to_T-30s,55,1415.710981,942.1545459994692,8.71,5.0,10
btc-updown-15m-1788089400,weekend,2026-08-24,06-12,T-30s_to_T-15s,5,527.8100000000001,326.53190000000006,100.0,6.0,2
btc-updown-15m-1788089400,weekend,2026-08-24,06-12,T-15s_to_settlement,0,0,0,,15,0
btc-updown-15m-1788100200,weekend,2026-08-24,06-12,T-15m_to_T-10m,316,7358.491935,3595.9429959973786,8.530000000000001,12.0,115
btc-updown-15m-1788100200,weekend,2026-08-24,06-12,T-10m_to_T-5m,252,5970.342102,3698.469266973489,8.0,11.0,85
btc-updown-15m-1788100200,weekend,2026-08-24,06-12,T-5m_to_T-2m,66,4506.039186,3911.7739670515457,20.3152565,32.0,17
btc-updown-15m-1788100200,weekend,2026-08-24,06-12,T-2m_to_T-1m,9,3370.508,509.24295600000005,100.0,20.0,5
btc-updown-15m-1788100200,weekend,2026-08-24,06-12,T-60s_to_T-30s,6,1245.979,1144.933021,62.002,18.0,2
btc-updown-15m-1788100200,weekend,2026-08-24,06-12,T-30s_to_T-15s,0,0,0,,15,0
btc-updown-15m-1788100200,weekend,2026-08-24,06-12,T-15s_to_settlement,1,1.25,1.24875,1.25,10.0,0
btc-updown-15m-1788111000,weekend,2026-08-24,12-18,T-15m_to_T-10m,245,8550.508165,4624.128830047206,10.0,18.0,102
btc-updown-15m-1788111000,weekend,2026-08-24,12-18,T-10m_to_T-5m,282,5593.251005,3185.943672977612,6.335647,6.0,106
btc-updown-15m-1788111000,weekend,2026-08-24,12-18,T-5m_to_T-2m,146,5262.291916,3274.9858579986417,10.0,13.0,29
btc-updown-15m-1788111000,weekend,2026-08-24,12-18,T-2m_to_T-1m,0,0,0,,60,0
btc-updown-15m-1788111000,weekend,2026-08-24,12-18,T-60s_to_T-30s,5,1092.43,93.33757,20.0,11.0,2
btc-updown-15m-1788111000,weekend,2026-08-24,12-18,T-30s_to_T-15s,0,0,0,,15,0
btc-updown-15m-1788111000,weekend,2026-08-24,12-18,T-15s_to_settlement,1,1.21,1.20879,1.21,9.0,0
btc-updown-15m-1788121800,weekend,2026-08-24,12-18,T-15m_to_T-10m,427,8379.588579,2956.5292249771023,7.45714,6.0,156
btc-updown-15m-1788121800,weekend,2026-08-24,12-18,T-10m_to_T-5m,447,11039.725561,5486.60459196167,10.0,8.0,130
btc-updown-15m-1788121800,weekend,2026-08-24,12-18,T-5m_to_T-2m,100,3955.987318,3222.770991999248,10.0,19.0,24
btc-updown-15m-1788121800,weekend,2026-08-24,12-18,T-2m_to_T-1m,1,10.0,9.99,10.0,45.0,0
btc-updown-15m-1788121800,weekend,2026-08-24,12-18,T-60s_to_T-30s,0,0,0,,30,0
btc-updown-15m-1788121800,weekend,2026-08-24,12-18,T-30s_to_T-15s,0,0,0,,15,0
btc-updown-15m-1788121800,weekend,2026-08-24,12-18,T-15s_to_settlement,1,1.26,1.25874,1.26,12.0,0
btc-updown-15m-1788132600,weekend,2026-08-24,18-24,T-15m_to_T-10m,540,10784.007212,5387.83703296555,8.4722875,11.0,174
btc-updown-15m-1788132600,weekend,2026-08-24,18-24,T-10m_to_T-5m,525,10821.57594,6027.1231209715215,8.0,6.0,180
btc-updown-15m-1788132600,weekend,2026-08-24,18-24,T-5m_to_T-2m,149,3992.45844,2664.0984990137417,12.91,74.0,39
btc-updown-15m-1788132600,weekend,2026-08-24,18-24,T-2m_to_T-1m,1,7.04,6.9696,7.04,59.0,0
btc-updown-15m-1788132600,weekend,2026-08-24,18-24,T-60s_to_T-30s,0,0,0,,30,0
btc-updown-15m-1788132600,weekend,2026-08-24,18-24,T-30s_to_T-15s,0,0,0,,15,0
btc-updown-15m-1788132600,weekend,2026-08-24,18-24,T-15s_to_settlement,1,1.2,1.1987999999999999,1.2,10.0,0
btc-updown-15m-1788181200,weekday,2026-08-31,06-12,T-15m_to_T-10m,335,6505.274865,3561.4740339954083,6.234563,11.0,129
btc-updown-15m-1788181200,weekday,2026-08-31,06-12,T-10m_to_T-5m,201,4241.922029,2384.5707130006945,7.14,10.0,63
btc-updown-15m-1788181200,weekday,2026-08-31,06-12,T-5m_to_T-2m,105,3136.5929579999997,2525.6101880080896,10.0,15.0,27
btc-updown-15m-1788181200,weekday,2026-08-31,06-12,T-2m_to_T-1m,13,2923.226019,2321.486901997828,50.0,15.0,5
btc-updown-15m-1788181200,weekday,2026-08-31,06-12,T-60s_to_T-30s,7,2199.9700000000003,2197.77003,18.41,14.0,0
btc-updown-15m-1788181200,weekday,2026-08-31,06-12,T-30s_to_T-15s,1,5.43,5.42457,5.43,12.0,0
btc-updown-15m-1788181200,weekday,2026-08-31,06-12,T-15s_to_settlement,1,2.46,2.45754,2.46,9.0,0
btc-updown-15m-1788202800,weekday,2026-08-31,12-18,T-15m_to_T-10m,490,13511.740941,6091.39760395722,10.0,6.0,119
btc-updown-15m-1788202800,weekday,2026-08-31,12-18,T-10m_to_T-5m,316,9483.570633,4884.867420929746,7.3725285,9.0,85
btc-updown-15m-1788202800,weekday,2026-08-31,12-18,T-5m_to_T-2m,81,5985.859601,5021.830367069797,20.1818,20.0,18
btc-updown-15m-1788202800,weekday,2026-08-31,12-18,T-2m_to_T-1m,11,424.019727,423.5760009963613,5.005005,18.0,0
btc-updown-15m-1788202800,weekday,2026-08-31,12-18,T-60s_to_T-30s,1,2.4,2.3975999999999997,2.4,24.0,0
btc-updown-15m-1788202800,weekday,2026-08-31,12-18,T-30s_to_T-15s,1,1000.0,1.0,1000.0,15.0,0
btc-updown-15m-1788202800,weekday,2026-08-31,12-18,T-15s_to_settlement,7,215.31,215.09469,5.0,5.0,0
btc-updown-15m-1788224400,weekday,2026-08-31,18-24,T-15m_to_T-10m,48,889.225462,276.42098700492426,10.0,285.0,13
btc-updown-15m-1788224400,weekday,2026-08-31,18-24,T-10m_to_T-5m,213,4986.707848,2891.252365023154,10.0,19.0,88
btc-updown-15m-1788224400,weekday,2026-08-31,18-24,T-5m_to_T-2m,159,4708.0098259999995,2622.440033039769,10.0,15.0,47
btc-updown-15m-1788224400,weekday,2026-08-31,18-24,T-2m_to_T-1m,256,6514.668567,3308.6598479818267,10.684999999999999,3.0,64
btc-updown-15m-1788224400,weekday,2026-08-31,18-24,T-60s_to_T-30s,33,572.567456,256.5469090041392,10.0,8.0,6
btc-updown-15m-1788224400,weekday,2026-08-31,18-24,T-30s_to_T-15s,1,19.69,19.67031,19.69,15.0,0
btc-updown-15m-1788224400,weekday,2026-08-31,18-24,T-15s_to_settlement,2,4.51,0.00451,2.255,12.0,0
btc-updown-15m-1788289200,weekday,2026-08-31,12-18,T-15m_to_T-10m,481,9698.261832,4738.68076201934,8.85,8.0,154
btc-updown-15m-1788289200,weekday,2026-08-31,12-18,T-10m_to_T-5m,346,9158.979725,4549.689768018134,7.0722885,9.0,129
btc-updown-15m-1788289200,weekday,2026-08-31,12-18,T-5m_to_T-2m,201,9634.295258,5676.328478981132,10.0,14.0,60
btc-updown-15m-1788289200,weekday,2026-08-31,12-18,T-2m_to_T-1m,81,5404.373354,3915.2008289817227,23.0,6.0,26
btc-updown-15m-1788289200,weekday,2026-08-31,12-18,T-60s_to_T-30s,14,153.66,151.016199999992,6.074999999999999,29.0,0
btc-updown-15m-1788289200,weekday,2026-08-31,12-18,T-30s_to_T-15s,1,5.09,5.0390999999999995,5.09,12.0,0
btc-updown-15m-1788289200,weekday,2026-08-31,12-18,T-15s_to_settlement,0,0,0,,15,0
btc-updown-15m-1788310800,weekday,2026-08-31,18-24,T-15m_to_T-10m,350,6045.502999,3020.6277170064127,8.0,13.0,78
btc-updown-15m-1788310800,weekday,2026-08-31,18-24,T-10m_to_T-5m,327,4950.172031,2372.997908987625,6.0,12.0,122
btc-updown-15m-1788310800,weekday,2026-08-31,18-24,T-5m_to_T-2m,373,7566.731082,4827.187445019225,7.0,6.0,101
btc-updown-15m-1788310800,weekday,2026-08-31,18-24,T-2m_to_T-1m,76,2961.501434,1778.4445540085128,19.45,5.0,21
btc-updown-15m-1788310800,weekday,2026-08-31,18-24,T-60s_to_T-30s,1,500.0,5.0,500.0,26.0,0
btc-updown-15m-1788310800,weekday,2026-08-31,18-24,T-30s_to_T-15s,1,21.56,21.3444,21.56,12.0,0
btc-updown-15m-1788310800,weekday,2026-08-31,18-24,T-15s_to_settlement,2,353.25,352.89675,176.625,9.0,0
btc-updown-15m-1788332400,weekday,2026-08-31,00-06,T-15m_to_T-10m,293,4461.587507,2341.608617996558,7.731342,12.0,93
btc-updown-15m-1788332400,weekday,2026-08-31,00-06,T-10m_to_T-5m,268,4409.165222,2343.635607011303,8.855,15.0,81
btc-updown-15m-1788332400,weekday,2026-08-31,00-06,T-5m_to_T-2m,137,13044.601853,8305.531750020253,16.0,15.0,49
btc-updown-15m-1788332400,weekday,2026-08-31,00-06,T-2m_to_T-1m,12,4165.607,169.022513,5.005,54.0,1
btc-updown-15m-1788332400,weekday,2026-08-31,00-06,T-60s_to_T-30s,4,2178.25,1033.13221,572.615,9.0,3
btc-updown-15m-1788332400,weekday,2026-08-31,00-06,T-30s_to_T-15s,0,0,0,,15,0
btc-updown-15m-1788332400,weekday,2026-08-31,00-06,T-15s_to_settlement,0,0,0,,15,0
btc-updown-15m-1788354000,weekday,2026-08-31,06-12,T-15m_to_T-10m,319,6227.407834,3133.5834970219744,8.253967,12.0,110
btc-updown-15m-1788354000,weekday,2026-08-31,06-12,T-10m_to_T-5m,154,4067.9737920000002,2746.37199400686,15.160425499999999,18.0,49
btc-updown-15m-1788354000,weekday,2026-08-31,06-12,T-5m_to_T-2m,95,3511.646253,932.3237970013865,10.0404,14.0,29
btc-updown-15m-1788354000,weekday,2026-08-31,06-12,T-2m_to_T-1m,11,2619.8764469999996,2573.8580509990506,10.94,18.0,1
btc-updown-15m-1788354000,weekday,2026-08-31,06-12,T-60s_to_T-30s,2,988.7575,5.07591996810975,494.37875,15.0,1
btc-updown-15m-1788354000,weekday,2026-08-31,06-12,T-30s_to_T-15s,0,0,0,,15,0
btc-updown-15m-1788354000,weekday,2026-08-31,06-12,T-15s_to_settlement,0,0,0,,15,0
btc-updown-15m-1788397200,weekday,2026-08-31,18-24,T-15m_to_T-10m,512,10749.111899,4942.0412410243,7.9332525,11.0,148
btc-updown-15m-1788397200,weekday,2026-08-31,18-24,T-10m_to_T-5m,214,7112.515236,4937.335322013756,8.315000000000001,21.0,58
btc-updown-15m-1788397200,weekday,2026-08-31,18-24,T-5m_to_T-2m,57,5879.323548,3784.6206739948716,19.99,18.0,14
btc-updown-15m-1788397200,weekday,2026-08-31,18-24,T-2m_to_T-1m,3,4688.87,1780.0011299999999,1278.87,54.0,1
btc-updown-15m-1788397200,weekday,2026-08-31,18-24,T-60s_to_T-30s,0,0,0,,30,0
btc-updown-15m-1788397200,weekday,2026-08-31,18-24,T-30s_to_T-15s,0,0,0,,15,0
btc-updown-15m-1788397200,weekday,2026-08-31,18-24,T-15s_to_settlement,0,0,0,,15,0
btc-updown-15m-1788418800,weekday,2026-08-31,00-06,T-15m_to_T-10m,557,12848.352338,6860.16946400676,10.0,11.0,164
btc-updown-15m-1788418800,weekday,2026-08-31,00-06,T-10m_to_T-5m,180,7481.960538,4187.767279031481,15.0,17.0,63
btc-updown-15m-1788418800,weekday,2026-08-31,00-06,T-5m_to_T-2m,29,5353.14188,2283.557645000033,10.0,49.0,11
btc-updown-15m-1788418800,weekday,2026-08-31,00-06,T-2m_to_T-1m,1,1000.0,999.0,1000.0,36.0,0
btc-updown-15m-1788418800,weekday,2026-08-31,00-06,T-60s_to_T-30s,1,1.02,1.01898,1.02,18.0,0
btc-updown-15m-1788418800,weekday,2026-08-31,00-06,T-30s_to_T-15s,0,0,0,,15,0
btc-updown-15m-1788418800,weekday,2026-08-31,00-06,T-15s_to_settlement,0,0,0,,15,0
btc-updown-15m-1788462000,weekday,2026-08-31,12-18,T-15m_to_T-10m,0,0,0,,300,0
btc-updown-15m-1788462000,weekday,2026-08-31,12-18,T-10m_to_T-5m,0,0,0,,300,0
btc-updown-15m-1788462000,weekday,2026-08-31,12-18,T-5m_to_T-2m,0,0,0,,180,0
btc-updown-15m-1788462000,weekday,2026-08-31,12-18,T-2m_to_T-1m,0,0,0,,60,0
btc-updown-15m-1788462000,weekday,2026-08-31,12-18,T-60s_to_T-30s,0,0,0,,30,0
btc-updown-15m-1788462000,weekday,2026-08-31,12-18,T-30s_to_T-15s,0,0,0,,15,0
btc-updown-15m-1788462000,weekday,2026-08-31,12-18,T-15s_to_settlement,0,0,0,,15,0
btc-updown-15m-1788526800,weekday,2026-08-31,06-12,T-15m_to_T-10m,421,7153.496074,3728.066599016757,7.285713,9.0,130
btc-updown-15m-1788526800,weekday,2026-08-31,06-12,T-10m_to_T-5m,474,9562.021239,4708.590175994485,7.3410975,7.0,167
btc-updown-15m-1788526800,weekday,2026-08-31,06-12,T-5m_to_T-2m,232,5962.062732,3520.854298986936,10.0,9.0,72
btc-updown-15m-1788526800,weekday,2026-08-31,06-12,T-2m_to_T-1m,55,2567.530809,2066.0512079962473,10.0,14.0,19
btc-updown-15m-1788526800,weekday,2026-08-31,06-12,T-60s_to_T-30s,2,131.74,130.4226,65.87,18.0,0
btc-updown-15m-1788526800,weekday,2026-08-31,06-12,T-30s_to_T-15s,1,4.16,4.1184,4.16,12.0,0
btc-updown-15m-1788526800,weekday,2026-08-31,06-12,T-15s_to_settlement,0,0,0,,15,0
btc-updown-15m-1788548400,weekday,2026-08-31,12-18,T-15m_to_T-10m,285,6140.138075,2912.924153015035,9.61,12.0,94
btc-updown-15m-1788548400,weekday,2026-08-31,12-18,T-10m_to_T-5m,229,5642.005529,2951.945904000382,9.51111,9.0,64
btc-updown-15m-1788548400,weekday,2026-08-31,12-18,T-5m_to_T-2m,133,2841.424972,1299.1565839913724,6.0,8.0,44
btc-updown-15m-1788548400,weekday,2026-08-31,12-18,T-2m_to_T-1m,28,1312.6454,1191.790218,9.754999999999999,29.0,4
btc-updown-15m-1788548400,weekday,2026-08-31,12-18,T-60s_to_T-30s,0,0,0,,30,0
btc-updown-15m-1788548400,weekday,2026-08-31,12-18,T-30s_to_T-15s,0,0,0,,15,0
btc-updown-15m-1788548400,weekday,2026-08-31,12-18,T-15s_to_settlement,1,5.12,5.0688,5.12,13.0,0
btc-updown-15m-1788570000,weekday,2026-08-31,18-24,T-15m_to_T-10m,250,6404.939771,3164.766037962934,10.0,23.0,63
btc-updown-15m-1788570000,weekday,2026-08-31,18-24,T-10m_to_T-5m,341,5989.9531,2853.013853014637,5.0,11.0,96
btc-updown-15m-1788570000,weekday,2026-08-31,18-24,T-5m_to_T-2m,127,8484.593125,5129.636534955954,15.78,18.0,38
btc-updown-15m-1788570000,weekday,2026-08-31,18-24,T-2m_to_T-1m,50,4846.8918,4590.2304269999995,10.0,9.0,7
btc-updown-15m-1788570000,weekday,2026-08-31,18-24,T-60s_to_T-30s,1,26.74,26.71326,26.74,25.0,0
btc-updown-15m-1788570000,weekday,2026-08-31,18-24,T-30s_to_T-15s,1,2.32,2.3176799999999997,2.32,9.0,0
btc-updown-15m-1788570000,weekday,2026-08-31,18-24,T-15s_to_settlement,0,0,0,,15,0
btc-updown-15m-1788586200,weekend,2026-08-31,00-06,T-15m_to_T-10m,210,6090.813307,3236.9512819751135,10.0,9.0,72
btc-updown-15m-1788586200,weekend,2026-08-31,00-06,T-10m_to_T-5m,258,7508.190744,3807.9494100141837,10.0,8.0,81
btc-updown-15m-1788586200,weekend,2026-08-31,00-06,T-5m_to_T-2m,964,21594.056942,10425.783727098771,7.721184,3.0,111
btc-updown-15m-1788586200,weekend,2026-08-31,00-06,T-2m_to_T-1m,75,1845.453026,1336.8190489989022,9.0,6.0,17
btc-updown-15m-1788586200,weekend,2026-08-31,00-06,T-60s_to_T-30s,37,854.731133,844.2541629996142,6.0,9.0,0
btc-updown-15m-1788586200,weekend,2026-08-31,00-06,T-30s_to_T-15s,1,400.0,4.0,400.0,15.0,0
btc-updown-15m-1788586200,weekend,2026-08-31,00-06,T-15s_to_settlement,1,4.85,4.8015,4.85,10.0,0
btc-updown-15m-1788597000,weekend,2026-08-31,00-06,T-15m_to_T-10m,299,4843.785181,2703.585730018637,8.92857,15.0,58
btc-updown-15m-1788597000,weekend,2026-08-31,00-06,T-10m_to_T-5m,249,3376.136812,1696.9321579878222,6.025973,14.0,69
btc-updown-15m-1788597000,weekend,2026-08-31,00-06,T-5m_to_T-2m,111,2212.630062,1115.473251013488,5.14,6.0,43
btc-updown-15m-1788597000,weekend,2026-08-31,00-06,T-2m_to_T-1m,69,1754.917499,1606.603348999153,10.309266,9.0,9
btc-updown-15m-1788597000,weekend,2026-08-31,00-06,T-60s_to_T-30s,2,9.91,9.8109,4.955,18.0,0
btc-updown-15m-1788597000,weekend,2026-08-31,00-06,T-30s_to_T-15s,0,0,0,,15,0
btc-updown-15m-1788597000,weekend,2026-08-31,00-06,T-15s_to_settlement,0,0,0,,15,0
btc-updown-15m-1788607800,weekend,2026-08-31,06-12,T-15m_to_T-10m,173,3617.654182,1850.2206400079956,5.147056,11.0,50
btc-updown-15m-1788607800,weekend,2026-08-31,06-12,T-10m_to_T-5m,229,4064.788242,1955.6198940063236,7.0,6.0,77
btc-updown-15m-1788607800,weekend,2026-08-31,06-12,T-5m_to_T-2m,258,5671.077273,3029.1734879887654,10.0,17.0,75
btc-updown-15m-1788607800,weekend,2026-08-31,06-12,T-2m_to_T-1m,227,9029.693427,4944.572607035812,15.333332,5.0,54
btc-updown-15m-1788607800,weekend,2026-08-31,06-12,T-60s_to_T-30s,302,5767.311359,3215.9970409986718,10.0,2.0,51
btc-updown-15m-1788607800,weekend,2026-08-31,06-12,T-30s_to_T-15s,83,1879.70498,930.3664919912184,10.0,2.0,16
btc-updown-15m-1788607800,weekend,2026-08-31,06-12,T-15s_to_settlement,10,1564.246166,1244.7719809550538,36.875,8.0,2
btc-updown-15m-1788629400,weekend,2026-08-31,12-18,T-15m_to_T-10m,359,7268.205221,3513.4782119950987,8.14516,11.0,127
btc-updown-15m-1788629400,weekend,2026-08-31,12-18,T-10m_to_T-5m,346,9097.245704,4628.6711869452665,7.802258999999999,8.0,129
btc-updown-15m-1788629400,weekend,2026-08-31,12-18,T-5m_to_T-2m,272,5480.175475,2792.217713984647,8.0,8.0,82
btc-updown-15m-1788629400,weekend,2026-08-31,12-18,T-2m_to_T-1m,128,1612.023838,877.5488420067146,6.634914,3.0,47
btc-updown-15m-1788629400,weekend,2026-08-31,12-18,T-60s_to_T-30s,91,1639.067043,1223.4136440013128,7.0,6.0,16
btc-updown-15m-1788629400,weekend,2026-08-31,12-18,T-30s_to_T-15s,3,542.54,47.114599999999996,21.27,11.0,2
btc-updown-15m-1788629400,weekend,2026-08-31,12-18,T-15s_to_settlement,2,543.6800000000001,102.14320000000001,271.84000000000003,6.0,1
btc-updown-15m-1788640200,weekend,2026-08-31,12-18,T-15m_to_T-10m,205,4322.185152,2246.845532008113,8.45,20.0,60
btc-updown-15m-1788640200,weekend,2026-08-31,12-18,T-10m_to_T-5m,358,6794.983089,3545.441062005402,6.6899999999999995,17.0,93
btc-updown-15m-1788640200,weekend,2026-08-31,12-18,T-5m_to_T-2m,318,7314.312754,3535.38988099698,8.0,6.0,116
btc-updown-15m-1788640200,weekend,2026-08-31,12-18,T-2m_to_T-1m,103,2353.27099,1453.7158809958537,9.0,5.0,27
btc-updown-15m-1788640200,weekend,2026-08-31,12-18,T-60s_to_T-30s,46,1479.457112,1218.4222919931512,9.1,12.0,8
btc-updown-15m-1788640200,weekend,2026-08-31,12-18,T-30s_to_T-15s,1,3.5,3.465,3.5,12.0,0
btc-updown-15m-1788640200,weekend,2026-08-31,12-18,T-15s_to_settlement,2,88.0,87.858,44.0,9.0,0
btc-updown-15m-1788651000,weekend,2026-08-31,18-24,T-15m_to_T-10m,187,4464.47479,2455.7788980070754,10.0,19.0,48
btc-updown-15m-1788651000,weekend,2026-08-31,18-24,T-10m_to_T-5m,1743,144591.146349,71830.75742278305,10.9,6.0,187
btc-updown-15m-1788651000,weekend,2026-08-31,18-24,T-5m_to_T-2m,635,16055.767982,7991.0640829202475,6.0,6.0,122
btc-updown-15m-1788651000,weekend,2026-08-31,18-24,T-2m_to_T-1m,538,9092.403392,6124.167244024343,6.0,4.0,52
btc-updown-15m-1788651000,weekend,2026-08-31,18-24,T-60s_to_T-30s,170,4767.534083,2173.5691019901683,5.0,3.0,25
btc-updown-15m-1788651000,weekend,2026-08-31,18-24,T-30s_to_T-15s,5,305.71,8.652899999999999,100.0,3.0,3
btc-updown-15m-1788651000,weekend,2026-08-31,18-24,T-15s_to_settlement,1,1.12,1.1088,1.12,8.0,0
btc-updown-15m-1788661800,weekend,2026-08-31,18-24,T-15m_to_T-10m,192,5766.632954,2871.1402180559166,10.0,18.0,60
btc-updown-15m-1788661800,weekend,2026-08-31,18-24,T-10m_to_T-5m,220,5181.88728,2607.060006009439,10.0,15.0,65
btc-updown-15m-1788661800,weekend,2026-08-31,18-24,T-5m_to_T-2m,464,13403.643665,7678.014366995658,15.0,14.0,100
btc-updown-15m-1788661800,weekend,2026-08-31,18-24,T-2m_to_T-1m,62,1989.54673,1292.3426950016553,19.5,5.0,15
btc-updown-15m-1788661800,weekend,2026-08-31,18-24,T-60s_to_T-30s,39,7859.93735,7588.338204090347,10.0,11.0,2
btc-updown-15m-1788661800,weekend,2026-08-31,18-24,T-30s_to_T-15s,1,1000.0,10.0,1000.0,12.0,0
btc-updown-15m-1788661800,weekend,2026-08-31,18-24,T-15s_to_settlement,1,46.51,46.0449,46.51,12.0,0
btc-updown-15m-1788672600,weekend,2026-08-31,00-06,T-15m_to_T-10m,251,5167.55482,3045.490745993873,9.3,35.0,69
btc-updown-15m-1788672600,weekend,2026-08-31,00-06,T-10m_to_T-5m,210,8226.657671,5553.4736660034805,10.576342499999999,18.0,56
btc-updown-15m-1788672600,weekend,2026-08-31,00-06,T-5m_to_T-2m,51,4353.773208,3831.301825098005,10.111181,59.0,4
btc-updown-15m-1788672600,weekend,2026-08-31,00-06,T-2m_to_T-1m,1,5.23,5.22477,5.23,57.0,0
btc-updown-15m-1788672600,weekend,2026-08-31,00-06,T-60s_to_T-30s,1,111.76,111.64824,111.76,27.0,0
btc-updown-15m-1788672600,weekend,2026-08-31,00-06,T-30s_to_T-15s,0,0,0,,15,0
btc-updown-15m-1788672600,weekend,2026-08-31,00-06,T-15s_to_settlement,0,0,0,,15,0
btc-updown-15m-1788683400,weekend,2026-08-31,00-06,T-15m_to_T-10m,206,6811.597333,3555.8759009917335,10.0,26.0,49
btc-updown-15m-1788683400,weekend,2026-08-31,00-06,T-10m_to_T-5m,177,3697.69825,1798.6613329857544,10.6,17.0,66
btc-updown-15m-1788683400,weekend,2026-08-31,00-06,T-5m_to_T-2m,181,5835.802663,3452.859251017849,15.0,13.0,59
btc-updown-15m-1788683400,weekend,2026-08-31,00-06,T-2m_to_T-1m,35,1075.92727,919.4811279971423,5.154633,7.0,8
btc-updown-15m-1788683400,weekend,2026-08-31,00-06,T-60s_to_T-30s,14,514.2202,396.317998,8.545,18.0,2
btc-updown-15m-1788683400,weekend,2026-08-31,00-06,T-30s_to_T-15s,0,0,0,,15,0
btc-updown-15m-1788683400,weekend,2026-08-31,00-06,T-15s_to_settlement,3,85.66,85.57434,17.68,10.0,0
btc-updown-15m-1788694200,weekend,2026-08-31,06-12,T-15m_to_T-10m,282,5777.648539,2817.69259599421,10.0,14.0,88
btc-updown-15m-1788694200,weekend,2026-08-31,06-12,T-10m_to_T-5m,145,4179.183075,2242.1912349693184,10.0,18.0,43
btc-updown-15m-1788694200,weekend,2026-08-31,06-12,T-5m_to_T-2m,122,4938.524576,3432.7758249859908,16.946427999999997,12.0,35
btc-updown-15m-1788694200,weekend,2026-08-31,06-12,T-2m_to_T-1m,174,6020.932448,2885.609725005024,12.609285,8.0,41
btc-updown-15m-1788694200,weekend,2026-08-31,06-12,T-60s_to_T-30s,168,3581.709449,2319.5111629833614,9.211956,2.0,29
btc-updown-15m-1788694200,weekend,2026-08-31,06-12,T-30s_to_T-15s,30,1561.744,1254.1284179940255,15.2288,5.0,8
btc-updown-15m-1788694200,weekend,2026-08-31,06-12,T-15s_to_settlement,1,117.24,116.0676,117.24,12.0,0
btc-updown-15m-1788705000,weekend,2026-08-31,06-12,T-15m_to_T-10m,589,14518.442799,6660.738673995944,10.0,11.0,145
btc-updown-15m-1788705000,weekend,2026-08-31,06-12,T-10m_to_T-5m,293,5788.785493,2750.5456079952137,6.958903,9.0,106
btc-updown-15m-1788705000,weekend,2026-08-31,06-12,T-5m_to_T-2m,429,8207.084569999999,4531.3399859999545,5.177776,7.0,104
btc-updown-15m-1788705000,weekend,2026-08-31,06-12,T-2m_to_T-1m,196,3900.259706,2083.724794992067,6.526312,6.0,52
btc-updown-15m-1788705000,weekend,2026-08-31,06-12,T-60s_to_T-30s,117,2242.762011,1167.36273499778,7.0,3.0,37
btc-updown-15m-1788705000,weekend,2026-08-31,06-12,T-30s_to_T-15s,68,1394.091763,1088.469307993571,8.0,2.0,14
btc-updown-15m-1788705000,weekend,2026-08-31,06-12,T-15s_to_settlement,45,1518.342004,1429.2276799982694,6.58,5.0,2
btc-updown-15m-1788737400,weekend,2026-08-31,18-24,T-15m_to_T-10m,183,4599.4580320000005,2433.944523000523,6.375,29.0,59
btc-updown-15m-1788737400,weekend,2026-08-31,18-24,T-10m_to_T-5m,238,6911.140342,5990.92798000019,14.405000000000001,10.0,36
btc-updown-15m-1788737400,weekend,2026-08-31,18-24,T-5m_to_T-2m,74,10080.453254,5572.46887105359,10.0,30.0,8
btc-updown-15m-1788737400,weekend,2026-08-31,18-24,T-2m_to_T-1m,1,10.98,10.96902,10.98,53.0,0
btc-updown-15m-1788737400,weekend,2026-08-31,18-24,T-60s_to_T-30s,1,93.68,93.58632,93.68,27.0,0
btc-updown-15m-1788737400,weekend,2026-08-31,18-24,T-30s_to_T-15s,0,0,0,,15,0
btc-updown-15m-1788737400,weekend,2026-08-31,18-24,T-15s_to_settlement,0,0,0,,15,0
btc-updown-15m-1788748200,weekend,2026-08-31,18-24,T-15m_to_T-10m,179,2628.642661,1298.0979529958108,6.382977,25.0,53
btc-updown-15m-1788748200,weekend,2026-08-31,18-24,T-10m_to_T-5m,433,13271.694901,7321.54726203177,15.0,9.0,139
btc-updown-15m-1788748200,weekend,2026-08-31,18-24,T-5m_to_T-2m,81,9922.062111,6293.222528124265,50.0,29.0,12
btc-updown-15m-1788748200,weekend,2026-08-31,18-24,T-2m_to_T-1m,0,0,0,,60,0
btc-updown-15m-1788748200,weekend,2026-08-31,18-24,T-60s_to_T-30s,1,5000.0,5.0,5000.0,20.0,0
btc-updown-15m-1788748200,weekend,2026-08-31,18-24,T-30s_to_T-15s,0,0,0,,15,0
btc-updown-15m-1788748200,weekend,2026-08-31,18-24,T-15s_to_settlement,0,0,0,,15,0
btc-updown-15m-1788764400,weekday,2026-09-07,00-06,T-15m_to_T-10m,306,5891.82623,2741.817186019777,10.0,9.0,115
btc-updown-15m-1788764400,weekday,2026-09-07,00-06,T-10m_to_T-5m,296,4602.216079,2348.139478982213,5.6899999999999995,15.0,107
btc-updown-15m-1788764400,weekday,2026-09-07,00-06,T-5m_to_T-2m,255,6231.000023,2847.5772599719,10.0,14.0,76
btc-updown-15m-1788764400,weekday,2026-09-07,00-06,T-2m_to_T-1m,179,3732.930084,2075.509435022047,6.705127,5.0,38
btc-updown-15m-1788764400,weekday,2026-09-07,00-06,T-60s_to_T-30s,19,1871.309266,1751.5435880235023,10.309266,11.0,2
btc-updown-15m-1788764400,weekday,2026-09-07,00-06,T-30s_to_T-15s,1,100.0,1.0,100.0,15.0,0
btc-updown-15m-1788764400,weekday,2026-09-07,00-06,T-15s_to_settlement,3,25.0,24.75,10.0,9.0,0
btc-updown-15m-1788807600,weekday,2026-09-07,12-18,T-15m_to_T-10m,195,3589.386771,1832.065131011113,6.060605,17.0,75
btc-updown-15m-1788807600,weekday,2026-09-07,12-18,T-10m_to_T-5m,208,4571.914358,2597.605779027423,5.0,9.0,90
btc-updown-15m-1788807600,weekday,2026-09-07,12-18,T-5m_to_T-2m,168,4276.330081,2460.0343799980174,7.0,6.0,44
btc-updown-15m-1788807600,weekday,2026-09-07,12-18,T-2m_to_T-1m,60,2059.437712,1337.200318002751,8.695,5.0,6
btc-updown-15m-1788807600,weekday,2026-09-07,12-18,T-60s_to_T-30s,13,696.5516,689.586084,10.0,12.0,0
btc-updown-15m-1788807600,weekday,2026-09-07,12-18,T-30s_to_T-15s,0,0,0,,15,0
btc-updown-15m-1788807600,weekday,2026-09-07,12-18,T-15s_to_settlement,0,0,0,,15,0
btc-updown-15m-1788850800,weekday,2026-09-07,00-06,T-15m_to_T-10m,225,2813.416638,1410.2862940019238,5.0,16.0,72
btc-updown-15m-1788850800,weekday,2026-09-07,00-06,T-10m_to_T-5m,247,4033.149216,2283.3402599870533,7.0,18.0,82
btc-updown-15m-1788850800,weekday,2026-09-07,00-06,T-5m_to_T-2m,109,2433.325166,1857.0086680145125,5.104167,9.0,26
btc-updown-15m-1788850800,weekday,2026-09-07,00-06,T-2m_to_T-1m,41,4760.855302,4034.823370002261,20.0,7.0,4
btc-updown-15m-1788850800,weekday,2026-09-07,00-06,T-60s_to_T-30s,0,0,0,,30,0
btc-updown-15m-1788850800,weekday,2026-09-07,00-06,T-30s_to_T-15s,0,0,0,,15,0
btc-updown-15m-1788850800,weekday,2026-09-07,00-06,T-15s_to_settlement,0,0,0,,15,0
btc-updown-15m-1788872400,weekday,2026-09-07,06-12,T-15m_to_T-10m,232,5043.990494,2909.9249829895925,8.92875,13.0,85
btc-updown-15m-1788872400,weekday,2026-09-07,06-12,T-10m_to_T-5m,299,8277.968916,4618.465658056627,10.0,8.0,106
btc-updown-15m-1788872400,weekday,2026-09-07,06-12,T-5m_to_T-2m,169,6313.626125,4088.4677659796293,11.5625,11.0,56
btc-updown-15m-1788872400,weekday,2026-09-07,06-12,T-2m_to_T-1m,47,1244.545919,502.6317560035187,13.86,9.0,16
btc-updown-15m-1788872400,weekday,2026-09-07,06-12,T-60s_to_T-30s,76,1944.857576,1695.3731640066383,7.5252,5.0,2
btc-updown-15m-1788872400,weekday,2026-09-07,06-12,T-30s_to_T-15s,1,110.0,1.1,110.0,15.0,0
btc-updown-15m-1788872400,weekday,2026-09-07,06-12,T-15s_to_settlement,0,0,0,,15,0
btc-updown-15m-1788915600,weekday,2026-09-07,18-24,T-15m_to_T-10m,1313,53450.291951,26099.566143965854,11.2,20.0,137
btc-updown-15m-1788915600,weekday,2026-09-07,18-24,T-10m_to_T-5m,1718,52681.284755,24500.271982763395,7.0,9.0,126
btc-updown-15m-1788915600,weekday,2026-09-07,18-24,T-5m_to_T-2m,979,91484.512809,44487.47113781916,18.0,3.0,189
btc-updown-15m-1788915600,weekday,2026-09-07,18-24,T-2m_to_T-1m,690,37377.084203,21233.57357593506,15.0,4.0,80
btc-updown-15m-1788915600,weekday,2026-09-07,18-24,T-60s_to_T-30s,162,3686.634638,2743.258570000494,10.0,3.0,27
btc-updown-15m-1788915600,weekday,2026-09-07,18-24,T-30s_to_T-15s,88,3030.791374,2759.1532979982603,10.0,6.0,9
btc-updown-15m-1788915600,weekday,2026-09-07,18-24,T-15s_to_settlement,1,700.0,7.0,700.0,13.0,0
btc-updown-15m-1788937200,weekday,2026-09-07,00-06,T-15m_to_T-10m,237,4392.113344,2306.367384023362,8.92,15.0,63
btc-updown-15m-1788937200,weekday,2026-09-07,00-06,T-10m_to_T-5m,273,7998.278618,4546.704609006823,12.5,11.0,87
btc-updown-15m-1788937200,weekday,2026-09-07,00-06,T-5m_to_T-2m,64,5672.79433,5447.055464947223,15.85325,13.0,8
btc-updown-15m-1788937200,weekday,2026-09-07,00-06,T-2m_to_T-1m,0,0,0,,60,0
btc-updown-15m-1788937200,weekday,2026-09-07,00-06,T-60s_to_T-30s,2,1005.1,6.0949,502.55,12.0,1
btc-updown-15m-1788937200,weekday,2026-09-07,00-06,T-30s_to_T-15s,0,0,0,,15,0
btc-updown-15m-1788937200,weekday,2026-09-07,00-06,T-15s_to_settlement,0,0,0,,15,0
btc-updown-15m-1788958800,weekday,2026-09-07,06-12,T-15m_to_T-10m,342,9101.099304,4567.378080042273,10.0,15.0,111
btc-updown-15m-1788958800,weekday,2026-09-07,06-12,T-10m_to_T-5m,354,9480.895482,4976.407074963259,11.349231,11.0,99
btc-updown-15m-1788958800,weekday,2026-09-07,06-12,T-5m_to_T-2m,180,9595.048783,6132.843254004632,20.613633,12.0,58
btc-updown-15m-1788958800,weekday,2026-09-07,06-12,T-2m_to_T-1m,31,3350.025122,3112.097862002439,20.0,9.0,6
btc-updown-15m-1788958800,weekday,2026-09-07,06-12,T-60s_to_T-30s,5,610.664504,610.0019989999038,5.76,18.0,0
btc-updown-15m-1788958800,weekday,2026-09-07,06-12,T-30s_to_T-15s,1,329.17,328.84083000000004,329.17,15.0,0
btc-updown-15m-1788958800,weekday,2026-09-07,06-12,T-15s_to_settlement,2,6.87,6.86313,3.435,9.0,0
btc-updown-15m-1789045200,weekday,2026-09-07,06-12,T-15m_to_T-10m,360,10206.060906,5432.422420024846,10.0,8.0,118
btc-updown-15m-1789045200,weekday,2026-09-07,06-12,T-10m_to_T-5m,350,6958.589745,3339.364820026864,5.587775000000001,6.0,127
btc-updown-15m-1789045200,weekday,2026-09-07,06-12,T-5m_to_T-2m,339,6000.257335,3698.9878299659454,6.303795,6.0,110
btc-updown-15m-1789045200,weekday,2026-09-07,06-12,T-2m_to_T-1m,286,8764.671887,4288.324143009176,10.3173915,5.0,78
btc-updown-15m-1789045200,weekday,2026-09-07,06-12,T-60s_to_T-30s,81,4564.032596,3601.4752129715425,11.53,5.0,16
btc-updown-15m-1789045200,weekday,2026-09-07,06-12,T-30s_to_T-15s,4,25.8,25.541999999999998,4.04,7.0,0
btc-updown-15m-1789045200,weekday,2026-09-07,06-12,T-15s_to_settlement,2,95.32,94.3668,47.66,9.0,0
btc-updown-15m-1789066800,weekday,2026-09-07,12-18,T-15m_to_T-10m,219,3506.087022,1779.6715830213623,5.16,13.0,77
btc-updown-15m-1789066800,weekday,2026-09-07,12-18,T-10m_to_T-5m,255,6953.716638,3455.135599973173,9.987952,14.0,80
btc-updown-15m-1789066800,weekday,2026-09-07,12-18,T-5m_to_T-2m,171,9166.008583,4869.73527390414,7.84,33.0,52
btc-updown-15m-1789066800,weekday,2026-09-07,12-18,T-2m_to_T-1m,6,228.84399,228.58317999723147,7.730982,36.0,0
btc-updown-15m-1789066800,weekday,2026-09-07,12-18,T-60s_to_T-30s,0,0,0,,30,0
btc-updown-15m-1789066800,weekday,2026-09-07,12-18,T-30s_to_T-15s,2,271.22,270.94878,135.61,9.0,0
btc-updown-15m-1789066800,weekday,2026-09-07,12-18,T-15s_to_settlement,0,0,0,,15,0
btc-updown-15m-1789088400,weekday,2026-09-07,18-24,T-15m_to_T-10m,246,7302.299862,3547.9825589934903,13.3583335,17.0,73
btc-updown-15m-1789088400,weekday,2026-09-07,18-24,T-10m_to_T-5m,134,4684.507626,2750.6356500064408,10.0,18.0,42
btc-updown-15m-1789088400,weekday,2026-09-07,18-24,T-5m_to_T-2m,74,2697.691887,2305.2815539940198,15.2929,18.0,19
btc-updown-15m-1789088400,weekday,2026-09-07,18-24,T-2m_to_T-1m,11,3433.2205,3312.889435,15.16,17.0,1
btc-updown-15m-1789088400,weekday,2026-09-07,18-24,T-60s_to_T-30s,94,3269.96753,1260.1512590180882,11.132478500000001,12.0,16
btc-updown-15m-1789088400,weekday,2026-09-07,18-24,T-30s_to_T-15s,2,3330.91,1343.4952099999998,1665.455,10.0,1
btc-updown-15m-1789088400,weekday,2026-09-07,18-24,T-15s_to_settlement,2,16.759999999999998,16.74324,8.379999999999999,6.0,0
btc-updown-15m-1789153200,weekday,2026-09-07,12-18,T-15m_to_T-10m,305,7558.087065,4089.511371995848,9.61,12.0,88
btc-updown-15m-1789153200,weekday,2026-09-07,12-18,T-10m_to_T-5m,214,5028.466668,2381.019325006095,10.0,9.0,66
btc-updown-15m-1789153200,weekday,2026-09-07,12-18,T-5m_to_T-2m,108,6506.373399,3387.710485001448,10.0,20.0,44
btc-updown-15m-1789153200,weekday,2026-09-07,12-18,T-2m_to_T-1m,3,19.25,19.23075,5.68,40.0,0
btc-updown-15m-1789153200,weekday,2026-09-07,12-18,T-60s_to_T-30s,0,0,0,,30,0
btc-updown-15m-1789153200,weekday,2026-09-07,12-18,T-30s_to_T-15s,0,0,0,,15,0
btc-updown-15m-1789153200,weekday,2026-09-07,12-18,T-15s_to_settlement,0,0,0,,15,0
btc-updown-15m-1789174800,weekday,2026-09-07,18-24,T-15m_to_T-10m,248,6569.62278,2709.2027710153493,11.0,18.0,89
btc-updown-15m-1789174800,weekday,2026-09-07,18-24,T-10m_to_T-5m,288,7173.683774,3892.2268439688414,10.85,12.0,93
btc-updown-15m-1789174800,weekday,2026-09-07,18-24,T-5m_to_T-2m,67,2054.934928,1273.8113109979918,10.0,17.0,19
btc-updown-15m-1789174800,weekday,2026-09-07,18-24,T-2m_to_T-1m,13,1178.4355,1156.652945,10.0,30.0,2
btc-updown-15m-1789174800,weekday,2026-09-07,18-24,T-60s_to_T-30s,1,428.78,428.35121999999996,428.78,15.0,0
btc-updown-15m-1789174800,weekday,2026-09-07,18-24,T-30s_to_T-15s,0,0,0,,15,0
btc-updown-15m-1789174800,weekday,2026-09-07,18-24,T-15s_to_settlement,0,0,0,,15,0
btc-updown-15m-1789191000,weekend,2026-09-07,00-06,T-15m_to_T-10m,157,5313.411445,2798.885786957087,11.928572,21.0,40
btc-updown-15m-1789191000,weekend,2026-09-07,00-06,T-10m_to_T-5m,168,5240.0124749999995,2858.8696440250546,11.100000000000001,21.0,50
btc-updown-15m-1789191000,weekend,2026-09-07,00-06,T-5m_to_T-2m,209,7775.461278,3645.712133001422,13.0,18.0,52
btc-updown-15m-1789191000,weekend,2026-09-07,00-06,T-2m_to_T-1m,68,2950.832073,2502.6228040013293,9.835,7.0,14
btc-updown-15m-1789191000,weekend,2026-09-07,00-06,T-60s_to_T-30s,14,1457.94,1443.3606,12.5,17.0,0
btc-updown-15m-1789191000,weekend,2026-09-07,00-06,T-30s_to_T-15s,0,0,0,,15,0
btc-updown-15m-1789191000,weekend,2026-09-07,00-06,T-15s_to_settlement,1,100.0,1.0,100.0,15.0,0
btc-updown-15m-1789201800,weekend,2026-09-07,00-06,T-15m_to_T-10m,97,2271.969017,1142.7525979948668,8.77193,27.0,30
btc-updown-15m-1789201800,weekend,2026-09-07,00-06,T-10m_to_T-5m,212,5871.111574,2918.10046097603,10.0735295,13.0,65
btc-updown-15m-1789201800,weekend,2026-09-07,00-06,T-5m_to_T-2m,53,1526.220485,1024.6149069975277,19.148937,26.0,12
btc-updown-15m-1789201800,weekend,2026-09-07,00-06,T-2m_to_T-1m,24,1049.5317,938.308028,17.681,12.0,4
btc-updown-15m-1789201800,weekend,2026-09-07,00-06,T-60s_to_T-30s,3,9.976,9.966024,3.003,27.0,0
btc-updown-15m-1789201800,weekend,2026-09-07,00-06,T-30s_to_T-15s,0,0,0,,15,0
btc-updown-15m-1789201800,weekend,2026-09-07,00-06,T-15s_to_settlement,0,0,0,,15,0
btc-updown-15m-1789212600,weekend,2026-09-07,06-12,T-15m_to_T-10m,118,5209.973922,2661.241294002044,10.42119,17.0,30
btc-updown-15m-1789212600,weekend,2026-09-07,06-12,T-10m_to_T-5m,205,6907.55991,4002.1847539928826,15.172407,17.0,57
btc-updown-15m-1789212600,weekend,2026-09-07,06-12,T-5m_to_T-2m,85,2887.076722,2332.579668998467,20.9375,13.0,20
btc-updown-15m-1789212600,weekend,2026-09-07,06-12,T-2m_to_T-1m,24,868.0006,859.304394,20.202,9.0,0
btc-updown-15m-1789212600,weekend,2026-09-07,06-12,T-60s_to_T-30s,4,70.51,70.43949,17.755000000000003,13.0,0
btc-updown-15m-1789212600,weekend,2026-09-07,06-12,T-30s_to_T-15s,1,425.43,425.00457,425.43,15.0,0
btc-updown-15m-1789212600,weekend,2026-09-07,06-12,T-15s_to_settlement,1,2.33,2.32767,2.33,10.0,0
btc-updown-15m-1789234200,weekend,2026-09-07,12-18,T-15m_to_T-10m,253,12430.368092,6274.594184092266,13.924241,24.0,44
btc-updown-15m-1789234200,weekend,2026-09-07,12-18,T-10m_to_T-5m,171,4794.458953,2101.3900140299575,10.32,15.0,60
btc-updown-15m-1789234200,weekend,2026-09-07,12-18,T-5m_to_T-2m,89,3229.650503,2381.274336992169,21.73,18.0,21
btc-updown-15m-1789234200,weekend,2026-09-07,12-18,T-2m_to_T-1m,12,615.888102,614.244249999999,5.0,17.0,0
btc-updown-15m-1789234200,weekend,2026-09-07,12-18,T-60s_to_T-30s,0,0,0,,30,0
btc-updown-15m-1789234200,weekend,2026-09-07,12-18,T-30s_to_T-15s,0,0,0,,15,0
btc-updown-15m-1789234200,weekend,2026-09-07,12-18,T-15s_to_settlement,1,1.4,1.3985999999999998,1.4,10.0,0
btc-updown-15m-1789245000,weekend,2026-09-07,12-18,T-15m_to_T-10m,141,4869.808296,2405.520194986454,15.0,31.0,26
btc-updown-15m-1789245000,weekend,2026-09-07,12-18,T-10m_to_T-5m,209,6573.905113,3109.953272006181,14.0,14.0,47
btc-updown-15m-1789245000,weekend,2026-09-07,12-18,T-5m_to_T-2m,181,6687.832858,3202.91376099928,11.111112,21.0,35
btc-updown-15m-1789245000,weekend,2026-09-07,12-18,T-2m_to_T-1m,135,6332.056211,3145.6763949675037,13.23077,9.0,30
btc-updown-15m-1789245000,weekend,2026-09-07,12-18,T-60s_to_T-30s,175,5983.383749,3142.3232150232866,12.195122,2.0,42
btc-updown-15m-1789245000,weekend,2026-09-07,12-18,T-30s_to_T-15s,87,3022.718205,1560.4254630010846,16.3416,2.0,29
btc-updown-15m-1789245000,weekend,2026-09-07,12-18,T-15s_to_settlement,43,2086.471045,1465.9150669999726,14.69,5.0,10
btc-updown-15m-1789255800,weekend,2026-09-07,18-24,T-15m_to_T-10m,95,4232.057275,2182.0964960231545,10.869566,20.0,21
btc-updown-15m-1789255800,weekend,2026-09-07,18-24,T-10m_to_T-5m,269,8552.971,4397.664071965845,9.615385,12.0,47
btc-updown-15m-1789255800,weekend,2026-09-07,18-24,T-5m_to_T-2m,110,3806.27867,1887.6383980046746,16.5,14.0,22
btc-updown-15m-1789255800,weekend,2026-09-07,18-24,T-2m_to_T-1m,157,6300.339808,3147.6540940616655,11.0,4.0,40
btc-updown-15m-1789255800,weekend,2026-09-07,18-24,T-60s_to_T-30s,101,4258.581359,1116.0108460403292,10.98,5.0,25
btc-updown-15m-1789255800,weekend,2026-09-07,18-24,T-30s_to_T-15s,38,1508.058742,1381.270877998376,14.0,2.0,5
btc-updown-15m-1789255800,weekend,2026-09-07,18-24,T-15s_to_settlement,0,0,0,,15,0
btc-updown-15m-1789299000,weekend,2026-09-07,06-12,T-15m_to_T-10m,115,4065.145831,1949.3039980144306,8.62069,33.0,22
btc-updown-15m-1789299000,weekend,2026-09-07,06-12,T-10m_to_T-5m,156,5457.819585,3163.8599320202275,20.0,16.0,49
btc-updown-15m-1789299000,weekend,2026-09-07,06-12,T-5m_to_T-2m,58,1815.727284,1396.101154,15.0,24.0,10
btc-updown-15m-1789299000,weekend,2026-09-07,06-12,T-2m_to_T-1m,0,0,0,,60,0
btc-updown-15m-1789299000,weekend,2026-09-07,06-12,T-60s_to_T-30s,1,101.78,101.67822,101.78,27.0,0
btc-updown-15m-1789299000,weekend,2026-09-07,06-12,T-30s_to_T-15s,1,454.3,453.8457,454.3,8.0,0
btc-updown-15m-1789299000,weekend,2026-09-07,06-12,T-15s_to_settlement,0,0,0,,15,0
btc-updown-15m-1789309800,weekend,2026-09-07,06-12,T-15m_to_T-10m,206,6595.239306,3223.951275971211,10.0,12.0,61
btc-updown-15m-1789309800,weekend,2026-09-07,06-12,T-10m_to_T-5m,265,8671.667719,5281.966422956999,10.0,15.0,102
btc-updown-15m-1789309800,weekend,2026-09-07,06-12,T-5m_to_T-2m,135,4094.763685,2037.4963519677403,10.117646,15.0,36
btc-updown-15m-1789309800,weekend,2026-09-07,06-12,T-2m_to_T-1m,14,10826.0225,1255.544375,20.915,35.0,4
btc-updown-15m-1789309800,weekend,2026-09-07,06-12,T-60s_to_T-30s,1,121.8,121.6782,121.8,27.0,0
btc-updown-15m-1789309800,weekend,2026-09-07,06-12,T-30s_to_T-15s,0,0,0,,15,0
btc-updown-15m-1789309800,weekend,2026-09-07,06-12,T-15s_to_settlement,0,0,0,,15,0
btc-updown-15m-1789320600,weekend,2026-09-07,12-18,T-15m_to_T-10m,120,5022.065495,2858.5340740647976,15.034246,11.0,53
btc-updown-15m-1789320600,weekend,2026-09-07,12-18,T-10m_to_T-5m,130,3424.6720960000002,1408.7370670028085,11.110555999999999,15.0,52
btc-updown-15m-1789320600,weekend,2026-09-07,12-18,T-5m_to_T-2m,54,2430.512273,1682.0564660268694,11.805556,22.0,29
btc-updown-15m-1789320600,weekend,2026-09-07,12-18,T-2m_to_T-1m,34,1136.1257,426.557391,6.205,9.0,8
btc-updown-15m-1789320600,weekend,2026-09-07,12-18,T-60s_to_T-30s,1,46.87,0.4687,46.87,23.0,0
btc-updown-15m-1789320600,weekend,2026-09-07,12-18,T-30s_to_T-15s,0,0,0,,15,0
btc-updown-15m-1789320600,weekend,2026-09-07,12-18,T-15s_to_settlement,1,5.0,4.95,5.0,11.0,0
btc-updown-15m-1789331400,weekend,2026-09-07,12-18,T-15m_to_T-10m,151,4249.720852,1894.2314790165512,10.0,22.0,36
btc-updown-15m-1789331400,weekend,2026-09-07,12-18,T-10m_to_T-5m,241,6225.360144,2782.057786989094,10.555556,12.0,54
btc-updown-15m-1789331400,weekend,2026-09-07,12-18,T-5m_to_T-2m,99,3848.850319,2121.6716710140095,12.592589,21.0,42
btc-updown-15m-1789331400,weekend,2026-09-07,12-18,T-2m_to_T-1m,62,1521.243659,681.5683809966295,9.0,7.0,20
btc-updown-15m-1789331400,weekend,2026-09-07,12-18,T-60s_to_T-30s,88,2673.556627,1561.7819529984667,8.125,3.0,34
btc-updown-15m-1789331400,weekend,2026-09-07,12-18,T-30s_to_T-15s,63,1132.157826,730.791072007416,9.0,2.0,17
btc-updown-15m-1789331400,weekend,2026-09-07,12-18,T-15s_to_settlement,14,900.582268,439.5885989978949,12.4805675,6.0,9
btc-updown-15m-1789342200,weekend,2026-09-07,18-24,T-15m_to_T-10m,223,6649.891858,3095.303842021066,10.0,21.0,75
btc-updown-15m-1789342200,weekend,2026-09-07,18-24,T-10m_to_T-5m,183,7188.8644030000005,2968.373224098339,10.869566,24.0,59
btc-updown-15m-1789342200,weekend,2026-09-07,18-24,T-5m_to_T-2m,111,3756.08598,1967.660603012485,8.207075,14.0,39
btc-updown-15m-1789342200,weekend,2026-09-07,18-24,T-2m_to_T-1m,30,942.9469,890.4529709999999,12.5,36.0,2
btc-updown-15m-1789342200,weekend,2026-09-07,18-24,T-60s_to_T-30s,0,0,0,,30,0
btc-updown-15m-1789342200,weekend,2026-09-07,18-24,T-30s_to_T-15s,0,0,0,,15,0
btc-updown-15m-1789342200,weekend,2026-09-07,18-24,T-15s_to_settlement,0,0,0,,15,0
btc-updown-15m-1789353000,weekend,2026-09-07,18-24,T-15m_to_T-10m,214,6136.6119770000005,2978.6156640114114,7.723461,9.0,66
btc-updown-15m-1789353000,weekend,2026-09-07,18-24,T-10m_to_T-5m,291,8721.647983,4078.8365650061446,10.0,14.0,89
btc-updown-15m-1789353000,weekend,2026-09-07,18-24,T-5m_to_T-2m,294,15503.400172,6496.409416983178,11.450225,6.0,92
btc-updown-15m-1789353000,weekend,2026-09-07,18-24,T-2m_to_T-1m,181,6715.160377,4043.88681300529,9.47,3.0,35
btc-updown-15m-1789353000,weekend,2026-09-07,18-24,T-60s_to_T-30s,41,2066.719558,1898.219792946464,11.42,11.0,7
btc-updown-15m-1789353000,weekend,2026-09-07,18-24,T-30s_to_T-15s,1,1000.0,10.0,1000.0,10.0,0
btc-updown-15m-1789353000,weekend,2026-09-07,18-24,T-15s_to_settlement,2,31.89,29.718899999999998,15.945,6.0,1
btc-updown-15m-1789369200,weekday,2026-09-14,00-06,T-15m_to_T-10m,287,6855.69859,3804.4594400151136,10.0,13.0,66
btc-updown-15m-1789369200,weekday,2026-09-14,00-06,T-10m_to_T-5m,255,9368.096049,3815.0697039905094,10.540541,27.0,70
btc-updown-15m-1789369200,weekday,2026-09-14,00-06,T-5m_to_T-2m,151,4232.919835,3318.9167219896817,14.0,9.0,36
btc-updown-15m-1789369200,weekday,2026-09-14,00-06,T-2m_to_T-1m,59,2269.328585,1213.1062799974668,15.0,8.0,7
btc-updown-15m-1789369200,weekday,2026-09-14,00-06,T-60s_to_T-30s,0,0,0,,30,0
btc-updown-15m-1789369200,weekday,2026-09-14,00-06,T-30s_to_T-15s,0,0,0,,15,0
btc-updown-15m-1789369200,weekday,2026-09-14,00-06,T-15s_to_settlement,1,3.55,3.5145,3.55,10.0,0
btc-updown-15m-1789390800,weekday,2026-09-14,06-12,T-15m_to_T-10m,271,6413.57579,3353.7404840461895,10.0,9.0,87
btc-updown-15m-1789390800,weekday,2026-09-14,06-12,T-10m_to_T-5m,282,11103.02287,5947.327303024017,10.0,9.0,80
btc-updown-15m-1789390800,weekday,2026-09-14,06-12,T-5m_to_T-2m,371,13370.343238,6576.49704498832,10.0,4.0,132
btc-updown-15m-1789390800,weekday,2026-09-14,06-12,T-2m_to_T-1m,383,23924.748239,12970.289550998217,12.19,2.0,84
btc-updown-15m-1789390800,weekday,2026-09-14,06-12,T-60s_to_T-30s,194,5991.8954969999995,3021.0610799790807,8.848485,2.0,43
btc-updown-15m-1789390800,weekday,2026-09-14,06-12,T-30s_to_T-15s,28,3034.882528,1613.013293981742,81.14500000000001,3.0,7
btc-updown-15m-1789390800,weekday,2026-09-14,06-12,T-15s_to_settlement,0,0,0,,15,0
btc-updown-15m-1789434000,weekday,2026-09-14,18-24,T-15m_to_T-10m,334,10525.954295,4960.783657972399,10.916667,14.0,100
btc-updown-15m-1789434000,weekday,2026-09-14,18-24,T-10m_to_T-5m,194,5352.659743,3252.405545998495,12.002381,12.0,46
btc-updown-15m-1789434000,weekday,2026-09-14,18-24,T-5m_to_T-2m,92,6689.5486439999995,3468.530540047998,26.72,20.0,32
btc-updown-15m-1789434000,weekday,2026-09-14,18-24,T-2m_to_T-1m,9,2592.914445,1538.5961399607684,80.08,16.0,2
btc-updown-15m-1789434000,weekday,2026-09-14,18-24,T-60s_to_T-30s,3,4073.97,77.89603,2000.0,12.0,1
btc-updown-15m-1789434000,weekday,2026-09-14,18-24,T-30s_to_T-15s,2,4000.0,4.0,2000.0,6.0,0
btc-updown-15m-1789434000,weekday,2026-09-14,18-24,T-15s_to_settlement,3,4001.48,5.47852,2000.0,7.0,1
btc-updown-15m-1789455600,weekday,2026-09-14,00-06,T-15m_to_T-10m,227,4808.406147,2419.894490985035,10.0,9.0,87
btc-updown-15m-1789455600,weekday,2026-09-14,00-06,T-10m_to_T-5m,263,7744.505781,3803.160634005438,13.0,15.0,103
btc-updown-15m-1789455600,weekday,2026-09-14,00-06,T-5m_to_T-2m,210,5792.755947,3153.4349769966884,13.1039475,8.0,80
btc-updown-15m-1789455600,weekday,2026-09-14,00-06,T-2m_to_T-1m,178,9520.786169,4634.663922037796,22.392857499999998,5.0,43
btc-updown-15m-1789455600,weekday,2026-09-14,00-06,T-60s_to_T-30s,6,630.83,26.721700000000002,21.4,13.0,2
btc-updown-15m-1789455600,weekday,2026-09-14,00-06,T-30s_to_T-15s,2,15.489999999999998,15.335099999999999,7.744999999999999,10.0,0
btc-updown-15m-1789455600,weekday,2026-09-14,00-06,T-15s_to_settlement,1,13.15,13.0185,13.15,10.0,0
btc-updown-15m-1789498800,weekday,2026-09-14,12-18,T-15m_to_T-10m,351,9091.997216,4650.634669999546,10.42857,11.0,109
btc-updown-15m-1789498800,weekday,2026-09-14,12-18,T-10m_to_T-5m,196,5541.722508,2877.640092003617,11.4703775,12.0,62
btc-updown-15m-1789498800,weekday,2026-09-14,12-18,T-5m_to_T-2m,188,4379.821616,2337.539392009851,10.0,7.0,65
btc-updown-15m-1789498800,weekday,2026-09-14,12-18,T-2m_to_T-1m,107,2536.718019,1431.058898001978,8.19,3.0,49
btc-updown-15m-1789498800,weekday,2026-09-14,12-18,T-60s_to_T-30s,116,3846.925612,2933.2105200075503,10.5505,3.0,24
btc-updown-15m-1789498800,weekday,2026-09-14,12-18,T-30s_to_T-15s,41,2219.670637,1228.4087340027174,34.4,5.0,9
btc-updown-15m-1789498800,weekday,2026-09-14,12-18,T-15s_to_settlement,3,319.02,21.8298,13.97,9.0,1
btc-updown-15m-1789563600,weekday,2026-09-14,06-12,T-15m_to_T-10m,336,8676.375949,3852.7641190036466,10.25,9.0,121
btc-updown-15m-1789563600,weekday,2026-09-14,06-12,T-10m_to_T-5m,128,5850.807925,4123.6488679369095,13.88443,20.0,55
btc-updown-15m-1789563600,weekday,2026-09-14,06-12,T-5m_to_T-2m,46,2629.135378,1273.656869994214,10.0,32.0,8
btc-updown-15m-1789563600,weekday,2026-09-14,06-12,T-2m_to_T-1m,9,754.756224,15.249741994125777,101.0,21.0,4
btc-updown-15m-1789563600,weekday,2026-09-14,06-12,T-60s_to_T-30s,3,1151.68,1150.5183200000001,20.0,12.0,0
btc-updown-15m-1789563600,weekday,2026-09-14,06-12,T-30s_to_T-15s,1,1000.0,1.0,1000.0,14.0,0
btc-updown-15m-1789563600,weekday,2026-09-14,06-12,T-15s_to_settlement,1,6.07,6.06393,6.07,12.0,0
btc-updown-15m-1789585200,weekday,2026-09-14,12-18,T-15m_to_T-10m,273,7385.4314,3520.9254080083456,10.259739,15.0,96
btc-updown-15m-1789585200,weekday,2026-09-14,12-18,T-10m_to_T-5m,164,5039.936125,2660.4077299865844,15.0,12.0,42
btc-updown-15m-1789585200,weekday,2026-09-14,12-18,T-5m_to_T-2m,174,6654.018709,4157.4800460067545,12.0,9.0,58
btc-updown-15m-1789585200,weekday,2026-09-14,12-18,T-2m_to_T-1m,62,1346.592427,732.0177539957809,10.265,6.0,28
btc-updown-15m-1789585200,weekday,2026-09-14,12-18,T-60s_to_T-30s,46,1757.903648,1562.6076790025597,14.0714,11.0,6
btc-updown-15m-1789585200,weekday,2026-09-14,12-18,T-30s_to_T-15s,0,0,0,,15,0
btc-updown-15m-1789585200,weekday,2026-09-14,12-18,T-15s_to_settlement,0,0,0,,15,0
btc-updown-15m-1789606800,weekday,2026-09-14,18-24,T-15m_to_T-10m,209,5668.614544,2627.6521440008087,15.0,9.0,56
btc-updown-15m-1789606800,weekday,2026-09-14,18-24,T-10m_to_T-5m,300,7140.706088,3376.7630590120866,12.0,11.0,99
btc-updown-15m-1789606800,weekday,2026-09-14,18-24,T-5m_to_T-2m,108,5897.155058,4416.612879999313,14.8,17.0,36
btc-updown-15m-1789606800,weekday,2026-09-14,18-24,T-2m_to_T-1m,17,444.8612,247.35258800000003,6.52,30.0,3
btc-updown-15m-1789606800,weekday,2026-09-14,18-24,T-60s_to_T-30s,3,31.993000000000002,31.961007000000002,6.0,13.0,0
btc-updown-15m-1789606800,weekday,2026-09-14,18-24,T-30s_to_T-15s,0,0,0,,15,0
btc-updown-15m-1789606800,weekday,2026-09-14,18-24,T-15s_to_settlement,1,4410.0,4.41,4410.0,12.0,0
btc-updown-15m-1789628400,weekday,2026-09-14,00-06,T-15m_to_T-10m,250,4847.891322,2288.546038974864,10.243903,13.0,74
btc-updown-15m-1789628400,weekday,2026-09-14,00-06,T-10m_to_T-5m,152,4292.246804,3025.9105760072707,20.0,18.0,28
btc-updown-15m-1789628400,weekday,2026-09-14,00-06,T-5m_to_T-2m,23,680.051,614.5008600011124,20.02,45.0,5
btc-updown-15m-1789628400,weekday,2026-09-14,00-06,T-2m_to_T-1m,6,280.046577,27.709415004373522,5.0024999999999995,21.0,4
btc-updown-15m-1789628400,weekday,2026-09-14,00-06,T-60s_to_T-30s,3,137.79999999999998,137.614660003404,26.04,19.0,0
btc-updown-15m-1789628400,weekday,2026-09-14,00-06,T-30s_to_T-15s,0,0,0,,15,0
btc-updown-15m-1789628400,weekday,2026-09-14,00-06,T-15s_to_settlement,0,0,0,,15,0
btc-updown-15m-1789671600,weekday,2026-09-14,12-18,T-15m_to_T-10m,136,2672.596563,1370.9979890102577,9.195668,17.0,54
btc-updown-15m-1789671600,weekday,2026-09-14,12-18,T-10m_to_T-5m,196,5126.477371,2441.4364900089936,10.0,16.0,80
btc-updown-15m-1789671600,weekday,2026-09-14,12-18,T-5m_to_T-2m,172,4642.244315,2232.136283997471,11.059999999999999,12.0,71
btc-updown-15m-1789671600,weekday,2026-09-14,12-18,T-2m_to_T-1m,69,1869.868387,987.1339880122733,10.0,6.0,25
btc-updown-15m-1789671600,weekday,2026-09-14,12-18,T-60s_to_T-30s,57,2286.541545,1980.3679049979942,14.0,5.0,10
btc-updown-15m-1789671600,weekday,2026-09-14,12-18,T-30s_to_T-15s,1,86.62,85.7538,86.62,15.0,0
btc-updown-15m-1789671600,weekday,2026-09-14,12-18,T-15s_to_settlement,0,0,0,,15,0
btc-updown-15m-1789714800,weekday,2026-09-14,00-06,T-15m_to_T-10m,374,11957.953138,4716.223734996383,5.0,6.0,122
btc-updown-15m-1789714800,weekday,2026-09-14,00-06,T-10m_to_T-5m,399,7769.383069,4075.7800399995804,6.5934,9.0,93
btc-updown-15m-1789714800,weekday,2026-09-14,00-06,T-5m_to_T-2m,171,5412.362588,3608.9256619874773,12.5,8.0,67
btc-updown-15m-1789714800,weekday,2026-09-14,00-06,T-2m_to_T-1m,140,4161.084464,1985.0416989985852,11.734231000000001,3.0,42
btc-updown-15m-1789714800,weekday,2026-09-14,00-06,T-60s_to_T-30s,45,1893.449294,1779.4468600075454,17.0,8.0,6
btc-updown-15m-1789714800,weekday,2026-09-14,00-06,T-30s_to_T-15s,3,9.09,8.999099999999999,2.02,14.0,0
btc-updown-15m-1789714800,weekday,2026-09-14,00-06,T-15s_to_settlement,0,0,0,,15,0
btc-updown-15m-1789736400,weekday,2026-09-14,06-12,T-15m_to_T-10m,324,6160.568776,2843.6756699808625,6.0,12.0,97
btc-updown-15m-1789736400,weekday,2026-09-14,06-12,T-10m_to_T-5m,249,4829.215157,2469.7692800097057,5.91,8.0,88
btc-updown-15m-1789736400,weekday,2026-09-14,06-12,T-5m_to_T-2m,240,6663.512364,3604.4593889915313,10.0,5.0,82
btc-updown-15m-1789736400,weekday,2026-09-14,06-12,T-2m_to_T-1m,123,2628.017334,1439.8218030020444,10.0,3.0,32
btc-updown-15m-1789736400,weekday,2026-09-14,06-12,T-60s_to_T-30s,104,4486.657746,2852.108174004172,9.59895,3.0,25
btc-updown-15m-1789736400,weekday,2026-09-14,06-12,T-30s_to_T-15s,0,0,0,,15,0
btc-updown-15m-1789736400,weekday,2026-09-14,06-12,T-15s_to_settlement,0,0,0,,15,0
btc-updown-15m-1789779600,weekday,2026-09-14,18-24,T-15m_to_T-10m,406,13819.105629,6830.751374014702,10.0,10.0,89
btc-updown-15m-1789779600,weekday,2026-09-14,18-24,T-10m_to_T-5m,184,7392.813234,4199.500551998561,9.0,19.0,59
btc-updown-15m-1789779600,weekday,2026-09-14,18-24,T-5m_to_T-2m,29,1422.6025,644.830375,10.0,35.0,6
btc-updown-15m-1789779600,weekday,2026-09-14,18-24,T-2m_to_T-1m,3,608.233334,170.835100002,169.9,30.0,2
btc-updown-15m-1789779600,weekday,2026-09-14,18-24,T-60s_to_T-30s,0,0,0,,30,0
btc-updown-15m-1789779600,weekday,2026-09-14,18-24,T-30s_to_T-15s,0,0,0,,15,0
btc-updown-15m-1789779600,weekday,2026-09-14,18-24,T-15s_to_settlement,0,0,0,,15,0
btc-updown-15m-1789795800,weekend,2026-09-14,00-06,T-15m_to_T-10m,145,4447.004204,2116.5860979936547,10.222223,19.0,59
btc-updown-15m-1789795800,weekend,2026-09-14,00-06,T-10m_to_T-5m,212,5589.397485,3068.8360760002784,11.363637,15.0,77
btc-updown-15m-1789795800,weekend,2026-09-14,00-06,T-5m_to_T-2m,246,5676.443157,2526.518670985153,9.988889,8.0,66
btc-updown-15m-1789795800,weekend,2026-09-14,00-06,T-2m_to_T-1m,32,1988.45721,1826.951991,16.3,17.0,7
btc-updown-15m-1789795800,weekend,2026-09-14,00-06,T-60s_to_T-30s,3,110.62,11.5138,9.37,24.0,1
btc-updown-15m-1789795800,weekend,2026-09-14,00-06,T-30s_to_T-15s,0,0,0,,15,0
btc-updown-15m-1789795800,weekend,2026-09-14,00-06,T-15s_to_settlement,0,0,0,,15,0
btc-updown-15m-1789806600,weekend,2026-09-14,00-06,T-15m_to_T-10m,197,2714.604184,1509.2744820032576,5.0,20.0,51
btc-updown-15m-1789806600,weekend,2026-09-14,00-06,T-10m_to_T-5m,192,5738.802618,3544.7519140073937,11.0,12.0,64
btc-updown-15m-1789806600,weekend,2026-09-14,00-06,T-5m_to_T-2m,95,4115.136882,2557.753667005662,16.67345,18.0,39
btc-updown-15m-1789806600,weekend,2026-09-14,00-06,T-2m_to_T-1m,25,1408.279134,1160.6481809938864,15.0,12.0,2
btc-updown-15m-1789806600,weekend,2026-09-14,00-06,T-60s_to_T-30s,2,21.67,21.60333,10.835,15.0,0
btc-updown-15m-1789806600,weekend,2026-09-14,00-06,T-30s_to_T-15s,2,58.129999999999995,58.07187,29.064999999999998,14.0,0
btc-updown-15m-1789806600,weekend,2026-09-14,00-06,T-15s_to_settlement,0,0,0,,15,0
btc-updown-15m-1789817400,weekend,2026-09-14,06-12,T-15m_to_T-10m,122,2433.678829,1181.8327920015904,10.098039499999999,15.0,44
btc-updown-15m-1789817400,weekend,2026-09-14,06-12,T-10m_to_T-5m,162,8552.830595,4462.327890960417,11.457298999999999,27.0,41
btc-updown-15m-1789817400,weekend,2026-09-14,06-12,T-5m_to_T-2m,473,13746.273372,7355.647445000985,10.0,9.0,71
btc-updown-15m-1789817400,weekend,2026-09-14,06-12,T-2m_to_T-1m,228,8738.129789,3787.063250956296,11.154566500000001,6.0,47
btc-updown-15m-1789817400,weekend,2026-09-14,06-12,T-60s_to_T-30s,88,3011.189339,1655.202869987148,9.5,2.0,25
btc-updown-15m-1789817400,weekend,2026-09-14,06-12,T-30s_to_T-15s,17,607.987867,361.4882880060295,6.0,6.0,2
btc-updown-15m-1789817400,weekend,2026-09-14,06-12,T-15s_to_settlement,0,0,0,,15,0
btc-updown-15m-1789839000,weekend,2026-09-14,12-18,T-15m_to_T-10m,0,0,0,,300,0
btc-updown-15m-1789839000,weekend,2026-09-14,12-18,T-10m_to_T-5m,0,0,0,,300,0
btc-updown-15m-1789839000,weekend,2026-09-14,12-18,T-5m_to_T-2m,0,0,0,,180,0
btc-updown-15m-1789839000,weekend,2026-09-14,12-18,T-2m_to_T-1m,0,0,0,,60,0
btc-updown-15m-1789839000,weekend,2026-09-14,12-18,T-60s_to_T-30s,0,0,0,,30,0
btc-updown-15m-1789839000,weekend,2026-09-14,12-18,T-30s_to_T-15s,0,0,0,,15,0
btc-updown-15m-1789839000,weekend,2026-09-14,12-18,T-15s_to_settlement,0,0,0,,15,0
btc-updown-15m-1789849800,weekend,2026-09-14,12-18,T-15m_to_T-10m,107,2652.730857,1277.6932979903577,10.0,36.0,29
btc-updown-15m-1789849800,weekend,2026-09-14,12-18,T-10m_to_T-5m,124,2227.452656,1046.4668940005515,7.692308,34.0,42
btc-updown-15m-1789849800,weekend,2026-09-14,12-18,T-5m_to_T-2m,257,6069.80568,3001.0377910075376,10.0,15.0,58
btc-updown-15m-1789849800,weekend,2026-09-14,12-18,T-2m_to_T-1m,256,4242.549392,2065.359563994418,10.0,3.0,66
btc-updown-15m-1789849800,weekend,2026-09-14,12-18,T-60s_to_T-30s,144,2054.562901,1294.0206140069085,7.2,2.0,31
btc-updown-15m-1789849800,weekend,2026-09-14,12-18,T-30s_to_T-15s,45,687.426153,463.8808709979056,6.0,3.0,9
btc-updown-15m-1789849800,weekend,2026-09-14,12-18,T-15s_to_settlement,19,1307.314334,1208.7668900108,12.0,8.0,1
btc-updown-15m-1789860600,weekend,2026-09-14,18-24,T-15m_to_T-10m,272,13485.765186999999,7698.945061956778,10.0,30.0,71
btc-updown-15m-1789860600,weekend,2026-09-14,18-24,T-10m_to_T-5m,824,26420.28781,12335.44683703736,9.52595,13.0,107
btc-updown-15m-1789860600,weekend,2026-09-14,18-24,T-5m_to_T-2m,574,31564.600799,16437.251767964557,16.27,10.0,101
btc-updown-15m-1789860600,weekend,2026-09-14,18-24,T-2m_to_T-1m,292,14348.149062,8241.300686954442,15.221364000000001,5.0,56
btc-updown-15m-1789860600,weekend,2026-09-14,18-24,T-60s_to_T-30s,75,7428.941304,6875.7043930024,10.4009,6.0,9
btc-updown-15m-1789860600,weekend,2026-09-14,18-24,T-30s_to_T-15s,2,105.0,5.95,52.5,8.0,1
btc-updown-15m-1789860600,weekend,2026-09-14,18-24,T-15s_to_settlement,2,6.4,2.3082000000000003,3.2,7.0,1
btc-updown-15m-1789871400,weekend,2026-09-14,18-24,T-15m_to_T-10m,331,10383.745572,5286.424147948926,8.571429,14.0,81
btc-updown-15m-1789871400,weekend,2026-09-14,18-24,T-10m_to_T-5m,299,10001.897195,4792.232739992784,6.0,11.0,97
btc-updown-15m-1789871400,weekend,2026-09-14,18-24,T-5m_to_T-2m,127,6157.681634,4362.430028011618,16.25,35.0,38
btc-updown-15m-1789871400,weekend,2026-09-14,18-24,T-2m_to_T-1m,2,191.37,191.17863000000003,95.685,36.0,0
btc-updown-15m-1789871400,weekend,2026-09-14,18-24,T-60s_to_T-30s,0,0,0,,30,0
btc-updown-15m-1789871400,weekend,2026-09-14,18-24,T-30s_to_T-15s,0,0,0,,15,0
btc-updown-15m-1789871400,weekend,2026-09-14,18-24,T-15s_to_settlement,0,0,0,,15,0
btc-updown-15m-1789882200,weekend,2026-09-14,00-06,T-15m_to_T-10m,172,6853.602763,3618.9071580039345,6.896877999999999,24.0,63
btc-updown-15m-1789882200,weekend,2026-09-14,00-06,T-10m_to_T-5m,208,5557.320476,3416.1535739019755,8.0,22.0,69
btc-updown-15m-1789882200,weekend,2026-09-14,00-06,T-5m_to_T-2m,149,2863.335717,1325.503784000908,6.0,11.0,42
btc-updown-15m-1789882200,weekend,2026-09-14,00-06,T-2m_to_T-1m,25,777.317507,595.8868169987184,11.11111,9.0,11
btc-updown-15m-1789882200,weekend,2026-09-14,00-06,T-60s_to_T-30s,125,2987.856455,1431.187020984202,8.8,2.0,31
btc-updown-15m-1789882200,weekend,2026-09-14,00-06,T-30s_to_T-15s,43,1596.3387559999999,1438.4637229889427,10.0,2.0,9
btc-updown-15m-1789882200,weekend,2026-09-14,00-06,T-15s_to_settlement,4,726.25,130.98749999999998,112.485,7.0,2
btc-updown-15m-1789893000,weekend,2026-09-14,00-06,T-15m_to_T-10m,176,4045.395883,2009.0078859867251,9.090909,14.0,50
btc-updown-15m-1789893000,weekend,2026-09-14,00-06,T-10m_to_T-5m,177,4069.445237,2234.1616749945356,8.25,12.0,69
btc-updown-15m-1789893000,weekend,2026-09-14,00-06,T-5m_to_T-2m,108,3085.779814,2377.677976989053,9.5,12.0,34
btc-updown-15m-1789893000,weekend,2026-09-14,00-06,T-2m_to_T-1m,3,208.19,10.1081,5.0,24.0,1
btc-updown-15m-1789893000,weekend,2026-09-14,00-06,T-60s_to_T-30s,0,0,0,,30,0
btc-updown-15m-1789893000,weekend,2026-09-14,00-06,T-30s_to_T-15s,1,13.0,12.987,13.0,13.0,0
btc-updown-15m-1789893000,weekend,2026-09-14,00-06,T-15s_to_settlement,0,0,0,,15,0
btc-updown-15m-1789903800,weekend,2026-09-14,06-12,T-15m_to_T-10m,264,8623.034137,4402.584351014375,10.0,13.0,70
btc-updown-15m-1789903800,weekend,2026-09-14,06-12,T-10m_to_T-5m,313,13009.286364,7157.712414022126,10.25,9.0,77
btc-updown-15m-1789903800,weekend,2026-09-14,06-12,T-5m_to_T-2m,53,2403.631316,1919.932466999179,10.0,24.0,12
btc-updown-15m-1789903800,weekend,2026-09-14,06-12,T-2m_to_T-1m,3,11.99491,11.970920000055097,4.54,28.0,0
btc-updown-15m-1789903800,weekend,2026-09-14,06-12,T-60s_to_T-30s,5,361.91700000000003,361.555083,8.84,12.0,0
btc-updown-15m-1789903800,weekend,2026-09-14,06-12,T-30s_to_T-15s,0,0,0,,15,0
btc-updown-15m-1789903800,weekend,2026-09-14,06-12,T-15s_to_settlement,0,0,0,,15,0
btc-updown-15m-1789914600,weekend,2026-09-14,06-12,T-15m_to_T-10m,227,4111.822617,2027.9708769968995,6.0,18.0,73
btc-updown-15m-1789914600,weekend,2026-09-14,06-12,T-10m_to_T-5m,143,3625.284767,1917.5066219943187,8.03156,26.0,52
btc-updown-15m-1789914600,weekend,2026-09-14,06-12,T-5m_to_T-2m,60,2261.427259,1408.1573809987917,22.11,14.0,20
btc-updown-15m-1789914600,weekend,2026-09-14,06-12,T-2m_to_T-1m,11,1359.727579,681.8814000139207,7.0,29.0,3
btc-updown-15m-1789914600,weekend,2026-09-14,06-12,T-60s_to_T-30s,1,92.12,91.29092,92.12,27.0,0
btc-updown-15m-1789914600,weekend,2026-09-14,06-12,T-30s_to_T-15s,0,0,0,,15,0
btc-updown-15m-1789914600,weekend,2026-09-14,06-12,T-15s_to_settlement,0,0,0,,15,0
btc-updown-15m-1789925400,weekend,2026-09-14,12-18,T-15m_to_T-10m,209,4326.410781,2265.6869779936437,10.0,13.0,74
btc-updown-15m-1789925400,weekend,2026-09-14,12-18,T-10m_to_T-5m,272,10315.668266,5446.14560802036,13.5789475,9.0,91
btc-updown-15m-1789925400,weekend,2026-09-14,12-18,T-5m_to_T-2m,51,10754.274755,3418.848953105267,18.835033,30.0,21
btc-updown-15m-1789925400,weekend,2026-09-14,12-18,T-2m_to_T-1m,5,173.322143,31.434535001,5.4,18.0,2
btc-updown-15m-1789925400,weekend,2026-09-14,12-18,T-60s_to_T-30s,1,68.4,68.33160000000001,68.4,30.0,0
btc-updown-15m-1789925400,weekend,2026-09-14,12-18,T-30s_to_T-15s,2,1015.01,15.99499,507.505,6.0,1
btc-updown-15m-1789925400,weekend,2026-09-14,12-18,T-15s_to_settlement,0,0,0,,15,0
btc-updown-15m-1789947000,weekend,2026-09-14,18-24,T-15m_to_T-10m,165,4054.5362450000002,2016.749789995769,10.0,22.0,44
btc-updown-15m-1789947000,weekend,2026-09-14,18-24,T-10m_to_T-5m,216,7063.725203,3326.2798409894945,13.0,18.0,71
btc-updown-15m-1789947000,weekend,2026-09-14,18-24,T-5m_to_T-2m,162,8037.120407,4047.2838530397635,14.5,9.0,60
btc-updown-15m-1789947000,weekend,2026-09-14,18-24,T-2m_to_T-1m,26,1038.190585,283.05429999478395,20.0,37.0,11
btc-updown-15m-1789947000,weekend,2026-09-14,18-24,T-60s_to_T-30s,1,4.69,4.6431000000000004,4.69,23.0,0
btc-updown-15m-1789947000,weekend,2026-09-14,18-24,T-30s_to_T-15s,1,15.46,15.3054,15.46,10.0,0
btc-updown-15m-1789947000,weekend,2026-09-14,18-24,T-15s_to_settlement,0,0,0,,15,0
