event_type,candidate_id,slug,run_id,entry_config,window_sec,threshold_bps,market_age_sec,candidate_ts,candidate_side,signal_status,observation_unavailable_reason,signal_source,signal_fast,signal_slow,production_btc_trend,trend_bps,confidence,production_composite_score,production_signal_side,production_side,production_signal_age_sec,near_zero_signal,exact_zero_tie,is_weekend,weekday_only_primary,experiment_class,et_hour,taiwan_hour,instrument_id,token_side,official_strike,strike_source,strike_ts,strike_age_sec,reference_spot,reference_source,reference_ts,reference_age_sec,signed_distance_usd,abs_distance_usd,signed_distance_bps,abs_distance_bps,leader_side,entry_top_ask,crossings_last_60s,crossings_last_120s,entry_bid,entry_bid_size,entry_ask_size,entry_spread,quote_source_ts,quote_age_sec,entry_mid,entry_top_ask_fillable_notional,research_notional_usdc,research_shares,top_level_fillable,depth_weighted_entry_price,depth_weighted_entry_status,entry_executable_variants,entry_execution_status,bid_depth_1c,bid_depth_2c,bid_depth_5c,ask_depth_1c,ask_depth_2c,ask_depth_5c,fair_probability,fair_probability_age_sec,gross_probability_edge_ps,net_directional_edge_ps,robust_net_usdc,fee_estimate,execution_penalty,live_comparator,authority,event_ts,schedule_lateness_sec,canonical_wait_sec,canonical_wait_timed_out
SHADOW_ENTRY_CANDIDATE,btc-updown-15m-1790490600|120_0,btc-updown-15m-1790490600,run_1790490592_52cd8835,120_0,120,0,120.28188395500183,1790490720.281884,DOWN,candidate,,canonical_chainlink_twap_vs_official_market_strike,84593.09377853778,84599.52755105335,-0.1353,-1.2516080020754161,0.2293,-0.2293,DOWN,ActiveSide.DOWN,0.44653797149658203,False,False,True,True,WEEKEND_SHADOW_ONLY,2,14,0xbfebee823edee0cc01372e1bac7dac25f8c03c056274dd6f53febcdc770a45eb-37919182662205872483908445215947401847973226698871441352998203120843908969902.POLYMARKET,DOWN,84588.44601373565,polymarket_crypto_price_twap_open,,,84577.85885614426,polymarket_chainlink_twap_60s_ws,1790490717.0,3.281883955001831,-10.587157591391588,10.587157591391588,-1.2516080020754161,1.2516080020754161,DOWN,0.71,0,0,0.7,95.0,318.77,0.010000000000000009,1790490720.192744,0.08913993835449219,0.705,226.3267,5.0,7.042253521126761,True,0.71,filled,"[""ENTRY_TOP_ASK"", ""ENTRY_DEPTH_WEIGHTED_5USD""]",fillable,243.85999999999999,391.86,1909.54,924.46,1529.46,15574.46,0.517967138328671,0.44574904441833496,-0.19203286167132894,,,,,"{""production_side"": ""ActiveSide.DOWN"", ""instrument_for_side"": {""UP"": ""0xbfebee823edee0cc01372e1bac7dac25f8c03c056274dd6f53febcdc770a45eb-33422005027681004302948983177335034047872679014295146516013987071049498254299.POLYMARKET"", ""DOWN"": ""0xbfebee823edee0cc01372e1bac7dac25f8c03c056274dd6f53febcdc770a45eb-37919182662205872483908445215947401847973226698871441352998203120843908969902.POLYMARKET""}, ""live_candidate_existed"": false, ""live_entry_price"": null, ""live_fill_price"": null, ""live_qty"": null, ""live_exit_reason"": null, ""live_exit_price"": null, ""live_pnl"": null}",research_only_no_order_or_ownership,1790490720.281884,,,
SHADOW_ENTRY_CANDIDATE,btc-updown-15m-1790490600|120_2,btc-updown-15m-1790490600,run_1790490592_52cd8835,120_2,120,2,120.28188395500183,1790490720.281884,,none,,canonical_chainlink_twap_vs_official_market_strike,84593.09377853778,84599.52755105335,-0.1353,-1.2516080020754161,0.2293,-0.2293,DOWN,ActiveSide.DOWN,0.44653797149658203,False,False,True,True,WEEKEND_SHADOW_ONLY,2,14,0xbfebee823edee0cc01372e1bac7dac25f8c03c056274dd6f53febcdc770a45eb-37919182662205872483908445215947401847973226698871441352998203120843908969902.POLYMARKET,DOWN,84588.44601373565,polymarket_crypto_price_twap_open,,,84577.85885614426,polymarket_chainlink_twap_60s_ws,1790490717.0,3.281883955001831,-10.587157591391588,10.587157591391588,-1.2516080020754161,1.2516080020754161,DOWN,,0,0,,95.0,318.77,0.010000000000000009,1790490720.192744,0.08913993835449219,0.705,226.3267,5.0,,,,not_applicable,[],not_applicable,243.85999999999999,391.86,1909.54,924.46,1529.46,15574.46,0.517967138328671,0.44574904441833496,,,,,,"{""production_side"": ""ActiveSide.DOWN"", ""instrument_for_side"": {""UP"": ""0xbfebee823edee0cc01372e1bac7dac25f8c03c056274dd6f53febcdc770a45eb-33422005027681004302948983177335034047872679014295146516013987071049498254299.POLYMARKET"", ""DOWN"": ""0xbfebee823edee0cc01372e1bac7dac25f8c03c056274dd6f53febcdc770a45eb-37919182662205872483908445215947401847973226698871441352998203120843908969902.POLYMARKET""}, ""live_candidate_existed"": false, ""live_entry_price"": null, ""live_fill_price"": null, ""live_qty"": null, ""live_exit_reason"": null, ""live_exit_price"": null, ""live_pnl"": null}",research_only_no_order_or_ownership,1790490720.281884,,,
SHADOW_ENTRY_CANDIDATE,btc-updown-15m-1790490600|120_5,btc-updown-15m-1790490600,run_1790490592_52cd8835,120_5,120,5,120.28188395500183,1790490720.281884,,none,,canonical_chainlink_twap_vs_official_market_strike,84593.09377853778,84599.52755105335,-0.1353,-1.2516080020754161,0.2293,-0.2293,DOWN,ActiveSide.DOWN,0.44653797149658203,False,False,True,True,WEEKEND_SHADOW_ONLY,2,14,0xbfebee823edee0cc01372e1bac7dac25f8c03c056274dd6f53febcdc770a45eb-37919182662205872483908445215947401847973226698871441352998203120843908969902.POLYMARKET,DOWN,84588.44601373565,polymarket_crypto_price_twap_open,,,84577.85885614426,polymarket_chainlink_twap_60s_ws,1790490717.0,3.281883955001831,-10.587157591391588,10.587157591391588,-1.2516080020754161,1.2516080020754161,DOWN,,0,0,,95.0,318.77,0.010000000000000009,1790490720.192744,0.08913993835449219,0.705,226.3267,5.0,,,,not_applicable,[],not_applicable,243.85999999999999,391.86,1909.54,924.46,1529.46,15574.46,0.517967138328671,0.44574904441833496,,,,,,"{""production_side"": ""ActiveSide.DOWN"", ""instrument_for_side"": {""UP"": ""0xbfebee823edee0cc01372e1bac7dac25f8c03c056274dd6f53febcdc770a45eb-33422005027681004302948983177335034047872679014295146516013987071049498254299.POLYMARKET"", ""DOWN"": ""0xbfebee823edee0cc01372e1bac7dac25f8c03c056274dd6f53febcdc770a45eb-37919182662205872483908445215947401847973226698871441352998203120843908969902.POLYMARKET""}, ""live_candidate_existed"": false, ""live_entry_price"": null, ""live_fill_price"": null, ""live_qty"": null, ""live_exit_reason"": null, ""live_exit_price"": null, ""live_pnl"": null}",research_only_no_order_or_ownership,1790490720.281884,,,
SHADOW_ENTRY_CANDIDATE,btc-updown-15m-1790491500|120_0,btc-updown-15m-1790491500,run_1790491593_966bc94e,120_0,120,0,151.95678997039795,1790491651.95679,,observation_unavailable,canonical_reference_or_strike_unavailable,canonical_chainlink_twap_vs_official_market_strike,84538.1008251357,84538.03728356276,,,,,,ActiveSide.NONE,,False,False,True,True,WEEKEND_SHADOW_ONLY,2,14,0x796a0f79e521b1175db07131dd98d6ccd1ff61ffab79b507a4c401ac11b3e460-41891219046362015977395310665530050217766745679326346255005461917421458823558.POLYMARKET,DOWN,,,,,,unavailable_noncanonical_source,,,,,,,,,,,,15.0,157.21,0.010000000000000009,1790491651.682953,0.2738370895385742,0.305,48.7351,5.0,,,,not_applicable,[],not_applicable,114.0,179.0,5344.1900000000005,277.21000000000004,357.21000000000004,8163.21,,,,,,,,"{""production_side"": ""ActiveSide.NONE"", ""instrument_for_side"": {""UP"": ""0x796a0f79e521b1175db07131dd98d6ccd1ff61ffab79b507a4c401ac11b3e460-31635388884410092089330253157934446591548458059339197177326350184150493182587.POLYMARKET"", ""DOWN"": ""0x796a0f79e521b1175db07131dd98d6ccd1ff61ffab79b507a4c401ac11b3e460-41891219046362015977395310665530050217766745679326346255005461917421458823558.POLYMARKET""}, ""live_candidate_existed"": false, ""live_entry_price"": null, ""live_fill_price"": null, ""live_qty"": null, ""live_exit_reason"": null, ""live_exit_price"": null, ""live_pnl"": null}",research_only_no_order_or_ownership,1790491651.95679,,,
SHADOW_ENTRY_CANDIDATE,btc-updown-15m-1790491500|120_2,btc-updown-15m-1790491500,run_1790491593_966bc94e,120_2,120,2,151.95678997039795,1790491651.95679,,observation_unavailable,canonical_reference_or_strike_unavailable,canonical_chainlink_twap_vs_official_market_strike,84538.1008251357,84538.03728356276,,,,,,ActiveSide.NONE,,False,False,True,True,WEEKEND_SHADOW_ONLY,2,14,0x796a0f79e521b1175db07131dd98d6ccd1ff61ffab79b507a4c401ac11b3e460-41891219046362015977395310665530050217766745679326346255005461917421458823558.POLYMARKET,DOWN,,,,,,unavailable_noncanonical_source,,,,,,,,,,,,15.0,157.21,0.010000000000000009,1790491651.682953,0.2738370895385742,0.305,48.7351,5.0,,,,not_applicable,[],not_applicable,114.0,179.0,5344.1900000000005,277.21000000000004,357.21000000000004,8163.21,,,,,,,,"{""production_side"": ""ActiveSide.NONE"", ""instrument_for_side"": {""UP"": ""0x796a0f79e521b1175db07131dd98d6ccd1ff61ffab79b507a4c401ac11b3e460-31635388884410092089330253157934446591548458059339197177326350184150493182587.POLYMARKET"", ""DOWN"": ""0x796a0f79e521b1175db07131dd98d6ccd1ff61ffab79b507a4c401ac11b3e460-41891219046362015977395310665530050217766745679326346255005461917421458823558.POLYMARKET""}, ""live_candidate_existed"": false, ""live_entry_price"": null, ""live_fill_price"": null, ""live_qty"": null, ""live_exit_reason"": null, ""live_exit_price"": null, ""live_pnl"": null}",research_only_no_order_or_ownership,1790491651.95679,,,
SHADOW_ENTRY_CANDIDATE,btc-updown-15m-1790491500|120_5,btc-updown-15m-1790491500,run_1790491593_966bc94e,120_5,120,5,151.95678997039795,1790491651.95679,,observation_unavailable,canonical_reference_or_strike_unavailable,canonical_chainlink_twap_vs_official_market_strike,84538.1008251357,84538.03728356276,,,,,,ActiveSide.NONE,,False,False,True,True,WEEKEND_SHADOW_ONLY,2,14,0x796a0f79e521b1175db07131dd98d6ccd1ff61ffab79b507a4c401ac11b3e460-41891219046362015977395310665530050217766745679326346255005461917421458823558.POLYMARKET,DOWN,,,,,,unavailable_noncanonical_source,,,,,,,,,,,,15.0,157.21,0.010000000000000009,1790491651.682953,0.2738370895385742,0.305,48.7351,5.0,,,,not_applicable,[],not_applicable,114.0,179.0,5344.1900000000005,277.21000000000004,357.21000000000004,8163.21,,,,,,,,"{""production_side"": ""ActiveSide.NONE"", ""instrument_for_side"": {""UP"": ""0x796a0f79e521b1175db07131dd98d6ccd1ff61ffab79b507a4c401ac11b3e460-31635388884410092089330253157934446591548458059339197177326350184150493182587.POLYMARKET"", ""DOWN"": ""0x796a0f79e521b1175db07131dd98d6ccd1ff61ffab79b507a4c401ac11b3e460-41891219046362015977395310665530050217766745679326346255005461917421458823558.POLYMARKET""}, ""live_candidate_existed"": false, ""live_entry_price"": null, ""live_fill_price"": null, ""live_qty"": null, ""live_exit_reason"": null, ""live_exit_price"": null, ""live_pnl"": null}",research_only_no_order_or_ownership,1790491651.95679,,,
SHADOW_ENTRY_CANDIDATE,btc-updown-15m-1790492400|120_0,btc-updown-15m-1790492400,run_1790492498_00317b97,120_0,120,0,162.62182712554932,1790492562.6218271,,observation_unavailable,canonical_reference_or_strike_unavailable,canonical_chainlink_twap_vs_official_market_strike,84545.64493770486,84545.64225057687,,,,,,ActiveSide.NONE,,False,False,True,True,WEEKEND_SHADOW_ONLY,3,15,0x84f8d6ad8daf11e2fe34ea3bcd88e4eaa8d150eae66f8c9dd7641491710e9721-21934821925453174666601712720713499582405156235102550931797004942740616531551.POLYMARKET,UP,,,,,,unavailable_noncanonical_source,,,,,,,,,,,,138.37,140.62,0.010000000000000009,1790492562.408055,0.21377205848693848,0.625,88.59060000000001,5.0,,,,not_applicable,[],not_applicable,198.37,803.37,3390.37,250.62,386.76,11553.76,,,,,,,,"{""production_side"": ""ActiveSide.NONE"", ""instrument_for_side"": {""UP"": ""0x84f8d6ad8daf11e2fe34ea3bcd88e4eaa8d150eae66f8c9dd7641491710e9721-21934821925453174666601712720713499582405156235102550931797004942740616531551.POLYMARKET"", ""DOWN"": ""0x84f8d6ad8daf11e2fe34ea3bcd88e4eaa8d150eae66f8c9dd7641491710e9721-43514593090245245349485108978981394644400087707294388156514598795587106861450.POLYMARKET""}, ""live_candidate_existed"": false, ""live_entry_price"": null, ""live_fill_price"": null, ""live_qty"": null, ""live_exit_reason"": null, ""live_exit_price"": null, ""live_pnl"": null}",research_only_no_order_or_ownership,1790492562.6218271,,,
SHADOW_ENTRY_CANDIDATE,btc-updown-15m-1790492400|120_2,btc-updown-15m-1790492400,run_1790492498_00317b97,120_2,120,2,162.62182712554932,1790492562.6218271,,observation_unavailable,canonical_reference_or_strike_unavailable,canonical_chainlink_twap_vs_official_market_strike,84545.64493770486,84545.64225057687,,,,,,ActiveSide.NONE,,False,False,True,True,WEEKEND_SHADOW_ONLY,3,15,0x84f8d6ad8daf11e2fe34ea3bcd88e4eaa8d150eae66f8c9dd7641491710e9721-21934821925453174666601712720713499582405156235102550931797004942740616531551.POLYMARKET,UP,,,,,,unavailable_noncanonical_source,,,,,,,,,,,,138.37,140.62,0.010000000000000009,1790492562.408055,0.21377205848693848,0.625,88.59060000000001,5.0,,,,not_applicable,[],not_applicable,198.37,803.37,3390.37,250.62,386.76,11553.76,,,,,,,,"{""production_side"": ""ActiveSide.NONE"", ""instrument_for_side"": {""UP"": ""0x84f8d6ad8daf11e2fe34ea3bcd88e4eaa8d150eae66f8c9dd7641491710e9721-21934821925453174666601712720713499582405156235102550931797004942740616531551.POLYMARKET"", ""DOWN"": ""0x84f8d6ad8daf11e2fe34ea3bcd88e4eaa8d150eae66f8c9dd7641491710e9721-43514593090245245349485108978981394644400087707294388156514598795587106861450.POLYMARKET""}, ""live_candidate_existed"": false, ""live_entry_price"": null, ""live_fill_price"": null, ""live_qty"": null, ""live_exit_reason"": null, ""live_exit_price"": null, ""live_pnl"": null}",research_only_no_order_or_ownership,1790492562.6218271,,,
SHADOW_ENTRY_CANDIDATE,btc-updown-15m-1790492400|120_5,btc-updown-15m-1790492400,run_1790492498_00317b97,120_5,120,5,162.62182712554932,1790492562.6218271,,observation_unavailable,canonical_reference_or_strike_unavailable,canonical_chainlink_twap_vs_official_market_strike,84545.64493770486,84545.64225057687,,,,,,ActiveSide.NONE,,False,False,True,True,WEEKEND_SHADOW_ONLY,3,15,0x84f8d6ad8daf11e2fe34ea3bcd88e4eaa8d150eae66f8c9dd7641491710e9721-21934821925453174666601712720713499582405156235102550931797004942740616531551.POLYMARKET,UP,,,,,,unavailable_noncanonical_source,,,,,,,,,,,,138.37,140.62,0.010000000000000009,1790492562.408055,0.21377205848693848,0.625,88.59060000000001,5.0,,,,not_applicable,[],not_applicable,198.37,803.37,3390.37,250.62,386.76,11553.76,,,,,,,,"{""production_side"": ""ActiveSide.NONE"", ""instrument_for_side"": {""UP"": ""0x84f8d6ad8daf11e2fe34ea3bcd88e4eaa8d150eae66f8c9dd7641491710e9721-21934821925453174666601712720713499582405156235102550931797004942740616531551.POLYMARKET"", ""DOWN"": ""0x84f8d6ad8daf11e2fe34ea3bcd88e4eaa8d150eae66f8c9dd7641491710e9721-43514593090245245349485108978981394644400087707294388156514598795587106861450.POLYMARKET""}, ""live_candidate_existed"": false, ""live_entry_price"": null, ""live_fill_price"": null, ""live_qty"": null, ""live_exit_reason"": null, ""live_exit_price"": null, ""live_pnl"": null}",research_only_no_order_or_ownership,1790492562.6218271,,,
SHADOW_ENTRY_CANDIDATE,btc-updown-15m-1790493300|120_0,btc-updown-15m-1790493300,run_1790493395_a4c358eb,120_0,120,0,154.41068696975708,1790493454.410687,,observation_unavailable,canonical_reference_or_strike_unavailable,canonical_chainlink_twap_vs_official_market_strike,84541.09642104038,84531.93577489063,,,,,,ActiveSide.NONE,,False,False,True,True,WEEKEND_SHADOW_ONLY,3,15,0x14bda831d7514a04eaee8aceab69b05c2282aad52e10d65ddb8e06c685e9b0e7-101740163436133862137255755411253851059114939610139792300101112343704881770740.POLYMARKET,UP,,,,,,unavailable_noncanonical_source,,,,,,,,,,,,146.79,94.41,0.010000000000000009,1790493454.160693,0.24999403953552246,0.675,64.1988,5.0,,,,not_applicable,[],not_applicable,271.78999999999996,381.78999999999996,4623.79,304.40999999999997,1054.77,10742.19,,,,,,,,"{""production_side"": ""ActiveSide.NONE"", ""instrument_for_side"": {""UP"": ""0x14bda831d7514a04eaee8aceab69b05c2282aad52e10d65ddb8e06c685e9b0e7-101740163436133862137255755411253851059114939610139792300101112343704881770740.POLYMARKET"", ""DOWN"": ""0x14bda831d7514a04eaee8aceab69b05c2282aad52e10d65ddb8e06c685e9b0e7-41148748446516977781216068471482136217180625101494540602740951629196954939555.POLYMARKET""}, ""live_candidate_existed"": false, ""live_entry_price"": null, ""live_fill_price"": null, ""live_qty"": null, ""live_exit_reason"": null, ""live_exit_price"": null, ""live_pnl"": null}",research_only_no_order_or_ownership,1790493454.410687,,,
SHADOW_ENTRY_CANDIDATE,btc-updown-15m-1790493300|120_2,btc-updown-15m-1790493300,run_1790493395_a4c358eb,120_2,120,2,154.41068696975708,1790493454.410687,,observation_unavailable,canonical_reference_or_strike_unavailable,canonical_chainlink_twap_vs_official_market_strike,84541.09642104038,84531.93577489063,,,,,,ActiveSide.NONE,,False,False,True,True,WEEKEND_SHADOW_ONLY,3,15,0x14bda831d7514a04eaee8aceab69b05c2282aad52e10d65ddb8e06c685e9b0e7-101740163436133862137255755411253851059114939610139792300101112343704881770740.POLYMARKET,UP,,,,,,unavailable_noncanonical_source,,,,,,,,,,,,146.79,94.41,0.010000000000000009,1790493454.160693,0.24999403953552246,0.675,64.1988,5.0,,,,not_applicable,[],not_applicable,271.78999999999996,381.78999999999996,4623.79,304.40999999999997,1054.77,10742.19,,,,,,,,"{""production_side"": ""ActiveSide.NONE"", ""instrument_for_side"": {""UP"": ""0x14bda831d7514a04eaee8aceab69b05c2282aad52e10d65ddb8e06c685e9b0e7-101740163436133862137255755411253851059114939610139792300101112343704881770740.POLYMARKET"", ""DOWN"": ""0x14bda831d7514a04eaee8aceab69b05c2282aad52e10d65ddb8e06c685e9b0e7-41148748446516977781216068471482136217180625101494540602740951629196954939555.POLYMARKET""}, ""live_candidate_existed"": false, ""live_entry_price"": null, ""live_fill_price"": null, ""live_qty"": null, ""live_exit_reason"": null, ""live_exit_price"": null, ""live_pnl"": null}",research_only_no_order_or_ownership,1790493454.410687,,,
SHADOW_ENTRY_CANDIDATE,btc-updown-15m-1790493300|120_5,btc-updown-15m-1790493300,run_1790493395_a4c358eb,120_5,120,5,154.41068696975708,1790493454.410687,,observation_unavailable,canonical_reference_or_strike_unavailable,canonical_chainlink_twap_vs_official_market_strike,84541.09642104038,84531.93577489063,,,,,,ActiveSide.NONE,,False,False,True,True,WEEKEND_SHADOW_ONLY,3,15,0x14bda831d7514a04eaee8aceab69b05c2282aad52e10d65ddb8e06c685e9b0e7-101740163436133862137255755411253851059114939610139792300101112343704881770740.POLYMARKET,UP,,,,,,unavailable_noncanonical_source,,,,,,,,,,,,146.79,94.41,0.010000000000000009,1790493454.160693,0.24999403953552246,0.675,64.1988,5.0,,,,not_applicable,[],not_applicable,271.78999999999996,381.78999999999996,4623.79,304.40999999999997,1054.77,10742.19,,,,,,,,"{""production_side"": ""ActiveSide.NONE"", ""instrument_for_side"": {""UP"": ""0x14bda831d7514a04eaee8aceab69b05c2282aad52e10d65ddb8e06c685e9b0e7-101740163436133862137255755411253851059114939610139792300101112343704881770740.POLYMARKET"", ""DOWN"": ""0x14bda831d7514a04eaee8aceab69b05c2282aad52e10d65ddb8e06c685e9b0e7-41148748446516977781216068471482136217180625101494540602740951629196954939555.POLYMARKET""}, ""live_candidate_existed"": false, ""live_entry_price"": null, ""live_fill_price"": null, ""live_qty"": null, ""live_exit_reason"": null, ""live_exit_price"": null, ""live_pnl"": null}",research_only_no_order_or_ownership,1790493454.410687,,,
SHADOW_ENTRY_CANDIDATE,btc-updown-15m-1790494200|120_0,btc-updown-15m-1790494200,run_1790494288_3d66a6a5,120_0,120,0,148.79998302459717,1790494348.799983,,observation_unavailable,canonical_reference_or_strike_unavailable,canonical_chainlink_twap_vs_official_market_strike,84534.59515191652,84534.59817723502,,,,,,ActiveSide.NONE,,False,False,True,True,WEEKEND_SHADOW_ONLY,3,15,0x328e58896ca1760e026ed1aaf6577a33f1c037a7c94d193724af7ee165374c44-88454781660704603604210619514926194857783942251977700925508820442878376366984.POLYMARKET,DOWN,,,,,,unavailable_noncanonical_source,,,,,,,,,,,,30.0,256.85,0.010000000000000009,1790494348.529612,0.2703709602355957,0.535,138.699,5.0,,,,not_applicable,[],not_applicable,140.0,215.0,1319.12,376.85,867.09,10120.09,,,,,,,,"{""production_side"": ""ActiveSide.NONE"", ""instrument_for_side"": {""UP"": ""0x328e58896ca1760e026ed1aaf6577a33f1c037a7c94d193724af7ee165374c44-82871395824912788483575239737314048686390591392076990426372530461605744269838.POLYMARKET"", ""DOWN"": ""0x328e58896ca1760e026ed1aaf6577a33f1c037a7c94d193724af7ee165374c44-88454781660704603604210619514926194857783942251977700925508820442878376366984.POLYMARKET""}, ""live_candidate_existed"": false, ""live_entry_price"": null, ""live_fill_price"": null, ""live_qty"": null, ""live_exit_reason"": null, ""live_exit_price"": null, ""live_pnl"": null}",research_only_no_order_or_ownership,1790494348.799983,,,
SHADOW_ENTRY_CANDIDATE,btc-updown-15m-1790494200|120_2,btc-updown-15m-1790494200,run_1790494288_3d66a6a5,120_2,120,2,148.79998302459717,1790494348.799983,,observation_unavailable,canonical_reference_or_strike_unavailable,canonical_chainlink_twap_vs_official_market_strike,84534.59515191652,84534.59817723502,,,,,,ActiveSide.NONE,,False,False,True,True,WEEKEND_SHADOW_ONLY,3,15,0x328e58896ca1760e026ed1aaf6577a33f1c037a7c94d193724af7ee165374c44-88454781660704603604210619514926194857783942251977700925508820442878376366984.POLYMARKET,DOWN,,,,,,unavailable_noncanonical_source,,,,,,,,,,,,30.0,256.85,0.010000000000000009,1790494348.529612,0.2703709602355957,0.535,138.699,5.0,,,,not_applicable,[],not_applicable,140.0,215.0,1319.12,376.85,867.09,10120.09,,,,,,,,"{""production_side"": ""ActiveSide.NONE"", ""instrument_for_side"": {""UP"": ""0x328e58896ca1760e026ed1aaf6577a33f1c037a7c94d193724af7ee165374c44-82871395824912788483575239737314048686390591392076990426372530461605744269838.POLYMARKET"", ""DOWN"": ""0x328e58896ca1760e026ed1aaf6577a33f1c037a7c94d193724af7ee165374c44-88454781660704603604210619514926194857783942251977700925508820442878376366984.POLYMARKET""}, ""live_candidate_existed"": false, ""live_entry_price"": null, ""live_fill_price"": null, ""live_qty"": null, ""live_exit_reason"": null, ""live_exit_price"": null, ""live_pnl"": null}",research_only_no_order_or_ownership,1790494348.799983,,,
SHADOW_ENTRY_CANDIDATE,btc-updown-15m-1790494200|120_5,btc-updown-15m-1790494200,run_1790494288_3d66a6a5,120_5,120,5,148.79998302459717,1790494348.799983,,observation_unavailable,canonical_reference_or_strike_unavailable,canonical_chainlink_twap_vs_official_market_strike,84534.59515191652,84534.59817723502,,,,,,ActiveSide.NONE,,False,False,True,True,WEEKEND_SHADOW_ONLY,3,15,0x328e58896ca1760e026ed1aaf6577a33f1c037a7c94d193724af7ee165374c44-88454781660704603604210619514926194857783942251977700925508820442878376366984.POLYMARKET,DOWN,,,,,,unavailable_noncanonical_source,,,,,,,,,,,,30.0,256.85,0.010000000000000009,1790494348.529612,0.2703709602355957,0.535,138.699,5.0,,,,not_applicable,[],not_applicable,140.0,215.0,1319.12,376.85,867.09,10120.09,,,,,,,,"{""production_side"": ""ActiveSide.NONE"", ""instrument_for_side"": {""UP"": ""0x328e58896ca1760e026ed1aaf6577a33f1c037a7c94d193724af7ee165374c44-82871395824912788483575239737314048686390591392076990426372530461605744269838.POLYMARKET"", ""DOWN"": ""0x328e58896ca1760e026ed1aaf6577a33f1c037a7c94d193724af7ee165374c44-88454781660704603604210619514926194857783942251977700925508820442878376366984.POLYMARKET""}, ""live_candidate_existed"": false, ""live_entry_price"": null, ""live_fill_price"": null, ""live_qty"": null, ""live_exit_reason"": null, ""live_exit_price"": null, ""live_pnl"": null}",research_only_no_order_or_ownership,1790494348.799983,,,
SHADOW_ENTRY_CANDIDATE,btc-updown-15m-1790495100|120_0,btc-updown-15m-1790495100,run_1790495196_456f43da,120_0,120,0,156.5505290031433,1790495256.550529,,observation_unavailable,canonical_reference_or_strike_unavailable,canonical_chainlink_twap_vs_official_market_strike,84620.00017619562,84619.9998958534,,,,,,ActiveSide.NONE,,False,False,True,True,WEEKEND_SHADOW_ONLY,3,15,0xb61c26bcc644c9b6e2ff43aebb10159b4c25ef48894cb55412241ea1b1210005-64032431415872773540342795330004055134393974282631787073217906156069058635816.POLYMARKET,UP,,,,,,unavailable_noncanonical_source,,,,,,,,,,,,4326.58,138.97,0.009999999999999953,1790495256.3626912,0.18783783912658691,0.46499999999999997,65.3159,5.0,,,,not_applicable,[],not_applicable,7537.58,8838.58,10176.58,173.2,377.2,2082.2,,,,,,,,"{""production_side"": ""ActiveSide.NONE"", ""instrument_for_side"": {""UP"": ""0xb61c26bcc644c9b6e2ff43aebb10159b4c25ef48894cb55412241ea1b1210005-64032431415872773540342795330004055134393974282631787073217906156069058635816.POLYMARKET"", ""DOWN"": ""0xb61c26bcc644c9b6e2ff43aebb10159b4c25ef48894cb55412241ea1b1210005-55352120260278965694516450410060527571496947948922870594350865791065211082170.POLYMARKET""}, ""live_candidate_existed"": false, ""live_entry_price"": null, ""live_fill_price"": null, ""live_qty"": null, ""live_exit_reason"": null, ""live_exit_price"": null, ""live_pnl"": null}",research_only_no_order_or_ownership,1790495256.550529,,,
SHADOW_ENTRY_CANDIDATE,btc-updown-15m-1790495100|120_2,btc-updown-15m-1790495100,run_1790495196_456f43da,120_2,120,2,156.5505290031433,1790495256.550529,,observation_unavailable,canonical_reference_or_strike_unavailable,canonical_chainlink_twap_vs_official_market_strike,84620.00017619562,84619.9998958534,,,,,,ActiveSide.NONE,,False,False,True,True,WEEKEND_SHADOW_ONLY,3,15,0xb61c26bcc644c9b6e2ff43aebb10159b4c25ef48894cb55412241ea1b1210005-64032431415872773540342795330004055134393974282631787073217906156069058635816.POLYMARKET,UP,,,,,,unavailable_noncanonical_source,,,,,,,,,,,,4326.58,138.97,0.009999999999999953,1790495256.3626912,0.18783783912658691,0.46499999999999997,65.3159,5.0,,,,not_applicable,[],not_applicable,7537.58,8838.58,10176.58,173.2,377.2,2082.2,,,,,,,,"{""production_side"": ""ActiveSide.NONE"", ""instrument_for_side"": {""UP"": ""0xb61c26bcc644c9b6e2ff43aebb10159b4c25ef48894cb55412241ea1b1210005-64032431415872773540342795330004055134393974282631787073217906156069058635816.POLYMARKET"", ""DOWN"": ""0xb61c26bcc644c9b6e2ff43aebb10159b4c25ef48894cb55412241ea1b1210005-55352120260278965694516450410060527571496947948922870594350865791065211082170.POLYMARKET""}, ""live_candidate_existed"": false, ""live_entry_price"": null, ""live_fill_price"": null, ""live_qty"": null, ""live_exit_reason"": null, ""live_exit_price"": null, ""live_pnl"": null}",research_only_no_order_or_ownership,1790495256.550529,,,
SHADOW_ENTRY_CANDIDATE,btc-updown-15m-1790495100|120_5,btc-updown-15m-1790495100,run_1790495196_456f43da,120_5,120,5,156.5505290031433,1790495256.550529,,observation_unavailable,canonical_reference_or_strike_unavailable,canonical_chainlink_twap_vs_official_market_strike,84620.00017619562,84619.9998958534,,,,,,ActiveSide.NONE,,False,False,True,True,WEEKEND_SHADOW_ONLY,3,15,0xb61c26bcc644c9b6e2ff43aebb10159b4c25ef48894cb55412241ea1b1210005-64032431415872773540342795330004055134393974282631787073217906156069058635816.POLYMARKET,UP,,,,,,unavailable_noncanonical_source,,,,,,,,,,,,4326.58,138.97,0.009999999999999953,1790495256.3626912,0.18783783912658691,0.46499999999999997,65.3159,5.0,,,,not_applicable,[],not_applicable,7537.58,8838.58,10176.58,173.2,377.2,2082.2,,,,,,,,"{""production_side"": ""ActiveSide.NONE"", ""instrument_for_side"": {""UP"": ""0xb61c26bcc644c9b6e2ff43aebb10159b4c25ef48894cb55412241ea1b1210005-64032431415872773540342795330004055134393974282631787073217906156069058635816.POLYMARKET"", ""DOWN"": ""0xb61c26bcc644c9b6e2ff43aebb10159b4c25ef48894cb55412241ea1b1210005-55352120260278965694516450410060527571496947948922870594350865791065211082170.POLYMARKET""}, ""live_candidate_existed"": false, ""live_entry_price"": null, ""live_fill_price"": null, ""live_qty"": null, ""live_exit_reason"": null, ""live_exit_price"": null, ""live_pnl"": null}",research_only_no_order_or_ownership,1790495256.550529,,,
SHADOW_ENTRY_CANDIDATE,btc-updown-15m-1790496000|120_0,btc-updown-15m-1790496000,run_1790496092_6cc3ca60,120_0,120,0,153.13808298110962,1790496153.138083,,observation_unavailable,canonical_reference_or_strike_unavailable,canonical_chainlink_twap_vs_official_market_strike,84757.06715644537,84748.91334849267,,,,,,ActiveSide.NONE,,False,False,True,True,WEEKEND_SHADOW_ONLY,4,16,0x8e204fb5c027a559d67fa9ce85e8e20bf117b0386c3714ef9463901dba96f1a7-34560395306386132965852912623802953582141990307420973382462048783217693856341.POLYMARKET,UP,,,,,,unavailable_noncanonical_source,,,,,,,,,,,,135.95,106.04,0.010000000000000009,1790496153.074367,0.06371593475341797,0.435,46.6576,5.0,,,,not_applicable,[],not_applicable,215.31,752.31,6887.31,1420.28,1600.28,6061.38,,,,,,,,"{""production_side"": ""ActiveSide.NONE"", ""instrument_for_side"": {""UP"": ""0x8e204fb5c027a559d67fa9ce85e8e20bf117b0386c3714ef9463901dba96f1a7-34560395306386132965852912623802953582141990307420973382462048783217693856341.POLYMARKET"", ""DOWN"": ""0x8e204fb5c027a559d67fa9ce85e8e20bf117b0386c3714ef9463901dba96f1a7-64308602903129096780642194170135001623185817095528565518910512240397129888253.POLYMARKET""}, ""live_candidate_existed"": false, ""live_entry_price"": null, ""live_fill_price"": null, ""live_qty"": null, ""live_exit_reason"": null, ""live_exit_price"": null, ""live_pnl"": null}",research_only_no_order_or_ownership,1790496153.138083,,,
SHADOW_ENTRY_CANDIDATE,btc-updown-15m-1790496000|120_2,btc-updown-15m-1790496000,run_1790496092_6cc3ca60,120_2,120,2,153.13808298110962,1790496153.138083,,observation_unavailable,canonical_reference_or_strike_unavailable,canonical_chainlink_twap_vs_official_market_strike,84757.06715644537,84748.91334849267,,,,,,ActiveSide.NONE,,False,False,True,True,WEEKEND_SHADOW_ONLY,4,16,0x8e204fb5c027a559d67fa9ce85e8e20bf117b0386c3714ef9463901dba96f1a7-34560395306386132965852912623802953582141990307420973382462048783217693856341.POLYMARKET,UP,,,,,,unavailable_noncanonical_source,,,,,,,,,,,,135.95,106.04,0.010000000000000009,1790496153.074367,0.06371593475341797,0.435,46.6576,5.0,,,,not_applicable,[],not_applicable,215.31,752.31,6887.31,1420.28,1600.28,6061.38,,,,,,,,"{""production_side"": ""ActiveSide.NONE"", ""instrument_for_side"": {""UP"": ""0x8e204fb5c027a559d67fa9ce85e8e20bf117b0386c3714ef9463901dba96f1a7-34560395306386132965852912623802953582141990307420973382462048783217693856341.POLYMARKET"", ""DOWN"": ""0x8e204fb5c027a559d67fa9ce85e8e20bf117b0386c3714ef9463901dba96f1a7-64308602903129096780642194170135001623185817095528565518910512240397129888253.POLYMARKET""}, ""live_candidate_existed"": false, ""live_entry_price"": null, ""live_fill_price"": null, ""live_qty"": null, ""live_exit_reason"": null, ""live_exit_price"": null, ""live_pnl"": null}",research_only_no_order_or_ownership,1790496153.138083,,,
SHADOW_ENTRY_CANDIDATE,btc-updown-15m-1790496000|120_5,btc-updown-15m-1790496000,run_1790496092_6cc3ca60,120_5,120,5,153.13808298110962,1790496153.138083,,observation_unavailable,canonical_reference_or_strike_unavailable,canonical_chainlink_twap_vs_official_market_strike,84757.06715644537,84748.91334849267,,,,,,ActiveSide.NONE,,False,False,True,True,WEEKEND_SHADOW_ONLY,4,16,0x8e204fb5c027a559d67fa9ce85e8e20bf117b0386c3714ef9463901dba96f1a7-34560395306386132965852912623802953582141990307420973382462048783217693856341.POLYMARKET,UP,,,,,,unavailable_noncanonical_source,,,,,,,,,,,,135.95,106.04,0.010000000000000009,1790496153.074367,0.06371593475341797,0.435,46.6576,5.0,,,,not_applicable,[],not_applicable,215.31,752.31,6887.31,1420.28,1600.28,6061.38,,,,,,,,"{""production_side"": ""ActiveSide.NONE"", ""instrument_for_side"": {""UP"": ""0x8e204fb5c027a559d67fa9ce85e8e20bf117b0386c3714ef9463901dba96f1a7-34560395306386132965852912623802953582141990307420973382462048783217693856341.POLYMARKET"", ""DOWN"": ""0x8e204fb5c027a559d67fa9ce85e8e20bf117b0386c3714ef9463901dba96f1a7-64308602903129096780642194170135001623185817095528565518910512240397129888253.POLYMARKET""}, ""live_candidate_existed"": false, ""live_entry_price"": null, ""live_fill_price"": null, ""live_qty"": null, ""live_exit_reason"": null, ""live_exit_price"": null, ""live_pnl"": null}",research_only_no_order_or_ownership,1790496153.138083,,,
SHADOW_ENTRY_CANDIDATE,btc-updown-15m-1790496900|120_0,btc-updown-15m-1790496900,run_1790497709_3e95b2c5,120_0,120,0,870.2288150787354,1790497770.228815,,observation_unavailable,canonical_reference_or_strike_unavailable,canonical_chainlink_twap_vs_official_market_strike,84810.01551611596,84810.01820210794,,,,,,ActiveSide.NONE,,False,False,True,True,WEEKEND_SHADOW_ONLY,4,16,0x00e446efae788b1d31dfa840126ee2f478a7ba119b0df3f3b17868cd11119480-106851166934149696323198594648962470501314635304094146256675244369606319252612.POLYMARKET,DOWN,,,,,,unavailable_noncanonical_source,,,,,,,,,,,,33.8,220.0,0.010000000000000009,1790497770.0674958,0.16131925582885742,0.295,66.0,5.0,,,,not_applicable,[],not_applicable,27.39,27.39,92.39,161.55,181.55,241.55,,,,,,,,"{""production_side"": ""ActiveSide.NONE"", ""instrument_for_side"": {""UP"": ""0x00e446efae788b1d31dfa840126ee2f478a7ba119b0df3f3b17868cd11119480-34502078407535821222812078643315113364310820656045502335355532225403465034119.POLYMARKET"", ""DOWN"": ""0x00e446efae788b1d31dfa840126ee2f478a7ba119b0df3f3b17868cd11119480-106851166934149696323198594648962470501314635304094146256675244369606319252612.POLYMARKET""}, ""live_candidate_existed"": false, ""live_entry_price"": null, ""live_fill_price"": null, ""live_qty"": null, ""live_exit_reason"": null, ""live_exit_price"": null, ""live_pnl"": null}",research_only_no_order_or_ownership,1790497770.228815,,,
SHADOW_ENTRY_CANDIDATE,btc-updown-15m-1790496900|120_2,btc-updown-15m-1790496900,run_1790497709_3e95b2c5,120_2,120,2,870.2288150787354,1790497770.228815,,observation_unavailable,canonical_reference_or_strike_unavailable,canonical_chainlink_twap_vs_official_market_strike,84810.01551611596,84810.01820210794,,,,,,ActiveSide.NONE,,False,False,True,True,WEEKEND_SHADOW_ONLY,4,16,0x00e446efae788b1d31dfa840126ee2f478a7ba119b0df3f3b17868cd11119480-106851166934149696323198594648962470501314635304094146256675244369606319252612.POLYMARKET,DOWN,,,,,,unavailable_noncanonical_source,,,,,,,,,,,,33.8,220.0,0.010000000000000009,1790497770.0674958,0.16131925582885742,0.295,66.0,5.0,,,,not_applicable,[],not_applicable,27.39,27.39,92.39,161.55,181.55,241.55,,,,,,,,"{""production_side"": ""ActiveSide.NONE"", ""instrument_for_side"": {""UP"": ""0x00e446efae788b1d31dfa840126ee2f478a7ba119b0df3f3b17868cd11119480-34502078407535821222812078643315113364310820656045502335355532225403465034119.POLYMARKET"", ""DOWN"": ""0x00e446efae788b1d31dfa840126ee2f478a7ba119b0df3f3b17868cd11119480-106851166934149696323198594648962470501314635304094146256675244369606319252612.POLYMARKET""}, ""live_candidate_existed"": false, ""live_entry_price"": null, ""live_fill_price"": null, ""live_qty"": null, ""live_exit_reason"": null, ""live_exit_price"": null, ""live_pnl"": null}",research_only_no_order_or_ownership,1790497770.228815,,,
SHADOW_ENTRY_CANDIDATE,btc-updown-15m-1790496900|120_5,btc-updown-15m-1790496900,run_1790497709_3e95b2c5,120_5,120,5,870.2288150787354,1790497770.228815,,observation_unavailable,canonical_reference_or_strike_unavailable,canonical_chainlink_twap_vs_official_market_strike,84810.01551611596,84810.01820210794,,,,,,ActiveSide.NONE,,False,False,True,True,WEEKEND_SHADOW_ONLY,4,16,0x00e446efae788b1d31dfa840126ee2f478a7ba119b0df3f3b17868cd11119480-106851166934149696323198594648962470501314635304094146256675244369606319252612.POLYMARKET,DOWN,,,,,,unavailable_noncanonical_source,,,,,,,,,,,,33.8,220.0,0.010000000000000009,1790497770.0674958,0.16131925582885742,0.295,66.0,5.0,,,,not_applicable,[],not_applicable,27.39,27.39,92.39,161.55,181.55,241.55,,,,,,,,"{""production_side"": ""ActiveSide.NONE"", ""instrument_for_side"": {""UP"": ""0x00e446efae788b1d31dfa840126ee2f478a7ba119b0df3f3b17868cd11119480-34502078407535821222812078643315113364310820656045502335355532225403465034119.POLYMARKET"", ""DOWN"": ""0x00e446efae788b1d31dfa840126ee2f478a7ba119b0df3f3b17868cd11119480-106851166934149696323198594648962470501314635304094146256675244369606319252612.POLYMARKET""}, ""live_candidate_existed"": false, ""live_entry_price"": null, ""live_fill_price"": null, ""live_qty"": null, ""live_exit_reason"": null, ""live_exit_price"": null, ""live_pnl"": null}",research_only_no_order_or_ownership,1790497770.228815,,,
SHADOW_ENTRY_CANDIDATE,btc-updown-15m-1790497800|120_0,btc-updown-15m-1790497800,run_1790497895_857a4eb7,120_0,120,0,156.96283102035522,1790497956.962831,,observation_unavailable,canonical_reference_or_strike_unavailable,canonical_chainlink_twap_vs_official_market_strike,84870.00850698681,84868.71410490088,,,,,,ActiveSide.NONE,,False,False,True,True,WEEKEND_SHADOW_ONLY,4,16,0xc3159f063c4fa63abce4e57d00b91681ec75c3744ab3171224b40e142bc12f8c-70025867707194717848475343701261182999894233611900577422987090628082523320400.POLYMARKET,DOWN,,,,,,unavailable_noncanonical_source,,,,,,,,,,,,40.0,30.0,0.010000000000000009,1790497956.7500422,0.21278882026672363,0.325,9.9,5.0,,,,not_applicable,[],not_applicable,190.0,229.5,1469.5,435.98,2643.98,4675.98,,,,,,,,"{""production_side"": ""ActiveSide.NONE"", ""instrument_for_side"": {""UP"": ""0xc3159f063c4fa63abce4e57d00b91681ec75c3744ab3171224b40e142bc12f8c-112829426602061095587621172687651937460344603421187470788087101163313886939694.POLYMARKET"", ""DOWN"": ""0xc3159f063c4fa63abce4e57d00b91681ec75c3744ab3171224b40e142bc12f8c-70025867707194717848475343701261182999894233611900577422987090628082523320400.POLYMARKET""}, ""live_candidate_existed"": false, ""live_entry_price"": null, ""live_fill_price"": null, ""live_qty"": null, ""live_exit_reason"": null, ""live_exit_price"": null, ""live_pnl"": null}",research_only_no_order_or_ownership,1790497956.962831,,,
SHADOW_ENTRY_CANDIDATE,btc-updown-15m-1790497800|120_2,btc-updown-15m-1790497800,run_1790497895_857a4eb7,120_2,120,2,156.96283102035522,1790497956.962831,,observation_unavailable,canonical_reference_or_strike_unavailable,canonical_chainlink_twap_vs_official_market_strike,84870.00850698681,84868.71410490088,,,,,,ActiveSide.NONE,,False,False,True,True,WEEKEND_SHADOW_ONLY,4,16,0xc3159f063c4fa63abce4e57d00b91681ec75c3744ab3171224b40e142bc12f8c-70025867707194717848475343701261182999894233611900577422987090628082523320400.POLYMARKET,DOWN,,,,,,unavailable_noncanonical_source,,,,,,,,,,,,40.0,30.0,0.010000000000000009,1790497956.7500422,0.21278882026672363,0.325,9.9,5.0,,,,not_applicable,[],not_applicable,190.0,229.5,1469.5,435.98,2643.98,4675.98,,,,,,,,"{""production_side"": ""ActiveSide.NONE"", ""instrument_for_side"": {""UP"": ""0xc3159f063c4fa63abce4e57d00b91681ec75c3744ab3171224b40e142bc12f8c-112829426602061095587621172687651937460344603421187470788087101163313886939694.POLYMARKET"", ""DOWN"": ""0xc3159f063c4fa63abce4e57d00b91681ec75c3744ab3171224b40e142bc12f8c-70025867707194717848475343701261182999894233611900577422987090628082523320400.POLYMARKET""}, ""live_candidate_existed"": false, ""live_entry_price"": null, ""live_fill_price"": null, ""live_qty"": null, ""live_exit_reason"": null, ""live_exit_price"": null, ""live_pnl"": null}",research_only_no_order_or_ownership,1790497956.962831,,,
SHADOW_ENTRY_CANDIDATE,btc-updown-15m-1790497800|120_5,btc-updown-15m-1790497800,run_1790497895_857a4eb7,120_5,120,5,156.96283102035522,1790497956.962831,,observation_unavailable,canonical_reference_or_strike_unavailable,canonical_chainlink_twap_vs_official_market_strike,84870.00850698681,84868.71410490088,,,,,,ActiveSide.NONE,,False,False,True,True,WEEKEND_SHADOW_ONLY,4,16,0xc3159f063c4fa63abce4e57d00b91681ec75c3744ab3171224b40e142bc12f8c-70025867707194717848475343701261182999894233611900577422987090628082523320400.POLYMARKET,DOWN,,,,,,unavailable_noncanonical_source,,,,,,,,,,,,40.0,30.0,0.010000000000000009,1790497956.7500422,0.21278882026672363,0.325,9.9,5.0,,,,not_applicable,[],not_applicable,190.0,229.5,1469.5,435.98,2643.98,4675.98,,,,,,,,"{""production_side"": ""ActiveSide.NONE"", ""instrument_for_side"": {""UP"": ""0xc3159f063c4fa63abce4e57d00b91681ec75c3744ab3171224b40e142bc12f8c-112829426602061095587621172687651937460344603421187470788087101163313886939694.POLYMARKET"", ""DOWN"": ""0xc3159f063c4fa63abce4e57d00b91681ec75c3744ab3171224b40e142bc12f8c-70025867707194717848475343701261182999894233611900577422987090628082523320400.POLYMARKET""}, ""live_candidate_existed"": false, ""live_entry_price"": null, ""live_fill_price"": null, ""live_qty"": null, ""live_exit_reason"": null, ""live_exit_price"": null, ""live_pnl"": null}",research_only_no_order_or_ownership,1790497956.962831,,,
SHADOW_ENTRY_CANDIDATE,btc-updown-15m-1790498700|120_0,btc-updown-15m-1790498700,run_1790498793_1303fbf4,120_0,120,0,159.78337502479553,1790498859.783375,,observation_unavailable,canonical_reference_or_strike_unavailable,canonical_chainlink_twap_vs_official_market_strike,84710.35578381598,84710.10203384192,,,,,,ActiveSide.NONE,,False,False,True,True,WEEKEND_SHADOW_ONLY,4,16,0x4eade0a573093306c50a7ca40a8d54927f29b744f75a50fb45ecd7b1e05eee3a-58859773644190847315870936150989371204578441243105320339221402353162526755288.POLYMARKET,UP,,,,,,unavailable_noncanonical_source,,,,,,,,,,,,31.24,1560.91,0.009999999999999898,1790498859.563989,0.21938610076904297,0.565,889.7187,5.0,,,,not_applicable,[],not_applicable,31.24,601.02,1241.02,4299.91,6064.91,6342.96,,,,,,,,"{""production_side"": ""ActiveSide.NONE"", ""instrument_for_side"": {""UP"": ""0x4eade0a573093306c50a7ca40a8d54927f29b744f75a50fb45ecd7b1e05eee3a-58859773644190847315870936150989371204578441243105320339221402353162526755288.POLYMARKET"", ""DOWN"": ""0x4eade0a573093306c50a7ca40a8d54927f29b744f75a50fb45ecd7b1e05eee3a-37731319861449850815058933902160696511430062174940112660385177787323660637359.POLYMARKET""}, ""live_candidate_existed"": false, ""live_entry_price"": null, ""live_fill_price"": null, ""live_qty"": null, ""live_exit_reason"": null, ""live_exit_price"": null, ""live_pnl"": null}",research_only_no_order_or_ownership,1790498859.783375,,,
SHADOW_ENTRY_CANDIDATE,btc-updown-15m-1790498700|120_2,btc-updown-15m-1790498700,run_1790498793_1303fbf4,120_2,120,2,159.78337502479553,1790498859.783375,,observation_unavailable,canonical_reference_or_strike_unavailable,canonical_chainlink_twap_vs_official_market_strike,84710.35578381598,84710.10203384192,,,,,,ActiveSide.NONE,,False,False,True,True,WEEKEND_SHADOW_ONLY,4,16,0x4eade0a573093306c50a7ca40a8d54927f29b744f75a50fb45ecd7b1e05eee3a-58859773644190847315870936150989371204578441243105320339221402353162526755288.POLYMARKET,UP,,,,,,unavailable_noncanonical_source,,,,,,,,,,,,31.24,1560.91,0.009999999999999898,1790498859.563989,0.21938610076904297,0.565,889.7187,5.0,,,,not_applicable,[],not_applicable,31.24,601.02,1241.02,4299.91,6064.91,6342.96,,,,,,,,"{""production_side"": ""ActiveSide.NONE"", ""instrument_for_side"": {""UP"": ""0x4eade0a573093306c50a7ca40a8d54927f29b744f75a50fb45ecd7b1e05eee3a-58859773644190847315870936150989371204578441243105320339221402353162526755288.POLYMARKET"", ""DOWN"": ""0x4eade0a573093306c50a7ca40a8d54927f29b744f75a50fb45ecd7b1e05eee3a-37731319861449850815058933902160696511430062174940112660385177787323660637359.POLYMARKET""}, ""live_candidate_existed"": false, ""live_entry_price"": null, ""live_fill_price"": null, ""live_qty"": null, ""live_exit_reason"": null, ""live_exit_price"": null, ""live_pnl"": null}",research_only_no_order_or_ownership,1790498859.783375,,,
SHADOW_ENTRY_CANDIDATE,btc-updown-15m-1790498700|120_5,btc-updown-15m-1790498700,run_1790498793_1303fbf4,120_5,120,5,159.78337502479553,1790498859.783375,,observation_unavailable,canonical_reference_or_strike_unavailable,canonical_chainlink_twap_vs_official_market_strike,84710.35578381598,84710.10203384192,,,,,,ActiveSide.NONE,,False,False,True,True,WEEKEND_SHADOW_ONLY,4,16,0x4eade0a573093306c50a7ca40a8d54927f29b744f75a50fb45ecd7b1e05eee3a-58859773644190847315870936150989371204578441243105320339221402353162526755288.POLYMARKET,UP,,,,,,unavailable_noncanonical_source,,,,,,,,,,,,31.24,1560.91,0.009999999999999898,1790498859.563989,0.21938610076904297,0.565,889.7187,5.0,,,,not_applicable,[],not_applicable,31.24,601.02,1241.02,4299.91,6064.91,6342.96,,,,,,,,"{""production_side"": ""ActiveSide.NONE"", ""instrument_for_side"": {""UP"": ""0x4eade0a573093306c50a7ca40a8d54927f29b744f75a50fb45ecd7b1e05eee3a-58859773644190847315870936150989371204578441243105320339221402353162526755288.POLYMARKET"", ""DOWN"": ""0x4eade0a573093306c50a7ca40a8d54927f29b744f75a50fb45ecd7b1e05eee3a-37731319861449850815058933902160696511430062174940112660385177787323660637359.POLYMARKET""}, ""live_candidate_existed"": false, ""live_entry_price"": null, ""live_fill_price"": null, ""live_qty"": null, ""live_exit_reason"": null, ""live_exit_price"": null, ""live_pnl"": null}",research_only_no_order_or_ownership,1790498859.783375,,,
SHADOW_ENTRY_CANDIDATE,btc-updown-15m-1790503200|120_0,btc-updown-15m-1790503200,run_1790503332_ec9b1b4e,120_0,120,0,188.5977590084076,1790503388.597759,,observation_unavailable,canonical_reference_or_strike_unavailable,canonical_chainlink_twap_vs_official_market_strike,84921.60623393634,84924.22670025885,,,,,,ActiveSide.NONE,,False,False,True,True,WEEKEND_SHADOW_ONLY,6,18,0x3058cead71e1d75abaf79ff8941b66c0f283340b8f61a4303624660a681f2f02-11952985123667725199284347619663739244714107643426080510123025373789166335515.POLYMARKET,UP,,,,,,unavailable_noncanonical_source,,,,,,,,,,,,15.0,8.26,0.020000000000000018,1790503388.3452,0.25255894660949707,0.64,5.369,5.0,,,,not_applicable,[],not_applicable,23.0,99.16,1334.48,128.22,282.37,457.12,,,,,,,,"{""production_side"": ""ActiveSide.NONE"", ""instrument_for_side"": {""UP"": ""0x3058cead71e1d75abaf79ff8941b66c0f283340b8f61a4303624660a681f2f02-11952985123667725199284347619663739244714107643426080510123025373789166335515.POLYMARKET"", ""DOWN"": ""0x3058cead71e1d75abaf79ff8941b66c0f283340b8f61a4303624660a681f2f02-108603449437262589498975554293889555363591873300126805824078151509458434558546.POLYMARKET""}, ""live_candidate_existed"": false, ""live_entry_price"": null, ""live_fill_price"": null, ""live_qty"": null, ""live_exit_reason"": null, ""live_exit_price"": null, ""live_pnl"": null}",research_only_no_order_or_ownership,1790503388.597759,,,
SHADOW_ENTRY_CANDIDATE,btc-updown-15m-1790503200|120_2,btc-updown-15m-1790503200,run_1790503332_ec9b1b4e,120_2,120,2,188.5977590084076,1790503388.597759,,observation_unavailable,canonical_reference_or_strike_unavailable,canonical_chainlink_twap_vs_official_market_strike,84921.60623393634,84924.22670025885,,,,,,ActiveSide.NONE,,False,False,True,True,WEEKEND_SHADOW_ONLY,6,18,0x3058cead71e1d75abaf79ff8941b66c0f283340b8f61a4303624660a681f2f02-11952985123667725199284347619663739244714107643426080510123025373789166335515.POLYMARKET,UP,,,,,,unavailable_noncanonical_source,,,,,,,,,,,,15.0,8.26,0.020000000000000018,1790503388.3452,0.25255894660949707,0.64,5.369,5.0,,,,not_applicable,[],not_applicable,23.0,99.16,1334.48,128.22,282.37,457.12,,,,,,,,"{""production_side"": ""ActiveSide.NONE"", ""instrument_for_side"": {""UP"": ""0x3058cead71e1d75abaf79ff8941b66c0f283340b8f61a4303624660a681f2f02-11952985123667725199284347619663739244714107643426080510123025373789166335515.POLYMARKET"", ""DOWN"": ""0x3058cead71e1d75abaf79ff8941b66c0f283340b8f61a4303624660a681f2f02-108603449437262589498975554293889555363591873300126805824078151509458434558546.POLYMARKET""}, ""live_candidate_existed"": false, ""live_entry_price"": null, ""live_fill_price"": null, ""live_qty"": null, ""live_exit_reason"": null, ""live_exit_price"": null, ""live_pnl"": null}",research_only_no_order_or_ownership,1790503388.597759,,,
SHADOW_ENTRY_CANDIDATE,btc-updown-15m-1790503200|120_5,btc-updown-15m-1790503200,run_1790503332_ec9b1b4e,120_5,120,5,188.5977590084076,1790503388.597759,,observation_unavailable,canonical_reference_or_strike_unavailable,canonical_chainlink_twap_vs_official_market_strike,84921.60623393634,84924.22670025885,,,,,,ActiveSide.NONE,,False,False,True,True,WEEKEND_SHADOW_ONLY,6,18,0x3058cead71e1d75abaf79ff8941b66c0f283340b8f61a4303624660a681f2f02-11952985123667725199284347619663739244714107643426080510123025373789166335515.POLYMARKET,UP,,,,,,unavailable_noncanonical_source,,,,,,,,,,,,15.0,8.26,0.020000000000000018,1790503388.3452,0.25255894660949707,0.64,5.369,5.0,,,,not_applicable,[],not_applicable,23.0,99.16,1334.48,128.22,282.37,457.12,,,,,,,,"{""production_side"": ""ActiveSide.NONE"", ""instrument_for_side"": {""UP"": ""0x3058cead71e1d75abaf79ff8941b66c0f283340b8f61a4303624660a681f2f02-11952985123667725199284347619663739244714107643426080510123025373789166335515.POLYMARKET"", ""DOWN"": ""0x3058cead71e1d75abaf79ff8941b66c0f283340b8f61a4303624660a681f2f02-108603449437262589498975554293889555363591873300126805824078151509458434558546.POLYMARKET""}, ""live_candidate_existed"": false, ""live_entry_price"": null, ""live_fill_price"": null, ""live_qty"": null, ""live_exit_reason"": null, ""live_exit_price"": null, ""live_pnl"": null}",research_only_no_order_or_ownership,1790503388.597759,,,
SHADOW_ENTRY_CANDIDATE,btc-updown-15m-1790504100|120_0,btc-updown-15m-1790504100,run_1790504190_84db7f30,120_0,120,0,145.60785603523254,1790504245.607856,,observation_unavailable,canonical_reference_or_strike_unavailable,canonical_chainlink_twap_vs_official_market_strike,85024.35990304188,85022.94401946131,,,,,,ActiveSide.NONE,,False,False,True,True,WEEKEND_SHADOW_ONLY,6,18,0xad05c5c21468a9cc0b36527cafd9e14d61ae17a2b64ae96ef985f433b40ad86f-52696040648620790685431158879305755753790159472176925833118539750546047920894.POLYMARKET,DOWN,,,,,,unavailable_noncanonical_source,,,,,,,,,,,,170.83,90.48,0.010000000000000009,1790504245.597933,0.009922981262207031,0.595,54.288000000000004,5.0,,,,not_applicable,[],not_applicable,295.95,374.45,657.45,184.48000000000002,1994.48,3210.48,,,,,,,,"{""production_side"": ""ActiveSide.NONE"", ""instrument_for_side"": {""UP"": ""0xad05c5c21468a9cc0b36527cafd9e14d61ae17a2b64ae96ef985f433b40ad86f-3555595207264878009869659005668231450606246597073757445891697639923879798510.POLYMARKET"", ""DOWN"": ""0xad05c5c21468a9cc0b36527cafd9e14d61ae17a2b64ae96ef985f433b40ad86f-52696040648620790685431158879305755753790159472176925833118539750546047920894.POLYMARKET""}, ""live_candidate_existed"": false, ""live_entry_price"": null, ""live_fill_price"": null, ""live_qty"": null, ""live_exit_reason"": null, ""live_exit_price"": null, ""live_pnl"": null}",research_only_no_order_or_ownership,1790504245.607856,,,
SHADOW_ENTRY_CANDIDATE,btc-updown-15m-1790504100|120_2,btc-updown-15m-1790504100,run_1790504190_84db7f30,120_2,120,2,145.60785603523254,1790504245.607856,,observation_unavailable,canonical_reference_or_strike_unavailable,canonical_chainlink_twap_vs_official_market_strike,85024.35990304188,85022.94401946131,,,,,,ActiveSide.NONE,,False,False,True,True,WEEKEND_SHADOW_ONLY,6,18,0xad05c5c21468a9cc0b36527cafd9e14d61ae17a2b64ae96ef985f433b40ad86f-52696040648620790685431158879305755753790159472176925833118539750546047920894.POLYMARKET,DOWN,,,,,,unavailable_noncanonical_source,,,,,,,,,,,,170.83,90.48,0.010000000000000009,1790504245.597933,0.009922981262207031,0.595,54.288000000000004,5.0,,,,not_applicable,[],not_applicable,295.95,374.45,657.45,184.48000000000002,1994.48,3210.48,,,,,,,,"{""production_side"": ""ActiveSide.NONE"", ""instrument_for_side"": {""UP"": ""0xad05c5c21468a9cc0b36527cafd9e14d61ae17a2b64ae96ef985f433b40ad86f-3555595207264878009869659005668231450606246597073757445891697639923879798510.POLYMARKET"", ""DOWN"": ""0xad05c5c21468a9cc0b36527cafd9e14d61ae17a2b64ae96ef985f433b40ad86f-52696040648620790685431158879305755753790159472176925833118539750546047920894.POLYMARKET""}, ""live_candidate_existed"": false, ""live_entry_price"": null, ""live_fill_price"": null, ""live_qty"": null, ""live_exit_reason"": null, ""live_exit_price"": null, ""live_pnl"": null}",research_only_no_order_or_ownership,1790504245.607856,,,
SHADOW_ENTRY_CANDIDATE,btc-updown-15m-1790504100|120_5,btc-updown-15m-1790504100,run_1790504190_84db7f30,120_5,120,5,145.60785603523254,1790504245.607856,,observation_unavailable,canonical_reference_or_strike_unavailable,canonical_chainlink_twap_vs_official_market_strike,85024.35990304188,85022.94401946131,,,,,,ActiveSide.NONE,,False,False,True,True,WEEKEND_SHADOW_ONLY,6,18,0xad05c5c21468a9cc0b36527cafd9e14d61ae17a2b64ae96ef985f433b40ad86f-52696040648620790685431158879305755753790159472176925833118539750546047920894.POLYMARKET,DOWN,,,,,,unavailable_noncanonical_source,,,,,,,,,,,,170.83,90.48,0.010000000000000009,1790504245.597933,0.009922981262207031,0.595,54.288000000000004,5.0,,,,not_applicable,[],not_applicable,295.95,374.45,657.45,184.48000000000002,1994.48,3210.48,,,,,,,,"{""production_side"": ""ActiveSide.NONE"", ""instrument_for_side"": {""UP"": ""0xad05c5c21468a9cc0b36527cafd9e14d61ae17a2b64ae96ef985f433b40ad86f-3555595207264878009869659005668231450606246597073757445891697639923879798510.POLYMARKET"", ""DOWN"": ""0xad05c5c21468a9cc0b36527cafd9e14d61ae17a2b64ae96ef985f433b40ad86f-52696040648620790685431158879305755753790159472176925833118539750546047920894.POLYMARKET""}, ""live_candidate_existed"": false, ""live_entry_price"": null, ""live_fill_price"": null, ""live_qty"": null, ""live_exit_reason"": null, ""live_exit_price"": null, ""live_pnl"": null}",research_only_no_order_or_ownership,1790504245.607856,,,
SHADOW_ENTRY_CANDIDATE,btc-updown-15m-1790505000|120_0,btc-updown-15m-1790505000,run_1790505084_639a272d,120_0,120,0,141.52909994125366,1790505141.5291,,observation_unavailable,canonical_reference_or_strike_unavailable,canonical_chainlink_twap_vs_official_market_strike,84902.30050740567,84894.98363805919,,,,,,ActiveSide.NONE,,False,False,True,True,WEEKEND_SHADOW_ONLY,6,18,0xda8c0325af02cb2887112b7646ce4c6d7e6ccf462f568f381ba93e8919ffc28f-38983914680355838322472448530911637101064902034773097692521080687216383039023.POLYMARKET,DOWN,,,,,,unavailable_noncanonical_source,,,,,,,,,,,,631.57,108.3,0.010000000000000009,1790505141.241099,0.28800082206726074,0.635,69.312,5.0,,,,not_applicable,[],not_applicable,871.5600000000001,918.5600000000001,1239.56,2334.3,5408.3,8392.3,,,,,,,,"{""production_side"": ""ActiveSide.NONE"", ""instrument_for_side"": {""UP"": ""0xda8c0325af02cb2887112b7646ce4c6d7e6ccf462f568f381ba93e8919ffc28f-62684266127534214578238872077155022205754733598854924185785060766397190407767.POLYMARKET"", ""DOWN"": ""0xda8c0325af02cb2887112b7646ce4c6d7e6ccf462f568f381ba93e8919ffc28f-38983914680355838322472448530911637101064902034773097692521080687216383039023.POLYMARKET""}, ""live_candidate_existed"": false, ""live_entry_price"": null, ""live_fill_price"": null, ""live_qty"": null, ""live_exit_reason"": null, ""live_exit_price"": null, ""live_pnl"": null}",research_only_no_order_or_ownership,1790505141.5291,,,
SHADOW_ENTRY_CANDIDATE,btc-updown-15m-1790505000|120_2,btc-updown-15m-1790505000,run_1790505084_639a272d,120_2,120,2,141.52909994125366,1790505141.5291,,observation_unavailable,canonical_reference_or_strike_unavailable,canonical_chainlink_twap_vs_official_market_strike,84902.30050740567,84894.98363805919,,,,,,ActiveSide.NONE,,False,False,True,True,WEEKEND_SHADOW_ONLY,6,18,0xda8c0325af02cb2887112b7646ce4c6d7e6ccf462f568f381ba93e8919ffc28f-38983914680355838322472448530911637101064902034773097692521080687216383039023.POLYMARKET,DOWN,,,,,,unavailable_noncanonical_source,,,,,,,,,,,,631.57,108.3,0.010000000000000009,1790505141.241099,0.28800082206726074,0.635,69.312,5.0,,,,not_applicable,[],not_applicable,871.5600000000001,918.5600000000001,1239.56,2334.3,5408.3,8392.3,,,,,,,,"{""production_side"": ""ActiveSide.NONE"", ""instrument_for_side"": {""UP"": ""0xda8c0325af02cb2887112b7646ce4c6d7e6ccf462f568f381ba93e8919ffc28f-62684266127534214578238872077155022205754733598854924185785060766397190407767.POLYMARKET"", ""DOWN"": ""0xda8c0325af02cb2887112b7646ce4c6d7e6ccf462f568f381ba93e8919ffc28f-38983914680355838322472448530911637101064902034773097692521080687216383039023.POLYMARKET""}, ""live_candidate_existed"": false, ""live_entry_price"": null, ""live_fill_price"": null, ""live_qty"": null, ""live_exit_reason"": null, ""live_exit_price"": null, ""live_pnl"": null}",research_only_no_order_or_ownership,1790505141.5291,,,
SHADOW_ENTRY_CANDIDATE,btc-updown-15m-1790505000|120_5,btc-updown-15m-1790505000,run_1790505084_639a272d,120_5,120,5,141.52909994125366,1790505141.5291,,observation_unavailable,canonical_reference_or_strike_unavailable,canonical_chainlink_twap_vs_official_market_strike,84902.30050740567,84894.98363805919,,,,,,ActiveSide.NONE,,False,False,True,True,WEEKEND_SHADOW_ONLY,6,18,0xda8c0325af02cb2887112b7646ce4c6d7e6ccf462f568f381ba93e8919ffc28f-38983914680355838322472448530911637101064902034773097692521080687216383039023.POLYMARKET,DOWN,,,,,,unavailable_noncanonical_source,,,,,,,,,,,,631.57,108.3,0.010000000000000009,1790505141.241099,0.28800082206726074,0.635,69.312,5.0,,,,not_applicable,[],not_applicable,871.5600000000001,918.5600000000001,1239.56,2334.3,5408.3,8392.3,,,,,,,,"{""production_side"": ""ActiveSide.NONE"", ""instrument_for_side"": {""UP"": ""0xda8c0325af02cb2887112b7646ce4c6d7e6ccf462f568f381ba93e8919ffc28f-62684266127534214578238872077155022205754733598854924185785060766397190407767.POLYMARKET"", ""DOWN"": ""0xda8c0325af02cb2887112b7646ce4c6d7e6ccf462f568f381ba93e8919ffc28f-38983914680355838322472448530911637101064902034773097692521080687216383039023.POLYMARKET""}, ""live_candidate_existed"": false, ""live_entry_price"": null, ""live_fill_price"": null, ""live_qty"": null, ""live_exit_reason"": null, ""live_exit_price"": null, ""live_pnl"": null}",research_only_no_order_or_ownership,1790505141.5291,,,
SHADOW_ENTRY_CANDIDATE,btc-updown-15m-1790505900|120_0,btc-updown-15m-1790505900,run_1790505981_b74a35b0,120_0,120,0,125.66440510749817,1790506025.664405,,observation_unavailable,canonical_reference_or_strike_unavailable,canonical_chainlink_twap_vs_official_market_strike,84858.00680248297,84858.00863530673,,,,,,ActiveSide.NONE,,False,False,True,True,WEEKEND_SHADOW_ONLY,6,18,0x822580f3f26eeb38f1a743e178479058195372d6cff9887cb6850cdb7331dcc9-61726265048750871213251673294686288102729414750155487042318935200628012106405.POLYMARKET,UP,,,,,,unavailable_noncanonical_source,,,,,,,,,,,,455.65,15.0,0.010000000000000009,1790506025.377099,0.2873060703277588,0.455,6.9,5.0,,,,not_applicable,[],not_applicable,4299.65,4816.65,9016.43,540.0,1135.73,1965.73,,,,,,,,"{""production_side"": ""ActiveSide.NONE"", ""instrument_for_side"": {""UP"": ""0x822580f3f26eeb38f1a743e178479058195372d6cff9887cb6850cdb7331dcc9-61726265048750871213251673294686288102729414750155487042318935200628012106405.POLYMARKET"", ""DOWN"": ""0x822580f3f26eeb38f1a743e178479058195372d6cff9887cb6850cdb7331dcc9-42478531829246383603730824327435397665108265184580646438402226918782591009873.POLYMARKET""}, ""live_candidate_existed"": false, ""live_entry_price"": null, ""live_fill_price"": null, ""live_qty"": null, ""live_exit_reason"": null, ""live_exit_price"": null, ""live_pnl"": null}",research_only_no_order_or_ownership,1790506025.664405,,,
SHADOW_ENTRY_CANDIDATE,btc-updown-15m-1790505900|120_2,btc-updown-15m-1790505900,run_1790505981_b74a35b0,120_2,120,2,125.66440510749817,1790506025.664405,,observation_unavailable,canonical_reference_or_strike_unavailable,canonical_chainlink_twap_vs_official_market_strike,84858.00680248297,84858.00863530673,,,,,,ActiveSide.NONE,,False,False,True,True,WEEKEND_SHADOW_ONLY,6,18,0x822580f3f26eeb38f1a743e178479058195372d6cff9887cb6850cdb7331dcc9-61726265048750871213251673294686288102729414750155487042318935200628012106405.POLYMARKET,UP,,,,,,unavailable_noncanonical_source,,,,,,,,,,,,455.65,15.0,0.010000000000000009,1790506025.377099,0.2873060703277588,0.455,6.9,5.0,,,,not_applicable,[],not_applicable,4299.65,4816.65,9016.43,540.0,1135.73,1965.73,,,,,,,,"{""production_side"": ""ActiveSide.NONE"", ""instrument_for_side"": {""UP"": ""0x822580f3f26eeb38f1a743e178479058195372d6cff9887cb6850cdb7331dcc9-61726265048750871213251673294686288102729414750155487042318935200628012106405.POLYMARKET"", ""DOWN"": ""0x822580f3f26eeb38f1a743e178479058195372d6cff9887cb6850cdb7331dcc9-42478531829246383603730824327435397665108265184580646438402226918782591009873.POLYMARKET""}, ""live_candidate_existed"": false, ""live_entry_price"": null, ""live_fill_price"": null, ""live_qty"": null, ""live_exit_reason"": null, ""live_exit_price"": null, ""live_pnl"": null}",research_only_no_order_or_ownership,1790506025.664405,,,
SHADOW_ENTRY_CANDIDATE,btc-updown-15m-1790505900|120_5,btc-updown-15m-1790505900,run_1790505981_b74a35b0,120_5,120,5,125.66440510749817,1790506025.664405,,observation_unavailable,canonical_reference_or_strike_unavailable,canonical_chainlink_twap_vs_official_market_strike,84858.00680248297,84858.00863530673,,,,,,ActiveSide.NONE,,False,False,True,True,WEEKEND_SHADOW_ONLY,6,18,0x822580f3f26eeb38f1a743e178479058195372d6cff9887cb6850cdb7331dcc9-61726265048750871213251673294686288102729414750155487042318935200628012106405.POLYMARKET,UP,,,,,,unavailable_noncanonical_source,,,,,,,,,,,,455.65,15.0,0.010000000000000009,1790506025.377099,0.2873060703277588,0.455,6.9,5.0,,,,not_applicable,[],not_applicable,4299.65,4816.65,9016.43,540.0,1135.73,1965.73,,,,,,,,"{""production_side"": ""ActiveSide.NONE"", ""instrument_for_side"": {""UP"": ""0x822580f3f26eeb38f1a743e178479058195372d6cff9887cb6850cdb7331dcc9-61726265048750871213251673294686288102729414750155487042318935200628012106405.POLYMARKET"", ""DOWN"": ""0x822580f3f26eeb38f1a743e178479058195372d6cff9887cb6850cdb7331dcc9-42478531829246383603730824327435397665108265184580646438402226918782591009873.POLYMARKET""}, ""live_candidate_existed"": false, ""live_entry_price"": null, ""live_fill_price"": null, ""live_qty"": null, ""live_exit_reason"": null, ""live_exit_price"": null, ""live_pnl"": null}",research_only_no_order_or_ownership,1790506025.664405,,,
SHADOW_ENTRY_CANDIDATE,btc-updown-15m-1790506800|120_0,btc-updown-15m-1790506800,run_1790506887_9e2bdd2d,120_0,120,0,132.30817294120789,1790506932.308173,,observation_unavailable,canonical_reference_or_strike_unavailable,canonical_chainlink_twap_vs_official_market_strike,84880.00040579955,84880.00022869663,,,,,,ActiveSide.NONE,,False,False,True,True,WEEKEND_SHADOW_ONLY,7,19,0xb3dd6b1b4fe2fea59f44b7bb48adf8c8c7d176b82532dc779679d038608e17c2-73133688927519034270249578348523179324054027933010852384543672378723665347819.POLYMARKET,UP,,,,,,unavailable_noncanonical_source,,,,,,,,,,,,5736.27,10.0,0.009999999999999898,1790506932.121709,0.1864638328552246,0.565,5.699999999999999,5.0,,,,not_applicable,[],not_applicable,8129.27,9432.27,10847.27,135.68,730.6800000000001,2436.68,,,,,,,,"{""production_side"": ""ActiveSide.NONE"", ""instrument_for_side"": {""UP"": ""0xb3dd6b1b4fe2fea59f44b7bb48adf8c8c7d176b82532dc779679d038608e17c2-73133688927519034270249578348523179324054027933010852384543672378723665347819.POLYMARKET"", ""DOWN"": ""0xb3dd6b1b4fe2fea59f44b7bb48adf8c8c7d176b82532dc779679d038608e17c2-28585290145287000094358149920280780895152152282078696694550359318589376988915.POLYMARKET""}, ""live_candidate_existed"": false, ""live_entry_price"": null, ""live_fill_price"": null, ""live_qty"": null, ""live_exit_reason"": null, ""live_exit_price"": null, ""live_pnl"": null}",research_only_no_order_or_ownership,1790506932.308173,,,
SHADOW_ENTRY_CANDIDATE,btc-updown-15m-1790506800|120_2,btc-updown-15m-1790506800,run_1790506887_9e2bdd2d,120_2,120,2,132.30817294120789,1790506932.308173,,observation_unavailable,canonical_reference_or_strike_unavailable,canonical_chainlink_twap_vs_official_market_strike,84880.00040579955,84880.00022869663,,,,,,ActiveSide.NONE,,False,False,True,True,WEEKEND_SHADOW_ONLY,7,19,0xb3dd6b1b4fe2fea59f44b7bb48adf8c8c7d176b82532dc779679d038608e17c2-73133688927519034270249578348523179324054027933010852384543672378723665347819.POLYMARKET,UP,,,,,,unavailable_noncanonical_source,,,,,,,,,,,,5736.27,10.0,0.009999999999999898,1790506932.121709,0.1864638328552246,0.565,5.699999999999999,5.0,,,,not_applicable,[],not_applicable,8129.27,9432.27,10847.27,135.68,730.6800000000001,2436.68,,,,,,,,"{""production_side"": ""ActiveSide.NONE"", ""instrument_for_side"": {""UP"": ""0xb3dd6b1b4fe2fea59f44b7bb48adf8c8c7d176b82532dc779679d038608e17c2-73133688927519034270249578348523179324054027933010852384543672378723665347819.POLYMARKET"", ""DOWN"": ""0xb3dd6b1b4fe2fea59f44b7bb48adf8c8c7d176b82532dc779679d038608e17c2-28585290145287000094358149920280780895152152282078696694550359318589376988915.POLYMARKET""}, ""live_candidate_existed"": false, ""live_entry_price"": null, ""live_fill_price"": null, ""live_qty"": null, ""live_exit_reason"": null, ""live_exit_price"": null, ""live_pnl"": null}",research_only_no_order_or_ownership,1790506932.308173,,,
SHADOW_ENTRY_CANDIDATE,btc-updown-15m-1790506800|120_5,btc-updown-15m-1790506800,run_1790506887_9e2bdd2d,120_5,120,5,132.30817294120789,1790506932.308173,,observation_unavailable,canonical_reference_or_strike_unavailable,canonical_chainlink_twap_vs_official_market_strike,84880.00040579955,84880.00022869663,,,,,,ActiveSide.NONE,,False,False,True,True,WEEKEND_SHADOW_ONLY,7,19,0xb3dd6b1b4fe2fea59f44b7bb48adf8c8c7d176b82532dc779679d038608e17c2-73133688927519034270249578348523179324054027933010852384543672378723665347819.POLYMARKET,UP,,,,,,unavailable_noncanonical_source,,,,,,,,,,,,5736.27,10.0,0.009999999999999898,1790506932.121709,0.1864638328552246,0.565,5.699999999999999,5.0,,,,not_applicable,[],not_applicable,8129.27,9432.27,10847.27,135.68,730.6800000000001,2436.68,,,,,,,,"{""production_side"": ""ActiveSide.NONE"", ""instrument_for_side"": {""UP"": ""0xb3dd6b1b4fe2fea59f44b7bb48adf8c8c7d176b82532dc779679d038608e17c2-73133688927519034270249578348523179324054027933010852384543672378723665347819.POLYMARKET"", ""DOWN"": ""0xb3dd6b1b4fe2fea59f44b7bb48adf8c8c7d176b82532dc779679d038608e17c2-28585290145287000094358149920280780895152152282078696694550359318589376988915.POLYMARKET""}, ""live_candidate_existed"": false, ""live_entry_price"": null, ""live_fill_price"": null, ""live_qty"": null, ""live_exit_reason"": null, ""live_exit_price"": null, ""live_pnl"": null}",research_only_no_order_or_ownership,1790506932.308173,,,
SHADOW_ENTRY_CANDIDATE,btc-updown-15m-1790507700|120_0,btc-updown-15m-1790507700,run_1790507782_f2d5e3ea,120_0,120,0,138.68095588684082,1790507838.680956,,observation_unavailable,canonical_reference_or_strike_unavailable,canonical_chainlink_twap_vs_official_market_strike,84874.85826368918,84876.80812562603,,,,,,ActiveSide.NONE,,False,False,True,True,WEEKEND_SHADOW_ONLY,7,19,0x4cea6fc715802dc803dc0a4ccbda4f215f84a10db62b1ba3b43ef1d78f44e362-103730947168374483147628610112789823207236657419347639682085114466460776911148.POLYMARKET,UP,,,,,,unavailable_noncanonical_source,,,,,,,,,,,,141.57,158.13,0.010000000000000009,1790507838.496138,0.18481779098510742,0.265,42.695100000000004,5.0,,,,not_applicable,[],not_applicable,318.09000000000003,318.09000000000003,10962.09,445.40999999999997,1045.41,2973.41,,,,,,,,"{""production_side"": ""ActiveSide.NONE"", ""instrument_for_side"": {""UP"": ""0x4cea6fc715802dc803dc0a4ccbda4f215f84a10db62b1ba3b43ef1d78f44e362-103730947168374483147628610112789823207236657419347639682085114466460776911148.POLYMARKET"", ""DOWN"": ""0x4cea6fc715802dc803dc0a4ccbda4f215f84a10db62b1ba3b43ef1d78f44e362-110027848786521917340226392719487549203081401281521211794287389422299773316070.POLYMARKET""}, ""live_candidate_existed"": false, ""live_entry_price"": null, ""live_fill_price"": null, ""live_qty"": null, ""live_exit_reason"": null, ""live_exit_price"": null, ""live_pnl"": null}",research_only_no_order_or_ownership,1790507838.680956,,,
SHADOW_ENTRY_CANDIDATE,btc-updown-15m-1790507700|120_2,btc-updown-15m-1790507700,run_1790507782_f2d5e3ea,120_2,120,2,138.68095588684082,1790507838.680956,,observation_unavailable,canonical_reference_or_strike_unavailable,canonical_chainlink_twap_vs_official_market_strike,84874.85826368918,84876.80812562603,,,,,,ActiveSide.NONE,,False,False,True,True,WEEKEND_SHADOW_ONLY,7,19,0x4cea6fc715802dc803dc0a4ccbda4f215f84a10db62b1ba3b43ef1d78f44e362-103730947168374483147628610112789823207236657419347639682085114466460776911148.POLYMARKET,UP,,,,,,unavailable_noncanonical_source,,,,,,,,,,,,141.57,158.13,0.010000000000000009,1790507838.496138,0.18481779098510742,0.265,42.695100000000004,5.0,,,,not_applicable,[],not_applicable,318.09000000000003,318.09000000000003,10962.09,445.40999999999997,1045.41,2973.41,,,,,,,,"{""production_side"": ""ActiveSide.NONE"", ""instrument_for_side"": {""UP"": ""0x4cea6fc715802dc803dc0a4ccbda4f215f84a10db62b1ba3b43ef1d78f44e362-103730947168374483147628610112789823207236657419347639682085114466460776911148.POLYMARKET"", ""DOWN"": ""0x4cea6fc715802dc803dc0a4ccbda4f215f84a10db62b1ba3b43ef1d78f44e362-110027848786521917340226392719487549203081401281521211794287389422299773316070.POLYMARKET""}, ""live_candidate_existed"": false, ""live_entry_price"": null, ""live_fill_price"": null, ""live_qty"": null, ""live_exit_reason"": null, ""live_exit_price"": null, ""live_pnl"": null}",research_only_no_order_or_ownership,1790507838.680956,,,
SHADOW_ENTRY_CANDIDATE,btc-updown-15m-1790507700|120_5,btc-updown-15m-1790507700,run_1790507782_f2d5e3ea,120_5,120,5,138.68095588684082,1790507838.680956,,observation_unavailable,canonical_reference_or_strike_unavailable,canonical_chainlink_twap_vs_official_market_strike,84874.85826368918,84876.80812562603,,,,,,ActiveSide.NONE,,False,False,True,True,WEEKEND_SHADOW_ONLY,7,19,0x4cea6fc715802dc803dc0a4ccbda4f215f84a10db62b1ba3b43ef1d78f44e362-103730947168374483147628610112789823207236657419347639682085114466460776911148.POLYMARKET,UP,,,,,,unavailable_noncanonical_source,,,,,,,,,,,,141.57,158.13,0.010000000000000009,1790507838.496138,0.18481779098510742,0.265,42.695100000000004,5.0,,,,not_applicable,[],not_applicable,318.09000000000003,318.09000000000003,10962.09,445.40999999999997,1045.41,2973.41,,,,,,,,"{""production_side"": ""ActiveSide.NONE"", ""instrument_for_side"": {""UP"": ""0x4cea6fc715802dc803dc0a4ccbda4f215f84a10db62b1ba3b43ef1d78f44e362-103730947168374483147628610112789823207236657419347639682085114466460776911148.POLYMARKET"", ""DOWN"": ""0x4cea6fc715802dc803dc0a4ccbda4f215f84a10db62b1ba3b43ef1d78f44e362-110027848786521917340226392719487549203081401281521211794287389422299773316070.POLYMARKET""}, ""live_candidate_existed"": false, ""live_entry_price"": null, ""live_fill_price"": null, ""live_qty"": null, ""live_exit_reason"": null, ""live_exit_price"": null, ""live_pnl"": null}",research_only_no_order_or_ownership,1790507838.680956,,,
SHADOW_ENTRY_CANDIDATE,btc-updown-15m-1790508600|120_0,btc-updown-15m-1790508600,run_1790508689_ef5d12ab,120_0,120,0,129.9410228729248,1790508729.9410229,,observation_unavailable,canonical_reference_or_strike_unavailable,canonical_chainlink_twap_vs_official_market_strike,84902.00235728794,84902.00105573575,,,,,,ActiveSide.NONE,,False,False,True,True,WEEKEND_SHADOW_ONLY,7,19,0x85ca35dfd622850c94e65585139fd07b6baabf7eb5d4b437cb90b8eae83cc45b-37987563498485911885524000194949022580785339432178701177636232170556451940637.POLYMARKET,UP,,,,,,unavailable_noncanonical_source,,,,,,,,,,,,106.81,179.0,0.010000000000000009,1790508729.9150069,0.0260159969329834,0.395,71.60000000000001,5.0,,,,not_applicable,[],not_applicable,6519.81,7862.75,10737.75,748.0,901.0,1787.0,,,,,,,,"{""production_side"": ""ActiveSide.NONE"", ""instrument_for_side"": {""UP"": ""0x85ca35dfd622850c94e65585139fd07b6baabf7eb5d4b437cb90b8eae83cc45b-37987563498485911885524000194949022580785339432178701177636232170556451940637.POLYMARKET"", ""DOWN"": ""0x85ca35dfd622850c94e65585139fd07b6baabf7eb5d4b437cb90b8eae83cc45b-26497775693209296542063524088001173601375070582609699672282274353221211270013.POLYMARKET""}, ""live_candidate_existed"": false, ""live_entry_price"": null, ""live_fill_price"": null, ""live_qty"": null, ""live_exit_reason"": null, ""live_exit_price"": null, ""live_pnl"": null}",research_only_no_order_or_ownership,1790508729.9410229,,,
SHADOW_ENTRY_CANDIDATE,btc-updown-15m-1790508600|120_2,btc-updown-15m-1790508600,run_1790508689_ef5d12ab,120_2,120,2,129.9410228729248,1790508729.9410229,,observation_unavailable,canonical_reference_or_strike_unavailable,canonical_chainlink_twap_vs_official_market_strike,84902.00235728794,84902.00105573575,,,,,,ActiveSide.NONE,,False,False,True,True,WEEKEND_SHADOW_ONLY,7,19,0x85ca35dfd622850c94e65585139fd07b6baabf7eb5d4b437cb90b8eae83cc45b-37987563498485911885524000194949022580785339432178701177636232170556451940637.POLYMARKET,UP,,,,,,unavailable_noncanonical_source,,,,,,,,,,,,106.81,179.0,0.010000000000000009,1790508729.9150069,0.0260159969329834,0.395,71.60000000000001,5.0,,,,not_applicable,[],not_applicable,6519.81,7862.75,10737.75,748.0,901.0,1787.0,,,,,,,,"{""production_side"": ""ActiveSide.NONE"", ""instrument_for_side"": {""UP"": ""0x85ca35dfd622850c94e65585139fd07b6baabf7eb5d4b437cb90b8eae83cc45b-37987563498485911885524000194949022580785339432178701177636232170556451940637.POLYMARKET"", ""DOWN"": ""0x85ca35dfd622850c94e65585139fd07b6baabf7eb5d4b437cb90b8eae83cc45b-26497775693209296542063524088001173601375070582609699672282274353221211270013.POLYMARKET""}, ""live_candidate_existed"": false, ""live_entry_price"": null, ""live_fill_price"": null, ""live_qty"": null, ""live_exit_reason"": null, ""live_exit_price"": null, ""live_pnl"": null}",research_only_no_order_or_ownership,1790508729.9410229,,,
SHADOW_ENTRY_CANDIDATE,btc-updown-15m-1790508600|120_5,btc-updown-15m-1790508600,run_1790508689_ef5d12ab,120_5,120,5,129.9410228729248,1790508729.9410229,,observation_unavailable,canonical_reference_or_strike_unavailable,canonical_chainlink_twap_vs_official_market_strike,84902.00235728794,84902.00105573575,,,,,,ActiveSide.NONE,,False,False,True,True,WEEKEND_SHADOW_ONLY,7,19,0x85ca35dfd622850c94e65585139fd07b6baabf7eb5d4b437cb90b8eae83cc45b-37987563498485911885524000194949022580785339432178701177636232170556451940637.POLYMARKET,UP,,,,,,unavailable_noncanonical_source,,,,,,,,,,,,106.81,179.0,0.010000000000000009,1790508729.9150069,0.0260159969329834,0.395,71.60000000000001,5.0,,,,not_applicable,[],not_applicable,6519.81,7862.75,10737.75,748.0,901.0,1787.0,,,,,,,,"{""production_side"": ""ActiveSide.NONE"", ""instrument_for_side"": {""UP"": ""0x85ca35dfd622850c94e65585139fd07b6baabf7eb5d4b437cb90b8eae83cc45b-37987563498485911885524000194949022580785339432178701177636232170556451940637.POLYMARKET"", ""DOWN"": ""0x85ca35dfd622850c94e65585139fd07b6baabf7eb5d4b437cb90b8eae83cc45b-26497775693209296542063524088001173601375070582609699672282274353221211270013.POLYMARKET""}, ""live_candidate_existed"": false, ""live_entry_price"": null, ""live_fill_price"": null, ""live_qty"": null, ""live_exit_reason"": null, ""live_exit_price"": null, ""live_pnl"": null}",research_only_no_order_or_ownership,1790508729.9410229,,,
SHADOW_ENTRY_CANDIDATE,btc-updown-15m-1790509500|120_0,btc-updown-15m-1790509500,run_1790509579_3b332447,120_0,120,0,136.20216298103333,1790509636.202163,,observation_unavailable,canonical_reference_or_strike_unavailable,canonical_chainlink_twap_vs_official_market_strike,84875.37939676538,84877.71251601484,,,,,,ActiveSide.NONE,,False,False,True,True,WEEKEND_SHADOW_ONLY,7,19,0x93c2c4ee49e41916a0aa81d498fa15c52f7449f28f23a0caa9c662b9d759aa72-48019972676709174613262607881305791723884750415630904672390459885255590455562.POLYMARKET,UP,,,,,,unavailable_noncanonical_source,,,,,,,,,,,,406.95,115.0,0.010000000000000009,1790509635.916516,0.285646915435791,0.295,34.5,5.0,,,,not_applicable,[],not_applicable,1561.95,4473.95,9940.95,254.0,379.0,1791.0,,,,,,,,"{""production_side"": ""ActiveSide.NONE"", ""instrument_for_side"": {""UP"": ""0x93c2c4ee49e41916a0aa81d498fa15c52f7449f28f23a0caa9c662b9d759aa72-48019972676709174613262607881305791723884750415630904672390459885255590455562.POLYMARKET"", ""DOWN"": ""0x93c2c4ee49e41916a0aa81d498fa15c52f7449f28f23a0caa9c662b9d759aa72-44982686878396250304276234848799958668321005508884482866141125559257404445882.POLYMARKET""}, ""live_candidate_existed"": false, ""live_entry_price"": null, ""live_fill_price"": null, ""live_qty"": null, ""live_exit_reason"": null, ""live_exit_price"": null, ""live_pnl"": null}",research_only_no_order_or_ownership,1790509636.202163,,,
SHADOW_ENTRY_CANDIDATE,btc-updown-15m-1790509500|120_2,btc-updown-15m-1790509500,run_1790509579_3b332447,120_2,120,2,136.20216298103333,1790509636.202163,,observation_unavailable,canonical_reference_or_strike_unavailable,canonical_chainlink_twap_vs_official_market_strike,84875.37939676538,84877.71251601484,,,,,,ActiveSide.NONE,,False,False,True,True,WEEKEND_SHADOW_ONLY,7,19,0x93c2c4ee49e41916a0aa81d498fa15c52f7449f28f23a0caa9c662b9d759aa72-48019972676709174613262607881305791723884750415630904672390459885255590455562.POLYMARKET,UP,,,,,,unavailable_noncanonical_source,,,,,,,,,,,,406.95,115.0,0.010000000000000009,1790509635.916516,0.285646915435791,0.295,34.5,5.0,,,,not_applicable,[],not_applicable,1561.95,4473.95,9940.95,254.0,379.0,1791.0,,,,,,,,"{""production_side"": ""ActiveSide.NONE"", ""instrument_for_side"": {""UP"": ""0x93c2c4ee49e41916a0aa81d498fa15c52f7449f28f23a0caa9c662b9d759aa72-48019972676709174613262607881305791723884750415630904672390459885255590455562.POLYMARKET"", ""DOWN"": ""0x93c2c4ee49e41916a0aa81d498fa15c52f7449f28f23a0caa9c662b9d759aa72-44982686878396250304276234848799958668321005508884482866141125559257404445882.POLYMARKET""}, ""live_candidate_existed"": false, ""live_entry_price"": null, ""live_fill_price"": null, ""live_qty"": null, ""live_exit_reason"": null, ""live_exit_price"": null, ""live_pnl"": null}",research_only_no_order_or_ownership,1790509636.202163,,,
SHADOW_ENTRY_CANDIDATE,btc-updown-15m-1790509500|120_5,btc-updown-15m-1790509500,run_1790509579_3b332447,120_5,120,5,136.20216298103333,1790509636.202163,,observation_unavailable,canonical_reference_or_strike_unavailable,canonical_chainlink_twap_vs_official_market_strike,84875.37939676538,84877.71251601484,,,,,,ActiveSide.NONE,,False,False,True,True,WEEKEND_SHADOW_ONLY,7,19,0x93c2c4ee49e41916a0aa81d498fa15c52f7449f28f23a0caa9c662b9d759aa72-48019972676709174613262607881305791723884750415630904672390459885255590455562.POLYMARKET,UP,,,,,,unavailable_noncanonical_source,,,,,,,,,,,,406.95,115.0,0.010000000000000009,1790509635.916516,0.285646915435791,0.295,34.5,5.0,,,,not_applicable,[],not_applicable,1561.95,4473.95,9940.95,254.0,379.0,1791.0,,,,,,,,"{""production_side"": ""ActiveSide.NONE"", ""instrument_for_side"": {""UP"": ""0x93c2c4ee49e41916a0aa81d498fa15c52f7449f28f23a0caa9c662b9d759aa72-48019972676709174613262607881305791723884750415630904672390459885255590455562.POLYMARKET"", ""DOWN"": ""0x93c2c4ee49e41916a0aa81d498fa15c52f7449f28f23a0caa9c662b9d759aa72-44982686878396250304276234848799958668321005508884482866141125559257404445882.POLYMARKET""}, ""live_candidate_existed"": false, ""live_entry_price"": null, ""live_fill_price"": null, ""live_qty"": null, ""live_exit_reason"": null, ""live_exit_price"": null, ""live_pnl"": null}",research_only_no_order_or_ownership,1790509636.202163,,,
SHADOW_ENTRY_CANDIDATE,btc-updown-15m-1790510400|120_0,btc-updown-15m-1790510400,run_1790510487_985863e1,120_0,120,0,127.87165379524231,1790510527.8716538,,observation_unavailable,canonical_reference_or_strike_unavailable,canonical_chainlink_twap_vs_official_market_strike,84941.52183602606,84941.5207626975,,,,,,ActiveSide.NONE,,False,False,True,True,WEEKEND_SHADOW_ONLY,8,20,0x4b0a7b9977986aea7936b9df18b788df7f9b832b3b84c87d2dafd3d9a94b0998-37786293220722235661657566347730309055951772970231141641245380635489889488048.POLYMARKET,UP,,,,,,unavailable_noncanonical_source,,,,,,,,,,,,701.85,50.52,0.010000000000000009,1790510527.832203,0.039450883865356445,0.765,38.900400000000005,5.0,,,,not_applicable,[],not_applicable,856.85,1045.52,1605.26,650.52,3929.52,9771.35,,,,,,,,"{""production_side"": ""ActiveSide.NONE"", ""instrument_for_side"": {""UP"": ""0x4b0a7b9977986aea7936b9df18b788df7f9b832b3b84c87d2dafd3d9a94b0998-37786293220722235661657566347730309055951772970231141641245380635489889488048.POLYMARKET"", ""DOWN"": ""0x4b0a7b9977986aea7936b9df18b788df7f9b832b3b84c87d2dafd3d9a94b0998-41482506880942539670827990371668374965295922890090398998746880359790212544150.POLYMARKET""}, ""live_candidate_existed"": false, ""live_entry_price"": null, ""live_fill_price"": null, ""live_qty"": null, ""live_exit_reason"": null, ""live_exit_price"": null, ""live_pnl"": null}",research_only_no_order_or_ownership,1790510527.8716538,,,
SHADOW_ENTRY_CANDIDATE,btc-updown-15m-1790510400|120_2,btc-updown-15m-1790510400,run_1790510487_985863e1,120_2,120,2,127.87165379524231,1790510527.8716538,,observation_unavailable,canonical_reference_or_strike_unavailable,canonical_chainlink_twap_vs_official_market_strike,84941.52183602606,84941.5207626975,,,,,,ActiveSide.NONE,,False,False,True,True,WEEKEND_SHADOW_ONLY,8,20,0x4b0a7b9977986aea7936b9df18b788df7f9b832b3b84c87d2dafd3d9a94b0998-37786293220722235661657566347730309055951772970231141641245380635489889488048.POLYMARKET,UP,,,,,,unavailable_noncanonical_source,,,,,,,,,,,,701.85,50.52,0.010000000000000009,1790510527.832203,0.039450883865356445,0.765,38.900400000000005,5.0,,,,not_applicable,[],not_applicable,856.85,1045.52,1605.26,650.52,3929.52,9771.35,,,,,,,,"{""production_side"": ""ActiveSide.NONE"", ""instrument_for_side"": {""UP"": ""0x4b0a7b9977986aea7936b9df18b788df7f9b832b3b84c87d2dafd3d9a94b0998-37786293220722235661657566347730309055951772970231141641245380635489889488048.POLYMARKET"", ""DOWN"": ""0x4b0a7b9977986aea7936b9df18b788df7f9b832b3b84c87d2dafd3d9a94b0998-41482506880942539670827990371668374965295922890090398998746880359790212544150.POLYMARKET""}, ""live_candidate_existed"": false, ""live_entry_price"": null, ""live_fill_price"": null, ""live_qty"": null, ""live_exit_reason"": null, ""live_exit_price"": null, ""live_pnl"": null}",research_only_no_order_or_ownership,1790510527.8716538,,,
SHADOW_ENTRY_CANDIDATE,btc-updown-15m-1790510400|120_5,btc-updown-15m-1790510400,run_1790510487_985863e1,120_5,120,5,127.87165379524231,1790510527.8716538,,observation_unavailable,canonical_reference_or_strike_unavailable,canonical_chainlink_twap_vs_official_market_strike,84941.52183602606,84941.5207626975,,,,,,ActiveSide.NONE,,False,False,True,True,WEEKEND_SHADOW_ONLY,8,20,0x4b0a7b9977986aea7936b9df18b788df7f9b832b3b84c87d2dafd3d9a94b0998-37786293220722235661657566347730309055951772970231141641245380635489889488048.POLYMARKET,UP,,,,,,unavailable_noncanonical_source,,,,,,,,,,,,701.85,50.52,0.010000000000000009,1790510527.832203,0.039450883865356445,0.765,38.900400000000005,5.0,,,,not_applicable,[],not_applicable,856.85,1045.52,1605.26,650.52,3929.52,9771.35,,,,,,,,"{""production_side"": ""ActiveSide.NONE"", ""instrument_for_side"": {""UP"": ""0x4b0a7b9977986aea7936b9df18b788df7f9b832b3b84c87d2dafd3d9a94b0998-37786293220722235661657566347730309055951772970231141641245380635489889488048.POLYMARKET"", ""DOWN"": ""0x4b0a7b9977986aea7936b9df18b788df7f9b832b3b84c87d2dafd3d9a94b0998-41482506880942539670827990371668374965295922890090398998746880359790212544150.POLYMARKET""}, ""live_candidate_existed"": false, ""live_entry_price"": null, ""live_fill_price"": null, ""live_qty"": null, ""live_exit_reason"": null, ""live_exit_price"": null, ""live_pnl"": null}",research_only_no_order_or_ownership,1790510527.8716538,,,
SHADOW_ENTRY_CANDIDATE,btc-updown-15m-1790511300|120_0,btc-updown-15m-1790511300,run_1790511388_e1a799c9,120_0,120,0,138.02555584907532,1790511438.0255558,,observation_unavailable,canonical_reference_or_strike_unavailable,canonical_chainlink_twap_vs_official_market_strike,85005.74090281325,84998.42640249102,,,,,,ActiveSide.NONE,,False,False,True,True,WEEKEND_SHADOW_ONLY,8,20,0xb236d3c210f50e263ccabf042ab66ff7e52ce37fdc9628d99bf371a3187af1f2-115369531960504932729084925470112843102220711848082942514427453976990878008549.POLYMARKET,UP,,,,,,unavailable_noncanonical_source,,,,,,,,,,,,5.0,253.14,0.010000000000000009,1790511437.7480938,0.2774620056152344,0.625,159.4782,5.0,,,,not_applicable,[],not_applicable,30.0,105.0,2116.0,422.54999999999995,4293.55,9585.57,,,,,,,,"{""production_side"": ""ActiveSide.NONE"", ""instrument_for_side"": {""UP"": ""0xb236d3c210f50e263ccabf042ab66ff7e52ce37fdc9628d99bf371a3187af1f2-115369531960504932729084925470112843102220711848082942514427453976990878008549.POLYMARKET"", ""DOWN"": ""0xb236d3c210f50e263ccabf042ab66ff7e52ce37fdc9628d99bf371a3187af1f2-26628935903856485089343260817550961005168655988066240662656462589056639178475.POLYMARKET""}, ""live_candidate_existed"": false, ""live_entry_price"": null, ""live_fill_price"": null, ""live_qty"": null, ""live_exit_reason"": null, ""live_exit_price"": null, ""live_pnl"": null}",research_only_no_order_or_ownership,1790511438.0255558,,,
SHADOW_ENTRY_CANDIDATE,btc-updown-15m-1790511300|120_2,btc-updown-15m-1790511300,run_1790511388_e1a799c9,120_2,120,2,138.02555584907532,1790511438.0255558,,observation_unavailable,canonical_reference_or_strike_unavailable,canonical_chainlink_twap_vs_official_market_strike,85005.74090281325,84998.42640249102,,,,,,ActiveSide.NONE,,False,False,True,True,WEEKEND_SHADOW_ONLY,8,20,0xb236d3c210f50e263ccabf042ab66ff7e52ce37fdc9628d99bf371a3187af1f2-115369531960504932729084925470112843102220711848082942514427453976990878008549.POLYMARKET,UP,,,,,,unavailable_noncanonical_source,,,,,,,,,,,,5.0,253.14,0.010000000000000009,1790511437.7480938,0.2774620056152344,0.625,159.4782,5.0,,,,not_applicable,[],not_applicable,30.0,105.0,2116.0,422.54999999999995,4293.55,9585.57,,,,,,,,"{""production_side"": ""ActiveSide.NONE"", ""instrument_for_side"": {""UP"": ""0xb236d3c210f50e263ccabf042ab66ff7e52ce37fdc9628d99bf371a3187af1f2-115369531960504932729084925470112843102220711848082942514427453976990878008549.POLYMARKET"", ""DOWN"": ""0xb236d3c210f50e263ccabf042ab66ff7e52ce37fdc9628d99bf371a3187af1f2-26628935903856485089343260817550961005168655988066240662656462589056639178475.POLYMARKET""}, ""live_candidate_existed"": false, ""live_entry_price"": null, ""live_fill_price"": null, ""live_qty"": null, ""live_exit_reason"": null, ""live_exit_price"": null, ""live_pnl"": null}",research_only_no_order_or_ownership,1790511438.0255558,,,
SHADOW_ENTRY_CANDIDATE,btc-updown-15m-1790511300|120_5,btc-updown-15m-1790511300,run_1790511388_e1a799c9,120_5,120,5,138.02555584907532,1790511438.0255558,,observation_unavailable,canonical_reference_or_strike_unavailable,canonical_chainlink_twap_vs_official_market_strike,85005.74090281325,84998.42640249102,,,,,,ActiveSide.NONE,,False,False,True,True,WEEKEND_SHADOW_ONLY,8,20,0xb236d3c210f50e263ccabf042ab66ff7e52ce37fdc9628d99bf371a3187af1f2-115369531960504932729084925470112843102220711848082942514427453976990878008549.POLYMARKET,UP,,,,,,unavailable_noncanonical_source,,,,,,,,,,,,5.0,253.14,0.010000000000000009,1790511437.7480938,0.2774620056152344,0.625,159.4782,5.0,,,,not_applicable,[],not_applicable,30.0,105.0,2116.0,422.54999999999995,4293.55,9585.57,,,,,,,,"{""production_side"": ""ActiveSide.NONE"", ""instrument_for_side"": {""UP"": ""0xb236d3c210f50e263ccabf042ab66ff7e52ce37fdc9628d99bf371a3187af1f2-115369531960504932729084925470112843102220711848082942514427453976990878008549.POLYMARKET"", ""DOWN"": ""0xb236d3c210f50e263ccabf042ab66ff7e52ce37fdc9628d99bf371a3187af1f2-26628935903856485089343260817550961005168655988066240662656462589056639178475.POLYMARKET""}, ""live_candidate_existed"": false, ""live_entry_price"": null, ""live_fill_price"": null, ""live_qty"": null, ""live_exit_reason"": null, ""live_exit_price"": null, ""live_pnl"": null}",research_only_no_order_or_ownership,1790511438.0255558,,,
SHADOW_ENTRY_CANDIDATE,btc-updown-15m-1790512200|120_0,btc-updown-15m-1790512200,run_1790512288_8a7a222e,120_0,120,0,127.34753799438477,1790512327.347538,,observation_unavailable,canonical_reference_or_strike_unavailable,canonical_chainlink_twap_vs_official_market_strike,84970.00605637759,84970.00825113445,,,,,,ActiveSide.NONE,,False,False,True,True,WEEKEND_SHADOW_ONLY,8,20,0xa409890e68ac10a9b7535b1337ae6e6e860a402c2a5dcc9c965eff9054c01753-599425897123314330531729758829926046363668574663979578943486511662275394343.POLYMARKET,UP,,,,,,unavailable_noncanonical_source,,,,,,,,,,,,521.74,107.23,0.010000000000000009,1790512327.335868,0.011670112609863281,0.585,63.2657,5.0,,,,not_applicable,[],not_applicable,736.96,1361.96,7823.62,294.14,374.14,10130.47,,,,,,,,"{""production_side"": ""ActiveSide.NONE"", ""instrument_for_side"": {""UP"": ""0xa409890e68ac10a9b7535b1337ae6e6e860a402c2a5dcc9c965eff9054c01753-599425897123314330531729758829926046363668574663979578943486511662275394343.POLYMARKET"", ""DOWN"": ""0xa409890e68ac10a9b7535b1337ae6e6e860a402c2a5dcc9c965eff9054c01753-12800312968849750220442390238785817398974392876908311491517614068401752689003.POLYMARKET""}, ""live_candidate_existed"": false, ""live_entry_price"": null, ""live_fill_price"": null, ""live_qty"": null, ""live_exit_reason"": null, ""live_exit_price"": null, ""live_pnl"": null}",research_only_no_order_or_ownership,1790512327.347538,,,
SHADOW_ENTRY_CANDIDATE,btc-updown-15m-1790512200|120_2,btc-updown-15m-1790512200,run_1790512288_8a7a222e,120_2,120,2,127.34753799438477,1790512327.347538,,observation_unavailable,canonical_reference_or_strike_unavailable,canonical_chainlink_twap_vs_official_market_strike,84970.00605637759,84970.00825113445,,,,,,ActiveSide.NONE,,False,False,True,True,WEEKEND_SHADOW_ONLY,8,20,0xa409890e68ac10a9b7535b1337ae6e6e860a402c2a5dcc9c965eff9054c01753-599425897123314330531729758829926046363668574663979578943486511662275394343.POLYMARKET,UP,,,,,,unavailable_noncanonical_source,,,,,,,,,,,,521.74,107.23,0.010000000000000009,1790512327.335868,0.011670112609863281,0.585,63.2657,5.0,,,,not_applicable,[],not_applicable,736.96,1361.96,7823.62,294.14,374.14,10130.47,,,,,,,,"{""production_side"": ""ActiveSide.NONE"", ""instrument_for_side"": {""UP"": ""0xa409890e68ac10a9b7535b1337ae6e6e860a402c2a5dcc9c965eff9054c01753-599425897123314330531729758829926046363668574663979578943486511662275394343.POLYMARKET"", ""DOWN"": ""0xa409890e68ac10a9b7535b1337ae6e6e860a402c2a5dcc9c965eff9054c01753-12800312968849750220442390238785817398974392876908311491517614068401752689003.POLYMARKET""}, ""live_candidate_existed"": false, ""live_entry_price"": null, ""live_fill_price"": null, ""live_qty"": null, ""live_exit_reason"": null, ""live_exit_price"": null, ""live_pnl"": null}",research_only_no_order_or_ownership,1790512327.347538,,,
SHADOW_ENTRY_CANDIDATE,btc-updown-15m-1790512200|120_5,btc-updown-15m-1790512200,run_1790512288_8a7a222e,120_5,120,5,127.34753799438477,1790512327.347538,,observation_unavailable,canonical_reference_or_strike_unavailable,canonical_chainlink_twap_vs_official_market_strike,84970.00605637759,84970.00825113445,,,,,,ActiveSide.NONE,,False,False,True,True,WEEKEND_SHADOW_ONLY,8,20,0xa409890e68ac10a9b7535b1337ae6e6e860a402c2a5dcc9c965eff9054c01753-599425897123314330531729758829926046363668574663979578943486511662275394343.POLYMARKET,UP,,,,,,unavailable_noncanonical_source,,,,,,,,,,,,521.74,107.23,0.010000000000000009,1790512327.335868,0.011670112609863281,0.585,63.2657,5.0,,,,not_applicable,[],not_applicable,736.96,1361.96,7823.62,294.14,374.14,10130.47,,,,,,,,"{""production_side"": ""ActiveSide.NONE"", ""instrument_for_side"": {""UP"": ""0xa409890e68ac10a9b7535b1337ae6e6e860a402c2a5dcc9c965eff9054c01753-599425897123314330531729758829926046363668574663979578943486511662275394343.POLYMARKET"", ""DOWN"": ""0xa409890e68ac10a9b7535b1337ae6e6e860a402c2a5dcc9c965eff9054c01753-12800312968849750220442390238785817398974392876908311491517614068401752689003.POLYMARKET""}, ""live_candidate_existed"": false, ""live_entry_price"": null, ""live_fill_price"": null, ""live_qty"": null, ""live_exit_reason"": null, ""live_exit_price"": null, ""live_pnl"": null}",research_only_no_order_or_ownership,1790512327.347538,,,
SHADOW_ENTRY_CANDIDATE,btc-updown-15m-1790513100|120_0,btc-updown-15m-1790513100,run_1790513189_8e5db324,120_0,120,0,135.5899920463562,1790513235.589992,,observation_unavailable,canonical_reference_or_strike_unavailable,canonical_chainlink_twap_vs_official_market_strike,84982.0043743867,84982.00756400627,,,,,,ActiveSide.NONE,,False,False,True,True,WEEKEND_SHADOW_ONLY,8,20,0x686f0b0a86b778e236727f087e84598a4c487faf5803c15fc3b452b5d09dc654-104997027660695293926762340134771093776317686206771389466330434260320881792986.POLYMARKET,UP,,,,,,unavailable_noncanonical_source,,,,,,,,,,,,621.1,350.65,0.010000000000000009,1790513235.5757482,0.014243841171264648,0.335,119.221,5.0,,,,not_applicable,[],not_applicable,773.1,1085.1,3570.41,737.65,1012.65,2308.65,,,,,,,,"{""production_side"": ""ActiveSide.NONE"", ""instrument_for_side"": {""UP"": ""0x686f0b0a86b778e236727f087e84598a4c487faf5803c15fc3b452b5d09dc654-104997027660695293926762340134771093776317686206771389466330434260320881792986.POLYMARKET"", ""DOWN"": ""0x686f0b0a86b778e236727f087e84598a4c487faf5803c15fc3b452b5d09dc654-3025856371790577824902296070418731935388699257940609381785384299812111386727.POLYMARKET""}, ""live_candidate_existed"": false, ""live_entry_price"": null, ""live_fill_price"": null, ""live_qty"": null, ""live_exit_reason"": null, ""live_exit_price"": null, ""live_pnl"": null}",research_only_no_order_or_ownership,1790513235.589992,,,
SHADOW_ENTRY_CANDIDATE,btc-updown-15m-1790513100|120_2,btc-updown-15m-1790513100,run_1790513189_8e5db324,120_2,120,2,135.5899920463562,1790513235.589992,,observation_unavailable,canonical_reference_or_strike_unavailable,canonical_chainlink_twap_vs_official_market_strike,84982.0043743867,84982.00756400627,,,,,,ActiveSide.NONE,,False,False,True,True,WEEKEND_SHADOW_ONLY,8,20,0x686f0b0a86b778e236727f087e84598a4c487faf5803c15fc3b452b5d09dc654-104997027660695293926762340134771093776317686206771389466330434260320881792986.POLYMARKET,UP,,,,,,unavailable_noncanonical_source,,,,,,,,,,,,621.1,350.65,0.010000000000000009,1790513235.5757482,0.014243841171264648,0.335,119.221,5.0,,,,not_applicable,[],not_applicable,773.1,1085.1,3570.41,737.65,1012.65,2308.65,,,,,,,,"{""production_side"": ""ActiveSide.NONE"", ""instrument_for_side"": {""UP"": ""0x686f0b0a86b778e236727f087e84598a4c487faf5803c15fc3b452b5d09dc654-104997027660695293926762340134771093776317686206771389466330434260320881792986.POLYMARKET"", ""DOWN"": ""0x686f0b0a86b778e236727f087e84598a4c487faf5803c15fc3b452b5d09dc654-3025856371790577824902296070418731935388699257940609381785384299812111386727.POLYMARKET""}, ""live_candidate_existed"": false, ""live_entry_price"": null, ""live_fill_price"": null, ""live_qty"": null, ""live_exit_reason"": null, ""live_exit_price"": null, ""live_pnl"": null}",research_only_no_order_or_ownership,1790513235.589992,,,
SHADOW_ENTRY_CANDIDATE,btc-updown-15m-1790513100|120_5,btc-updown-15m-1790513100,run_1790513189_8e5db324,120_5,120,5,135.5899920463562,1790513235.589992,,observation_unavailable,canonical_reference_or_strike_unavailable,canonical_chainlink_twap_vs_official_market_strike,84982.0043743867,84982.00756400627,,,,,,ActiveSide.NONE,,False,False,True,True,WEEKEND_SHADOW_ONLY,8,20,0x686f0b0a86b778e236727f087e84598a4c487faf5803c15fc3b452b5d09dc654-104997027660695293926762340134771093776317686206771389466330434260320881792986.POLYMARKET,UP,,,,,,unavailable_noncanonical_source,,,,,,,,,,,,621.1,350.65,0.010000000000000009,1790513235.5757482,0.014243841171264648,0.335,119.221,5.0,,,,not_applicable,[],not_applicable,773.1,1085.1,3570.41,737.65,1012.65,2308.65,,,,,,,,"{""production_side"": ""ActiveSide.NONE"", ""instrument_for_side"": {""UP"": ""0x686f0b0a86b778e236727f087e84598a4c487faf5803c15fc3b452b5d09dc654-104997027660695293926762340134771093776317686206771389466330434260320881792986.POLYMARKET"", ""DOWN"": ""0x686f0b0a86b778e236727f087e84598a4c487faf5803c15fc3b452b5d09dc654-3025856371790577824902296070418731935388699257940609381785384299812111386727.POLYMARKET""}, ""live_candidate_existed"": false, ""live_entry_price"": null, ""live_fill_price"": null, ""live_qty"": null, ""live_exit_reason"": null, ""live_exit_price"": null, ""live_pnl"": null}",research_only_no_order_or_ownership,1790513235.589992,,,
SHADOW_ENTRY_CANDIDATE,btc-updown-15m-1790515800|120_0,btc-updown-15m-1790515800,run_1790516253_4668ddf8,120_0,120,0,508.9183259010315,1790516308.918326,,observation_unavailable,canonical_reference_or_strike_unavailable,canonical_chainlink_twap_vs_official_market_strike,84954.50963205924,84960.44990746894,,,,,,ActiveSide.NONE,,False,False,True,True,WEEKEND_SHADOW_ONLY,9,21,0x9300da6fb3efe4e739ed7d8cf41d98ebd64e8ba8a84ee621d0dcbac33b957ed3-21734004881053397899066026130836774813858603314151493831766827630501612681568.POLYMARKET,UP,,,,,,unavailable_noncanonical_source,,,,,,,,,,,,327.51,40.0,0.010000000000000009,1790516308.662591,0.255734920501709,0.485,19.6,5.0,,,,not_applicable,[],not_applicable,5047.72,6602.72,9247.72,180.0,241.0,1325.67,,,,,,,,"{""production_side"": ""ActiveSide.NONE"", ""instrument_for_side"": {""UP"": ""0x9300da6fb3efe4e739ed7d8cf41d98ebd64e8ba8a84ee621d0dcbac33b957ed3-21734004881053397899066026130836774813858603314151493831766827630501612681568.POLYMARKET"", ""DOWN"": ""0x9300da6fb3efe4e739ed7d8cf41d98ebd64e8ba8a84ee621d0dcbac33b957ed3-112248943676596288894036293284860439011555357626872890580330895577548655516957.POLYMARKET""}, ""live_candidate_existed"": false, ""live_entry_price"": null, ""live_fill_price"": null, ""live_qty"": null, ""live_exit_reason"": null, ""live_exit_price"": null, ""live_pnl"": null}",research_only_no_order_or_ownership,1790516308.918326,388.9183259010315,15.0,True
SHADOW_ENTRY_CANDIDATE,btc-updown-15m-1790515800|120_2,btc-updown-15m-1790515800,run_1790516253_4668ddf8,120_2,120,2,508.9183259010315,1790516308.918326,,observation_unavailable,canonical_reference_or_strike_unavailable,canonical_chainlink_twap_vs_official_market_strike,84954.50963205924,84960.44990746894,,,,,,ActiveSide.NONE,,False,False,True,True,WEEKEND_SHADOW_ONLY,9,21,0x9300da6fb3efe4e739ed7d8cf41d98ebd64e8ba8a84ee621d0dcbac33b957ed3-21734004881053397899066026130836774813858603314151493831766827630501612681568.POLYMARKET,UP,,,,,,unavailable_noncanonical_source,,,,,,,,,,,,327.51,40.0,0.010000000000000009,1790516308.662591,0.255734920501709,0.485,19.6,5.0,,,,not_applicable,[],not_applicable,5047.72,6602.72,9247.72,180.0,241.0,1325.67,,,,,,,,"{""production_side"": ""ActiveSide.NONE"", ""instrument_for_side"": {""UP"": ""0x9300da6fb3efe4e739ed7d8cf41d98ebd64e8ba8a84ee621d0dcbac33b957ed3-21734004881053397899066026130836774813858603314151493831766827630501612681568.POLYMARKET"", ""DOWN"": ""0x9300da6fb3efe4e739ed7d8cf41d98ebd64e8ba8a84ee621d0dcbac33b957ed3-112248943676596288894036293284860439011555357626872890580330895577548655516957.POLYMARKET""}, ""live_candidate_existed"": false, ""live_entry_price"": null, ""live_fill_price"": null, ""live_qty"": null, ""live_exit_reason"": null, ""live_exit_price"": null, ""live_pnl"": null}",research_only_no_order_or_ownership,1790516308.918326,388.9183259010315,15.0,True
SHADOW_ENTRY_CANDIDATE,btc-updown-15m-1790515800|120_5,btc-updown-15m-1790515800,run_1790516253_4668ddf8,120_5,120,5,508.9183259010315,1790516308.918326,,observation_unavailable,canonical_reference_or_strike_unavailable,canonical_chainlink_twap_vs_official_market_strike,84954.50963205924,84960.44990746894,,,,,,ActiveSide.NONE,,False,False,True,True,WEEKEND_SHADOW_ONLY,9,21,0x9300da6fb3efe4e739ed7d8cf41d98ebd64e8ba8a84ee621d0dcbac33b957ed3-21734004881053397899066026130836774813858603314151493831766827630501612681568.POLYMARKET,UP,,,,,,unavailable_noncanonical_source,,,,,,,,,,,,327.51,40.0,0.010000000000000009,1790516308.662591,0.255734920501709,0.485,19.6,5.0,,,,not_applicable,[],not_applicable,5047.72,6602.72,9247.72,180.0,241.0,1325.67,,,,,,,,"{""production_side"": ""ActiveSide.NONE"", ""instrument_for_side"": {""UP"": ""0x9300da6fb3efe4e739ed7d8cf41d98ebd64e8ba8a84ee621d0dcbac33b957ed3-21734004881053397899066026130836774813858603314151493831766827630501612681568.POLYMARKET"", ""DOWN"": ""0x9300da6fb3efe4e739ed7d8cf41d98ebd64e8ba8a84ee621d0dcbac33b957ed3-112248943676596288894036293284860439011555357626872890580330895577548655516957.POLYMARKET""}, ""live_candidate_existed"": false, ""live_entry_price"": null, ""live_fill_price"": null, ""live_qty"": null, ""live_exit_reason"": null, ""live_exit_price"": null, ""live_pnl"": null}",research_only_no_order_or_ownership,1790516308.918326,388.9183259010315,15.0,True
SHADOW_ENTRY_CANDIDATE,btc-updown-15m-1790516700|120_0,btc-updown-15m-1790516700,run_1790516790_f58591ef,120_0,120,0,135.03423690795898,1790516835.034237,,observation_unavailable,canonical_reference_or_strike_unavailable,canonical_chainlink_twap_vs_official_market_strike,84841.01943004505,84829.9124580666,0.257,,0.1835,0.1835,,ActiveSide.NONE,0.5289647579193115,False,False,True,True,WEEKEND_SHADOW_ONLY,9,21,0x04f056fad2c681bc442acb682c6dda331eef0bbd43b095f2d8c1fdbf1adecb2d-29592310392370586449214180655295475956690901521533650323067420132006624875056.POLYMARKET,UP,,,,,,unavailable_noncanonical_source,,,,,,,,,0,0,,271.54,89.9,0.010000000000000009,1790516834.865202,0.1690349578857422,0.635,57.536,5.0,,,,not_applicable,[],not_applicable,881.54,5050.54,10614.54,199.9,865.9,2579.9,0.5645733765825628,0.5286526679992676,,,,,,"{""production_side"": ""ActiveSide.NONE"", ""instrument_for_side"": {""UP"": ""0x04f056fad2c681bc442acb682c6dda331eef0bbd43b095f2d8c1fdbf1adecb2d-29592310392370586449214180655295475956690901521533650323067420132006624875056.POLYMARKET"", ""DOWN"": ""0x04f056fad2c681bc442acb682c6dda331eef0bbd43b095f2d8c1fdbf1adecb2d-40913675641351573567044399594060732300983471365732591503133162146216514994287.POLYMARKET""}, ""live_candidate_existed"": false, ""live_entry_price"": null, ""live_fill_price"": null, ""live_qty"": null, ""live_exit_reason"": null, ""live_exit_price"": null, ""live_pnl"": null}",research_only_no_order_or_ownership,1790516835.034237,15.034236907958984,15.0,True
SHADOW_ENTRY_CANDIDATE,btc-updown-15m-1790516700|120_2,btc-updown-15m-1790516700,run_1790516790_f58591ef,120_2,120,2,135.03423690795898,1790516835.034237,,observation_unavailable,canonical_reference_or_strike_unavailable,canonical_chainlink_twap_vs_official_market_strike,84841.01943004505,84829.9124580666,0.257,,0.1835,0.1835,,ActiveSide.NONE,0.5289647579193115,False,False,True,True,WEEKEND_SHADOW_ONLY,9,21,0x04f056fad2c681bc442acb682c6dda331eef0bbd43b095f2d8c1fdbf1adecb2d-29592310392370586449214180655295475956690901521533650323067420132006624875056.POLYMARKET,UP,,,,,,unavailable_noncanonical_source,,,,,,,,,0,0,,271.54,89.9,0.010000000000000009,1790516834.865202,0.1690349578857422,0.635,57.536,5.0,,,,not_applicable,[],not_applicable,881.54,5050.54,10614.54,199.9,865.9,2579.9,0.5645733765825628,0.5286526679992676,,,,,,"{""production_side"": ""ActiveSide.NONE"", ""instrument_for_side"": {""UP"": ""0x04f056fad2c681bc442acb682c6dda331eef0bbd43b095f2d8c1fdbf1adecb2d-29592310392370586449214180655295475956690901521533650323067420132006624875056.POLYMARKET"", ""DOWN"": ""0x04f056fad2c681bc442acb682c6dda331eef0bbd43b095f2d8c1fdbf1adecb2d-40913675641351573567044399594060732300983471365732591503133162146216514994287.POLYMARKET""}, ""live_candidate_existed"": false, ""live_entry_price"": null, ""live_fill_price"": null, ""live_qty"": null, ""live_exit_reason"": null, ""live_exit_price"": null, ""live_pnl"": null}",research_only_no_order_or_ownership,1790516835.034237,15.034236907958984,15.0,True
SHADOW_ENTRY_CANDIDATE,btc-updown-15m-1790516700|120_5,btc-updown-15m-1790516700,run_1790516790_f58591ef,120_5,120,5,135.03423690795898,1790516835.034237,,observation_unavailable,canonical_reference_or_strike_unavailable,canonical_chainlink_twap_vs_official_market_strike,84841.01943004505,84829.9124580666,0.257,,0.1835,0.1835,,ActiveSide.NONE,0.5289647579193115,False,False,True,True,WEEKEND_SHADOW_ONLY,9,21,0x04f056fad2c681bc442acb682c6dda331eef0bbd43b095f2d8c1fdbf1adecb2d-29592310392370586449214180655295475956690901521533650323067420132006624875056.POLYMARKET,UP,,,,,,unavailable_noncanonical_source,,,,,,,,,0,0,,271.54,89.9,0.010000000000000009,1790516834.865202,0.1690349578857422,0.635,57.536,5.0,,,,not_applicable,[],not_applicable,881.54,5050.54,10614.54,199.9,865.9,2579.9,0.5645733765825628,0.5286526679992676,,,,,,"{""production_side"": ""ActiveSide.NONE"", ""instrument_for_side"": {""UP"": ""0x04f056fad2c681bc442acb682c6dda331eef0bbd43b095f2d8c1fdbf1adecb2d-29592310392370586449214180655295475956690901521533650323067420132006624875056.POLYMARKET"", ""DOWN"": ""0x04f056fad2c681bc442acb682c6dda331eef0bbd43b095f2d8c1fdbf1adecb2d-40913675641351573567044399594060732300983471365732591503133162146216514994287.POLYMARKET""}, ""live_candidate_existed"": false, ""live_entry_price"": null, ""live_fill_price"": null, ""live_qty"": null, ""live_exit_reason"": null, ""live_exit_price"": null, ""live_pnl"": null}",research_only_no_order_or_ownership,1790516835.034237,15.034236907958984,15.0,True
SHADOW_ENTRY_CANDIDATE,btc-updown-15m-1790517600|120_5,btc-updown-15m-1790517600,run_1790517679_eeddfb28,120_5,120,5,133.68586111068726,1790517733.685861,,none,,canonical_chainlink_twap_vs_official_market_strike,84940.97947128746,84948.50846186613,-0.1632,-2.4962100934945286,0.2267,-0.2267,DOWN,ActiveSide.DOWN,0.31178808212280273,False,False,True,True,WEEKEND_SHADOW_ONLY,10,22,0x4293419f4dea04d1d9e3b99de00eb0d3dc76f71b384542a656f1f28ef10eedc3-108809451996383522526029333810604089201244384691166591343604829137583105002115.POLYMARKET,UP,85013.1355885664,polymarket_crypto_price_twap_open,,,84991.91452385281,polymarket_chainlink_twap_60s_ws,1790517731.0,2.685861110687256,-21.221064713579835,21.221064713579835,-2.4962100934945286,2.4962100934945286,DOWN,,0,0,,182.82,529.56,0.010000000000000009,1790517733.570126,0.11573505401611328,0.195,105.91199999999999,5.0,,,,not_applicable,[],not_applicable,546.29,2988.29,5241.62,712.1299999999999,924.65,1339.58,0.46488946745414267,0.30585217475891113,,,,,,"{""production_side"": ""ActiveSide.DOWN"", ""instrument_for_side"": {""UP"": ""0x4293419f4dea04d1d9e3b99de00eb0d3dc76f71b384542a656f1f28ef10eedc3-108809451996383522526029333810604089201244384691166591343604829137583105002115.POLYMARKET"", ""DOWN"": ""0x4293419f4dea04d1d9e3b99de00eb0d3dc76f71b384542a656f1f28ef10eedc3-47297890836144235506479612351102096433144188616231394371460834630034571642857.POLYMARKET""}, ""live_candidate_existed"": false, ""live_entry_price"": null, ""live_fill_price"": null, ""live_qty"": null, ""live_exit_reason"": null, ""live_exit_price"": null, ""live_pnl"": null}",research_only_no_order_or_ownership,1790517733.685861,13.685861110687256,15.0,False
SHADOW_ENTRY_CANDIDATE,btc-updown-15m-1790517600|120_0,btc-updown-15m-1790517600,run_1790517679_eeddfb28,120_0,120,0,133.68705677986145,1790517733.6870568,DOWN,candidate,,canonical_chainlink_twap_vs_official_market_strike,84940.97947128746,84948.50846186613,-0.1632,-2.4962100934945286,0.2267,-0.2267,DOWN,ActiveSide.DOWN,0.31298375129699707,False,False,True,True,WEEKEND_SHADOW_ONLY,10,22,0x4293419f4dea04d1d9e3b99de00eb0d3dc76f71b384542a656f1f28ef10eedc3-47297890836144235506479612351102096433144188616231394371460834630034571642857.POLYMARKET,DOWN,85013.1355885664,polymarket_crypto_price_twap_open,,,84991.91452385281,polymarket_chainlink_twap_60s_ws,1790517731.0,2.68705677986145,-21.221064713579835,21.221064713579835,-2.4962100934945286,2.4962100934945286,DOWN,0.81,0,0,0.8,529.56,182.82,0.010000000000000009,1790517733.578895,0.10816168785095215,0.805,148.0842,5.0,6.172839506172839,True,0.81,filled,"[""ENTRY_TOP_ASK"", ""ENTRY_DEPTH_WEIGHTED_5USD""]",fillable,712.1299999999999,924.65,1339.58,508.29,2950.29,5203.62,0.5351105325458573,0.30704784393310547,-0.2748894674541428,,,,,"{""production_side"": ""ActiveSide.DOWN"", ""instrument_for_side"": {""UP"": ""0x4293419f4dea04d1d9e3b99de00eb0d3dc76f71b384542a656f1f28ef10eedc3-108809451996383522526029333810604089201244384691166591343604829137583105002115.POLYMARKET"", ""DOWN"": ""0x4293419f4dea04d1d9e3b99de00eb0d3dc76f71b384542a656f1f28ef10eedc3-47297890836144235506479612351102096433144188616231394371460834630034571642857.POLYMARKET""}, ""live_candidate_existed"": false, ""live_entry_price"": null, ""live_fill_price"": null, ""live_qty"": null, ""live_exit_reason"": null, ""live_exit_price"": null, ""live_pnl"": null}",research_only_no_order_or_ownership,1790517733.6870568,13.68705677986145,15.0,False
SHADOW_ENTRY_CANDIDATE,btc-updown-15m-1790517600|120_2,btc-updown-15m-1790517600,run_1790517679_eeddfb28,120_2,120,2,133.68705677986145,1790517733.6870568,DOWN,candidate,,canonical_chainlink_twap_vs_official_market_strike,84940.97947128746,84948.50846186613,-0.1632,-2.4962100934945286,0.2267,-0.2267,DOWN,ActiveSide.DOWN,0.31298375129699707,False,False,True,True,WEEKEND_SHADOW_ONLY,10,22,0x4293419f4dea04d1d9e3b99de00eb0d3dc76f71b384542a656f1f28ef10eedc3-47297890836144235506479612351102096433144188616231394371460834630034571642857.POLYMARKET,DOWN,85013.1355885664,polymarket_crypto_price_twap_open,,,84991.91452385281,polymarket_chainlink_twap_60s_ws,1790517731.0,2.68705677986145,-21.221064713579835,21.221064713579835,-2.4962100934945286,2.4962100934945286,DOWN,0.81,0,0,0.8,529.56,182.82,0.010000000000000009,1790517733.578895,0.10816168785095215,0.805,148.0842,5.0,6.172839506172839,True,0.81,filled,"[""ENTRY_TOP_ASK"", ""ENTRY_DEPTH_WEIGHTED_5USD""]",fillable,712.1299999999999,924.65,1339.58,508.29,2950.29,5203.62,0.5351105325458573,0.30704784393310547,-0.2748894674541428,,,,,"{""production_side"": ""ActiveSide.DOWN"", ""instrument_for_side"": {""UP"": ""0x4293419f4dea04d1d9e3b99de00eb0d3dc76f71b384542a656f1f28ef10eedc3-108809451996383522526029333810604089201244384691166591343604829137583105002115.POLYMARKET"", ""DOWN"": ""0x4293419f4dea04d1d9e3b99de00eb0d3dc76f71b384542a656f1f28ef10eedc3-47297890836144235506479612351102096433144188616231394371460834630034571642857.POLYMARKET""}, ""live_candidate_existed"": false, ""live_entry_price"": null, ""live_fill_price"": null, ""live_qty"": null, ""live_exit_reason"": null, ""live_exit_price"": null, ""live_pnl"": null}",research_only_no_order_or_ownership,1790517733.6870568,13.68705677986145,15.0,False
SHADOW_ENTRY_CANDIDATE,btc-updown-15m-1790518500|120_0,btc-updown-15m-1790518500,run_1790518582_d4c0570a,120_0,120,0,135.11824893951416,1790518635.118249,,observation_unavailable,canonical_reference_or_strike_unavailable,canonical_chainlink_twap_vs_official_market_strike,85014.2030116338,85015.41658499521,,,,,,ActiveSide.NONE,,False,False,True,True,WEEKEND_SHADOW_ONLY,10,22,0x82061889610a275ff7113f72f5a164f01fba1fb61b38c839303bc86e217c0ea1-86519954655831593870607312920963790359668707218558029234214515806385976325991.POLYMARKET,DOWN,,,,,,unavailable_noncanonical_source,,,,,,,,,,,,40.0,195.21,0.010000000000000009,1790518634.826389,0.29185986518859863,0.485,95.6529,5.0,,,,not_applicable,[],not_applicable,150.0,210.0,1017.0,370.21000000000004,532.21,8735.619999999999,,,,,,,,"{""production_side"": ""ActiveSide.NONE"", ""instrument_for_side"": {""UP"": ""0x82061889610a275ff7113f72f5a164f01fba1fb61b38c839303bc86e217c0ea1-97864237285935262198613577162458582170966006674439799762533055770709625524347.POLYMARKET"", ""DOWN"": ""0x82061889610a275ff7113f72f5a164f01fba1fb61b38c839303bc86e217c0ea1-86519954655831593870607312920963790359668707218558029234214515806385976325991.POLYMARKET""}, ""live_candidate_existed"": false, ""live_entry_price"": null, ""live_fill_price"": null, ""live_qty"": null, ""live_exit_reason"": null, ""live_exit_price"": null, ""live_pnl"": null}",research_only_no_order_or_ownership,1790518635.118249,15.11824893951416,15.0,True
SHADOW_ENTRY_CANDIDATE,btc-updown-15m-1790518500|120_2,btc-updown-15m-1790518500,run_1790518582_d4c0570a,120_2,120,2,135.11824893951416,1790518635.118249,,observation_unavailable,canonical_reference_or_strike_unavailable,canonical_chainlink_twap_vs_official_market_strike,85014.2030116338,85015.41658499521,,,,,,ActiveSide.NONE,,False,False,True,True,WEEKEND_SHADOW_ONLY,10,22,0x82061889610a275ff7113f72f5a164f01fba1fb61b38c839303bc86e217c0ea1-86519954655831593870607312920963790359668707218558029234214515806385976325991.POLYMARKET,DOWN,,,,,,unavailable_noncanonical_source,,,,,,,,,,,,40.0,195.21,0.010000000000000009,1790518634.826389,0.29185986518859863,0.485,95.6529,5.0,,,,not_applicable,[],not_applicable,150.0,210.0,1017.0,370.21000000000004,532.21,8735.619999999999,,,,,,,,"{""production_side"": ""ActiveSide.NONE"", ""instrument_for_side"": {""UP"": ""0x82061889610a275ff7113f72f5a164f01fba1fb61b38c839303bc86e217c0ea1-97864237285935262198613577162458582170966006674439799762533055770709625524347.POLYMARKET"", ""DOWN"": ""0x82061889610a275ff7113f72f5a164f01fba1fb61b38c839303bc86e217c0ea1-86519954655831593870607312920963790359668707218558029234214515806385976325991.POLYMARKET""}, ""live_candidate_existed"": false, ""live_entry_price"": null, ""live_fill_price"": null, ""live_qty"": null, ""live_exit_reason"": null, ""live_exit_price"": null, ""live_pnl"": null}",research_only_no_order_or_ownership,1790518635.118249,15.11824893951416,15.0,True
SHADOW_ENTRY_CANDIDATE,btc-updown-15m-1790518500|120_5,btc-updown-15m-1790518500,run_1790518582_d4c0570a,120_5,120,5,135.11824893951416,1790518635.118249,,observation_unavailable,canonical_reference_or_strike_unavailable,canonical_chainlink_twap_vs_official_market_strike,85014.2030116338,85015.41658499521,,,,,,ActiveSide.NONE,,False,False,True,True,WEEKEND_SHADOW_ONLY,10,22,0x82061889610a275ff7113f72f5a164f01fba1fb61b38c839303bc86e217c0ea1-86519954655831593870607312920963790359668707218558029234214515806385976325991.POLYMARKET,DOWN,,,,,,unavailable_noncanonical_source,,,,,,,,,,,,40.0,195.21,0.010000000000000009,1790518634.826389,0.29185986518859863,0.485,95.6529,5.0,,,,not_applicable,[],not_applicable,150.0,210.0,1017.0,370.21000000000004,532.21,8735.619999999999,,,,,,,,"{""production_side"": ""ActiveSide.NONE"", ""instrument_for_side"": {""UP"": ""0x82061889610a275ff7113f72f5a164f01fba1fb61b38c839303bc86e217c0ea1-97864237285935262198613577162458582170966006674439799762533055770709625524347.POLYMARKET"", ""DOWN"": ""0x82061889610a275ff7113f72f5a164f01fba1fb61b38c839303bc86e217c0ea1-86519954655831593870607312920963790359668707218558029234214515806385976325991.POLYMARKET""}, ""live_candidate_existed"": false, ""live_entry_price"": null, ""live_fill_price"": null, ""live_qty"": null, ""live_exit_reason"": null, ""live_exit_price"": null, ""live_pnl"": null}",research_only_no_order_or_ownership,1790518635.118249,15.11824893951416,15.0,True
SHADOW_ENTRY_CANDIDATE,btc-updown-15m-1790519400|120_0,btc-updown-15m-1790519400,run_1790519501_94ce68e5,120_0,120,0,160.66221594810486,1790519560.662216,,observation_unavailable,canonical_reference_or_strike_unavailable,canonical_chainlink_twap_vs_official_market_strike,84784.00326136395,84784.00130710498,,,,,,ActiveSide.NONE,,False,False,True,True,WEEKEND_SHADOW_ONLY,10,22,0xeb10da319546801c8d04a93ea408466c3639751ebb38a9f34264430ae5147c91-44258780469786879464403851611994008741663787692883996825536490666639294676380.POLYMARKET,DOWN,,,,,,unavailable_noncanonical_source,,,,,,,,,,,,50.01,155.73,0.009999999999999981,1790519560.6434371,0.01877880096435547,0.20500000000000002,32.7033,5.0,,,,not_applicable,[],not_applicable,806.61,806.61,9503.09,320.73,320.73,1969.18,,,,,,,,"{""production_side"": ""ActiveSide.NONE"", ""instrument_for_side"": {""UP"": ""0xeb10da319546801c8d04a93ea408466c3639751ebb38a9f34264430ae5147c91-20094127610511287510675024274943391863344243135389703745277811238689288239106.POLYMARKET"", ""DOWN"": ""0xeb10da319546801c8d04a93ea408466c3639751ebb38a9f34264430ae5147c91-44258780469786879464403851611994008741663787692883996825536490666639294676380.POLYMARKET""}, ""live_candidate_existed"": false, ""live_entry_price"": null, ""live_fill_price"": null, ""live_qty"": null, ""live_exit_reason"": null, ""live_exit_price"": null, ""live_pnl"": null}",research_only_no_order_or_ownership,1790519560.662216,40.66221594810486,15.0,True
SHADOW_ENTRY_CANDIDATE,btc-updown-15m-1790519400|120_2,btc-updown-15m-1790519400,run_1790519501_94ce68e5,120_2,120,2,160.66221594810486,1790519560.662216,,observation_unavailable,canonical_reference_or_strike_unavailable,canonical_chainlink_twap_vs_official_market_strike,84784.00326136395,84784.00130710498,,,,,,ActiveSide.NONE,,False,False,True,True,WEEKEND_SHADOW_ONLY,10,22,0xeb10da319546801c8d04a93ea408466c3639751ebb38a9f34264430ae5147c91-44258780469786879464403851611994008741663787692883996825536490666639294676380.POLYMARKET,DOWN,,,,,,unavailable_noncanonical_source,,,,,,,,,,,,50.01,155.73,0.009999999999999981,1790519560.6434371,0.01877880096435547,0.20500000000000002,32.7033,5.0,,,,not_applicable,[],not_applicable,806.61,806.61,9503.09,320.73,320.73,1969.18,,,,,,,,"{""production_side"": ""ActiveSide.NONE"", ""instrument_for_side"": {""UP"": ""0xeb10da319546801c8d04a93ea408466c3639751ebb38a9f34264430ae5147c91-20094127610511287510675024274943391863344243135389703745277811238689288239106.POLYMARKET"", ""DOWN"": ""0xeb10da319546801c8d04a93ea408466c3639751ebb38a9f34264430ae5147c91-44258780469786879464403851611994008741663787692883996825536490666639294676380.POLYMARKET""}, ""live_candidate_existed"": false, ""live_entry_price"": null, ""live_fill_price"": null, ""live_qty"": null, ""live_exit_reason"": null, ""live_exit_price"": null, ""live_pnl"": null}",research_only_no_order_or_ownership,1790519560.662216,40.66221594810486,15.0,True
SHADOW_ENTRY_CANDIDATE,btc-updown-15m-1790519400|120_5,btc-updown-15m-1790519400,run_1790519501_94ce68e5,120_5,120,5,160.66221594810486,1790519560.662216,,observation_unavailable,canonical_reference_or_strike_unavailable,canonical_chainlink_twap_vs_official_market_strike,84784.00326136395,84784.00130710498,,,,,,ActiveSide.NONE,,False,False,True,True,WEEKEND_SHADOW_ONLY,10,22,0xeb10da319546801c8d04a93ea408466c3639751ebb38a9f34264430ae5147c91-44258780469786879464403851611994008741663787692883996825536490666639294676380.POLYMARKET,DOWN,,,,,,unavailable_noncanonical_source,,,,,,,,,,,,50.01,155.73,0.009999999999999981,1790519560.6434371,0.01877880096435547,0.20500000000000002,32.7033,5.0,,,,not_applicable,[],not_applicable,806.61,806.61,9503.09,320.73,320.73,1969.18,,,,,,,,"{""production_side"": ""ActiveSide.NONE"", ""instrument_for_side"": {""UP"": ""0xeb10da319546801c8d04a93ea408466c3639751ebb38a9f34264430ae5147c91-20094127610511287510675024274943391863344243135389703745277811238689288239106.POLYMARKET"", ""DOWN"": ""0xeb10da319546801c8d04a93ea408466c3639751ebb38a9f34264430ae5147c91-44258780469786879464403851611994008741663787692883996825536490666639294676380.POLYMARKET""}, ""live_candidate_existed"": false, ""live_entry_price"": null, ""live_fill_price"": null, ""live_qty"": null, ""live_exit_reason"": null, ""live_exit_price"": null, ""live_pnl"": null}",research_only_no_order_or_ownership,1790519560.662216,40.66221594810486,15.0,True
SHADOW_ENTRY_CANDIDATE,btc-updown-15m-1790519400|120_0,btc-updown-15m-1790519400,run_1790520165_ab8027d8,120_0,120,0,805.8821840286255,1790520205.882184,,observation_unavailable,canonical_reference_or_strike_unavailable,canonical_chainlink_twap_vs_official_market_strike,84784.00326711911,84784.00140030587,,,,,,ActiveSide.NONE,,False,False,True,True,WEEKEND_SHADOW_ONLY,10,22,0xeb10da319546801c8d04a93ea408466c3639751ebb38a9f34264430ae5147c91-20094127610511287510675024274943391863344243135389703745277811238689288239106.POLYMARKET,UP,,,,,,unavailable_noncanonical_source,,,,,,,,,0,0,,65.99,0.0,0.010000000000000009,1790520205.838134,0.044049978256225586,0.995,0.0,5.0,,,,not_applicable,[],not_applicable,385.75,31350.039999999997,32140.019999999997,0.0,0.0,0.0,,,,,,,,"{""production_side"": ""ActiveSide.NONE"", ""instrument_for_side"": {""UP"": ""0xeb10da319546801c8d04a93ea408466c3639751ebb38a9f34264430ae5147c91-20094127610511287510675024274943391863344243135389703745277811238689288239106.POLYMARKET"", ""DOWN"": ""0xeb10da319546801c8d04a93ea408466c3639751ebb38a9f34264430ae5147c91-44258780469786879464403851611994008741663787692883996825536490666639294676380.POLYMARKET""}, ""live_candidate_existed"": false, ""live_entry_price"": null, ""live_fill_price"": null, ""live_qty"": null, ""live_exit_reason"": null, ""live_exit_price"": null, ""live_pnl"": null}",research_only_no_order_or_ownership,1790520205.882184,685.8821840286255,15.0,True
SHADOW_ENTRY_CANDIDATE,btc-updown-15m-1790519400|120_2,btc-updown-15m-1790519400,run_1790520165_ab8027d8,120_2,120,2,805.8821840286255,1790520205.882184,,observation_unavailable,canonical_reference_or_strike_unavailable,canonical_chainlink_twap_vs_official_market_strike,84784.00326711911,84784.00140030587,,,,,,ActiveSide.NONE,,False,False,True,True,WEEKEND_SHADOW_ONLY,10,22,0xeb10da319546801c8d04a93ea408466c3639751ebb38a9f34264430ae5147c91-20094127610511287510675024274943391863344243135389703745277811238689288239106.POLYMARKET,UP,,,,,,unavailable_noncanonical_source,,,,,,,,,0,0,,65.99,0.0,0.010000000000000009,1790520205.838134,0.044049978256225586,0.995,0.0,5.0,,,,not_applicable,[],not_applicable,385.75,31350.039999999997,32140.019999999997,0.0,0.0,0.0,,,,,,,,"{""production_side"": ""ActiveSide.NONE"", ""instrument_for_side"": {""UP"": ""0xeb10da319546801c8d04a93ea408466c3639751ebb38a9f34264430ae5147c91-20094127610511287510675024274943391863344243135389703745277811238689288239106.POLYMARKET"", ""DOWN"": ""0xeb10da319546801c8d04a93ea408466c3639751ebb38a9f34264430ae5147c91-44258780469786879464403851611994008741663787692883996825536490666639294676380.POLYMARKET""}, ""live_candidate_existed"": false, ""live_entry_price"": null, ""live_fill_price"": null, ""live_qty"": null, ""live_exit_reason"": null, ""live_exit_price"": null, ""live_pnl"": null}",research_only_no_order_or_ownership,1790520205.882184,685.8821840286255,15.0,True
SHADOW_ENTRY_CANDIDATE,btc-updown-15m-1790519400|120_5,btc-updown-15m-1790519400,run_1790520165_ab8027d8,120_5,120,5,805.8821840286255,1790520205.882184,,observation_unavailable,canonical_reference_or_strike_unavailable,canonical_chainlink_twap_vs_official_market_strike,84784.00326711911,84784.00140030587,,,,,,ActiveSide.NONE,,False,False,True,True,WEEKEND_SHADOW_ONLY,10,22,0xeb10da319546801c8d04a93ea408466c3639751ebb38a9f34264430ae5147c91-20094127610511287510675024274943391863344243135389703745277811238689288239106.POLYMARKET,UP,,,,,,unavailable_noncanonical_source,,,,,,,,,0,0,,65.99,0.0,0.010000000000000009,1790520205.838134,0.044049978256225586,0.995,0.0,5.0,,,,not_applicable,[],not_applicable,385.75,31350.039999999997,32140.019999999997,0.0,0.0,0.0,,,,,,,,"{""production_side"": ""ActiveSide.NONE"", ""instrument_for_side"": {""UP"": ""0xeb10da319546801c8d04a93ea408466c3639751ebb38a9f34264430ae5147c91-20094127610511287510675024274943391863344243135389703745277811238689288239106.POLYMARKET"", ""DOWN"": ""0xeb10da319546801c8d04a93ea408466c3639751ebb38a9f34264430ae5147c91-44258780469786879464403851611994008741663787692883996825536490666639294676380.POLYMARKET""}, ""live_candidate_existed"": false, ""live_entry_price"": null, ""live_fill_price"": null, ""live_qty"": null, ""live_exit_reason"": null, ""live_exit_price"": null, ""live_pnl"": null}",research_only_no_order_or_ownership,1790520205.882184,685.8821840286255,15.0,True
